$MeshFormat
4.1 0 8
$EndMeshFormat
$PhysicalNames
5
2 2 "bc-top"
2 3 "bc-bot"
2 4 "plate-surf-vis-front"
2 5 "plate-surf-vis-back"
3 1 "plate-vol"
$EndPhysicalNames
$Entities
36 70 42 8
1 -0.0125 0 0 0 
2 0 0 0 0 
3 0 0.005 0 0 
4 -0.0125 0.005000000000000001 0 0 
5 0.0125 0 0 0 
6 0.0125 0.005000000000000001 0 0 
10 0 0.03 0 0 
11 -0.0125 0.03 0 0 
12 0.0125 0.03 0 0 
13 0 0.035 0 0 
14 -0.0125 0.035 0 0 
15 0.0125 0.035 0 0 
16 -0.0125 0.0175 0 0 
17 -0.003125 0.01750000000000025 0 0 
18 1.121230546497469e-16 0.014375 0 0 
19 0.003125 0.0175 0 0 
20 0.0125 0.0175 0 0 
21 1.107710332985037e-16 0.020625 0 0 
22 -0.0125 0 0.001 0 
23 0 0 0.001 0 
24 0 0.005 0.001 0 
25 -0.0125 0.005000000000000001 0.001 0 
26 0.0125 0 0.001 0 
27 0.0125 0.005000000000000001 0.001 0 
28 -0.0125 0.0175 0.001 0 
29 -0.003125 0.01750000000000025 0.001 0 
30 1.121230546497469e-16 0.014375 0.001 0 
31 0.003125 0.0175 0.001 0 
32 0.0125 0.0175 0.001 0 
33 -0.0125 0.03 0.001 0 
34 0 0.03 0.001 0 
35 1.107710332985037e-16 0.020625 0.001 0 
36 0.0125 0.03 0.001 0 
37 0 0.035 0.001 0 
38 -0.0125 0.035 0.001 0 
39 0.0125 0.035 0.001 0 
1 -0.0125001 -1e-07 -1e-07 1.000000000002735e-07 1e-07 1e-07 0 2 1 -2 
2 -1e-07 -9.99999999998398e-08 -1e-07 1e-07 0.005000100000000001 1e-07 0 2 2 -3 
3 -0.0125001 0.0049999 -1.000000000008674e-07 1.000000000011408e-07 0.005000100000000002 1.000000000008674e-07 0 2 3 -4 
4 -0.0125001 -9.99999999998398e-08 -1e-07 -0.0124999 0.005000100000000001 1e-07 0 2 4 -1 
5 -1.000000000002735e-07 -1e-07 -1e-07 0.0125001 1e-07 1e-07 0 2 2 -5 
6 0.0124999 -9.99999999998398e-08 -1e-07 0.0125001 0.005000100000000001 1e-07 0 2 5 -6 
7 -1.000000000002735e-07 0.004999900000000001 -1e-07 0.0125001 0.005000100000000001 1e-07 0 2 6 -3 
14 -0.0125001 0.0299999 -1.000000000008674e-07 1.000000000011408e-07 0.0300001 1.000000000008674e-07 0 2 10 -11 
17 -1.000000000002735e-07 0.0299999 -1e-07 0.0125001 0.0300001 1e-07 0 2 12 -10 
18 -1e-07 0.0299999 -1e-07 1e-07 0.03500010000000001 1e-07 0 2 10 -13 
19 -0.0125001 0.0349999 -1e-07 1.000000000002735e-07 0.03500010000000001 1e-07 0 2 13 -14 
20 -0.0125001 0.0299999 -1e-07 -0.0124999 0.03500010000000001 1e-07 0 2 14 -11 
21 0.0124999 0.0299999 -1e-07 0.0125001 0.03500010000000001 1e-07 0 2 12 -15 
22 -1.000000000002735e-07 0.0349999 -1e-07 0.0125001 0.03500010000000001 1e-07 0 2 15 -13 
23 -0.0125001 0.004999900000000001 -1e-07 -0.0124999 0.0175001 1e-07 0 2 16 -4 
24 -0.0125001 0.0174999 -1.000000000008674e-07 -0.0031249 0.0175001 1.000000000008674e-07 0 2 17 -16 
25 -0.0031251 0.0143749 -1e-07 1.000000001104284e-07 0.0175001 1e-07 0 2 17 -18 
26 -1e-07 0.004999900000000001 -1e-07 1e-07 0.0143751 1e-07 0 2 3 -18 
27 -9.999999988946802e-08 0.0143749 -1e-07 0.0031251 0.0175001 1e-07 0 2 18 -19 
28 0.0031249 0.0174999 -1e-07 0.0125001 0.0175001 1e-07 0 2 20 -19 
29 0.0124999 0.004999900000000001 -1e-07 0.0125001 0.0175001 1e-07 0 2 6 -20 
30 -0.0125001 0.0174999 -1e-07 -0.0124999 0.0300001 1e-07 0 2 11 -16 
31 -1e-07 0.0206249 -1e-07 1e-07 0.0300001 1e-07 0 2 21 -10 
32 -0.0031251 0.0174999 -1e-07 1.000000001104284e-07 0.0206251 1e-07 0 2 21 -17 
33 -9.999999988946802e-08 0.0174999 -1e-07 0.0031251 0.0206251 1e-07 0 2 19 -21 
34 0.0124999 0.0174999 -1e-07 0.0125001 0.0300001 1e-07 0 2 20 -12 
35 -0.0125001 -1e-07 -9.999999999994822e-08 -0.0124999 1e-07 0.0010001 0 2 1 -22 
36 -1e-07 -1e-07 -9.999999999994822e-08 1e-07 1e-07 0.0010001 0 2 2 -23 
37 -0.0125001 -1e-07 0.0009999 1.000000000002735e-07 1e-07 0.0010001 0 2 22 -23 
38 -1.000000000017347e-07 0.004999899999999998 -1.000000000016829e-07 1.000000000017347e-07 0.005000100000000002 0.001000100000000002 0 2 3 -24 
39 -1e-07 -9.99999999998398e-08 0.0009999 1e-07 0.005000100000000001 0.0010001 0 2 23 -24 
40 -0.01250010000000001 0.004999899999999998 -1.000000000025503e-07 -0.0124999 0.005000100000000004 0.001000100000000003 0 2 4 -25 
41 -0.0125001 0.0049999 0.0009998999999999991 1.000000000011408e-07 0.005000100000000002 0.001000100000000001 0 2 24 -25 
42 -0.0125001 -9.99999999998398e-08 0.0009999 -0.0124999 0.005000100000000001 0.0010001 0 2 25 -22 
43 0.0124999 -1e-07 -9.999999999994822e-08 0.0125001 1e-07 0.0010001 0 2 5 -26 
44 -1.000000000002735e-07 -1e-07 0.0009999 0.0125001 1e-07 0.0010001 0 2 23 -26 
45 0.0124999 0.004999900000000001 -9.999999999994822e-08 0.0125001 0.005000100000000001 0.0010001 0 2 6 -27 
46 0.0124999 -9.99999999998398e-08 0.0009999 0.0125001 0.005000100000000001 0.0010001 0 2 26 -27 
47 -1.000000000002735e-07 0.004999900000000001 0.0009999 0.0125001 0.005000100000000001 0.0010001 0 2 27 -24 
48 -0.01250010000000001 0.0174999 -1.000000000025503e-07 -0.0124999 0.0175001 0.001000100000000003 0 2 16 -28 
49 -0.0125001 0.004999900000000001 0.0009999 -0.0124999 0.0175001 0.0010001 0 2 28 -25 
50 -0.003125100000000251 0.0174999 -1.000000002506158e-07 -0.00312489999999975 0.0175001000000005 0.001000100000000251 0 2 17 -29 
51 -0.0125001 0.0174999 0.0009998999999999991 -0.0031249 0.0175001 0.001000100000000001 0 2 29 -28 
52 -1e-07 0.01437489999999989 -1.000000001121631e-07 1.000000002242461e-07 0.01437510000000011 0.001000100000000112 0 2 18 -30 
53 -0.0031251 0.0143749 0.0009999 1.000000001104284e-07 0.0175001 0.0010001 0 2 29 -30 
54 -1e-07 0.004999900000000001 0.0009999 1e-07 0.0143751 0.0010001 0 2 24 -30 
55 0.003124899999999999 0.0174999 -1.000000000008156e-07 0.003125100000000001 0.0175001 0.001000100000000001 0 2 19 -31 
56 -9.999999988946802e-08 0.0143749 0.0009999 0.0031251 0.0175001 0.0010001 0 2 30 -31 
57 0.0124999 0.0174999 -9.999999999994822e-08 0.0125001 0.0175001 0.0010001 0 2 20 -32 
58 0.0031249 0.0174999 0.0009999 0.0125001 0.0175001 0.0010001 0 2 32 -31 
59 0.0124999 0.004999900000000001 0.0009999 0.0125001 0.0175001 0.0010001 0 2 27 -32 
60 -0.01250010000000001 0.0299999 -1.000000000025503e-07 -0.0124999 0.03000010000000001 0.001000100000000003 0 2 11 -33 
61 -0.0125001 0.0174999 0.0009999 -0.0124999 0.0300001 0.0010001 0 2 33 -28 
62 -1.000000000008674e-07 0.0299999 -1.000000000008156e-07 1.000000000008674e-07 0.0300001 0.001000100000000001 0 2 10 -34 
63 -0.0125001 0.0299999 0.0009998999999999991 1.000000000011408e-07 0.0300001 0.001000100000000001 0 2 34 -33 
64 -1e-07 0.02062489999999989 -1.000000001107537e-07 1.000000002215421e-07 0.02062510000000011 0.001000100000000111 0 2 21 -35 
65 -1e-07 0.0206249 0.0009999 1e-07 0.0300001 0.0010001 0 2 35 -34 
66 -0.0031251 0.0174999 0.0009999 1.000000001104284e-07 0.0206251 0.0010001 0 2 35 -29 
67 -9.999999988946802e-08 0.0174999 0.0009999 0.0031251 0.0206251 0.0010001 0 2 31 -35 
68 0.0124999 0.0299999 -9.999999999994822e-08 0.0125001 0.0300001 0.0010001 0 2 12 -36 
69 -1.000000000002735e-07 0.0299999 0.0009999 0.0125001 0.0300001 0.0010001 0 2 36 -34 
70 0.0124999 0.0174999 0.0009999 0.0125001 0.0300001 0.0010001 0 2 32 -36 
71 -1e-07 0.0349999 -9.999999999994822e-08 1e-07 0.03500010000000001 0.0010001 0 2 13 -37 
72 -1e-07 0.0299999 0.0009999 1e-07 0.03500010000000001 0.0010001 0 2 34 -37 
73 -0.0125001 0.0349999 -9.999999999994822e-08 -0.0124999 0.03500010000000001 0.0010001 0 2 14 -38 
74 -0.0125001 0.0349999 0.0009999 1.000000000002735e-07 0.03500010000000001 0.0010001 0 2 37 -38 
75 -0.0125001 0.0299999 0.0009999 -0.0124999 0.03500010000000001 0.0010001 0 2 38 -33 
76 0.0124999 0.0349999 -9.999999999994822e-08 0.0125001 0.03500010000000001 0.0010001 0 2 15 -39 
77 0.0124999 0.0299999 0.0009999 0.0125001 0.03500010000000001 0.0010001 0 2 36 -39 
78 -1.000000000002735e-07 0.0349999 0.0009999 0.0125001 0.03500010000000001 0.0010001 0 2 39 -37 
1 -0.0125001 -1.000000000007072e-07 -1.000000000008674e-07 1.000000000011408e-07 0.005000100000000002 1.000000000008674e-07 1 5 4 1 2 3 4 
5 -1.000000000002735e-07 -9.99999999998398e-08 -1e-07 0.0125001 0.005000100000000001 1e-07 1 5 4 5 6 7 -2 
9 -0.0125001 0.0049999 -1.000000000008674e-07 1.000000001112958e-07 0.0175001 1.000000000008674e-07 1 5 5 -3 26 -25 24 23 
13 -1.000000000002735e-07 0.004999900000000001 -1e-07 0.0125001 0.0175001 1e-07 1 5 5 -7 29 28 -27 -26 
17 -0.0125001 0.0174999 -1.000000000008674e-07 1.000000001112958e-07 0.0300001 1.000000000008674e-07 1 5 5 -24 -32 31 14 30 
21 -1.000000000002735e-07 0.0174999 -1e-07 0.0125001 0.0300001 1e-07 1 5 5 -28 34 17 -31 -33 
25 -0.0125001 0.0299999 -1.000000000008674e-07 1.000000000011408e-07 0.03500010000000001 1.000000000008674e-07 1 5 4 -14 18 19 20 
29 -1.000000000002735e-07 0.0299999 -1e-07 0.0125001 0.03500010000000001 1e-07 1 5 4 -17 21 22 -18 
30 -0.0125001 -1e-07 -9.999999999994822e-08 1.000000000002735e-07 1e-07 0.0010001 1 3 4 35 37 -36 -1 
31 -1.000000000017347e-07 -1.000000000015745e-07 -1.000000000016829e-07 1.000000000017347e-07 0.005000100000000003 0.001000100000000002 0 4 36 39 -38 -2 
32 -0.01250010000000001 0.004999899999999997 -1.000000000025503e-07 1.000000000028756e-07 0.005000100000000004 0.001000100000000003 0 4 38 41 -40 -3 
33 -0.01250010000000001 -1.000000000024419e-07 -1.000000000025503e-07 -0.0124999 0.005000100000000004 0.001000100000000003 0 4 40 42 -35 -4 
34 -0.0125001 -1.000000000007072e-07 0.0009998999999999991 1.000000000011408e-07 0.005000100000000002 0.001000100000000001 1 4 4 37 39 41 42 
35 -1.000000000002735e-07 -1e-07 -9.999999999994822e-08 0.0125001 1e-07 0.0010001 1 3 4 36 44 -43 -5 
36 0.0124999 -9.99999999998398e-08 -9.999999999994822e-08 0.0125001 0.005000100000000001 0.0010001 0 4 43 46 -45 -6 
37 -1.000000000020082e-07 0.004999899999999998 -1.000000000016829e-07 0.0125001 0.005000100000000003 0.001000100000000002 0 4 45 47 -38 -7 
38 -1.000000000002735e-07 -9.99999999998398e-08 0.0009999 0.0125001 0.005000100000000001 0.0010001 1 4 4 44 46 47 -39 
39 -0.01250010000000001 0.004999899999999998 -1.000000000025503e-07 -0.0124999 0.0175001 0.001000100000000003 0 4 48 49 -40 -23 
40 -0.01250010000000025 0.01749989999999975 -1.000000002506158e-07 -0.00312489999999975 0.0175001000000005 0.001000100000000251 0 4 50 51 -48 -24 
41 -0.0031251 0.0143749 -9.999999999994822e-08 1.000000001104284e-07 0.0175001 0.0010001 0 4 50 53 -52 -25 
42 -1.00000000112123e-07 0.004999899999999888 -1.000000001121631e-07 1.000000002242461e-07 0.01437510000000011 0.001000100000000112 0 4 38 54 -52 -26 
43 -0.0125001 0.0049999 0.0009998999999999991 1.000000001112958e-07 0.0175001 0.001000100000000001 1 4 5 -41 54 -53 51 49 
44 -9.999999988946802e-08 0.0143749 -9.999999999994822e-08 0.0031251 0.0175001 0.0010001 0 4 52 56 -55 -27 
45 0.003124899999999998 0.0174999 -1.000000000008156e-07 0.0125001 0.0175001 0.001000100000000001 0 4 57 58 -55 -28 
46 0.0124999 0.004999900000000001 -9.999999999994822e-08 0.0125001 0.0175001 0.0010001 0 4 45 59 -57 -29 
47 -1.000000000002735e-07 0.004999900000000001 0.0009999 0.0125001 0.0175001 0.0010001 1 4 5 -47 59 58 -56 -54 
48 -0.01250010000000001 0.0174999 -1.000000000025503e-07 -0.0124999 0.03000010000000001 0.001000100000000003 0 4 60 61 -48 -30 
49 -0.01250010000000001 0.0299999 -1.000000000025503e-07 1.000000000028756e-07 0.03000010000000001 0.001000100000000003 0 4 62 63 -60 -14 
50 -1.00000000110771e-07 0.02062489999999989 -1.000000001107537e-07 1.000000002215421e-07 0.03000010000000011 0.001000100000000111 0 4 64 65 -62 -31 
51 -0.0031251 0.0174999 -9.999999999994822e-08 1.000000001104284e-07 0.0206251 0.0010001 0 4 64 66 -50 -32 
52 -0.0125001 0.0174999 0.0009998999999999991 1.000000001112958e-07 0.0300001 0.001000100000000001 1 4 5 -51 -66 65 63 61 
53 -9.999999988946802e-08 0.0174999 -9.999999999994822e-08 0.0031251 0.0206251 0.0010001 0 4 55 67 -64 -33 
54 -1.000000000011408e-07 0.0299999 -1.000000000008156e-07 0.0125001 0.0300001 0.001000100000000001 0 4 68 69 -62 -17 
55 0.0124999 0.0174999 -9.999999999994822e-08 0.0125001 0.0300001 0.0010001 0 4 57 70 -68 -34 
56 -1.000000000002735e-07 0.0174999 0.0009999 0.0125001 0.0300001 0.0010001 1 4 5 -58 70 69 -65 -67 
57 -1.000000000008674e-07 0.0299999 -1.000000000008156e-07 1.000000000008674e-07 0.03500010000000001 0.001000100000000001 0 4 62 72 -71 -18 
58 -0.0125001 0.0349999 -9.999999999994822e-08 1.000000000002735e-07 0.03500010000000001 0.0010001 1 2 4 71 74 -73 -19 
59 -0.01250010000000001 0.0299999 -1.000000000025503e-07 -0.0124999 0.03500010000000001 0.001000100000000003 0 4 73 75 -60 -20 
60 -0.0125001 0.0299999 0.0009998999999999991 1.000000000011408e-07 0.03500010000000001 0.001000100000000001 1 4 4 -63 72 74 75 
61 0.0124999 0.0299999 -9.999999999994822e-08 0.0125001 0.03500010000000001 0.0010001 0 4 68 77 -76 -21 
62 -1.000000000002735e-07 0.0349999 -9.999999999994822e-08 0.0125001 0.03500010000000001 0.0010001 1 2 4 76 78 -71 -22 
63 -1.000000000002735e-07 0.0299999 0.0009999 0.0125001 0.03500010000000001 0.0010001 1 4 4 -69 77 78 -72 
1 -0.01250010000000001 -1.000000000024419e-07 -1.000000000025503e-07 1.000000000028756e-07 0.005000100000000004 0.001000100000000003 1 1 6 -30 -31 -32 -33 -1 34 
2 -1.000000000020082e-07 -1.000000000015745e-07 -1.000000000016829e-07 0.0125001 0.005000100000000003 0.001000100000000002 1 1 6 -35 -36 -37 31 -5 38 
3 -0.01250010000000025 0.004999899999999749 -1.000000002506158e-07 1.000000003628307e-07 0.0175001000000005 0.001000100000000251 1 1 7 32 -39 -40 41 -42 -9 43 
4 -1.000000001121631e-07 0.004999899999999888 -1.000000001121631e-07 0.01250010000000011 0.01750010000000011 0.001000100000000112 1 1 7 37 42 44 -45 -46 -13 47 
5 -0.01250010000000025 0.01749989999999975 -1.000000002506158e-07 1.00000000361096e-07 0.03000010000000025 0.001000100000000251 1 1 7 40 -48 -49 -50 51 -17 52 
6 -1.000000001104284e-07 0.01749989999999989 -1.000000001107537e-07 0.01250010000000011 0.03000010000000011 0.001000100000000111 1 1 7 45 53 50 -54 -55 -21 56 
7 -0.01250010000000001 0.0299999 -1.000000000025503e-07 1.000000000028756e-07 0.03500010000000001 0.001000100000000003 1 1 6 49 -57 -58 -59 -25 60 
8 -1.000000000011408e-07 0.0299999 -1.000000000008156e-07 0.0125001 0.03500010000000001 0.001000100000000001 1 1 6 54 -61 -62 57 -29 63 
$EndEntities
$Nodes
156 4032 1 4032
0 1 0 1
1
-0.0125 0 0
0 2 0 1
2
0 0 0
0 3 0 1
3
0 0.005 0
0 4 0 1
4
-0.0125 0.005000000000000001 0
0 5 0 1
5
0.0125 0 0
0 6 0 1
6
0.0125 0.005000000000000001 0
0 10 0 1
7
0 0.03 0
0 11 0 1
8
-0.0125 0.03 0
0 12 0 1
9
0.0125 0.03 0
0 13 0 1
10
0 0.035 0
0 14 0 1
11
-0.0125 0.035 0
0 15 0 1
12
0.0125 0.035 0
0 16 0 1
13
-0.0125 0.0175 0
0 17 0 1
14
-0.003125 0.01750000000000025 0
0 18 0 1
15
1.121230546497469e-16 0.014375 0
0 19 0 1
16
0.003125 0.0175 0
0 20 0 1
17
0.0125 0.0175 0
0 21 0 1
18
1.107710332985037e-16 0.020625 0
0 22 0 1
19
-0.0125 0 0.001
0 23 0 1
20
0 0 0.001
0 24 0 1
21
0 0.005 0.001
0 25 0 1
22
-0.0125 0.005000000000000001 0.001
0 26 0 1
23
0.0125 0 0.001
0 27 0 1
24
0.0125 0.005000000000000001 0.001
0 28 0 1
25
-0.0125 0.0175 0.001
0 29 0 1
26
-0.003125 0.01750000000000025 0.001
0 30 0 1
27
1.121230546497469e-16 0.014375 0.001
0 31 0 1
28
0.003125 0.0175 0.001
0 32 0 1
29
0.0125 0.0175 0.001
0 33 0 1
30
-0.0125 0.03 0.001
0 34 0 1
31
0 0.03 0.001
0 35 0 1
32
1.107710332985037e-16 0.020625 0.001
0 36 0 1
33
0.0125 0.03 0.001
0 37 0 1
34
0 0.035 0.001
0 38 0 1
35
-0.0125 0.035 0.001
0 39 0 1
36
0.0125 0.035 0.001
1 1 0 7
37
38
39
40
41
42
43
-0.009374999999999994 0 0
-0.006249999999999996 0 0
-0.003124999999999996 0 0
-0.0109375 0 0
-0.007812499999999995 0 0
-0.004687499999999995 0 0
-0.001562499999999998 0 0
1 2 0 9
44
45
46
47
48
49
50
51
52
0 0.0009999999999999998 0
0 0.002 0
0 0.003 0
0 0.004000000000000001 0
0 0.0004999999999999999 0
0 0.0015 0
0 0.0025 0
0 0.003500000000000001 0
0 0.004500000000000001 0
1 3 0 7
53
54
55
56
57
58
59
-0.003125000000000006 0.005000000000000001 0
-0.006250000000000005 0.005000000000000001 0
-0.009375000000000005 0.005000000000000001 0
-0.001562500000000003 0.005000000000000001 0
-0.004687500000000006 0.005000000000000001 0
-0.007812500000000005 0.005000000000000001 0
-0.0109375 0.005000000000000001 0
1 4 0 9
60
61
62
63
64
65
66
67
68
-0.0125 0.004000000000000001 0
-0.0125 0.003000000000000001 0
-0.0125 0.002000000000000001 0
-0.0125 0.001 0
-0.0125 0.004500000000000001 0
-0.0125 0.003500000000000001 0
-0.0125 0.002500000000000001 0
-0.0125 0.0015 0
-0.0125 0.0004999999999999996 0
1 5 0 7
69
70
71
72
73
74
75
0.003125000000000006 0 0
0.006250000000000005 0 0
0.009375000000000005 0 0
0.001562500000000003 0 0
0.004687500000000006 0 0
0.007812500000000005 0 0
0.0109375 0 0
1 6 0 9
76
77
78
79
80
81
82
83
84
0.0125 0.0009999999999999998 0
0.0125 0.002 0
0.0125 0.003 0
0.0125 0.004000000000000001 0
0.0125 0.0004999999999999999 0
0.0125 0.0015 0
0.0125 0.0025 0
0.0125 0.003500000000000001 0
0.0125 0.004500000000000001 0
1 7 0 7
85
86
87
88
89
90
91
0.009374999999999994 0.005000000000000001 0
0.006249999999999996 0.005000000000000001 0
0.003124999999999996 0.005000000000000001 0
0.0109375 0.005000000000000001 0
0.007812499999999995 0.005000000000000001 0
0.004687499999999995 0.005000000000000001 0
0.001562499999999998 0.005000000000000001 0
1 14 0 7
92
93
94
95
96
97
98
-0.003125000000000006 0.03 0
-0.006250000000000005 0.03 0
-0.009375000000000005 0.03 0
-0.001562500000000003 0.03 0
-0.004687500000000006 0.03 0
-0.007812500000000005 0.03 0
-0.0109375 0.03 0
1 17 0 7
99
100
101
102
103
104
105
0.009374999999999994 0.03 0
0.006249999999999996 0.03 0
0.003124999999999996 0.03 0
0.0109375 0.03 0
0.007812499999999995 0.03 0
0.004687499999999995 0.03 0
0.001562499999999998 0.03 0
1 18 0 9
106
107
108
109
110
111
112
113
114
0 0.031 0
0 0.032 0
0 0.033 0
0 0.034 0
0 0.0305 0
0 0.0315 0
0 0.0325 0
0 0.0335 0
0 0.0345 0
1 19 0 7
115
116
117
118
119
120
121
-0.003125000000000006 0.035 0
-0.006250000000000005 0.035 0
-0.009375000000000005 0.035 0
-0.001562500000000003 0.035 0
-0.004687500000000006 0.035 0
-0.007812500000000005 0.035 0
-0.0109375 0.035 0
1 20 0 9
122
123
124
125
126
127
128
129
130
-0.0125 0.034 0
-0.0125 0.033 0
-0.0125 0.032 0
-0.0125 0.031 0
-0.0125 0.0345 0
-0.0125 0.0335 0
-0.0125 0.0325 0
-0.0125 0.0315 0
-0.0125 0.0305 0
1 21 0 9
131
132
133
134
135
136
137
138
139
0.0125 0.031 0
0.0125 0.032 0
0.0125 0.033 0
0.0125 0.034 0
0.0125 0.0305 0
0.0125 0.0315 0
0.0125 0.0325 0
0.0125 0.0335 0
0.0125 0.0345 0
1 22 0 7
140
141
142
143
144
145
146
0.009374999999999994 0.035 0
0.006249999999999996 0.035 0
0.003124999999999996 0.035 0
0.0109375 0.035 0
0.007812499999999995 0.035 0
0.004687499999999995 0.035 0
0.001562499999999998 0.035 0
1 23 0 7
147
148
149
150
151
152
153
-0.0125 0.014375 0
-0.0125 0.01125 0
-0.0125 0.008124999999999997 0
-0.0125 0.0159375 0
-0.0125 0.0128125 0
-0.0125 0.009687499999999996 0
-0.0125 0.006562499999999999 0
1 24 0 15
154
155
156
157
158
159
160
161
162
163
164
165
166
167
168
-0.003693213340517522 0.0175 0
-0.00437506934601189 0.0175 0
-0.005193296551393109 0.0175 0
-0.006175169191316205 0.0175 0
-0.007353416358494603 0.0175 0
-0.008767312957217494 0.0175 0
-0.01046398888205145 0.0175 0
-0.003409106670258761 0.0175 0
-0.004034141343264706 0.0175 0
-0.0047841829487025 0.0175 0
-0.005684232871354657 0.0175 0
-0.006764292774905404 0.0175 0
-0.008060364657856048 0.0175 0
-0.009615650919634471 0.0175 0
-0.01148199444102573 0.0175 0
1 25 0 15
169
170
171
172
173
174
175
176
177
178
179
180
181
182
183
-0.003064954001260093 0.01689034274369959 0
-0.00288712353909776 0.01630411427385907 0
-0.002598342538445431 0.01576384302181371 0
-0.002209708691207922 0.015290291308792 0
-0.001736156978186199 0.01490165746155451 0
-0.001195885726140828 0.0146128764609022 0
-0.0006096572563003068 0.01443504599873989 0
-0.003109952270850615 0.01719369643647012 0
-0.002990438549163147 0.01659286038357979 0
-0.002756003951088593 0.01602688519741873 0
-0.002415657666758522 0.01551752098698857 0
-0.001982479013011344 0.01508434233324141 0
-0.001473114802581175 0.01474399604891136 0
-0.0009071396164201102 0.01450956145083682 0
-0.0003063035635297742 0.01439004772914938 0
1 26 0 15
184
185
186
187
188
189
190
191
192
193
194
195
196
197
198
0 0.007036011108688234 0
0 0.008732687036168002 0
0 0.010146583636912 0
0 0.01132483080562153 0
0 0.01230670344669297 0
0 0.01312493065292482 0
0 0.01380678665903944 0
0 0.006018005554344117 0
0 0.007884349072428118 0
0 0.009439635336539999 0
0 0.01073570722126676 0
0 0.01181576712615725 0
0 0.0127158170498089 0
0 0.01346585865598213 0
0 0.01409089332951972 0
1 27 0 15
199
200
201
202
203
204
205
206
207
208
209
210
211
212
213
0.0006096572563004962 0.01443504599873992 0
0.001195885726140983 0.01461287646090226 0
0.001736156978186316 0.01490165746155459 0
0.002209708691208 0.01529029130879208 0
0.002598342538445477 0.01576384302181378 0
0.002887123539097782 0.01630411427385912 0
0.003064954001260098 0.01689034274369961 0
0.0003063035635299802 0.0143900477291494 0
0.0009071396164202817 0.01450956145083688 0
0.001473114802581311 0.01474399604891143 0
0.001982479013011442 0.01508434233324149 0
0.002415657666758584 0.01551752098698865 0
0.002756003951088626 0.01602688519741879 0
0.002990438549163158 0.01659286038357983 0
0.003109952270850616 0.01719369643647013 0
1 28 0 15
214
215
216
217
218
219
220
221
222
223
224
225
226
227
228
0.01046398889131177 0.0175 0
0.008767312963832 0.0175 0
0.007353416363088006 0.0175 0
0.006175169194378476 0.0175 0
0.005193296553307029 0.0175 0
0.004375069347075178 0.0175 0
0.003693213340960559 0.0175 0
0.01148199444565588 0.0175 0
0.009615650927571884 0.0175 0
0.008060364663460003 0.0175 0
0.006764292778733241 0.0175 0
0.005684232873842752 0.0175 0
0.004784182950191103 0.0175 0
0.00403414134401787 0.0175 0
0.003409106670480279 0.0175 0
1 29 0 7
229
230
231
232
233
234
235
0.0125 0.008125000000000007 0
0.0125 0.01125000000000001 0
0.0125 0.01437500000000001 0
0.0125 0.006562500000000004 0
0.0125 0.009687500000000007 0
0.0125 0.01281250000000001 0
0.0125 0.0159375 0
1 30 0 7
236
237
238
239
240
241
242
-0.0125 0.026875 0
-0.0125 0.02375 0
-0.0125 0.020625 0
-0.0125 0.0284375 0
-0.0125 0.02531249999999999 0
-0.0125 0.0221875 0
-0.0125 0.0190625 0
1 31 0 15
243
244
245
246
247
248
249
250
251
252
253
254
255
256
257
0 0.02119321334051752 0
0 0.02187506934601189 0
0 0.02269329655139311 0
0 0.02367516919131621 0
0 0.02485341635849461 0
0 0.02626731295721749 0
0 0.02796398888205145 0
0 0.02090910667025876 0
0 0.02153414134326471 0
0 0.0222841829487025 0
0 0.02318423287135466 0
0 0.0242642927749054 0
0 0.02556036465785605 0
0 0.02711565091963447 0
0 0.02898199444102573 0
1 32 0 15
258
259
260
261
262
263
264
265
266
267
268
269
270
271
272
-0.0006096572563003067 0.02056495400126012 0
-0.00119588572614083 0.0203871235390978 0
-0.0017361569781862 0.02009834253844549 0
-0.002209708691207922 0.019709708691208 0
-0.002598342538445431 0.01923615697818629 0
-0.00288712353909776 0.01869588572614093 0
-0.003064954001260093 0.01810965725630042 0
-0.0003063035635297742 0.02060995227085063 0
-0.00090713961642011 0.02049043854916318 0
-0.001473114802581177 0.02025600395108865 0
-0.001982479013011345 0.01991565766675859 0
-0.002415657666758522 0.01948247901301143 0
-0.002756003951088593 0.01897311480258128 0
-0.002990438549163147 0.01840713961642022 0
-0.003109952270850615 0.01780630356352988 0
1 33 0 15
273
274
275
276
277
278
279
280
281
282
283
284
285
286
287
0.003064954001260098 0.01810965725630039 0
0.002887123539097781 0.01869588572614088 0
0.002598342538445477 0.01923615697818622 0
0.002209708691208 0.01970970869120792 0
0.001736156978186314 0.02009834253844542 0
0.001195885726140982 0.02038712353909774 0
0.0006096572563004956 0.02056495400126008 0
0.003109952270850616 0.01780630356352987 0
0.002990438549163159 0.01840713961642018 0
0.002756003951088625 0.01897311480258122 0
0.002415657666758584 0.01948247901301136 0
0.00198247901301144 0.01991565766675852 0
0.001473114802581309 0.02025600395108858 0
0.0009071396164202803 0.02049043854916313 0
0.0003063035635299796 0.02060995227085061 0
1 34 0 7
288
289
290
291
292
293
294
0.0125 0.02062500000000001 0
0.0125 0.02375000000000001 0
0.0125 0.02687500000000001 0
0.0125 0.0190625 0
0.0125 0.02218750000000001 0
0.0125 0.02531250000000001 0
0.0125 0.0284375 0
1 35 0 3
295
296
297
-0.0125 0 0.0005
-0.0125 0 0.00025
-0.0125 0 0.00075
1 36 0 3
298
299
300
0 0 0.0005
0 0 0.00025
0 0 0.00075
1 37 0 7
301
302
303
304
305
306
307
-0.009374999999999994 0 0.001
-0.006249999999999996 0 0.001
-0.003124999999999996 0 0.001
-0.0109375 0 0.001
-0.007812499999999995 0 0.001
-0.004687499999999995 0 0.001
-0.001562499999999998 0 0.001
1 38 0 3
308
309
310
0 0.005 0.0005
0 0.005 0.00025
0 0.005 0.00075
1 39 0 9
311
312
313
314
315
316
317
318
319
0 0.0009999999999999998 0.001
0 0.002 0.001
0 0.003 0.001
0 0.004000000000000001 0.001
0 0.0004999999999999999 0.001
0 0.0015 0.001
0 0.0025 0.001
0 0.003500000000000001 0.001
0 0.004500000000000001 0.001
1 40 0 3
320
321
322
-0.0125 0.005000000000000001 0.0005
-0.0125 0.005000000000000001 0.00025
-0.0125 0.005000000000000001 0.00075
1 41 0 7
323
324
325
326
327
328
329
-0.003125000000000006 0.005000000000000001 0.001
-0.006250000000000005 0.005000000000000001 0.001
-0.009375000000000005 0.005000000000000001 0.001
-0.001562500000000003 0.005000000000000001 0.001
-0.004687500000000006 0.005000000000000001 0.001
-0.007812500000000005 0.005000000000000001 0.001
-0.0109375 0.005000000000000001 0.001
1 42 0 9
330
331
332
333
334
335
336
337
338
-0.0125 0.004000000000000001 0.001
-0.0125 0.003000000000000001 0.001
-0.0125 0.002000000000000001 0.001
-0.0125 0.001 0.001
-0.0125 0.004500000000000001 0.001
-0.0125 0.003500000000000001 0.001
-0.0125 0.002500000000000001 0.001
-0.0125 0.0015 0.001
-0.0125 0.0004999999999999996 0.001
1 43 0 3
339
340
341
0.0125 0 0.0005
0.0125 0 0.00025
0.0125 0 0.00075
1 44 0 7
342
343
344
345
346
347
348
0.003125000000000006 0 0.001
0.006250000000000005 0 0.001
0.009375000000000005 0 0.001
0.001562500000000003 0 0.001
0.004687500000000006 0 0.001
0.007812500000000005 0 0.001
0.0109375 0 0.001
1 45 0 3
349
350
351
0.0125 0.005000000000000001 0.0005
0.0125 0.005000000000000001 0.00025
0.0125 0.005000000000000001 0.00075
1 46 0 9
352
353
354
355
356
357
358
359
360
0.0125 0.0009999999999999998 0.001
0.0125 0.002 0.001
0.0125 0.003 0.001
0.0125 0.004000000000000001 0.001
0.0125 0.0004999999999999999 0.001
0.0125 0.0015 0.001
0.0125 0.0025 0.001
0.0125 0.003500000000000001 0.001
0.0125 0.004500000000000001 0.001
1 47 0 7
361
362
363
364
365
366
367
0.009374999999999994 0.005000000000000001 0.001
0.006249999999999996 0.005000000000000001 0.001
0.003124999999999996 0.005000000000000001 0.001
0.0109375 0.005000000000000001 0.001
0.007812499999999995 0.005000000000000001 0.001
0.004687499999999995 0.005000000000000001 0.001
0.001562499999999998 0.005000000000000001 0.001
1 48 0 3
368
369
370
-0.0125 0.0175 0.0005
-0.0125 0.0175 0.00025
-0.0125 0.0175 0.00075
1 49 0 7
371
372
373
374
375
376
377
-0.0125 0.014375 0.001
-0.0125 0.01125 0.001
-0.0125 0.008124999999999997 0.001
-0.0125 0.0159375 0.001
-0.0125 0.0128125 0.001
-0.0125 0.009687499999999996 0.001
-0.0125 0.006562499999999999 0.001
1 50 0 3
378
379
380
-0.003125 0.01750000000000025 0.0005
-0.003125 0.01750000000000025 0.00025
-0.003125 0.01750000000000025 0.00075
1 51 0 15
381
382
383
384
385
386
387
388
389
390
391
392
393
394
395
-0.003693213340517522 0.0175 0.001
-0.00437506934601189 0.0175 0.001
-0.005193296551393109 0.0175 0.001
-0.006175169191316205 0.0175 0.001
-0.007353416358494603 0.0175 0.001
-0.008767312957217494 0.0175 0.001
-0.01046398888205145 0.0175 0.001
-0.003409106670258761 0.0175 0.001
-0.004034141343264706 0.0175 0.001
-0.0047841829487025 0.0175 0.001
-0.005684232871354657 0.0175 0.001
-0.006764292774905404 0.0175 0.001
-0.008060364657856048 0.0175 0.001
-0.009615650919634471 0.0175 0.001
-0.01148199444102573 0.0175 0.001
1 52 0 3
396
397
398
1.121230546497469e-16 0.014375 0.0005
1.121230546497469e-16 0.014375 0.00025
1.121230546497469e-16 0.014375 0.00075
1 53 0 15
399
400
401
402
403
404
405
406
407
408
409
410
411
412
413
-0.003064954001260093 0.01689034274369959 0.001
-0.00288712353909776 0.01630411427385907 0.001
-0.002598342538445431 0.01576384302181371 0.001
-0.002209708691207922 0.015290291308792 0.001
-0.001736156978186199 0.01490165746155451 0.001
-0.001195885726140828 0.0146128764609022 0.001
-0.0006096572563003068 0.01443504599873989 0.001
-0.003109952270850615 0.01719369643647012 0.001
-0.002990438549163147 0.01659286038357979 0.001
-0.002756003951088593 0.01602688519741873 0.001
-0.002415657666758522 0.01551752098698857 0.001
-0.001982479013011344 0.01508434233324141 0.001
-0.001473114802581175 0.01474399604891136 0.001
-0.0009071396164201102 0.01450956145083682 0.001
-0.0003063035635297742 0.01439004772914938 0.001
1 54 0 15
414
415
416
417
418
419
420
421
422
423
424
425
426
427
428
0 0.007036011108688234 0.001
0 0.008732687036168002 0.001
0 0.010146583636912 0.001
0 0.01132483080562153 0.001
0 0.01230670344669297 0.001
0 0.01312493065292482 0.001
0 0.01380678665903944 0.001
0 0.006018005554344117 0.001
0 0.007884349072428118 0.001
0 0.009439635336539999 0.001
0 0.01073570722126676 0.001
0 0.01181576712615725 0.001
0 0.0127158170498089 0.001
0 0.01346585865598213 0.001
0 0.01409089332951972 0.001
1 55 0 3
429
430
431
0.003125 0.0175 0.0005
0.003125 0.0175 0.00025
0.003125 0.0175 0.00075
1 56 0 15
432
433
434
435
436
437
438
439
440
441
442
443
444
445
446
0.0006096572563004962 0.01443504599873992 0.001
0.001195885726140983 0.01461287646090226 0.001
0.001736156978186316 0.01490165746155459 0.001
0.002209708691208 0.01529029130879208 0.001
0.002598342538445477 0.01576384302181378 0.001
0.002887123539097782 0.01630411427385912 0.001
0.003064954001260098 0.01689034274369961 0.001
0.0003063035635299802 0.0143900477291494 0.001
0.0009071396164202817 0.01450956145083688 0.001
0.001473114802581311 0.01474399604891143 0.001
0.001982479013011442 0.01508434233324149 0.001
0.002415657666758584 0.01551752098698865 0.001
0.002756003951088626 0.01602688519741879 0.001
0.002990438549163158 0.01659286038357983 0.001
0.003109952270850616 0.01719369643647013 0.001
1 57 0 3
447
448
449
0.0125 0.0175 0.0005
0.0125 0.0175 0.00025
0.0125 0.0175 0.00075
1 58 0 15
450
451
452
453
454
455
456
457
458
459
460
461
462
463
464
0.01046398889131177 0.0175 0.001
0.008767312963832 0.0175 0.001
0.007353416363088006 0.0175 0.001
0.006175169194378476 0.0175 0.001
0.005193296553307029 0.0175 0.001
0.004375069347075178 0.0175 0.001
0.003693213340960559 0.0175 0.001
0.01148199444565588 0.0175 0.001
0.009615650927571884 0.0175 0.001
0.008060364663460003 0.0175 0.001
0.006764292778733241 0.0175 0.001
0.005684232873842752 0.0175 0.001
0.004784182950191103 0.0175 0.001
0.00403414134401787 0.0175 0.001
0.003409106670480279 0.0175 0.001
1 59 0 7
465
466
467
468
469
470
471
0.0125 0.008125000000000007 0.001
0.0125 0.01125000000000001 0.001
0.0125 0.01437500000000001 0.001
0.0125 0.006562500000000004 0.001
0.0125 0.009687500000000007 0.001
0.0125 0.01281250000000001 0.001
0.0125 0.0159375 0.001
1 60 0 3
472
473
474
-0.0125 0.03 0.0005
-0.0125 0.03 0.00025
-0.0125 0.03 0.00075
1 61 0 7
475
476
477
478
479
480
481
-0.0125 0.026875 0.001
-0.0125 0.02375 0.001
-0.0125 0.020625 0.001
-0.0125 0.0284375 0.001
-0.0125 0.02531249999999999 0.001
-0.0125 0.0221875 0.001
-0.0125 0.0190625 0.001
1 62 0 3
482
483
484
0 0.03 0.0005
0 0.03 0.00025
0 0.03 0.00075
1 63 0 7
485
486
487
488
489
490
491
-0.003125000000000006 0.03 0.001
-0.006250000000000005 0.03 0.001
-0.009375000000000005 0.03 0.001
-0.001562500000000003 0.03 0.001
-0.004687500000000006 0.03 0.001
-0.007812500000000005 0.03 0.001
-0.0109375 0.03 0.001
1 64 0 3
492
493
494
1.107710332985037e-16 0.020625 0.0005
1.107710332985037e-16 0.020625 0.00025
1.107710332985037e-16 0.020625 0.00075
1 65 0 15
495
496
497
498
499
500
501
502
503
504
505
506
507
508
509
0 0.02119321334051752 0.001
0 0.02187506934601189 0.001
0 0.02269329655139311 0.001
0 0.02367516919131621 0.001
0 0.02485341635849461 0.001
0 0.02626731295721749 0.001
0 0.02796398888205145 0.001
0 0.02090910667025876 0.001
0 0.02153414134326471 0.001
0 0.0222841829487025 0.001
0 0.02318423287135466 0.001
0 0.0242642927749054 0.001
0 0.02556036465785605 0.001
0 0.02711565091963447 0.001
0 0.02898199444102573 0.001
1 66 0 15
510
511
512
513
514
515
516
517
518
519
520
521
522
523
524
-0.0006096572563003067 0.02056495400126012 0.001
-0.00119588572614083 0.0203871235390978 0.001
-0.0017361569781862 0.02009834253844549 0.001
-0.002209708691207922 0.019709708691208 0.001
-0.002598342538445431 0.01923615697818629 0.001
-0.00288712353909776 0.01869588572614093 0.001
-0.003064954001260093 0.01810965725630042 0.001
-0.0003063035635297742 0.02060995227085063 0.001
-0.00090713961642011 0.02049043854916318 0.001
-0.001473114802581177 0.02025600395108865 0.001
-0.001982479013011345 0.01991565766675859 0.001
-0.002415657666758522 0.01948247901301143 0.001
-0.002756003951088593 0.01897311480258128 0.001
-0.002990438549163147 0.01840713961642022 0.001
-0.003109952270850615 0.01780630356352988 0.001
1 67 0 15
525
526
527
528
529
530
531
532
533
534
535
536
537
538
539
0.003064954001260098 0.01810965725630039 0.001
0.002887123539097781 0.01869588572614088 0.001
0.002598342538445477 0.01923615697818622 0.001
0.002209708691208 0.01970970869120792 0.001
0.001736156978186314 0.02009834253844542 0.001
0.001195885726140982 0.02038712353909774 0.001
0.0006096572563004956 0.02056495400126008 0.001
0.003109952270850616 0.01780630356352987 0.001
0.002990438549163159 0.01840713961642018 0.001
0.002756003951088625 0.01897311480258122 0.001
0.002415657666758584 0.01948247901301136 0.001
0.00198247901301144 0.01991565766675852 0.001
0.001473114802581309 0.02025600395108858 0.001
0.0009071396164202803 0.02049043854916313 0.001
0.0003063035635299796 0.02060995227085061 0.001
1 68 0 3
540
541
542
0.0125 0.03 0.0005
0.0125 0.03 0.00025
0.0125 0.03 0.00075
1 69 0 7
543
544
545
546
547
548
549
0.009374999999999994 0.03 0.001
0.006249999999999996 0.03 0.001
0.003124999999999996 0.03 0.001
0.0109375 0.03 0.001
0.007812499999999995 0.03 0.001
0.004687499999999995 0.03 0.001
0.001562499999999998 0.03 0.001
1 70 0 7
550
551
552
553
554
555
556
0.0125 0.02062500000000001 0.001
0.0125 0.02375000000000001 0.001
0.0125 0.02687500000000001 0.001
0.0125 0.0190625 0.001
0.0125 0.02218750000000001 0.001
0.0125 0.02531250000000001 0.001
0.0125 0.0284375 0.001
1 71 0 3
557
558
559
0 0.035 0.0005
0 0.035 0.00025
0 0.035 0.00075
1 72 0 9
560
561
562
563
564
565
566
567
568
0 0.031 0.001
0 0.032 0.001
0 0.033 0.001
0 0.034 0.001
0 0.0305 0.001
0 0.0315 0.001
0 0.0325 0.001
0 0.0335 0.001
0 0.0345 0.001
1 73 0 3
569
570
571
-0.0125 0.035 0.0005
-0.0125 0.035 0.00025
-0.0125 0.035 0.00075
1 74 0 7
572
573
574
575
576
577
578
-0.003125000000000006 0.035 0.001
-0.006250000000000005 0.035 0.001
-0.009375000000000005 0.035 0.001
-0.001562500000000003 0.035 0.001
-0.004687500000000006 0.035 0.001
-0.007812500000000005 0.035 0.001
-0.0109375 0.035 0.001
1 75 0 9
579
580
581
582
583
584
585
586
587
-0.0125 0.034 0.001
-0.0125 0.033 0.001
-0.0125 0.032 0.001
-0.0125 0.031 0.001
-0.0125 0.0345 0.001
-0.0125 0.0335 0.001
-0.0125 0.0325 0.001
-0.0125 0.0315 0.001
-0.0125 0.0305 0.001
1 76 0 3
588
589
590
0.0125 0.035 0.0005
0.0125 0.035 0.00025
0.0125 0.035 0.00075
1 77 0 9
591
592
593
594
595
596
597
598
599
0.0125 0.031 0.001
0.0125 0.032 0.001
0.0125 0.033 0.001
0.0125 0.034 0.001
0.0125 0.0305 0.001
0.0125 0.0315 0.001
0.0125 0.0325 0.001
0.0125 0.0335 0.001
0.0125 0.0345 0.001
1 78 0 7
600
601
602
603
604
605
606
0.009374999999999994 0.035 0.001
0.006249999999999996 0.035 0.001
0.003124999999999996 0.035 0.001
0.0109375 0.035 0.001
0.007812499999999995 0.035 0.001
0.004687499999999995 0.035 0.001
0.001562499999999998 0.035 0.001
2 1 0 43
607
608
609
610
611
612
613
614
615
616
617
618
619
620
621
622
623
624
625
626
627
628
629
630
631
632
633
634
635
636
637
638
639
640
641
642
643
644
645
646
647
648
649
-0.009374999999999996 0.001 0
-0.009375 0.002 0
-0.009375000000000001 0.003000000000000001 0
-0.009375000000000003 0.004000000000000001 0
-0.006249999999999998 0.001 0
-0.006249999999999999 0.002 0
-0.006250000000000001 0.003 0
-0.006250000000000003 0.004000000000000001 0
-0.003124999999999997 0.0009999999999999996 0
-0.003125 0.002 0
-0.003125000000000002 0.003 0
-0.003125000000000004 0.004000000000000001 0
-0.009374999999999994 0.0005 0
-0.0109375 0.001 0
-0.009374999999999998 0.0015 0
-0.0109375 0.002000000000000001 0
-0.009375000000000001 0.0025 0
-0.0109375 0.003000000000000001 0
-0.009375000000000001 0.003500000000000001 0
-0.0109375 0.004000000000000001 0
-0.009375000000000005 0.004500000000000001 0
-0.006249999999999997 0.0005 0
-0.007812499999999997 0.001 0
-0.006249999999999999 0.0015 0
-0.0078125 0.002 0
-0.00625 0.0025 0
-0.007812500000000002 0.003000000000000001 0
-0.006250000000000002 0.003500000000000001 0
-0.007812500000000003 0.004000000000000001 0
-0.006250000000000004 0.004500000000000001 0
-0.003124999999999997 0.0004999999999999996 0
-0.004687499999999997 0.0009999999999999998 0
-0.003124999999999998 0.0015 0
-0.0046875 0.002 0
-0.003125000000000001 0.0025 0
-0.004687500000000002 0.003 0
-0.003125000000000003 0.003500000000000001 0
-0.004687500000000003 0.004000000000000001 0
-0.003125000000000005 0.004500000000000001 0
-0.001562499999999999 0.0009999999999999996 0
-0.0015625 0.002 0
-0.001562500000000001 0.003 0
-0.001562500000000001 0.004000000000000001 0
2 5 0 43
650
651
652
653
654
655
656
657
658
659
660
661
662
663
664
665
666
667
668
669
670
671
672
673
674
675
676
677
678
679
680
681
682
683
684
685
686
687
688
689
690
691
692
0.003125000000000005 0.001 0
0.003125000000000002 0.002 0
0.003124999999999999 0.003 0
0.003124999999999998 0.004000000000000001 0
0.006250000000000003 0.0009999999999999996 0
0.006250000000000001 0.002 0
0.006249999999999999 0.003 0
0.006249999999999998 0.004000000000000001 0
0.009375000000000005 0.0009999999999999996 0
0.009375000000000001 0.002 0
0.009374999999999998 0.003 0
0.009374999999999996 0.004000000000000001 0
0.003125000000000005 0.0005 0
0.001562500000000002 0.001 0
0.003125000000000003 0.0015 0
0.001562500000000001 0.002 0
0.003125 0.0025 0
0.0015625 0.003 0
0.003124999999999998 0.003500000000000001 0
0.001562499999999999 0.004000000000000001 0
0.003124999999999997 0.004500000000000001 0
0.006250000000000004 0.0004999999999999996 0
0.004687500000000004 0.0009999999999999998 0
0.006250000000000002 0.0015 0
0.004687500000000002 0.002 0
0.00625 0.0025 0
0.004687499999999999 0.003 0
0.006249999999999999 0.003500000000000001 0
0.004687499999999997 0.004000000000000001 0
0.006249999999999997 0.004500000000000001 0
0.009375000000000005 0.0004999999999999996 0
0.007812500000000003 0.0009999999999999996 0
0.009375000000000003 0.0015 0
0.007812500000000002 0.002 0
0.009375000000000001 0.0025 0
0.007812499999999999 0.003 0
0.009374999999999998 0.003500000000000001 0
0.007812499999999997 0.004000000000000001 0
0.009374999999999994 0.004500000000000001 0
0.0109375 0.0009999999999999996 0
0.0109375 0.002 0
0.0109375 0.003 0
0.0109375 0.004000000000000001 0
2 9 0 161
693
694
695
696
697
698
699
700
701
702
703
704
705
706
707
708
709
710
711
712
713
714
715
716
717
718
719
720
721
722
723
724
725
726
727
728
729
730
731
732
733
734
735
736
737
738
739
740
741
742
743
744
745
746
747
748
749
750
751
752
753
754
755
756
757
758
759
760
761
762
763
764
765
766
767
768
769
770
771
772
773
774
775
776
777
778
779
780
781
782
783
784
785
786
787
788
789
790
791
792
793
794
795
796
797
798
799
800
801
802
803
804
805
806
807
808
809
810
811
812
813
814
815
816
817
818
819
820
821
822
823
824
825
826
827
828
829
830
831
832
833
834
835
836
837
838
839
840
841
842
843
844
845
846
847
848
849
850
851
852
853
-0.003636806695143133 0.01673788927129843 0
-0.0043230299246619 0.01655494510523851 0
-0.005146497798871624 0.01633541210627088 0
-0.006134659241355454 0.01607197250923784 0
-0.007320452971612124 0.01575584499296375 0
-0.008743405446028901 0.01537649197390612 0
-0.01045094842175078 0.01492126834928545 0
-0.003469754434714149 0.01599778732382755 0
-0.004168911506259988 0.01563019498544036 0
-0.005007899990886859 0.01518908417998719 0
-0.006014686165756507 0.01465975121691576 0
-0.007222829574873343 0.01402455166156281 0
-0.008672601663899673 0.01326231219608632 0
-0.01041232817728966 0.01234762483399533 0
-0.003198476283915935 0.01530085715369801 0
-0.00391863677519729 0.0147452741144541 0
-0.004782829363477725 0.01407857446828571 0
-0.005819860462540311 0.013278534898132 0
-0.007064297780678136 0.01231848741445073 0
-0.008557622560485711 0.01116643043546485 0
-0.01034961230302647 0.00978396205536314 0
-0.002833397309950191 0.01466660268982827 0
-0.003581823649035408 0.01391817635043293 0
-0.004479935254639089 0.01302006474440394 0
-0.005557669174229307 0.01194233082423954 0
-0.006850949876982801 0.01064905012072049 0
-0.008402886718266073 0.009097113278426668 0
-0.01026521093485994 0.007234789060509901 0
-0.002199142846135828 0.01430152371580715 0
-0.002754725885147153 0.01358136322413814 0
-0.003421425530996553 0.01271717063532606 0
-0.004221465100719629 0.01168013953554576 0
-0.005181512583826732 0.01043570221645098 0
-0.006333569562054706 0.008942377435380216 0
-0.007716037941164237 0.007150387691185828 0
-0.001502212676061674 0.01403024556495356 0
-0.0018698050142938 0.01333108849294254 0
-0.002310915819534313 0.01249210000767769 0
-0.00284024878231866 0.01148531383194678 0
-0.00347544833728883 0.0102771704216816 0
-0.004237687802260047 0.008827398331139441 0
-0.005152375163689586 0.007087671815765105 0
-0.0007621107286461815 0.0138631933044692 0
-0.0009450548946285707 0.01317697007440772 0
-0.001164587893489864 0.01235350219945369 0
-0.001428027490379374 0.01136534075596505 0
-0.001744155006462072 0.01017954702436865 0
-0.002123508025267065 0.008756594548183404 0
-0.002578731649557004 0.00704905157014644 0
-0.003665010017830328 0.01711894463564922 0
-0.003350880348201613 0.01681411600749901 0
-0.004349049635336895 0.01702747255261926 0
-0.003979918309902517 0.01664641718826847 0
-0.005169897175132367 0.01691770605313545 0
-0.004734763861766762 0.0164451786057547 0
-0.00615491421633583 0.01678598625461892 0
-0.005640578520113539 0.01620369230775436 0
-0.007336934665053364 0.01662792249648187 0
-0.00672755610648379 0.01591390875110079 0
-0.008755359201623196 0.01643824598695306 0
-0.008031929208820511 0.01556616848343493 0
-0.01045746865190112 0.01621063417464273 0
-0.009597176933889841 0.01514888016159579 0
-0.01147547421087539 0.01464813417464272 0
-0.003553280564928641 0.01636783829756299 0
-0.003178438986905955 0.01615095079884331 0
-0.004245970715460944 0.01609257004533943 0
-0.003819332970487068 0.01581399115463395 0
-0.005077198894879242 0.01576224814312904 0
-0.004588405748573423 0.01540963958271378 0
-0.006074672703555981 0.0153658618630768 0
-0.005511293078321683 0.01492441769845148 0
-0.007271641273242735 0.01489019832726328 0
-0.006618757870314925 0.01434215143923928 0
-0.008708003554964287 0.01431940208499622 0
-0.007947715619386508 0.01364343192882456 0
-0.01043163829952022 0.01363444659164039 0
-0.009542464920594665 0.01280496851504083 0
-0.01145616408864483 0.01179881241699766 0
-0.003334115359315042 0.01564932223876278 0
-0.002898409411180683 0.01553235008775586 0
-0.004043774140728639 0.01518773454994723 0
-0.003558556529556612 0.01502306563407605 0
-0.004895364677182292 0.01463382932413645 0
-0.004350733069337507 0.0144119242913699 0
-0.005917273314148409 0.01396914305752388 0
-0.005301344913009019 0.01367855468320886 0
-0.00714356367777574 0.01317151953800677 0
-0.006442079121609224 0.01279851115629137 0
-0.008615112112192694 0.01221437131577558 0
-0.007810960170581924 0.01174245892495779 0
-0.01038097024015806 0.01106579344467924 0
-0.00945361743175609 0.01047519624541399 0
-0.01142480615151324 0.008954481027681569 0
-0.003015936796933063 0.01498372992176314 0
-0.002521553000579056 0.01497844699931014 0
-0.003750230212116349 0.01433172523244351 0
-0.0032076104794928 0.0142923895201306 0
-0.004631382309058407 0.01354931960634482 0
-0.004030879451837249 0.01346912054741843 0
-0.005688764818384809 0.01261043286118578 0
-0.005018802214434198 0.01248119778432174 0
-0.006957623828830468 0.01148376876758561 0
-0.006204309525606053 0.01129569047248002 0
-0.008480254639375892 0.01013177185694576 0
-0.007626918297624436 0.009873081699573578 0
-0.0103074116189432 0.008509375557936519 0
-0.009334048826563005 0.008165951169468284 0
-0.01138260546742997 0.006117394530254951 0
-0.00251627007804301 0.01448406320281771 0
-0.001967649912161014 0.01460159058868083 0
-0.003168274767091281 0.01374976978728553 0
-0.002476934365641491 0.01394144346997265 0
-0.003950680392817821 0.012868617689865 0
-0.003088075708071853 0.0131492669297321 0
-0.004889567137474468 0.01181123517989265 0
-0.003821445315858091 0.01219865508543591 0
-0.006016231230404766 0.01054237616858573 0
-0.00470148884227318 0.01105792087599837 0
-0.007368228140160389 0.00901974535690344 0
-0.005757541072940719 0.009689039825915596 0
-0.008990624438012088 0.007192588375847865 0
-0.007024803751609472 0.008046382563283022 0
-0.00854551897058212 0.006075193845592915 0
-0.001850677761098751 0.01416588464038035 0
-0.001349049201101251 0.01432156101292788 0
-0.002312265449720477 0.01345622585854034 0
-0.001686008845177737 0.01368066702894805 0
-0.002866170675265433 0.01260463532150187 0
-0.002090360416914057 0.01291159425031011 0
-0.003530856941519145 0.01158272668374627 0
-0.002575582300926487 0.01198870691981224 0
-0.00432848046055778 0.01035643631906629 0
-0.003157848559803745 0.01088124212681419 0
-0.005285628682157376 0.008884887883259827 0
-0.003856568069774438 0.009552284376410519 0
-0.006434206552426912 0.007119029753475467 0
-0.004695031482974817 0.007957535073452274 0
-0.005701187581844795 0.006043835907882553 0
-0.001132161702353928 0.01394671943471138 0
-0.0006858839924732442 0.01414911965160455 0
-0.001407429954461185 0.01325402928367513 0
-0.0008535828116373757 0.01352008168943846 0
-0.001737751856512089 0.01242280110356569 0
-0.001054821394059218 0.01276523613693071 0
-0.002134138136349017 0.01142532729395592 0
-0.001296307691934619 0.01185942147770937 0
-0.002609801671875451 0.01022835872302512 0
-0.001586091248420723 0.01077244389016685 0
-0.003180597913763556 0.008791996439661422 0
-0.001933831515864569 0.009468070786276025 0
-0.003865553406623295 0.007068361692955773 0
-0.002351119837412035 0.007902823059164923 0
-0.002851865824778505 0.006024525785073221 0
-0.0003810553643230907 0.01383498998175432 0
-0.0004725274473142849 0.01315095036366627 0
-0.0005822939467449318 0.01233010282307333 0
-0.0007140137451896872 0.01134508578079329 0
-0.0008720775032310356 0.01016306533064032 0
-0.001061754012633533 0.008744640792175703 0
-0.001289365824778502 0.007042531339417337 0
2 13 0 161
854
855
856
857
858
859
860
861
862
863
864
865
866
867
868
869
870
871
872
873
874
875
876
877
878
879
880
881
882
883
884
885
886
887
888
889
890
891
892
893
894
895
896
897
898
899
900
901
902
903
904
905
906
907
908
909
910
911
912
913
914
915
916
917
918
919
920
921
922
923
924
925
926
927
928
929
930
931
932
933
934
935
936
937
938
939
940
941
942
943
944
945
946
947
948
949
950
951
952
953
954
955
956
957
958
959
960
961
962
963
964
965
966
967
968
969
970
971
972
973
974
975
976
977
978
979
980
981
982
983
984
985
986
987
988
989
990
991
992
993
994
995
996
997
998
999
1000
1001
1002
1003
1004
1005
1006
1007
1008
1009
1010
1011
1012
1013
1014
0.0007621107287333921 0.01386319330444013 0
0.0009450548948377472 0.01317697007433789 0
0.001164587893866312 0.01235350219932797 0
0.00142802749098163 0.01136534075576388 0
0.001744155007365418 0.01017954702406687 0
0.00212350802656785 0.00875659454774883 0
0.002578731651378074 0.007049051569538022 0
0.001502212676236544 0.01403024556489262 0
0.001869805014713386 0.01333108849279619 0
0.002310915820289511 0.01249210000741422 0
0.002840248783526934 0.01148531383152519 0
0.003475448339101207 0.01027717042104918 0
0.004237687804869843 0.008827398330228737 0
0.005152375167343281 0.007087671814490095 0
0.002199142846399435 0.01430152371571171 0
0.002754725885779746 0.01358136322390897 0
0.003421425532135188 0.0127171706349135 0
0.004221465102541416 0.01168013953488562 0
0.005181512586559392 0.01043570221546074 0
0.006333569565989721 0.008942377433954235 0
0.00771603794667325 0.007150387689189427 0
0.002833397310304118 0.01466660268969596 0
0.003581823649884798 0.01391817635011527 0
0.004479935256167975 0.01302006474383209 0
0.005557669176675513 0.01194233082332454 0
0.006850949880652095 0.01064905011934795 0
0.008402886723549852 0.009097113276450181 0
0.01026521094225723 0.00723478905774279 0
0.003198476284288352 0.01530085715360065 0
0.00391863677609108 0.01474527411422034 0
0.004782829365086548 0.01407857446786489 0
0.005819860465114426 0.01327853489745865 0
0.0070642977845393 0.01231848741344066 0
0.008557622566045791 0.01116643043401032 0
0.01034961231081059 0.009783962053326774 0
0.003469754435107421 0.01599778732376355 0
0.00416891150720385 0.01563019498528671 0
0.005007899992585817 0.01518908417971057 0
0.006014686168474842 0.01465975121647313 0
0.007222829578950844 0.01402455166089885 0
0.008672601669771282 0.0132623121951302 0
0.01041232818550991 0.01234762483265674 0
0.003636806695559889 0.01673788927126671 0
0.004323029925662131 0.01655494510516235 0
0.005146497800672046 0.01633541210613377 0
0.006134659244236135 0.01607197250901844 0
0.007320452975933145 0.01575584499263464 0
0.00874340545225118 0.0153764919734322 0
0.01045094843046198 0.01492126834862195 0
0.0003810553643666965 0.01383498998173979 0
0.0006858839925169436 0.01414911965159003 0
0.0004725274474188731 0.01315095036363136 0
0.0008535828117855696 0.01352008168938901 0
0.0005822939469331562 0.01233010282301047 0
0.001054821394352029 0.01276523613683293 0
0.0007140137454908152 0.0113450857806927 0
0.001296307692423971 0.01185942147754593 0
0.000872077503682709 0.01016306533048943 0
0.001586091249173524 0.01077244388991537 0
0.001061754013283925 0.008744640791958415 0
0.001933831516966634 0.00946807078590785 0
0.001289365825689037 0.007042531339113128 0
0.002351119838972962 0.007902823058643427 0
0.002851865825689035 0.006024525784769011 0
0.001132161702484968 0.01394671943466638 0
0.001349049201188763 0.01432156101289744 0
0.001407429954775567 0.01325402928356704 0
0.001686008845474965 0.0136806670288444 0
0.001737751857077911 0.0124228011033711 0
0.002090360417501449 0.0129115942501052 0
0.002134138137254282 0.01142532729364453 0
0.002575582301908223 0.0119887069194697 0
0.002609801673233313 0.01022835872255803 0
0.003157848561314071 0.01088124212628718 0
0.003180597915718847 0.008791996438988783 0
0.003856568071985525 0.009552284375638959 0
0.003865553409360677 0.007068361692014058 0
0.004695031486106562 0.007957535072359415 0
0.005701187583671639 0.006043835907245048 0
0.00185067776131799 0.01416588464030217 0
0.001967649912292875 0.01460159058863315 0
0.002312265450246567 0.01345622585835258 0
0.002476934366089591 0.01394144346981034 0
0.002866170676212349 0.01260463532116386 0
0.003088075708957467 0.01314926692941124 0
0.003530856943034175 0.0115827266832054 0
0.003821445317338302 0.01219865508489956 0
0.004328480462830299 0.01035643631825496 0
0.004701488844550404 0.01105792087517318 0
0.005285628685429782 0.008884887882091486 0
0.005757541076274556 0.009689039824707486 0
0.006434206557008266 0.007119029751839761 0
0.007024803756331485 0.008046382561571832 0
0.008545518973336622 0.006075193844594714 0
0.002516270078351777 0.01448406320270383 0
0.002521553000756059 0.01497844699924402 0
0.003168274767832272 0.01374976978701212 0
0.003207610480094458 0.01429238951990561 0
0.003950680394151581 0.01286861768937279 0
0.004030879453026387 0.01346912054697368 0
0.004889567139608465 0.01181123517910508 0
0.005018802216421744 0.01248119778357831 0
0.006016231233605743 0.01054237616740434 0
0.006204309528663804 0.01129569047133624 0
0.007368228144769787 0.009019745355202207 0
0.007626918302100973 0.009873081697899065 0
0.008990624444465238 0.007192588373466108 0
0.009334048832903539 0.008165951167096485 0
0.01138260547112861 0.006117394528871395 0
0.003015936797296235 0.0149837299216483 0
0.002898409411366915 0.01553235008770722 0
0.003750230212987939 0.0143317252321678 0
0.003558556530189716 0.0150230656339105 0
0.004631382310627262 0.01354931960584849 0
0.004350733070588814 0.01441192429104261 0
0.005688764820894969 0.0126104328603916 0
0.005301344915100487 0.01367855468266177 0
0.006957623832595698 0.01148376876639431 0
0.006442079124826863 0.01279851115544966 0
0.008480254644797822 0.01013177185523025 0
0.007810960175292546 0.01174245892372549 0
0.01030741162653391 0.008509375555534781 0
0.009453617438428191 0.01047519624366854 0
0.0114248061554053 0.00895448102666339 0
0.003334115359697886 0.0156493222386821 0
0.003178438987102601 0.01615095079881134 0
0.004043774141647465 0.01518773454975352 0
0.003819332971155635 0.01581399115452513 0
0.004895364678836183 0.01463382932378773 0
0.004588405749894834 0.01540963958249864 0
0.005917273316794633 0.01396914305696589 0
0.005511293080530329 0.01492441769809185 0
0.007143563681745072 0.01317151953716976 0
0.006618757873712843 0.01434215143868599 0
0.008615112117908537 0.01221437131457026 0
0.007947715624361064 0.01364343192801453 0
0.01038097024816025 0.01106579344299176 0
0.0095424649276406 0.01280496851389347 0
0.01145616409275496 0.01179881241632838 0
0.003553280565333655 0.01636783829751513 0
0.003350880348409993 0.01681411600748316 0
0.004245970716432991 0.01609257004522453 0
0.00397991831061101 0.01664641718821453 0
0.005077198896628931 0.01576224814292217 0
0.004734763863167088 0.01644517860564806 0
0.006074672706355489 0.01536586186274579 0
0.005640578522454091 0.01620369230757611 0
0.007271641277441994 0.01489019832676675 0
0.00672755611008464 0.01591390875082654 0
0.008708003561011231 0.0143194020842812 0
0.008031929214092163 0.01556616848303342 0
0.01043163830798595 0.01363444659063935 0
0.009597176941356582 0.01514888016102707 0
0.01147547421523099 0.01464813417431098 0
0.003665010018260224 0.01711894463563336 0
0.004349049636368655 0.01702747255258118 0
0.005169897176989537 0.01691770605306689 0
0.006154914219307306 0.01678598625450922 0
0.007336934669510575 0.01662792249631732 0
0.00875535920804159 0.0164382459867161 0
0.01045746866088688 0.01621063417431098 0
2 17 0 161
1015
1016
1017
1018
1019
1020
1021
1022
1023
1024
1025
1026
1027
1028
1029
1030
1031
1032
1033
1034
1035
1036
1037
1038
1039
1040
1041
1042
1043
1044
1045
1046
1047
1048
1049
1050
1051
1052
1053
1054
1055
1056
1057
1058
1059
1060
1061
1062
1063
1064
1065
1066
1067
1068
1069
1070
1071
1072
1073
1074
1075
1076
1077
1078
1079
1080
1081
1082
1083
1084
1085
1086
1087
1088
1089
1090
1091
1092
1093
1094
1095
1096
1097
1098
1099
1100
1101
1102
1103
1104
1105
1106
1107
1108
1109
1110
1111
1112
1113
1114
1115
1116
1117
1118
1119
1120
1121
1122
1123
1124
1125
1126
1127
1128
1129
1130
1131
1132
1133
1134
1135
1136
1137
1138
1139
1140
1141
1142
1143
1144
1145
1146
1147
1148
1149
1150
1151
1152
1153
1154
1155
1156
1157
1158
1159
1160
1161
1162
1163
1164
1165
1166
1167
1168
1169
1170
1171
1172
1173
1174
1175
-0.003636806695114011 0.01826211072861445 0
-0.004323029924592027 0.01844505489455239 0
-0.005146497798745864 0.01866458789335274 0
-0.006134659241154247 0.01892802749015996 0
-0.007320452971310319 0.01924415500613295 0
-0.008743405445594305 0.01962350802479312 0
-0.01045094842114235 0.02007873164889348 0
-0.003469754434653121 0.01900221267599765 0
-0.004168911506113562 0.01936980501414012 0
-0.005007899990623317 0.01981091581925767 0
-0.006014686165334855 0.02034024878187601 0
-0.007222829574240879 0.02097544833662485 0
-0.008672601662988933 0.02173768780130391 0
-0.01041232817601463 0.02265237516235098 0
-0.003198476283820383 0.01969914284603843 0
-0.003918636774968019 0.02025472588491335 0
-0.004782829363065074 0.02092142553057569 0
-0.005819860461880093 0.02172146510004623 0
-0.007064297779687829 0.02268151258281663 0
-0.008557622559059683 0.02383356956060015 0
-0.01034961230103004 0.02521603793912785 0
-0.002833397309817753 0.02033339730981783 0
-0.003581823648717633 0.0210818236487177 0
-0.004479935254067136 0.0219799352540672 0
-0.005557669173314214 0.02305766917331427 0
-0.00685094987561019 0.02435094987561023 0
-0.008402886716289531 0.02590288671628957 0
-0.0102652109320928 0.02776521093209281 0
-0.002199142846038337 0.02069847628382044 0
-0.002754725884913267 0.02141863677496807 0
-0.00342142553057562 0.02228282936306512 0
-0.004221465100046173 0.02331986046188014 0
-0.005181512582816582 0.02456429777968787 0
-0.006333569560600114 0.02605762255905971 0
-0.007716037939127831 0.02784961230103006 0
-0.001502212675997557 0.02096975443465316 0
-0.001869805014140031 0.0216689115061136 0
-0.002310915819257589 0.02250789999062335 0
-0.002840248781875947 0.02351468616533488 0
-0.003475448336624798 0.0247228295742409 0
-0.00423768780130387 0.02617260166298895 0
-0.005152375162350964 0.02791232817601463 0
-0.0007621107286143449 0.02113680669511403 0
-0.0009450548945522993 0.02182302992459205 0
-0.001164587893352657 0.02264649779874588 0
-0.001428027490159891 0.02363465924115426 0
-0.001744155006132894 0.02482045297131033 0
-0.002123508024793087 0.02624340544559432 0
-0.002578731648893468 0.02795094842114236 0
-0.003350880348187052 0.01818588399245743 0
-0.003665010017815767 0.01788105536430722 0
-0.003979918309853019 0.01835358281158342 0
-0.004349049635301958 0.0179725274472762 0
-0.004734763861668946 0.01855482139395256 0
-0.005169897175069486 0.01808229394667637 0
-0.005640578519950055 0.01879630769175635 0
-0.006154914216235226 0.01821401374507998 0
-0.006727556106232283 0.01908609124814646 0
-0.007336934664902461 0.01837207750306648 0
-0.008031929208452313 0.01943383151546304 0
-0.0087553592014059 0.01856175401239656 0
-0.009597176933368329 0.0198511198368433 0
-0.0104574686515969 0.01878936582444674 0
-0.01147547421057118 0.02035186582444674 0
-0.003178438986875441 0.01884904920106929 0
-0.003553280564883566 0.01863216170230605 0
-0.003819332970383342 0.01918600884506888 0
-0.004245970715352795 0.01890742995434625 0
-0.00458840574836844 0.01959036041669889 0
-0.00507719889468459 0.0192377518563052 0
-0.005511293077979085 0.02007558230056684 0
-0.006074672703244551 0.01963413813601799 0
-0.006618757869787866 0.02065784855925043 0
-0.007271641272775599 0.0201098016713789 0
-0.007947715618614907 0.02135656806896438 0
-0.008708003554291618 0.02068059791304852 0
-0.009542464919501781 0.02219503148182744 0
-0.01043163829857849 0.02136555340562223 0
-0.01145616408800731 0.02320118758117549 0
-0.002898409411132907 0.01946764991211236 0
-0.003334115359236752 0.01935067776101804 0
-0.003558556529394201 0.01997693436547589 0
-0.004043774140540791 0.01981226544952673 0
-0.004350733069016547 0.02058807570774452 0
-0.004895364676844195 0.02036617067491668 0
-0.005301344912472583 0.02132144531531096 0
-0.005917273313607474 0.02103085694096112 0
-0.006442079120783961 0.02220148884143143 0
-0.007143563676964353 0.02182848045972074 0
-0.007810960169373755 0.02325754107170839 0
-0.008615112111024309 0.02278562868095203 0
-0.009453617430044864 0.024524803749864 0
-0.01038097023852234 0.02393420655073941 0
-0.01142480615051502 0.02604551896956392 0
-0.002521553000512837 0.02002155300051291 0
-0.003015936796819068 0.02001627007792813 0
-0.003207610479267693 0.02070761047926777 0
-0.003750230211842826 0.02066827476681552 0
-0.004030879451392385 0.02153087945139245 0
-0.004631382308566106 0.02145068039232145 0
-0.005018802213690676 0.02251880221369073 0
-0.005688764817597154 0.02238956713668025 0
-0.006204309524462202 0.02370430952446225 0
-0.006957623827649009 0.02351623122921343 0
-0.007626918295949861 0.0251269182959499 0
-0.008480254637674607 0.02486822813844486 0
-0.009334048824191164 0.02683404882419119 0
-0.01030741161656142 0.02649062443561033 0
-0.0113826054660464 0.02888260546604641 0
-0.001967649912112268 0.02039840941113297 0
-0.002516270077928045 0.02051593679681914 0
-0.002476934365475802 0.02105855652939426 0
-0.00316827476681545 0.02125023021184289 0
-0.003088075707744443 0.0218507330690166 0
-0.003950680392321378 0.02213138230856616 0
-0.003821445315310896 0.02280134491247263 0
-0.004889567136680193 0.0231887648175972 0
-0.004701488841431377 0.023942079120784 0
-0.006016231229213386 0.02445762382764905 0
-0.005757541071708348 0.02531096016937379 0
-0.007368228138444823 0.02598025463767464 0
-0.007024803749863973 0.02695361743004488 0
-0.008990624435610314 0.02780741161656144 0
-0.008545518969563917 0.02892480615051503 0
-0.001349049201069194 0.02067843898687548 0
-0.001850677761017947 0.0208341153592368 0
-0.001686008845068794 0.02131933297038338 0
-0.002312265449526649 0.02154377414054084 0
-0.00209036041669881 0.02208840574836848 0
-0.002866170674916604 0.02239536467684424 0
-0.002575582300566768 0.02301129307797912 0
-0.00353085694096106 0.02341727331360751 0
-0.003157848559250373 0.0241187578697879 0
-0.004328480459720689 0.02464356367696438 0
-0.003856568068964334 0.02544771561861493 0
-0.005285628680951992 0.02611511211102433 0
-0.004695031481827417 0.02704246491950179 0
-0.006434206550739397 0.02788097023852235 0
-0.005701187581175484 0.02895616408800732 0
-0.0006858839924573264 0.02085088034818708 0
-0.001132161702305951 0.0210532805648836 0
-0.0008535828115833217 0.02147991830985304 0
-0.001407429954346165 0.02174597071535283 0
-0.001054821393952477 0.02223476386166897 0
-0.001737751856305123 0.02257719889468462 0
-0.001296307691756274 0.02314057851995007 0
-0.002134138136017919 0.02357467270324458 0
-0.001586091248146393 0.0242275561062323 0
-0.002609801671378846 0.02477164127277562 0
-0.00193383151546299 0.02553192920845232 0
-0.003180597913048478 0.02620800355429163 0
-0.002351119836843277 0.02709717693336834 0
-0.003865553405622216 0.0279316382985785 0
-0.002851865824446737 0.02897547421057118 0
-0.0003810553643071729 0.02116501001781578 0
-0.0004725274472761496 0.02184904963530197 0
-0.0005822939466763287 0.0226698971750695 0
-0.0007140137450799451 0.02365491421623523 0
-0.0008720775030664468 0.02483693466490247 0
-0.001061754012396544 0.0262553592014059 0
-0.001289365824446734 0.0279574686515969 0
2 21 0 161
1176
1177
1178
1179
1180
1181
1182
1183
1184
1185
1186
1187
1188
1189
1190
1191
1192
1193
1194
1195
1196
1197
1198
1199
1200
1201
1202
1203
1204
1205
1206
1207
1208
1209
1210
1211
1212
1213
1214
1215
1216
1217
1218
1219
1220
1221
1222
1223
1224
1225
1226
1227
1228
1229
1230
1231
1232
1233
1234
1235
1236
1237
1238
1239
1240
1241
1242
1243
1244
1245
1246
1247
1248
1249
1250
1251
1252
1253
1254
1255
1256
1257
1258
1259
1260
1261
1262
1263
1264
1265
1266
1267
1268
1269
1270
1271
1272
1273
1274
1275
1276
1277
1278
1279
1280
1281
1282
1283
1284
1285
1286
1287
1288
1289
1290
1291
1292
1293
1294
1295
1296
1297
1298
1299
1300
1301
1302
1303
1304
1305
1306
1307
1308
1309
1310
1311
1312
1313
1314
1315
1316
1317
1318
1319
1320
1321
1322
1323
1324
1325
1326
1327
1328
1329
1330
1331
1332
1333
1334
1335
1336
0.003636806695530782 0.01826211072864617 0
0.00432302992559227 0.01844505489462856 0
0.005146497800546298 0.01866458789348985 0
0.006134659244034937 0.01892802749037936 0
0.007320452975631347 0.01924415500646207 0
0.00874340545181659 0.01962350802526706 0
0.01045094842985356 0.020078731649557 0
0.00346975443504642 0.01900221267606165 0
0.004168911507057449 0.01936980501429378 0
0.005007899992322295 0.01981091581953429 0
0.006014686168053208 0.02034024878231864 0
0.007222829578318393 0.02097544833728882 0
0.008672601668860552 0.02173768780226004 0
0.01041232818423489 0.02265237516368958 0
0.003198476284192836 0.01969914284613579 0
0.003918636775861847 0.02025472588514711 0
0.004782829364673929 0.02092142553099652 0
0.005819860464454236 0.0217214651007196 0
0.007064297783549016 0.02268151258382671 0
0.008557622564619781 0.02383356956205469 0
0.01034961230881417 0.02521603794116423 0
0.002833397310171732 0.02033339730995014 0
0.003581823649567072 0.02108182364903536 0
0.004479935255596065 0.02197993525463905 0
0.005557669175760458 0.02305766917422927 0
0.006850949879279515 0.02435094987698277 0
0.008402886721573334 0.02590288671826605 0
0.0102652109394901 0.02776521093485992 0
0.002199142846302009 0.02069847628391588 0
0.002754725885545921 0.02141863677519724 0
0.003421425531714305 0.02228282936347768 0
0.004221465101868008 0.02331986046254027 0
0.005181512585549278 0.02456429778067811 0
0.006333569564535158 0.02605762256048569 0
0.007716037944636859 0.02784961230302646 0
0.001502212676172503 0.02096975443471411 0
0.001869805014559685 0.02166891150625995 0
0.002310915820012847 0.02250789999088683 0
0.002840248783084275 0.02351468616575648 0
0.003475448338437218 0.02472282957487332 0
0.004237687803913697 0.02617260166389966 0
0.005152375166004675 0.02791232817728964 0
0.0007621107287016458 0.02113680669514311 0
0.0009450548947615598 0.02182302992466188 0
0.001164587893729177 0.0226464977988716 0
0.001428027490762216 0.02363465924135544 0
0.001744155007036293 0.02482045297161211 0
0.00212350802609391 0.02624340544602889 0
0.002578731650714557 0.02795094842175078 0
0.00366501001824567 0.01788105536432309 0
0.00335088034839544 0.01818588399247328 0
0.004349049636333724 0.01797252744731428 0
0.003979918310561526 0.01835358281163736 0
0.005169897176926663 0.01808229394674493 0
0.004734763863069284 0.01855482139405921 0
0.006154914219206707 0.01821401374518968 0
0.005640578522290617 0.01879630769193461 0
0.007336934669359677 0.01837207750323103 0
0.006727556109833142 0.01908609124842071 0
0.008755359207824295 0.01856175401263353 0
0.008031929213723969 0.01943383151586456 0
0.01045746866058266 0.0187893658247785 0
0.009597176940835074 0.01985111983741203 0
0.01147547421492678 0.02035186582477851 0
0.0035532805652886 0.01863216170235391 0
0.003178438987072101 0.01884904920110127 0
0.00424597071632486 0.01890742995446117 0
0.003819332971051934 0.01918600884517771 0
0.005077198896434296 0.01923775185651207 0
0.004588405749689871 0.01959036041691404 0
0.006074672706044072 0.019634138136349 0
0.005511293080187751 0.02007558230092647 0
0.00727164127697487 0.02010980167187544 0
0.0066187578731858 0.02065784855980373 0
0.008708003560338571 0.02068059791376355 0
0.007947715623589473 0.02135656806977443 0
0.01043163830704423 0.02136555340662329 0
0.009542464926547723 0.02219503148297481 0
0.01145616409211745 0.02320118758184479 0
0.003334115359619628 0.01935067776109872 0
0.002898409411319156 0.01946764991216101 0
0.004043774141459648 0.01981226544972044 0
0.003558556530027342 0.01997693436564145 0
0.004895364678498112 0.02036617067526541 0
0.004350733070267888 0.02058807570807181 0
0.005917273316253722 0.02103085694151912 0
0.005301344914564083 0.02132144531585806 0
0.007143563680933705 0.02182848046055776 0
0.006442079124001627 0.02220148884227315 0
0.008615112116740167 0.02278562868215736 0
0.007810960174084398 0.0232575410729407 0
0.01038097024652453 0.02393420655242691 0
0.009453617436716976 0.02452480375160946 0
0.01142480615440709 0.02604551897058212 0
0.003015936797182284 0.02001627007804296 0
0.002521553000689866 0.02002155300057903 0
0.003750230212714459 0.02066827476709123 0
0.003207610479869402 0.02070761047949275 0
0.004631382310134997 0.02145068039281778 0
0.004030879452581569 0.02153087945183721 0
0.005688764820107347 0.02238956713747443 0
0.005018802215678262 0.02251880221443416 0
0.006957623831414265 0.02351623123040474 0
0.006204309527519987 0.02370430952560602 0
0.008480254643096558 0.02486822814016037 0
0.007626918300426425 0.02512691829762441 0
0.01030741162415214 0.02649062443801208 0
0.009334048830531717 0.02683404882656299 0
0.01138260546974505 0.02888260546742996 0
0.00251627007823687 0.02051593679693301 0
0.001967649912244161 0.02039840941118065 0
0.003168274767556496 0.0212502302121163 0
0.002476934365923965 0.02105855652955656 0
0.003950680393655185 0.02213138230905837 0
0.003088075708630113 0.02185073306933746 0
0.004889567138814233 0.02318876481838477 0
0.003821445316791156 0.02280134491300898 0
0.006016231232414396 0.02445762382883044 0
0.004701488843708643 0.02394207912160919 0
0.007368228143054247 0.02598025463937587 0
0.005757541075042218 0.0253109601705819 0
0.008990624442063479 0.02780741161894319 0
0.007024803754586008 0.02695361743175607 0
0.008545518972318426 0.02892480615151323 0
0.001850677761237256 0.02083411535931499 0
0.001349049201156742 0.02067843898690592 0
0.002312265450052803 0.02154377414072859 0
0.001686008845366094 0.02131933297048702 0
0.002866170675863576 0.02239536467718226 0
0.002090360417286266 0.02208840574857339 0
0.003530856942476141 0.02341727331414838 0
0.002575582301548561 0.02301129307832165 0
0.004328480461993248 0.02464356367777571 0
0.003157848560760746 0.0241187578703149 0
0.005285628684224428 0.02611511211219267 0
0.003856568071175458 0.02544771561938649 0
0.006434206555320766 0.02788097024015805 0
0.004695031484959186 0.02704246492059465 0
0.005701187583002336 0.02895616408864482 0
0.001132161702437074 0.0210532805649286 0
0.0006858839925010709 0.02085088034820159 0
0.001407429954660623 0.02174597071546091 0
0.0008535828117316024 0.02147991830990249 0
0.001737751856871012 0.02257719889487921 0
0.001054821394245368 0.02223476386176674 0
0.002134138136923245 0.02357467270355596 0
0.001296307692245697 0.02314057852011352 0
0.002609801672736756 0.02477164127324271 0
0.001586091248899255 0.02422755610648377 0
0.003180597915003803 0.02620800355496427 0
0.001933831516565102 0.0255319292088205 0
0.003865553408359616 0.02793163829952021 0
0.002351119838404233 0.02709717693388983 0
0.002851865825357276 0.02897547421087539 0
0.0003810553643508229 0.02116501001783032 0
0.0004725274473807804 0.02184904963533688 0
0.0005822939468645878 0.02266989717513236 0
0.0007140137453811079 0.02365491421633582 0
0.0008720775035181462 0.02483693466505336 0
0.001061754013046955 0.02625535920162319 0
0.001289365825357278 0.02795746865190111 0
2 25 0 43
1337
1338
1339
1340
1341
1342
1343
1344
1345
1346
1347
1348
1349
1350
1351
1352
1353
1354
1355
1356
1357
1358
1359
1360
1361
1362
1363
1364
1365
1366
1367
1368
1369
1370
1371
1372
1373
1374
1375
1376
1377
1378
1379
-0.009375000000000005 0.031 0
-0.009375000000000005 0.032 0
-0.009375000000000005 0.033 0
-0.009375000000000005 0.034 0
-0.006250000000000005 0.031 0
-0.006250000000000005 0.032 0
-0.006250000000000005 0.033 0
-0.006250000000000006 0.034 0
-0.003125000000000007 0.031 0
-0.003125000000000007 0.032 0
-0.003125000000000007 0.033 0
-0.003125000000000007 0.034 0
-0.009375000000000005 0.0305 0
-0.0109375 0.031 0
-0.009375000000000005 0.0315 0
-0.0109375 0.032 0
-0.009375000000000005 0.0325 0
-0.0109375 0.033 0
-0.009375000000000005 0.0335 0
-0.0109375 0.034 0
-0.009375000000000005 0.0345 0
-0.006250000000000005 0.0305 0
-0.007812500000000005 0.031 0
-0.006250000000000005 0.0315 0
-0.007812500000000005 0.032 0
-0.006250000000000005 0.0325 0
-0.007812500000000005 0.033 0
-0.006250000000000005 0.0335 0
-0.007812500000000005 0.034 0
-0.006250000000000005 0.0345 0
-0.003125000000000006 0.0305 0
-0.004687500000000006 0.031 0
-0.003125000000000007 0.0315 0
-0.004687500000000006 0.032 0
-0.003125000000000007 0.0325 0
-0.004687500000000006 0.033 0
-0.003125000000000007 0.0335 0
-0.004687500000000006 0.034 0
-0.003125000000000007 0.0345 0
-0.001562500000000003 0.031 0
-0.001562500000000003 0.032 0
-0.001562500000000003 0.033 0
-0.001562500000000003 0.034 0
2 29 0 43
1380
1381
1382
1383
1384
1385
1386
1387
1388
1389
1390
1391
1392
1393
1394
1395
1396
1397
1398
1399
1400
1401
1402
1403
1404
1405
1406
1407
1408
1409
1410
1411
1412
1413
1414
1415
1416
1417
1418
1419
1420
1421
1422
0.003124999999999995 0.031 0
0.003124999999999996 0.032 0
0.003124999999999996 0.033 0
0.003124999999999995 0.034 0
0.006249999999999996 0.031 0
0.006249999999999996 0.032 0
0.006249999999999996 0.033 0
0.006249999999999996 0.034 0
0.009374999999999994 0.031 0
0.009374999999999994 0.032 0
0.009374999999999994 0.033 0
0.009374999999999994 0.034 0
0.003124999999999996 0.0305 0
0.001562499999999998 0.031 0
0.003124999999999996 0.0315 0
0.001562499999999998 0.032 0
0.003124999999999996 0.0325 0
0.001562499999999998 0.033 0
0.003124999999999996 0.0335 0
0.001562499999999998 0.034 0
0.003124999999999996 0.0345 0
0.006249999999999996 0.0305 0
0.004687499999999995 0.031 0
0.006249999999999996 0.0315 0
0.004687499999999996 0.032 0
0.006249999999999996 0.0325 0
0.004687499999999996 0.033 0
0.006249999999999996 0.0335 0
0.004687499999999995 0.034 0
0.006249999999999996 0.0345 0
0.009374999999999994 0.0305 0
0.007812499999999995 0.031 0
0.009374999999999994 0.0315 0
0.007812499999999995 0.032 0
0.009374999999999994 0.0325 0
0.007812499999999995 0.033 0
0.009374999999999994 0.0335 0
0.007812499999999995 0.034 0
0.009374999999999994 0.0345 0
0.0109375 0.031 0
0.0109375 0.032 0
0.0109375 0.033 0
0.0109375 0.034 0
2 30 0 13
1423
1424
1425
1426
1427
1428
1429
1430
1431
1432
1433
1434
1435
-0.009374999999999994 0 0.0005
-0.006249999999999996 0 0.0005
-0.003124999999999996 0 0.0005
-0.009374999999999994 0 0.00025
-0.0109375 0 0.0005
-0.009374999999999994 0 0.00075
-0.006249999999999996 0 0.00025
-0.007812499999999995 0 0.0005
-0.006249999999999996 0 0.00075
-0.003124999999999996 0 0.00025
-0.004687499999999995 0 0.0005
-0.003124999999999996 0 0.00075
-0.001562499999999998 0 0.0005
2 31 0 17
1436
1437
1438
1439
1440
1441
1442
1443
1444
1445
1446
1447
1448
1449
1450
1451
1452
0 0.0009999999999999998 0.0005
0 0.002 0.0005
0 0.003 0.0005
0 0.004000000000000001 0.0005
0 0.0009999999999999998 0.00025
0 0.0004999999999999999 0.0005
0 0.0009999999999999998 0.00075
0 0.002 0.00025
0 0.0015 0.0005
0 0.002 0.00075
0 0.003 0.00025
0 0.0025 0.0005
0 0.003 0.00075
0 0.004000000000000001 0.00025
0 0.003500000000000001 0.0005
0 0.004000000000000001 0.00075
0 0.004500000000000001 0.0005
2 32 0 13
1453
1454
1455
1456
1457
1458
1459
1460
1461
1462
1463
1464
1465
-0.003125000000000006 0.005000000000000001 0.0005
-0.006250000000000005 0.005000000000000001 0.0005
-0.009375000000000005 0.005000000000000001 0.0005
-0.003125000000000006 0.005000000000000001 0.00025
-0.001562500000000003 0.005000000000000001 0.0005
-0.003125000000000006 0.005000000000000001 0.00075
-0.006250000000000005 0.005000000000000001 0.00025
-0.004687500000000006 0.005000000000000001 0.0005
-0.006250000000000005 0.005000000000000001 0.00075
-0.009375000000000005 0.005000000000000001 0.00025
-0.007812500000000005 0.005000000000000001 0.0005
-0.009375000000000005 0.005000000000000001 0.00075
-0.0109375 0.005000000000000001 0.0005
2 33 0 17
1466
1467
1468
1469
1470
1471
1472
1473
1474
1475
1476
1477
1478
1479
1480
1481
1482
-0.0125 0.004000000000000001 0.0005
-0.0125 0.003000000000000001 0.0005
-0.0125 0.002000000000000001 0.0005
-0.0125 0.001 0.0005
-0.0125 0.004000000000000001 0.00025
-0.0125 0.004500000000000001 0.0005
-0.0125 0.004000000000000001 0.00075
-0.0125 0.003000000000000001 0.00025
-0.0125 0.003500000000000001 0.0005
-0.0125 0.003000000000000001 0.00075
-0.0125 0.002000000000000001 0.00025
-0.0125 0.002500000000000001 0.0005
-0.0125 0.002000000000000001 0.00075
-0.0125 0.001 0.00025
-0.0125 0.0015 0.0005
-0.0125 0.001 0.00075
-0.0125 0.0005000000000000004 0.0005
2 34 0 43
1483
1484
1485
1486
1487
1488
1489
1490
1491
1492
1493
1494
1495
1496
1497
1498
1499
1500
1501
1502
1503
1504
1505
1506
1507
1508
1509
1510
1511
1512
1513
1514
1515
1516
1517
1518
1519
1520
1521
1522
1523
1524
1525
-0.009374999999999996 0.001 0.001
-0.009375 0.002 0.001
-0.009375000000000001 0.003000000000000001 0.001
-0.009375000000000003 0.004000000000000001 0.001
-0.006249999999999998 0.001 0.001
-0.006249999999999999 0.002 0.001
-0.006250000000000001 0.003 0.001
-0.006250000000000003 0.004000000000000001 0.001
-0.003124999999999997 0.0009999999999999996 0.001
-0.003125 0.002 0.001
-0.003125000000000002 0.003 0.001
-0.003125000000000004 0.004000000000000001 0.001
-0.009374999999999994 0.0005 0.001
-0.0109375 0.001 0.001
-0.009374999999999998 0.0015 0.001
-0.0109375 0.002000000000000001 0.001
-0.009375000000000001 0.0025 0.001
-0.0109375 0.003000000000000001 0.001
-0.009375000000000001 0.003500000000000001 0.001
-0.0109375 0.004000000000000001 0.001
-0.009375000000000005 0.004500000000000001 0.001
-0.006249999999999997 0.0005 0.001
-0.007812499999999997 0.001 0.001
-0.006249999999999999 0.0015 0.001
-0.0078125 0.002 0.001
-0.00625 0.0025 0.001
-0.007812500000000002 0.003000000000000001 0.001
-0.006250000000000002 0.003500000000000001 0.001
-0.007812500000000003 0.004000000000000001 0.001
-0.006250000000000004 0.004500000000000001 0.001
-0.003124999999999997 0.0004999999999999996 0.001
-0.004687499999999997 0.0009999999999999998 0.001
-0.003124999999999998 0.0015 0.001
-0.0046875 0.002 0.001
-0.003125000000000001 0.0025 0.001
-0.004687500000000002 0.003 0.001
-0.003125000000000003 0.003500000000000001 0.001
-0.004687500000000003 0.004000000000000001 0.001
-0.003125000000000005 0.004500000000000001 0.001
-0.001562499999999999 0.0009999999999999996 0.001
-0.0015625 0.002 0.001
-0.001562500000000001 0.003 0.001
-0.001562500000000001 0.004000000000000001 0.001
2 35 0 13
1526
1527
1528
1529
1530
1531
1532
1533
1534
1535
1536
1537
1538
0.003125000000000006 0 0.0005
0.006250000000000005 0 0.0005
0.009375000000000005 0 0.0005
0.003125000000000006 0 0.00025
0.001562500000000003 0 0.0005
0.003125000000000006 0 0.00075
0.006250000000000005 0 0.00025
0.004687500000000006 0 0.0005
0.006250000000000005 0 0.00075
0.009375000000000005 0 0.00025
0.007812500000000005 0 0.0005
0.009375000000000005 0 0.00075
0.0109375 0 0.0005
2 36 0 17
1539
1540
1541
1542
1543
1544
1545
1546
1547
1548
1549
1550
1551
1552
1553
1554
1555
0.0125 0.0009999999999999998 0.0005
0.0125 0.002 0.0005
0.0125 0.003 0.0005
0.0125 0.004000000000000001 0.0005
0.0125 0.0009999999999999998 0.00025
0.0125 0.0004999999999999999 0.0005
0.0125 0.0009999999999999998 0.00075
0.0125 0.002 0.00025
0.0125 0.0015 0.0005
0.0125 0.002 0.00075
0.0125 0.003 0.00025
0.0125 0.0025 0.0005
0.0125 0.003 0.00075
0.0125 0.004000000000000001 0.00025
0.0125 0.003500000000000001 0.0005
0.0125 0.004000000000000001 0.00075
0.0125 0.004500000000000001 0.0005
2 37 0 13
1556
1557
1558
1559
1560
1561
1562
1563
1564
1565
1566
1567
1568
0.009374999999999994 0.005000000000000001 0.0005
0.006249999999999996 0.005000000000000001 0.0005
0.003124999999999996 0.005000000000000001 0.0005
0.009374999999999994 0.005000000000000001 0.00025
0.0109375 0.005000000000000001 0.0005
0.009374999999999994 0.005000000000000001 0.00075
0.006249999999999996 0.005000000000000001 0.00025
0.007812499999999995 0.005000000000000001 0.0005
0.006249999999999996 0.005000000000000001 0.00075
0.003124999999999996 0.005000000000000001 0.00025
0.004687499999999995 0.005000000000000001 0.0005
0.003124999999999996 0.005000000000000001 0.00075
0.001562499999999998 0.005000000000000001 0.0005
2 38 0 43
1569
1570
1571
1572
1573
1574
1575
1576
1577
1578
1579
1580
1581
1582
1583
1584
1585
1586
1587
1588
1589
1590
1591
1592
1593
1594
1595
1596
1597
1598
1599
1600
1601
1602
1603
1604
1605
1606
1607
1608
1609
1610
1611
0.003125000000000005 0.001 0.001
0.003125000000000002 0.002 0.001
0.003124999999999999 0.003 0.001
0.003124999999999998 0.004000000000000001 0.001
0.006250000000000003 0.0009999999999999996 0.001
0.006250000000000001 0.002 0.001
0.006249999999999999 0.003 0.001
0.006249999999999998 0.004000000000000001 0.001
0.009375000000000005 0.0009999999999999996 0.001
0.009375000000000001 0.002 0.001
0.009374999999999998 0.003 0.001
0.009374999999999996 0.004000000000000001 0.001
0.003125000000000005 0.0005 0.001
0.001562500000000002 0.001 0.001
0.003125000000000003 0.0015 0.001
0.001562500000000001 0.002 0.001
0.003125 0.0025 0.001
0.0015625 0.003 0.001
0.003124999999999998 0.003500000000000001 0.001
0.001562499999999999 0.004000000000000001 0.001
0.003124999999999997 0.004500000000000001 0.001
0.006250000000000004 0.0004999999999999996 0.001
0.004687500000000004 0.0009999999999999998 0.001
0.006250000000000002 0.0015 0.001
0.004687500000000002 0.002 0.001
0.00625 0.0025 0.001
0.004687499999999999 0.003 0.001
0.006249999999999999 0.003500000000000001 0.001
0.004687499999999997 0.004000000000000001 0.001
0.006249999999999997 0.004500000000000001 0.001
0.009375000000000005 0.0004999999999999996 0.001
0.007812500000000003 0.0009999999999999996 0.001
0.009375000000000003 0.0015 0.001
0.007812500000000002 0.002 0.001
0.009375 0.0025 0.001
0.007812499999999998 0.003 0.001
0.009374999999999998 0.003500000000000001 0.001
0.007812499999999997 0.004000000000000001 0.001
0.009374999999999994 0.004500000000000001 0.001
0.0109375 0.0009999999999999996 0.001
0.0109375 0.002 0.001
0.0109375 0.003 0.001
0.0109375 0.004000000000000001 0.001
2 39 0 13
1612
1613
1614
1615
1616
1617
1618
1619
1620
1621
1622
1623
1624
-0.0125 0.014375 0.0005
-0.0125 0.01125 0.0005
-0.0125 0.008124999999999997 0.0005
-0.0125 0.014375 0.00025
-0.0125 0.0159375 0.0005
-0.0125 0.014375 0.00075
-0.0125 0.01125 0.00025
-0.0125 0.0128125 0.0005
-0.0125 0.01125 0.00075
-0.0125 0.008124999999999997 0.00025
-0.0125 0.009687499999999996 0.0005
-0.0125 0.008124999999999997 0.00075
-0.0125 0.006562499999999999 0.0005
2 40 0 29
1625
1626
1627
1628
1629
1630
1631
1632
1633
1634
1635
1636
1637
1638
1639
1640
1641
1642
1643
1644
1645
1646
1647
1648
1649
1650
1651
1652
1653
-0.003693213340517522 0.0175 0.0005
-0.00437506934601189 0.0175 0.0005
-0.005193296551393109 0.0175 0.0005
-0.006175169191316205 0.0175 0.0005
-0.007353416358494603 0.0175 0.0005
-0.008767312957217494 0.0175 0.0005
-0.01046398888205145 0.0175 0.0005
-0.003693213340517522 0.0175 0.00025
-0.003409106670258761 0.0175 0.0005
-0.003693213340517522 0.0175 0.00075
-0.00437506934601189 0.0175 0.00025
-0.004034141343264706 0.0175 0.0005
-0.00437506934601189 0.0175 0.00075
-0.005193296551393109 0.0175 0.00025
-0.0047841829487025 0.0175 0.0005
-0.005193296551393109 0.0175 0.00075
-0.006175169191316205 0.0175 0.00025
-0.005684232871354657 0.0175 0.0005
-0.006175169191316205 0.0175 0.00075
-0.007353416358494603 0.0175 0.00025
-0.006764292774905404 0.0175 0.0005
-0.007353416358494603 0.0175 0.00075
-0.008767312957217494 0.0175 0.00025
-0.008060364657856048 0.0175 0.0005
-0.008767312957217494 0.0175 0.00075
-0.01046398888205145 0.0175 0.00025
-0.009615650919634473 0.0175 0.0005
-0.01046398888205145 0.0175 0.00075
-0.01148199444102573 0.0175 0.0005
2 41 0 29
1654
1655
1656
1657
1658
1659
1660
1661
1662
1663
1664
1665
1666
1667
1668
1669
1670
1671
1672
1673
1674
1675
1676
1677
1678
1679
1680
1681
1682
-0.003064954001260093 0.01689034274369959 0.0005
-0.00288712353909776 0.01630411427385907 0.0005
-0.002598342538445431 0.01576384302181371 0.0005
-0.002209708691207922 0.015290291308792 0.0005
-0.001736156978186199 0.01490165746155451 0.0005
-0.001195885726140828 0.0146128764609022 0.0005
-0.0006096572563003068 0.01443504599873989 0.0005
-0.003109952270850628 0.01719369643647024 0.0005
-0.003064954001260093 0.01689034274369959 0.00025
-0.003064954001260093 0.01689034274369959 0.00075
-0.002990438549163147 0.01659286038357979 0.0005
-0.00288712353909776 0.01630411427385907 0.00025
-0.00288712353909776 0.01630411427385907 0.00075
-0.002756003951088593 0.01602688519741873 0.0005
-0.002598342538445431 0.01576384302181371 0.00025
-0.002598342538445431 0.01576384302181371 0.00075
-0.002415657666758523 0.01551752098698857 0.0005
-0.002209708691207923 0.015290291308792 0.00025
-0.002209708691207923 0.015290291308792 0.00075
-0.001982479013011344 0.01508434233324141 0.0005
-0.001736156978186199 0.01490165746155451 0.00025
-0.001736156978186199 0.01490165746155451 0.00075
-0.001473114802581175 0.01474399604891136 0.0005
-0.001195885726140828 0.0146128764609022 0.00025
-0.001195885726140828 0.0146128764609022 0.00075
-0.0009071396164201102 0.01450956145083682 0.0005
-0.0006096572563003068 0.01443504599873989 0.00025
-0.0006096572563003068 0.01443504599873989 0.00075
-0.0003063035635297742 0.01439004772914938 0.0005
2 42 0 29
1683
1684
1685
1686
1687
1688
1689
1690
1691
1692
1693
1694
1695
1696
1697
1698
1699
1700
1701
1702
1703
1704
1705
1706
1707
1708
1709
1710
1711
0 0.007036011108688234 0.0005
0 0.008732687036168002 0.0005
0 0.010146583636912 0.0005
0 0.01132483080562153 0.0005
0 0.01230670344669297 0.0005
0 0.01312493065292482 0.0005
0 0.01380678665903944 0.0005
0 0.007036011108688234 0.00025
0 0.006018005554344117 0.0005
0 0.007036011108688234 0.00075
0 0.008732687036168002 0.00025
0 0.007884349072428118 0.0005
0 0.008732687036168002 0.00075
0 0.010146583636912 0.00025
0 0.009439635336539999 0.0005
0 0.010146583636912 0.00075
0 0.01132483080562153 0.00025
0 0.01073570722126676 0.0005
0 0.01132483080562153 0.00075
0 0.01230670344669297 0.00025
0 0.01181576712615725 0.0005
0 0.01230670344669297 0.00075
0 0.01312493065292482 0.00025
0 0.0127158170498089 0.0005
0 0.01312493065292482 0.00075
0 0.01380678665903944 0.00025
0 0.01346585865598213 0.0005
0 0.01380678665903944 0.00075
0 0.01409089332951972 0.0005
2 43 0 161
1712
1713
1714
1715
1716
1717
1718
1719
1720
1721
1722
1723
1724
1725
1726
1727
1728
1729
1730
1731
1732
1733
1734
1735
1736
1737
1738
1739
1740
1741
1742
1743
1744
1745
1746
1747
1748
1749
1750
1751
1752
1753
1754
1755
1756
1757
1758
1759
1760
1761
1762
1763
1764
1765
1766
1767
1768
1769
1770
1771
1772
1773
1774
1775
1776
1777
1778
1779
1780
1781
1782
1783
1784
1785
1786
1787
1788
1789
1790
1791
1792
1793
1794
1795
1796
1797
1798
1799
1800
1801
1802
1803
1804
1805
1806
1807
1808
1809
1810
1811
1812
1813
1814
1815
1816
1817
1818
1819
1820
1821
1822
1823
1824
1825
1826
1827
1828
1829
1830
1831
1832
1833
1834
1835
1836
1837
1838
1839
1840
1841
1842
1843
1844
1845
1846
1847
1848
1849
1850
1851
1852
1853
1854
1855
1856
1857
1858
1859
1860
1861
1862
1863
1864
1865
1866
1867
1868
1869
1870
1871
1872
-0.003636806695143133 0.01673788927129843 0.001
-0.0043230299246619 0.01655494510523851 0.001
-0.005146497798871624 0.01633541210627088 0.001
-0.006134659241355454 0.01607197250923784 0.001
-0.007320452971612124 0.01575584499296375 0.001
-0.008743405446028901 0.01537649197390612 0.001
-0.01045094842175078 0.01492126834928545 0.001
-0.003469754434714149 0.01599778732382755 0.001
-0.004168911506259988 0.01563019498544036 0.001
-0.005007899990886859 0.01518908417998719 0.001
-0.006014686165756507 0.01465975121691576 0.001
-0.007222829574873343 0.01402455166156281 0.001
-0.008672601663899673 0.01326231219608632 0.001
-0.01041232817728966 0.01234762483399533 0.001
-0.003198476283915935 0.01530085715369801 0.001
-0.00391863677519729 0.0147452741144541 0.001
-0.004782829363477725 0.01407857446828571 0.001
-0.005819860462540311 0.013278534898132 0.001
-0.007064297780678136 0.01231848741445073 0.001
-0.008557622560485711 0.01116643043546485 0.001
-0.01034961230302647 0.00978396205536314 0.001
-0.002833397309950191 0.01466660268982827 0.001
-0.003581823649035408 0.01391817635043293 0.001
-0.004479935254639089 0.01302006474440394 0.001
-0.005557669174229307 0.01194233082423954 0.001
-0.006850949876982801 0.01064905012072049 0.001
-0.008402886718266073 0.009097113278426668 0.001
-0.01026521093485994 0.007234789060509901 0.001
-0.002199142846135828 0.01430152371580715 0.001
-0.002754725885147153 0.01358136322413814 0.001
-0.003421425530996553 0.01271717063532606 0.001
-0.004221465100719629 0.01168013953554576 0.001
-0.005181512583826732 0.01043570221645098 0.001
-0.006333569562054706 0.008942377435380216 0.001
-0.007716037941164237 0.007150387691185828 0.001
-0.001502212676061674 0.01403024556495356 0.001
-0.0018698050142938 0.01333108849294254 0.001
-0.002310915819534313 0.01249210000767769 0.001
-0.00284024878231866 0.01148531383194678 0.001
-0.00347544833728883 0.0102771704216816 0.001
-0.004237687802260047 0.008827398331139441 0.001
-0.005152375163689586 0.007087671815765105 0.001
-0.0007621107286461815 0.0138631933044692 0.001
-0.0009450548946285707 0.01317697007440772 0.001
-0.001164587893489864 0.01235350219945369 0.001
-0.001428027490379374 0.01136534075596505 0.001
-0.001744155006462072 0.01017954702436865 0.001
-0.002123508025267065 0.008756594548183404 0.001
-0.002578731649557004 0.00704905157014644 0.001
-0.003665010017830328 0.01711894463564922 0.001
-0.003350880348201613 0.01681411600749901 0.001
-0.004349049635336895 0.01702747255261926 0.001
-0.003979918309902517 0.01664641718826847 0.001
-0.005169897175132367 0.01691770605313545 0.001
-0.004734763861766762 0.0164451786057547 0.001
-0.00615491421633583 0.01678598625461892 0.001
-0.005640578520113539 0.01620369230775436 0.001
-0.007336934665053363 0.01662792249648187 0.001
-0.00672755610648379 0.01591390875110079 0.001
-0.008755359201623198 0.01643824598695306 0.001
-0.008031929208820513 0.01556616848343493 0.001
-0.01045746865190112 0.01621063417464273 0.001
-0.009597176933889841 0.01514888016159579 0.001
-0.01147547421087539 0.01464813417464272 0.001
-0.003553280564928641 0.01636783829756299 0.001
-0.003178438986905955 0.01615095079884331 0.001
-0.004245970715460944 0.01609257004533943 0.001
-0.003819332970487069 0.01581399115463395 0.001
-0.005077198894879242 0.01576224814312904 0.001
-0.004588405748573424 0.01540963958271378 0.001
-0.006074672703555981 0.0153658618630768 0.001
-0.005511293078321683 0.01492441769845147 0.001
-0.007271641273242734 0.01489019832726328 0.001
-0.006618757870314925 0.01434215143923928 0.001
-0.008708003554964287 0.01431940208499622 0.001
-0.007947715619386508 0.01364343192882456 0.001
-0.01043163829952022 0.01363444659164039 0.001
-0.009542464920594664 0.01280496851504083 0.001
-0.01145616408864483 0.01179881241699766 0.001
-0.003334115359315042 0.01564932223876278 0.001
-0.002898409411180683 0.01553235008775586 0.001
-0.004043774140728639 0.01518773454994723 0.001
-0.003558556529556612 0.01502306563407605 0.001
-0.004895364677182292 0.01463382932413645 0.001
-0.004350733069337507 0.0144119242913699 0.001
-0.005917273314148409 0.01396914305752388 0.001
-0.005301344913009019 0.01367855468320886 0.001
-0.00714356367777574 0.01317151953800677 0.001
-0.006442079121609224 0.01279851115629137 0.001
-0.008615112112192692 0.01221437131577558 0.001
-0.007810960170581924 0.01174245892495779 0.001
-0.01038097024015806 0.01106579344467924 0.001
-0.00945361743175609 0.01047519624541399 0.001
-0.01142480615151324 0.008954481027681569 0.001
-0.003015936796933063 0.01498372992176314 0.001
-0.002521553000579056 0.01497844699931014 0.001
-0.003750230212116349 0.01433172523244351 0.001
-0.0032076104794928 0.0142923895201306 0.001
-0.004631382309058407 0.01354931960634482 0.001
-0.004030879451837249 0.01346912054741843 0.001
-0.005688764818384809 0.01261043286118577 0.001
-0.005018802214434198 0.01248119778432174 0.001
-0.006957623828830469 0.01148376876758561 0.001
-0.006204309525606053 0.01129569047248002 0.001
-0.008480254639375892 0.01013177185694576 0.001
-0.007626918297624437 0.009873081699573578 0.001
-0.0103074116189432 0.008509375557936519 0.001
-0.009334048826563005 0.008165951169468284 0.001
-0.01138260546742997 0.006117394530254951 0.001
-0.00251627007804301 0.01448406320281771 0.001
-0.001967649912161014 0.01460159058868083 0.001
-0.003168274767091281 0.01374976978728553 0.001
-0.002476934365641491 0.01394144346997265 0.001
-0.003950680392817821 0.012868617689865 0.001
-0.003088075708071853 0.0131492669297321 0.001
-0.004889567137474468 0.01181123517989265 0.001
-0.003821445315858091 0.01219865508543591 0.001
-0.006016231230404767 0.01054237616858573 0.001
-0.00470148884227318 0.01105792087599837 0.001
-0.007368228140160389 0.009019745356903442 0.001
-0.005757541072940719 0.009689039825915596 0.001
-0.008990624438012088 0.007192588375847865 0.001
-0.007024803751609472 0.008046382563283022 0.001
-0.00854551897058212 0.006075193845592915 0.001
-0.001850677761098751 0.01416588464038035 0.001
-0.001349049201101251 0.01432156101292788 0.001
-0.002312265449720477 0.01345622585854034 0.001
-0.001686008845177737 0.01368066702894805 0.001
-0.002866170675265433 0.01260463532150188 0.001
-0.002090360416914057 0.01291159425031011 0.001
-0.003530856941519145 0.01158272668374627 0.001
-0.002575582300926487 0.01198870691981224 0.001
-0.00432848046055778 0.01035643631906629 0.001
-0.003157848559803745 0.01088124212681419 0.001
-0.005285628682157376 0.008884887883259827 0.001
-0.003856568069774438 0.009552284376410519 0.001
-0.006434206552426911 0.007119029753475467 0.001
-0.004695031482974817 0.007957535073452274 0.001
-0.005701187581844795 0.006043835907882553 0.001
-0.001132161702353928 0.01394671943471138 0.001
-0.0006858839924732442 0.01414911965160455 0.001
-0.001407429954461185 0.01325402928367513 0.001
-0.0008535828116373757 0.01352008168943846 0.001
-0.001737751856512089 0.01242280110356569 0.001
-0.001054821394059218 0.01276523613693071 0.001
-0.002134138136349017 0.01142532729395592 0.001
-0.001296307691934619 0.01185942147770937 0.001
-0.002609801671875451 0.01022835872302512 0.001
-0.001586091248420723 0.01077244389016685 0.001
-0.003180597913763556 0.008791996439661422 0.001
-0.001933831515864569 0.009468070786276025 0.001
-0.003865553406623295 0.007068361692955773 0.001
-0.002351119837412035 0.007902823059164923 0.001
-0.002851865824778505 0.006024525785073221 0.001
-0.0003810553643230907 0.01383498998175432 0.001
-0.0004725274473142849 0.01315095036366627 0.001
-0.0005822939467449318 0.01233010282307333 0.001
-0.0007140137451896872 0.01134508578079329 0.001
-0.0008720775032310356 0.01016306533064032 0.001
-0.001061754012633533 0.008744640792175703 0.001
-0.001289365824778502 0.007042531339417337 0.001
2 44 0 29
1873
1874
1875
1876
1877
1878
1879
1880
1881
1882
1883
1884
1885
1886
1887
1888
1889
1890
1891
1892
1893
1894
1895
1896
1897
1898
1899
1900
1901
0.0006096572563004962 0.01443504599873992 0.0005
0.001195885726140983 0.01461287646090226 0.0005
0.001736156978186316 0.01490165746155459 0.0005
0.002209708691208 0.01529029130879208 0.0005
0.002598342538445477 0.01576384302181378 0.0005
0.002887123539097782 0.01630411427385912 0.0005
0.003064954001260098 0.01689034274369961 0.0005
0.0003063035635299802 0.0143900477291494 0.0005
0.0006096572563004962 0.01443504599873992 0.00025
0.0006096572563004962 0.01443504599873992 0.00075
0.0009071396164202817 0.01450956145083688 0.0005
0.001195885726140983 0.01461287646090226 0.00025
0.001195885726140983 0.01461287646090226 0.00075
0.001473114802581311 0.01474399604891143 0.0005
0.001736156978186316 0.01490165746155459 0.00025
0.001736156978186316 0.01490165746155459 0.00075
0.00198247901301144 0.01508434233324149 0.0005
0.002209708691208 0.01529029130879208 0.00025
0.002209708691208 0.01529029130879208 0.00075
0.002415657666758584 0.01551752098698865 0.0005
0.002598342538445477 0.01576384302181378 0.00025
0.002598342538445477 0.01576384302181378 0.00075
0.002756003951088625 0.01602688519741879 0.0005
0.002887123539097781 0.01630411427385912 0.00025
0.002887123539097781 0.01630411427385912 0.00075
0.002990438549163157 0.01659286038357982 0.0005
0.003064954001260097 0.01689034274369961 0.00025
0.003064954001260097 0.01689034274369961 0.00075
0.003109952270850616 0.01719369643647013 0.0005
2 45 0 29
1902
1903
1904
1905
1906
1907
1908
1909
1910
1911
1912
1913
1914
1915
1916
1917
1918
1919
1920
1921
1922
1923
1924
1925
1926
1927
1928
1929
1930
0.01046398889131177 0.0175 0.0005
0.008767312963832 0.0175 0.0005
0.007353416363088006 0.0175 0.0005
0.006175169194378476 0.0175 0.0005
0.005193296553307029 0.0175 0.0005
0.004375069347075178 0.0175 0.0005
0.003693213340960559 0.0175 0.0005
0.01046398889131177 0.0175 0.00025
0.01148199444565588 0.0175 0.0005
0.01046398889131177 0.0175 0.00075
0.008767312963832 0.0175 0.00025
0.009615650927571884 0.0175 0.0005
0.008767312963832 0.0175 0.00075
0.007353416363088006 0.0175 0.00025
0.008060364663460003 0.0175 0.0005
0.007353416363088006 0.0175 0.00075
0.006175169194378476 0.0175 0.00025
0.006764292778733241 0.0175 0.0005
0.006175169194378476 0.0175 0.00075
0.005193296553307029 0.0175 0.00025
0.005684232873842752 0.0175 0.0005
0.005193296553307029 0.0175 0.00075
0.004375069347075178 0.0175 0.00025
0.004784182950191103 0.0175 0.0005
0.004375069347075178 0.0175 0.00075
0.003693213340960559 0.0175 0.00025
0.004034141344017868 0.0175 0.0005
0.003693213340960559 0.0175 0.00075
0.003409106670480279 0.0175 0.0005
2 46 0 13
1931
1932
1933
1934
1935
1936
1937
1938
1939
1940
1941
1942
1943
0.0125 0.008125000000000007 0.0005
0.0125 0.01125000000000001 0.0005
0.0125 0.01437500000000001 0.0005
0.0125 0.008125000000000007 0.00025
0.0125 0.006562500000000004 0.0005
0.0125 0.008125000000000007 0.00075
0.0125 0.01125000000000001 0.00025
0.0125 0.009687500000000007 0.0005
0.0125 0.01125000000000001 0.00075
0.0125 0.01437500000000001 0.00025
0.0125 0.01281250000000001 0.0005
0.0125 0.01437500000000001 0.00075
0.0125 0.0159375 0.0005
2 47 0 161
1944
1945
1946
1947
1948
1949
1950
1951
1952
1953
1954
1955
1956
1957
1958
1959
1960
1961
1962
1963
1964
1965
1966
1967
1968
1969
1970
1971
1972
1973
1974
1975
1976
1977
1978
1979
1980
1981
1982
1983
1984
1985
1986
1987
1988
1989
1990
1991
1992
1993
1994
1995
1996
1997
1998
1999
2000
2001
2002
2003
2004
2005
2006
2007
2008
2009
2010
2011
2012
2013
2014
2015
2016
2017
2018
2019
2020
2021
2022
2023
2024
2025
2026
2027
2028
2029
2030
2031
2032
2033
2034
2035
2036
2037
2038
2039
2040
2041
2042
2043
2044
2045
2046
2047
2048
2049
2050
2051
2052
2053
2054
2055
2056
2057
2058
2059
2060
2061
2062
2063
2064
2065
2066
2067
2068
2069
2070
2071
2072
2073
2074
2075
2076
2077
2078
2079
2080
2081
2082
2083
2084
2085
2086
2087
2088
2089
2090
2091
2092
2093
2094
2095
2096
2097
2098
2099
2100
2101
2102
2103
2104
0.0007621107287333921 0.01386319330444013 0.001
0.0009450548948377472 0.01317697007433789 0.001
0.001164587893866312 0.01235350219932797 0.001
0.00142802749098163 0.01136534075576388 0.001
0.001744155007365418 0.01017954702406687 0.001
0.00212350802656785 0.00875659454774883 0.001
0.002578731651378074 0.007049051569538022 0.001
0.001502212676236544 0.01403024556489262 0.001
0.001869805014713386 0.01333108849279619 0.001
0.002310915820289511 0.01249210000741422 0.001
0.002840248783526934 0.01148531383152519 0.001
0.003475448339101207 0.01027717042104918 0.001
0.004237687804869843 0.008827398330228737 0.001
0.005152375167343281 0.007087671814490095 0.001
0.002199142846399435 0.01430152371571171 0.001
0.002754725885779746 0.01358136322390897 0.001
0.003421425532135188 0.0127171706349135 0.001
0.004221465102541416 0.01168013953488562 0.001
0.005181512586559392 0.01043570221546074 0.001
0.006333569565989721 0.008942377433954235 0.001
0.00771603794667325 0.007150387689189427 0.001
0.002833397310304118 0.01466660268969596 0.001
0.003581823649884798 0.01391817635011527 0.001
0.004479935256167975 0.01302006474383209 0.001
0.005557669176675513 0.01194233082332454 0.001
0.006850949880652095 0.01064905011934795 0.001
0.008402886723549852 0.009097113276450181 0.001
0.01026521094225723 0.00723478905774279 0.001
0.003198476284288352 0.01530085715360065 0.001
0.00391863677609108 0.01474527411422034 0.001
0.004782829365086548 0.01407857446786489 0.001
0.005819860465114426 0.01327853489745865 0.001
0.0070642977845393 0.01231848741344066 0.001
0.008557622566045791 0.01116643043401032 0.001
0.01034961231081059 0.009783962053326774 0.001
0.003469754435107421 0.01599778732376355 0.001
0.00416891150720385 0.01563019498528671 0.001
0.005007899992585817 0.01518908417971057 0.001
0.006014686168474842 0.01465975121647313 0.001
0.007222829578950844 0.01402455166089885 0.001
0.008672601669771282 0.0132623121951302 0.001
0.01041232818550991 0.01234762483265674 0.001
0.003636806695559889 0.01673788927126671 0.001
0.004323029925662131 0.01655494510516235 0.001
0.005146497800672046 0.01633541210613377 0.001
0.006134659244236135 0.01607197250901844 0.001
0.007320452975933145 0.01575584499263464 0.001
0.00874340545225118 0.0153764919734322 0.001
0.01045094843046198 0.01492126834862195 0.001
0.0003810553643666965 0.01383498998173979 0.001
0.0006858839925169436 0.01414911965159003 0.001
0.0004725274474188731 0.01315095036363136 0.001
0.0008535828117855696 0.01352008168938901 0.001
0.0005822939469331562 0.01233010282301047 0.001
0.001054821394352029 0.01276523613683293 0.001
0.0007140137454908152 0.0113450857806927 0.001
0.001296307692423971 0.01185942147754593 0.001
0.000872077503682709 0.01016306533048943 0.001
0.001586091249173524 0.01077244388991537 0.001
0.001061754013283925 0.008744640791958415 0.001
0.001933831516966634 0.00946807078590785 0.001
0.001289365825689037 0.007042531339113128 0.001
0.002351119838972962 0.007902823058643427 0.001
0.002851865825689035 0.006024525784769011 0.001
0.001132161702484968 0.01394671943466638 0.001
0.001349049201188763 0.01432156101289744 0.001
0.001407429954775567 0.01325402928356704 0.001
0.001686008845474965 0.0136806670288444 0.001
0.001737751857077911 0.0124228011033711 0.001
0.002090360417501449 0.0129115942501052 0.001
0.002134138137254282 0.01142532729364453 0.001
0.002575582301908223 0.0119887069194697 0.001
0.002609801673233313 0.01022835872255802 0.001
0.003157848561314071 0.01088124212628718 0.001
0.003180597915718847 0.008791996438988783 0.001
0.003856568071985525 0.009552284375638959 0.001
0.003865553409360677 0.007068361692014058 0.001
0.004695031486106562 0.007957535072359415 0.001
0.005701187583671639 0.006043835907245048 0.001
0.00185067776131799 0.01416588464030217 0.001
0.001967649912292875 0.01460159058863315 0.001
0.002312265450246567 0.01345622585835258 0.001
0.002476934366089591 0.01394144346981034 0.001
0.002866170676212349 0.01260463532116386 0.001
0.003088075708957467 0.01314926692941124 0.001
0.003530856943034175 0.0115827266832054 0.001
0.003821445317338302 0.01219865508489956 0.001
0.004328480462830299 0.01035643631825496 0.001
0.004701488844550404 0.01105792087517318 0.001
0.005285628685429782 0.008884887882091486 0.001
0.005757541076274557 0.009689039824707486 0.001
0.006434206557008266 0.007119029751839761 0.001
0.007024803756331485 0.008046382561571832 0.001
0.008545518973336622 0.006075193844594714 0.001
0.002516270078351777 0.01448406320270383 0.001
0.002521553000756059 0.01497844699924402 0.001
0.003168274767832272 0.01374976978701212 0.001
0.003207610480094458 0.01429238951990561 0.001
0.003950680394151581 0.01286861768937279 0.001
0.004030879453026387 0.01346912054697368 0.001
0.004889567139608465 0.01181123517910508 0.001
0.005018802216421744 0.01248119778357831 0.001
0.006016231233605744 0.01054237616740434 0.001
0.006204309528663804 0.01129569047133624 0.001
0.007368228144769787 0.009019745355202207 0.001
0.007626918302100973 0.009873081697899065 0.001
0.008990624444465238 0.007192588373466108 0.001
0.009334048832903539 0.008165951167096485 0.001
0.01138260547112861 0.006117394528871395 0.001
0.003015936797296235 0.01498372992164831 0.001
0.002898409411366915 0.01553235008770722 0.001
0.003750230212987939 0.0143317252321678 0.001
0.003558556530189716 0.0150230656339105 0.001
0.004631382310627262 0.01354931960584849 0.001
0.004350733070588814 0.01441192429104261 0.001
0.005688764820894969 0.0126104328603916 0.001
0.005301344915100487 0.01367855468266177 0.001
0.006957623832595698 0.01148376876639431 0.001
0.006442079124826863 0.01279851115544966 0.001
0.008480254644797822 0.01013177185523025 0.001
0.007810960175292546 0.01174245892372549 0.001
0.01030741162653391 0.008509375555534781 0.001
0.009453617438428191 0.01047519624366855 0.001
0.0114248061554053 0.00895448102666339 0.001
0.003334115359697886 0.0156493222386821 0.001
0.003178438987102601 0.01615095079881134 0.001
0.004043774141647465 0.01518773454975352 0.001
0.003819332971155635 0.01581399115452513 0.001
0.004895364678836183 0.01463382932378773 0.001
0.004588405749894834 0.01540963958249864 0.001
0.005917273316794634 0.01396914305696589 0.001
0.005511293080530329 0.01492441769809185 0.001
0.007143563681745072 0.01317151953716976 0.001
0.006618757873712843 0.01434215143868599 0.001
0.008615112117908537 0.01221437131457026 0.001
0.007947715624361064 0.01364343192801452 0.001
0.01038097024816025 0.01106579344299176 0.001
0.009542464927640599 0.01280496851389347 0.001
0.01145616409275496 0.01179881241632838 0.001
0.003553280565333655 0.01636783829751513 0.001
0.003350880348409993 0.01681411600748316 0.001
0.004245970716432991 0.01609257004522453 0.001
0.00397991831061101 0.01664641718821453 0.001
0.005077198896628931 0.01576224814292217 0.001
0.004734763863167088 0.01644517860564806 0.001
0.006074672706355489 0.01536586186274579 0.001
0.005640578522454091 0.01620369230757611 0.001
0.007271641277441994 0.01489019832676675 0.001
0.00672755611008464 0.01591390875082654 0.001
0.008708003561011231 0.0143194020842812 0.001
0.008031929214092163 0.01556616848303342 0.001
0.01043163830798595 0.01363444659063935 0.001
0.009597176941356582 0.01514888016102707 0.001
0.01147547421523099 0.01464813417431098 0.001
0.003665010018260224 0.01711894463563336 0.001
0.004349049636368655 0.01702747255258118 0.001
0.005169897176989537 0.01691770605306689 0.001
0.006154914219307306 0.01678598625450922 0.001
0.007336934669510575 0.01662792249631732 0.001
0.00875535920804159 0.0164382459867161 0.001
0.01045746866088688 0.01621063417431098 0.001
2 48 0 13
2105
2106
2107
2108
2109
2110
2111
2112
2113
2114
2115
2116
2117
-0.0125 0.026875 0.0005
-0.0125 0.02375 0.0005
-0.0125 0.020625 0.0005
-0.0125 0.026875 0.00025
-0.0125 0.0284375 0.0005
-0.0125 0.026875 0.00075
-0.0125 0.02375 0.00025
-0.0125 0.02531249999999999 0.0005
-0.0125 0.02375 0.00075
-0.0125 0.020625 0.00025
-0.0125 0.0221875 0.0005
-0.0125 0.020625 0.00075
-0.0125 0.0190625 0.0005
2 49 0 13
2118
2119
2120
2121
2122
2123
2124
2125
2126
2127
2128
2129
2130
-0.003125000000000006 0.03 0.0005
-0.006250000000000005 0.03 0.0005
-0.009375000000000005 0.03 0.0005
-0.003125000000000006 0.03 0.00025
-0.001562500000000003 0.03 0.0005
-0.003125000000000006 0.03 0.00075
-0.006250000000000005 0.03 0.00025
-0.004687500000000006 0.03 0.0005
-0.006250000000000005 0.03 0.00075
-0.009375000000000005 0.03 0.00025
-0.007812500000000005 0.03 0.0005
-0.009375000000000005 0.03 0.00075
-0.0109375 0.03 0.0005
2 50 0 29
2131
2132
2133
2134
2135
2136
2137
2138
2139
2140
2141
2142
2143
2144
2145
2146
2147
2148
2149
2150
2151
2152
2153
2154
2155
2156
2157
2158
2159
0 0.02119321334051752 0.0005
0 0.02187506934601189 0.0005
0 0.02269329655139311 0.0005
0 0.02367516919131621 0.0005
0 0.02485341635849461 0.0005
0 0.02626731295721749 0.0005
0 0.02796398888205145 0.0005
0 0.02119321334051752 0.00025
0 0.02090910667025876 0.0005
0 0.02119321334051752 0.00075
0 0.02187506934601189 0.00025
0 0.02153414134326471 0.0005
0 0.02187506934601189 0.00075
0 0.02269329655139311 0.00025
0 0.0222841829487025 0.0005
0 0.02269329655139311 0.00075
0 0.02367516919131621 0.00025
0 0.02318423287135466 0.0005
0 0.02367516919131621 0.00075
0 0.02485341635849461 0.00025
0 0.0242642927749054 0.0005
0 0.02485341635849461 0.00075
0 0.02626731295721749 0.00025
0 0.02556036465785605 0.0005
0 0.02626731295721749 0.00075
0 0.02796398888205145 0.00025
0 0.02711565091963447 0.0005
0 0.02796398888205145 0.00075
0 0.02898199444102573 0.0005
2 51 0 29
2160
2161
2162
2163
2164
2165
2166
2167
2168
2169
2170
2171
2172
2173
2174
2175
2176
2177
2178
2179
2180
2181
2182
2183
2184
2185
2186
2187
2188
-0.0006096572563003067 0.02056495400126012 0.0005
-0.00119588572614083 0.0203871235390978 0.0005
-0.0017361569781862 0.02009834253844549 0.0005
-0.002209708691207922 0.019709708691208 0.0005
-0.002598342538445431 0.01923615697818629 0.0005
-0.00288712353909776 0.01869588572614093 0.0005
-0.003064954001260093 0.01810965725630042 0.0005
-0.0003063035635297742 0.02060995227085063 0.0005
-0.0006096572563003067 0.02056495400126012 0.00025
-0.0006096572563003067 0.02056495400126012 0.00075
-0.00090713961642011 0.02049043854916318 0.0005
-0.00119588572614083 0.0203871235390978 0.00025
-0.00119588572614083 0.0203871235390978 0.00075
-0.001473114802581176 0.02025600395108865 0.0005
-0.001736156978186199 0.02009834253844549 0.00025
-0.001736156978186199 0.02009834253844549 0.00075
-0.001982479013011342 0.0199156576667586 0.0005
-0.002209708691207921 0.019709708691208 0.00025
-0.002209708691207921 0.019709708691208 0.00075
-0.002415657666758521 0.01948247901301143 0.0005
-0.002598342538445431 0.01923615697818629 0.00025
-0.002598342538445431 0.01923615697818629 0.00075
-0.002756003951088593 0.01897311480258128 0.0005
-0.00288712353909776 0.01869588572614093 0.00025
-0.00288712353909776 0.01869588572614093 0.00075
-0.002990438549163147 0.01840713961642022 0.0005
-0.003064954001260093 0.01810965725630042 0.00025
-0.003064954001260093 0.01810965725630042 0.00075
-0.003109952270850603 0.01780630356353001 0.0005
2 52 0 161
2189
2190
2191
2192
2193
2194
2195
2196
2197
2198
2199
2200
2201
2202
2203
2204
2205
2206
2207
2208
2209
2210
2211
2212
2213
2214
2215
2216
2217
2218
2219
2220
2221
2222
2223
2224
2225
2226
2227
2228
2229
2230
2231
2232
2233
2234
2235
2236
2237
2238
2239
2240
2241
2242
2243
2244
2245
2246
2247
2248
2249
2250
2251
2252
2253
2254
2255
2256
2257
2258
2259
2260
2261
2262
2263
2264
2265
2266
2267
2268
2269
2270
2271
2272
2273
2274
2275
2276
2277
2278
2279
2280
2281
2282
2283
2284
2285
2286
2287
2288
2289
2290
2291
2292
2293
2294
2295
2296
2297
2298
2299
2300
2301
2302
2303
2304
2305
2306
2307
2308
2309
2310
2311
2312
2313
2314
2315
2316
2317
2318
2319
2320
2321
2322
2323
2324
2325
2326
2327
2328
2329
2330
2331
2332
2333
2334
2335
2336
2337
2338
2339
2340
2341
2342
2343
2344
2345
2346
2347
2348
2349
-0.003636806695114011 0.01826211072861445 0.001
-0.004323029924592027 0.01844505489455239 0.001
-0.005146497798745864 0.01866458789335274 0.001
-0.006134659241154247 0.01892802749015996 0.001
-0.007320452971310319 0.01924415500613295 0.001
-0.008743405445594305 0.01962350802479312 0.001
-0.01045094842114235 0.02007873164889348 0.001
-0.003469754434653121 0.01900221267599765 0.001
-0.004168911506113562 0.01936980501414012 0.001
-0.005007899990623317 0.01981091581925767 0.001
-0.006014686165334855 0.02034024878187601 0.001
-0.007222829574240879 0.02097544833662485 0.001
-0.008672601662988933 0.02173768780130391 0.001
-0.01041232817601463 0.02265237516235098 0.001
-0.003198476283820383 0.01969914284603843 0.001
-0.003918636774968019 0.02025472588491335 0.001
-0.004782829363065074 0.02092142553057569 0.001
-0.005819860461880093 0.02172146510004623 0.001
-0.007064297779687829 0.02268151258281663 0.001
-0.008557622559059683 0.02383356956060015 0.001
-0.01034961230103004 0.02521603793912785 0.001
-0.002833397309817753 0.02033339730981783 0.001
-0.003581823648717633 0.0210818236487177 0.001
-0.004479935254067136 0.0219799352540672 0.001
-0.005557669173314214 0.02305766917331427 0.001
-0.00685094987561019 0.02435094987561023 0.001
-0.008402886716289531 0.02590288671628957 0.001
-0.0102652109320928 0.02776521093209281 0.001
-0.002199142846038337 0.02069847628382044 0.001
-0.002754725884913267 0.02141863677496807 0.001
-0.00342142553057562 0.02228282936306512 0.001
-0.004221465100046173 0.02331986046188014 0.001
-0.005181512582816582 0.02456429777968787 0.001
-0.006333569560600114 0.02605762255905971 0.001
-0.007716037939127831 0.02784961230103006 0.001
-0.001502212675997557 0.02096975443465316 0.001
-0.001869805014140031 0.0216689115061136 0.001
-0.002310915819257589 0.02250789999062335 0.001
-0.002840248781875947 0.02351468616533488 0.001
-0.003475448336624798 0.0247228295742409 0.001
-0.00423768780130387 0.02617260166298895 0.001
-0.005152375162350964 0.02791232817601463 0.001
-0.0007621107286143449 0.02113680669511403 0.001
-0.0009450548945522993 0.02182302992459205 0.001
-0.001164587893352657 0.02264649779874588 0.001
-0.001428027490159891 0.02363465924115426 0.001
-0.001744155006132894 0.02482045297131033 0.001
-0.002123508024793087 0.02624340544559432 0.001
-0.002578731648893468 0.02795094842114236 0.001
-0.003350880348187052 0.01818588399245743 0.001
-0.003665010017815767 0.01788105536430722 0.001
-0.003979918309853019 0.01835358281158342 0.001
-0.004349049635301958 0.0179725274472762 0.001
-0.004734763861668946 0.01855482139395256 0.001
-0.005169897175069486 0.01808229394667637 0.001
-0.005640578519950055 0.01879630769175635 0.001
-0.006154914216235225 0.01821401374507998 0.001
-0.006727556106232283 0.01908609124814645 0.001
-0.007336934664902461 0.01837207750306648 0.001
-0.008031929208452313 0.01943383151546304 0.001
-0.0087553592014059 0.01856175401239656 0.001
-0.009597176933368329 0.0198511198368433 0.001
-0.0104574686515969 0.01878936582444674 0.001
-0.01147547421057118 0.02035186582444674 0.001
-0.003178438986875441 0.01884904920106929 0.001
-0.003553280564883566 0.01863216170230605 0.001
-0.003819332970383342 0.01918600884506888 0.001
-0.004245970715352794 0.01890742995434625 0.001
-0.00458840574836844 0.01959036041669889 0.001
-0.00507719889468459 0.0192377518563052 0.001
-0.005511293077979086 0.02007558230056684 0.001
-0.006074672703244551 0.01963413813601799 0.001
-0.006618757869787867 0.02065784855925043 0.001
-0.0072716412727756 0.0201098016713789 0.001
-0.007947715618614907 0.02135656806896438 0.001
-0.008708003554291618 0.02068059791304851 0.001
-0.009542464919501781 0.02219503148182744 0.001
-0.01043163829857849 0.02136555340562223 0.001
-0.01145616408800731 0.02320118758117549 0.001
-0.002898409411132907 0.01946764991211236 0.001
-0.003334115359236752 0.01935067776101804 0.001
-0.003558556529394201 0.01997693436547589 0.001
-0.004043774140540791 0.01981226544952673 0.001
-0.004350733069016547 0.02058807570774452 0.001
-0.004895364676844196 0.02036617067491668 0.001
-0.005301344912472583 0.02132144531531096 0.001
-0.005917273313607474 0.02103085694096112 0.001
-0.006442079120783961 0.02220148884143143 0.001
-0.007143563676964354 0.02182848045972074 0.001
-0.007810960169373756 0.02325754107170839 0.001
-0.008615112111024309 0.02278562868095203 0.001
-0.009453617430044864 0.024524803749864 0.001
-0.01038097023852234 0.02393420655073941 0.001
-0.01142480615051502 0.02604551896956392 0.001
-0.002521553000512837 0.02002155300051291 0.001
-0.003015936796819068 0.02001627007792812 0.001
-0.003207610479267693 0.02070761047926777 0.001
-0.003750230211842826 0.02066827476681553 0.001
-0.004030879451392385 0.02153087945139245 0.001
-0.004631382308566105 0.02145068039232145 0.001
-0.005018802213690676 0.02251880221369074 0.001
-0.005688764817597154 0.02238956713668025 0.001
-0.006204309524462202 0.02370430952446225 0.001
-0.00695762382764901 0.02351623122921343 0.001
-0.00762691829594986 0.0251269182959499 0.001
-0.008480254637674607 0.02486822813844486 0.001
-0.009334048824191164 0.02683404882419119 0.001
-0.01030741161656142 0.02649062443561033 0.001
-0.0113826054660464 0.02888260546604641 0.001
-0.001967649912112268 0.02039840941113297 0.001
-0.002516270077928045 0.02051593679681914 0.001
-0.002476934365475802 0.02105855652939426 0.001
-0.00316827476681545 0.02125023021184289 0.001
-0.003088075707744443 0.0218507330690166 0.001
-0.003950680392321378 0.02213138230856616 0.001
-0.003821445315310896 0.02280134491247263 0.001
-0.004889567136680193 0.0231887648175972 0.001
-0.004701488841431377 0.023942079120784 0.001
-0.006016231229213386 0.02445762382764905 0.001
-0.005757541071708347 0.02531096016937379 0.001
-0.007368228138444823 0.02598025463767464 0.001
-0.007024803749863973 0.02695361743004488 0.001
-0.008990624435610314 0.02780741161656144 0.001
-0.008545518969563917 0.02892480615051503 0.001
-0.001349049201069194 0.02067843898687548 0.001
-0.001850677761017947 0.0208341153592368 0.001
-0.001686008845068794 0.02131933297038338 0.001
-0.002312265449526649 0.02154377414054084 0.001
-0.00209036041669881 0.02208840574836848 0.001
-0.002866170674916604 0.02239536467684424 0.001
-0.002575582300566768 0.02301129307797912 0.001
-0.00353085694096106 0.02341727331360751 0.001
-0.003157848559250373 0.02411875786978789 0.001
-0.004328480459720689 0.02464356367696438 0.001
-0.003856568068964334 0.02544771561861493 0.001
-0.005285628680951992 0.02611511211102433 0.001
-0.004695031481827417 0.02704246491950179 0.001
-0.006434206550739398 0.02788097023852235 0.001
-0.005701187581175484 0.02895616408800732 0.001
-0.0006858839924573264 0.02085088034818708 0.001
-0.001132161702305951 0.0210532805648836 0.001
-0.0008535828115833217 0.02147991830985304 0.001
-0.001407429954346165 0.02174597071535283 0.001
-0.001054821393952477 0.02223476386166897 0.001
-0.001737751856305123 0.02257719889468462 0.001
-0.001296307691756274 0.02314057851995007 0.001
-0.002134138136017919 0.02357467270324457 0.001
-0.001586091248146393 0.0242275561062323 0.001
-0.002609801671378846 0.02477164127277562 0.001
-0.00193383151546299 0.02553192920845233 0.001
-0.003180597913048478 0.02620800355429163 0.001
-0.002351119836843277 0.02709717693336834 0.001
-0.003865553405622216 0.0279316382985785 0.001
-0.002851865824446737 0.02897547421057118 0.001
-0.0003810553643071729 0.02116501001781578 0.001
-0.0004725274472761496 0.02184904963530197 0.001
-0.0005822939466763287 0.0226698971750695 0.001
-0.0007140137450799451 0.02365491421623523 0.001
-0.0008720775030664468 0.02483693466490247 0.001
-0.001061754012396544 0.0262553592014059 0.001
-0.001289365824446734 0.0279574686515969 0.001
2 53 0 29
2350
2351
2352
2353
2354
2355
2356
2357
2358
2359
2360
2361
2362
2363
2364
2365
2366
2367
2368
2369
2370
2371
2372
2373
2374
2375
2376
2377
2378
0.003064954001260098 0.01810965725630039 0.0005
0.002887123539097781 0.01869588572614088 0.0005
0.002598342538445477 0.01923615697818622 0.0005
0.002209708691208 0.01970970869120792 0.0005
0.001736156978186314 0.02009834253844542 0.0005
0.001195885726140982 0.02038712353909774 0.0005
0.0006096572563004956 0.02056495400126008 0.0005
0.003109952270850616 0.01780630356352987 0.0005
0.003064954001260098 0.01810965725630039 0.00025
0.003064954001260098 0.01810965725630039 0.00075
0.002990438549163159 0.01840713961642018 0.0005
0.002887123539097781 0.01869588572614088 0.00025
0.002887123539097781 0.01869588572614088 0.00075
0.002756003951088625 0.01897311480258122 0.0005
0.002598342538445477 0.01923615697818622 0.00025
0.002598342538445477 0.01923615697818622 0.00075
0.002415657666758584 0.01948247901301136 0.0005
0.002209708691208 0.01970970869120792 0.00025
0.002209708691208 0.01970970869120792 0.00075
0.00198247901301144 0.01991565766675852 0.0005
0.001736156978186313 0.02009834253844542 0.00025
0.001736156978186313 0.02009834253844542 0.00075
0.001473114802581308 0.02025600395108858 0.0005
0.001195885726140981 0.02038712353909774 0.00025
0.001195885726140981 0.02038712353909774 0.00075
0.0009071396164202811 0.02049043854916313 0.0005
0.0006096572563004956 0.02056495400126008 0.00025
0.0006096572563004956 0.02056495400126008 0.00075
0.0003063035635299803 0.02060995227085061 0.0005
2 54 0 13
2379
2380
2381
2382
2383
2384
2385
2386
2387
2388
2389
2390
2391
0.009374999999999994 0.03 0.0005
0.006249999999999996 0.03 0.0005
0.003124999999999996 0.03 0.0005
0.009374999999999994 0.03 0.00025
0.0109375 0.03 0.0005
0.009374999999999994 0.03 0.00075
0.006249999999999996 0.03 0.00025
0.007812499999999995 0.03 0.0005
0.006249999999999996 0.03 0.00075
0.003124999999999996 0.03 0.00025
0.004687499999999995 0.03 0.0005
0.003124999999999996 0.03 0.00075
0.001562499999999998 0.03 0.0005
2 55 0 13
2392
2393
2394
2395
2396
2397
2398
2399
2400
2401
2402
2403
2404
0.0125 0.02062500000000001 0.0005
0.0125 0.02375000000000001 0.0005
0.0125 0.02687500000000001 0.0005
0.0125 0.02062500000000001 0.00025
0.0125 0.0190625 0.0005
0.0125 0.02062500000000001 0.00075
0.0125 0.02375000000000001 0.00025
0.0125 0.02218750000000001 0.0005
0.0125 0.02375000000000001 0.00075
0.0125 0.02687500000000001 0.00025
0.0125 0.02531250000000001 0.0005
0.0125 0.02687500000000001 0.00075
0.0125 0.0284375 0.0005
2 56 0 161
2405
2406
2407
2408
2409
2410
2411
2412
2413
2414
2415
2416
2417
2418
2419
2420
2421
2422
2423
2424
2425
2426
2427
2428
2429
2430
2431
2432
2433
2434
2435
2436
2437
2438
2439
2440
2441
2442
2443
2444
2445
2446
2447
2448
2449
2450
2451
2452
2453
2454
2455
2456
2457
2458
2459
2460
2461
2462
2463
2464
2465
2466
2467
2468
2469
2470
2471
2472
2473
2474
2475
2476
2477
2478
2479
2480
2481
2482
2483
2484
2485
2486
2487
2488
2489
2490
2491
2492
2493
2494
2495
2496
2497
2498
2499
2500
2501
2502
2503
2504
2505
2506
2507
2508
2509
2510
2511
2512
2513
2514
2515
2516
2517
2518
2519
2520
2521
2522
2523
2524
2525
2526
2527
2528
2529
2530
2531
2532
2533
2534
2535
2536
2537
2538
2539
2540
2541
2542
2543
2544
2545
2546
2547
2548
2549
2550
2551
2552
2553
2554
2555
2556
2557
2558
2559
2560
2561
2562
2563
2564
2565
0.003636806695530782 0.01826211072864617 0.001
0.00432302992559227 0.01844505489462856 0.001
0.005146497800546298 0.01866458789348985 0.001
0.006134659244034937 0.01892802749037936 0.001
0.007320452975631347 0.01924415500646207 0.001
0.00874340545181659 0.01962350802526706 0.001
0.01045094842985356 0.020078731649557 0.001
0.00346975443504642 0.01900221267606165 0.001
0.004168911507057449 0.01936980501429378 0.001
0.005007899992322295 0.01981091581953429 0.001
0.006014686168053208 0.02034024878231864 0.001
0.007222829578318393 0.02097544833728882 0.001
0.008672601668860552 0.02173768780226004 0.001
0.01041232818423489 0.02265237516368958 0.001
0.003198476284192836 0.01969914284613579 0.001
0.003918636775861847 0.02025472588514711 0.001
0.004782829364673929 0.02092142553099652 0.001
0.005819860464454236 0.0217214651007196 0.001
0.007064297783549016 0.02268151258382671 0.001
0.008557622564619781 0.02383356956205469 0.001
0.01034961230881417 0.02521603794116423 0.001
0.002833397310171732 0.02033339730995014 0.001
0.003581823649567072 0.02108182364903536 0.001
0.004479935255596065 0.02197993525463905 0.001
0.005557669175760458 0.02305766917422927 0.001
0.006850949879279515 0.02435094987698277 0.001
0.008402886721573334 0.02590288671826605 0.001
0.0102652109394901 0.02776521093485992 0.001
0.002199142846302009 0.02069847628391588 0.001
0.002754725885545921 0.02141863677519724 0.001
0.003421425531714305 0.02228282936347768 0.001
0.004221465101868008 0.02331986046254027 0.001
0.005181512585549278 0.02456429778067811 0.001
0.006333569564535158 0.02605762256048569 0.001
0.007716037944636859 0.02784961230302646 0.001
0.001502212676172503 0.02096975443471411 0.001
0.001869805014559685 0.02166891150625995 0.001
0.002310915820012847 0.02250789999088683 0.001
0.002840248783084275 0.02351468616575648 0.001
0.003475448338437218 0.02472282957487332 0.001
0.004237687803913697 0.02617260166389966 0.001
0.005152375166004675 0.02791232817728964 0.001
0.0007621107287016458 0.02113680669514311 0.001
0.0009450548947615598 0.02182302992466188 0.001
0.001164587893729177 0.0226464977988716 0.001
0.001428027490762216 0.02363465924135544 0.001
0.001744155007036293 0.02482045297161211 0.001
0.00212350802609391 0.02624340544602889 0.001
0.002578731650714557 0.02795094842175078 0.001
0.00366501001824567 0.01788105536432309 0.001
0.00335088034839544 0.01818588399247328 0.001
0.004349049636333724 0.01797252744731428 0.001
0.003979918310561526 0.01835358281163736 0.001
0.005169897176926663 0.01808229394674493 0.001
0.004734763863069284 0.01855482139405921 0.001
0.006154914219206707 0.01821401374518968 0.001
0.005640578522290617 0.01879630769193461 0.001
0.007336934669359677 0.01837207750323103 0.001
0.006727556109833142 0.01908609124842071 0.001
0.008755359207824295 0.01856175401263353 0.001
0.008031929213723969 0.01943383151586456 0.001
0.01045746866058266 0.0187893658247785 0.001
0.009597176940835074 0.01985111983741203 0.001
0.01147547421492678 0.02035186582477851 0.001
0.0035532805652886 0.01863216170235391 0.001
0.003178438987072101 0.01884904920110127 0.001
0.00424597071632486 0.01890742995446117 0.001
0.003819332971051934 0.01918600884517771 0.001
0.005077198896434296 0.01923775185651207 0.001
0.004588405749689872 0.01959036041691404 0.001
0.006074672706044072 0.019634138136349 0.001
0.005511293080187751 0.02007558230092647 0.001
0.007271641276974871 0.02010980167187544 0.001
0.006618757873185801 0.02065784855980373 0.001
0.008708003560338571 0.02068059791376355 0.001
0.007947715623589473 0.02135656806977443 0.001
0.01043163830704423 0.02136555340662329 0.001
0.009542464926547723 0.02219503148297481 0.001
0.01145616409211745 0.02320118758184479 0.001
0.003334115359619628 0.01935067776109872 0.001
0.002898409411319156 0.019467649912161 0.001
0.004043774141459648 0.01981226544972044 0.001
0.003558556530027342 0.01997693436564145 0.001
0.004895364678498112 0.02036617067526541 0.001
0.004350733070267888 0.02058807570807181 0.001
0.005917273316253722 0.02103085694151912 0.001
0.005301344914564082 0.02132144531585806 0.001
0.007143563680933705 0.02182848046055776 0.001
0.006442079124001627 0.02220148884227315 0.001
0.008615112116740167 0.02278562868215736 0.001
0.007810960174084398 0.0232575410729407 0.001
0.01038097024652453 0.0239342065524269 0.001
0.009453617436716976 0.02452480375160946 0.001
0.01142480615440709 0.02604551897058212 0.001
0.003015936797182284 0.02001627007804296 0.001
0.002521553000689866 0.02002155300057903 0.001
0.003750230212714459 0.02066827476709123 0.001
0.003207610479869402 0.02070761047949275 0.001
0.004631382310134997 0.02145068039281778 0.001
0.004030879452581569 0.0215308794518372 0.001
0.005688764820107347 0.02238956713747443 0.001
0.005018802215678261 0.02251880221443416 0.001
0.006957623831414265 0.02351623123040474 0.001
0.006204309527519986 0.02370430952560602 0.001
0.008480254643096558 0.02486822814016037 0.001
0.007626918300426425 0.02512691829762441 0.001
0.01030741162415214 0.02649062443801208 0.001
0.009334048830531717 0.02683404882656299 0.001
0.01138260546974505 0.02888260546742996 0.001
0.00251627007823687 0.02051593679693301 0.001
0.001967649912244161 0.02039840941118065 0.001
0.003168274767556496 0.0212502302121163 0.001
0.002476934365923965 0.02105855652955656 0.001
0.003950680393655185 0.02213138230905837 0.001
0.003088075708630113 0.02185073306933746 0.001
0.004889567138814233 0.02318876481838477 0.001
0.003821445316791156 0.02280134491300898 0.001
0.006016231232414397 0.02445762382883044 0.001
0.004701488843708643 0.02394207912160919 0.001
0.007368228143054247 0.02598025463937587 0.001
0.005757541075042219 0.0253109601705819 0.001
0.008990624442063479 0.02780741161894319 0.001
0.007024803754586008 0.02695361743175607 0.001
0.008545518972318426 0.02892480615151323 0.001
0.001850677761237256 0.02083411535931499 0.001
0.001349049201156742 0.02067843898690592 0.001
0.002312265450052803 0.02154377414072859 0.001
0.001686008845366094 0.02131933297048703 0.001
0.002866170675863576 0.02239536467718226 0.001
0.002090360417286266 0.02208840574857339 0.001
0.003530856942476141 0.02341727331414838 0.001
0.002575582301548561 0.02301129307832165 0.001
0.004328480461993248 0.02464356367777571 0.001
0.003157848560760746 0.0241187578703149 0.001
0.005285628684224428 0.02611511211219267 0.001
0.003856568071175458 0.02544771561938649 0.001
0.006434206555320766 0.02788097024015805 0.001
0.004695031484959186 0.02704246492059465 0.001
0.005701187583002336 0.02895616408864482 0.001
0.001132161702437074 0.0210532805649286 0.001
0.0006858839925010709 0.02085088034820159 0.001
0.001407429954660623 0.02174597071546091 0.001
0.0008535828117316024 0.02147991830990249 0.001
0.001737751856871012 0.02257719889487921 0.001
0.001054821394245368 0.02223476386176674 0.001
0.002134138136923245 0.02357467270355596 0.001
0.001296307692245697 0.02314057852011352 0.001
0.002609801672736756 0.02477164127324272 0.001
0.001586091248899255 0.02422755610648377 0.001
0.003180597915003803 0.02620800355496428 0.001
0.001933831516565102 0.0255319292088205 0.001
0.003865553408359616 0.02793163829952021 0.001
0.002351119838404233 0.02709717693388983 0.001
0.002851865825357276 0.02897547421087539 0.001
0.0003810553643508229 0.02116501001783032 0.001
0.0004725274473807804 0.02184904963533688 0.001
0.0005822939468645878 0.02266989717513236 0.001
0.0007140137453811079 0.02365491421633582 0.001
0.0008720775035181462 0.02483693466505336 0.001
0.001061754013046955 0.02625535920162319 0.001
0.001289365825357278 0.02795746865190111 0.001
2 57 0 17
2566
2567
2568
2569
2570
2571
2572
2573
2574
2575
2576
2577
2578
2579
2580
2581
2582
0 0.031 0.0005
0 0.032 0.0005
0 0.033 0.0005
0 0.034 0.0005
0 0.031 0.00025
0 0.0305 0.0005
0 0.031 0.00075
0 0.032 0.00025
0 0.0315 0.0005
0 0.032 0.00075
0 0.033 0.00025
0 0.0325 0.0005
0 0.033 0.00075
0 0.034 0.00025
0 0.0335 0.0005
0 0.034 0.00075
0 0.0345 0.0005
2 58 0 13
2583
2584
2585
2586
2587
2588
2589
2590
2591
2592
2593
2594
2595
-0.003125000000000006 0.035 0.0005
-0.006250000000000005 0.035 0.0005
-0.009375000000000005 0.035 0.0005
-0.003125000000000006 0.035 0.00025
-0.001562500000000003 0.035 0.0005
-0.003125000000000006 0.035 0.00075
-0.006250000000000005 0.035 0.00025
-0.004687500000000006 0.035 0.0005
-0.006250000000000005 0.035 0.00075
-0.009375000000000005 0.035 0.00025
-0.007812500000000005 0.035 0.0005
-0.009375000000000005 0.035 0.00075
-0.0109375 0.035 0.0005
2 59 0 17
2596
2597
2598
2599
2600
2601
2602
2603
2604
2605
2606
2607
2608
2609
2610
2611
2612
-0.0125 0.034 0.0005
-0.0125 0.033 0.0005
-0.0125 0.032 0.0005
-0.0125 0.031 0.0005
-0.0125 0.034 0.00025
-0.0125 0.0345 0.0005
-0.0125 0.034 0.00075
-0.0125 0.033 0.00025
-0.0125 0.0335 0.0005
-0.0125 0.033 0.00075
-0.0125 0.032 0.00025
-0.0125 0.0325 0.0005
-0.0125 0.032 0.00075
-0.0125 0.031 0.00025
-0.0125 0.0315 0.0005
-0.0125 0.031 0.00075
-0.0125 0.0305 0.0005
2 60 0 43
2613
2614
2615
2616
2617
2618
2619
2620
2621
2622
2623
2624
2625
2626
2627
2628
2629
2630
2631
2632
2633
2634
2635
2636
2637
2638
2639
2640
2641
2642
2643
2644
2645
2646
2647
2648
2649
2650
2651
2652
2653
2654
2655
-0.009375000000000005 0.031 0.001
-0.009375000000000005 0.032 0.001
-0.009375000000000005 0.033 0.001
-0.009375000000000005 0.034 0.001
-0.006250000000000005 0.031 0.001
-0.006250000000000005 0.032 0.001
-0.006250000000000005 0.033 0.001
-0.006250000000000006 0.034 0.001
-0.003125000000000007 0.031 0.001
-0.003125000000000007 0.032 0.001
-0.003125000000000007 0.033 0.001
-0.003125000000000007 0.034 0.001
-0.009375000000000005 0.0305 0.001
-0.0109375 0.031 0.001
-0.009375000000000005 0.0315 0.001
-0.0109375 0.032 0.001
-0.009375000000000005 0.0325 0.001
-0.0109375 0.033 0.001
-0.009375000000000005 0.0335 0.001
-0.0109375 0.034 0.001
-0.009375000000000005 0.0345 0.001
-0.006250000000000005 0.0305 0.001
-0.007812500000000005 0.031 0.001
-0.006250000000000005 0.0315 0.001
-0.007812500000000005 0.032 0.001
-0.006250000000000005 0.0325 0.001
-0.007812500000000005 0.033 0.001
-0.006250000000000006 0.0335 0.001
-0.007812500000000005 0.034 0.001
-0.006250000000000006 0.0345 0.001
-0.003125000000000006 0.0305 0.001
-0.004687500000000006 0.031 0.001
-0.003125000000000007 0.0315 0.001
-0.004687500000000006 0.032 0.001
-0.003125000000000007 0.0325 0.001
-0.004687500000000006 0.033 0.001
-0.003125000000000007 0.0335 0.001
-0.004687500000000006 0.034 0.001
-0.003125000000000007 0.0345 0.001
-0.001562500000000003 0.031 0.001
-0.001562500000000003 0.032 0.001
-0.001562500000000003 0.033 0.001
-0.001562500000000003 0.034 0.001
2 61 0 17
2656
2657
2658
2659
2660
2661
2662
2663
2664
2665
2666
2667
2668
2669
2670
2671
2672
0.0125 0.031 0.0005
0.0125 0.032 0.0005
0.0125 0.033 0.0005
0.0125 0.034 0.0005
0.0125 0.031 0.00025
0.0125 0.0305 0.0005
0.0125 0.031 0.00075
0.0125 0.032 0.00025
0.0125 0.0315 0.0005
0.0125 0.032 0.00075
0.0125 0.033 0.00025
0.0125 0.0325 0.0005
0.0125 0.033 0.00075
0.0125 0.034 0.00025
0.0125 0.0335 0.0005
0.0125 0.034 0.00075
0.0125 0.0345 0.0005
2 62 0 13
2673
2674
2675
2676
2677
2678
2679
2680
2681
2682
2683
2684
2685
0.009374999999999994 0.035 0.0005
0.006249999999999996 0.035 0.0005
0.003124999999999996 0.035 0.0005
0.009374999999999994 0.035 0.00025
0.0109375 0.035 0.0005
0.009374999999999994 0.035 0.00075
0.006249999999999996 0.035 0.00025
0.007812499999999995 0.035 0.0005
0.006249999999999996 0.035 0.00075
0.003124999999999996 0.035 0.00025
0.004687499999999995 0.035 0.0005
0.003124999999999996 0.035 0.00075
0.001562499999999998 0.035 0.0005
2 63 0 43
2686
2687
2688
2689
2690
2691
2692
2693
2694
2695
2696
2697
2698
2699
2700
2701
2702
2703
2704
2705
2706
2707
2708
2709
2710
2711
2712
2713
2714
2715
2716
2717
2718
2719
2720
2721
2722
2723
2724
2725
2726
2727
2728
0.003124999999999995 0.031 0.001
0.003124999999999996 0.032 0.001
0.003124999999999996 0.033 0.001
0.003124999999999995 0.034 0.001
0.006249999999999996 0.031 0.001
0.006249999999999996 0.032 0.001
0.006249999999999996 0.033 0.001
0.006249999999999996 0.034 0.001
0.009374999999999994 0.031 0.001
0.009374999999999994 0.032 0.001
0.009374999999999994 0.033 0.001
0.009374999999999994 0.034 0.001
0.003124999999999996 0.0305 0.001
0.001562499999999998 0.031 0.001
0.003124999999999996 0.0315 0.001
0.001562499999999998 0.032 0.001
0.003124999999999996 0.0325 0.001
0.001562499999999998 0.033 0.001
0.003124999999999996 0.0335 0.001
0.001562499999999998 0.034 0.001
0.003124999999999996 0.0345 0.001
0.006249999999999996 0.0305 0.001
0.004687499999999995 0.031 0.001
0.006249999999999996 0.0315 0.001
0.004687499999999995 0.032 0.001
0.006249999999999996 0.0325 0.001
0.004687499999999995 0.033 0.001
0.006249999999999996 0.0335 0.001
0.004687499999999995 0.034 0.001
0.006249999999999996 0.0345 0.001
0.009374999999999994 0.0305 0.001
0.007812499999999995 0.031 0.001
0.009374999999999994 0.0315 0.001
0.007812499999999995 0.032 0.001
0.009374999999999994 0.0325 0.001
0.007812499999999995 0.033 0.001
0.009374999999999994 0.0335 0.001
0.007812499999999995 0.034 0.001
0.009374999999999994 0.0345 0.001
0.0109375 0.031 0.001
0.0109375 0.032 0.001
0.0109375 0.033 0.001
0.0109375 0.034 0.001
3 1 0 67
2729
2730
2731
2732
2733
2734
2735
2736
2737
2738
2739
2740
2741
2742
2743
2744
2745
2746
2747
2748
2749
2750
2751
2752
2753
2754
2755
2756
2757
2758
2759
2760
2761
2762
2763
2764
2765
2766
2767
2768
2769
2770
2771
2772
2773
2774
2775
2776
2777
2778
2779
2780
2781
2782
2783
2784
2785
2786
2787
2788
2789
2790
2791
2792
2793
2794
2795
-0.009374999999999996 0.001 0.0005
-0.009375 0.002 0.0005
-0.009375000000000001 0.003000000000000001 0.0005
-0.009375000000000003 0.004000000000000001 0.0005
-0.006249999999999998 0.001 0.0005
-0.006249999999999999 0.002 0.0005
-0.006250000000000001 0.003 0.0005
-0.006250000000000003 0.004000000000000001 0.0005
-0.003124999999999997 0.0009999999999999996 0.0005
-0.003125 0.002 0.0005
-0.003125000000000002 0.003 0.0005
-0.003125000000000004 0.004000000000000001 0.0005
-0.009374999999999996 0.001 0.00025
-0.009374999999999994 0.0005 0.0005
-0.0109375 0.001 0.0005
-0.009374999999999996 0.001 0.00075
-0.009375 0.002 0.00025
-0.009374999999999998 0.0015 0.0005
-0.0109375 0.002000000000000001 0.0005
-0.009375 0.002 0.00075
-0.009375000000000001 0.003000000000000001 0.00025
-0.009375000000000001 0.0025 0.0005
-0.0109375 0.003000000000000001 0.0005
-0.009375000000000001 0.003000000000000001 0.00075
-0.009375000000000003 0.004000000000000001 0.00025
-0.009375000000000001 0.003500000000000001 0.0005
-0.0109375 0.004000000000000001 0.0005
-0.009375000000000003 0.004000000000000001 0.00075
-0.009375000000000005 0.004500000000000001 0.0005
-0.006249999999999998 0.001 0.00025
-0.006249999999999997 0.0005 0.0005
-0.007812499999999997 0.001 0.0005
-0.006249999999999998 0.001 0.00075
-0.006249999999999999 0.002 0.00025
-0.006249999999999999 0.0015 0.0005
-0.0078125 0.002 0.0005
-0.006249999999999999 0.002 0.00075
-0.006250000000000001 0.003 0.00025
-0.00625 0.0025 0.0005
-0.007812500000000002 0.003000000000000001 0.0005
-0.006250000000000001 0.003 0.00075
-0.006250000000000003 0.004000000000000001 0.00025
-0.006250000000000002 0.003500000000000001 0.0005
-0.007812500000000003 0.004000000000000001 0.0005
-0.006250000000000003 0.004000000000000001 0.00075
-0.006250000000000004 0.004500000000000001 0.0005
-0.003124999999999997 0.0009999999999999996 0.00025
-0.003124999999999997 0.0004999999999999998 0.0005
-0.004687499999999997 0.0009999999999999998 0.0005
-0.003124999999999997 0.0009999999999999996 0.00075
-0.003125 0.002 0.00025
-0.003124999999999998 0.0015 0.0005
-0.0046875 0.002 0.0005
-0.003125 0.002 0.00075
-0.003125000000000002 0.003 0.00025
-0.003125000000000001 0.0025 0.0005
-0.004687500000000002 0.003 0.0005
-0.003125000000000002 0.003 0.00075
-0.003125000000000004 0.004000000000000001 0.00025
-0.003125000000000003 0.003500000000000001 0.0005
-0.004687500000000003 0.004000000000000001 0.0005
-0.003125000000000004 0.004000000000000001 0.00075
-0.003125000000000005 0.004500000000000001 0.0005
-0.001562499999999999 0.0009999999999999996 0.0005
-0.0015625 0.002 0.0005
-0.001562500000000001 0.003 0.0005
-0.001562500000000002 0.004000000000000001 0.0005
3 2 0 67
2796
2797
2798
2799
2800
2801
2802
2803
2804
2805
2806
2807
2808
2809
2810
2811
2812
2813
2814
2815
2816
2817
2818
2819
2820
2821
2822
2823
2824
2825
2826
2827
2828
2829
2830
2831
2832
2833
2834
2835
2836
2837
2838
2839
2840
2841
2842
2843
2844
2845
2846
2847
2848
2849
2850
2851
2852
2853
2854
2855
2856
2857
2858
2859
2860
2861
2862
0.003125000000000005 0.001 0.0005
0.003125000000000002 0.002 0.0005
0.003124999999999999 0.003 0.0005
0.003124999999999998 0.004000000000000001 0.0005
0.006250000000000003 0.0009999999999999996 0.0005
0.006250000000000001 0.002 0.0005
0.006249999999999999 0.003 0.0005
0.006249999999999998 0.004000000000000001 0.0005
0.009375000000000005 0.0009999999999999996 0.0005
0.009375000000000001 0.002 0.0005
0.009374999999999998 0.003 0.0005
0.009374999999999996 0.004000000000000001 0.0005
0.003125000000000005 0.001 0.00025
0.003125000000000005 0.0005 0.0005
0.001562500000000002 0.001 0.0005
0.003125000000000005 0.001 0.00075
0.003125000000000002 0.002 0.00025
0.003125000000000003 0.0015 0.0005
0.001562500000000001 0.002 0.0005
0.003125000000000002 0.002 0.00075
0.003124999999999999 0.003 0.00025
0.003125 0.0025 0.0005
0.001562499999999999 0.003 0.0005
0.003124999999999999 0.003 0.00075
0.003124999999999998 0.004000000000000001 0.00025
0.003124999999999998 0.003500000000000001 0.0005
0.001562499999999999 0.004000000000000001 0.0005
0.003124999999999998 0.004000000000000001 0.00075
0.003124999999999997 0.004500000000000001 0.0005
0.006250000000000003 0.0009999999999999996 0.00025
0.006250000000000004 0.0004999999999999998 0.0005
0.004687500000000004 0.0009999999999999998 0.0005
0.006250000000000003 0.0009999999999999996 0.00075
0.006250000000000001 0.002 0.00025
0.006250000000000002 0.0015 0.0005
0.004687500000000002 0.002 0.0005
0.006250000000000001 0.002 0.00075
0.006249999999999999 0.003 0.00025
0.00625 0.0025 0.0005
0.004687499999999999 0.003 0.0005
0.006249999999999999 0.003 0.00075
0.006249999999999998 0.004000000000000001 0.00025
0.006249999999999999 0.003500000000000001 0.0005
0.004687499999999997 0.004000000000000001 0.0005
0.006249999999999998 0.004000000000000001 0.00075
0.006249999999999997 0.004500000000000001 0.0005
0.009375000000000005 0.0009999999999999996 0.00025
0.009375000000000005 0.0004999999999999998 0.0005
0.007812500000000003 0.0009999999999999996 0.0005
0.009375000000000005 0.0009999999999999996 0.00075
0.009375000000000001 0.002 0.00025
0.009375000000000003 0.0015 0.0005
0.007812500000000002 0.002 0.0005
0.009375000000000001 0.002 0.00075
0.009374999999999998 0.003 0.00025
0.009375 0.0025 0.0005
0.007812499999999998 0.003 0.0005
0.009374999999999998 0.003 0.00075
0.009374999999999996 0.004000000000000001 0.00025
0.009374999999999998 0.003500000000000001 0.0005
0.007812499999999997 0.004000000000000001 0.0005
0.009374999999999996 0.004000000000000001 0.00075
0.009374999999999994 0.004500000000000001 0.0005
0.0109375 0.0009999999999999996 0.0005
0.0109375 0.002 0.0005
0.0109375 0.003 0.0005
0.0109375 0.004000000000000001 0.0005
3 3 0 259
2863
2864
2865
2866
2867
2868
2869
2870
2871
2872
2873
2874
2875
2876
2877
2878
2879
2880
2881
2882
2883
2884
2885
2886
2887
2888
2889
2890
2891
2892
2893
2894
2895
2896
2897
2898
2899
2900
2901
2902
2903
2904
2905
2906
2907
2908
2909
2910
2911
2912
2913
2914
2915
2916
2917
2918
2919
2920
2921
2922
2923
2924
2925
2926
2927
2928
2929
2930
2931
2932
2933
2934
2935
2936
2937
2938
2939
2940
2941
2942
2943
2944
2945
2946
2947
2948
2949
2950
2951
2952
2953
2954
2955
2956
2957
2958
2959
2960
2961
2962
2963
2964
2965
2966
2967
2968
2969
2970
2971
2972
2973
2974
2975
2976
2977
2978
2979
2980
2981
2982
2983
2984
2985
2986
2987
2988
2989
2990
2991
2992
2993
2994
2995
2996
2997
2998
2999
3000
3001
3002
3003
3004
3005
3006
3007
3008
3009
3010
3011
3012
3013
3014
3015
3016
3017
3018
3019
3020
3021
3022
3023
3024
3025
3026
3027
3028
3029
3030
3031
3032
3033
3034
3035
3036
3037
3038
3039
3040
3041
3042
3043
3044
3045
3046
3047
3048
3049
3050
3051
3052
3053
3054
3055
3056
3057
3058
3059
3060
3061
3062
3063
3064
3065
3066
3067
3068
3069
3070
3071
3072
3073
3074
3075
3076
3077
3078
3079
3080
3081
3082
3083
3084
3085
3086
3087
3088
3089
3090
3091
3092
3093
3094
3095
3096
3097
3098
3099
3100
3101
3102
3103
3104
3105
3106
3107
3108
3109
3110
3111
3112
3113
3114
3115
3116
3117
3118
3119
3120
3121
-0.003636806695143133 0.01673788927129843 0.0005
-0.0043230299246619 0.01655494510523851 0.0005
-0.005146497798871624 0.01633541210627088 0.0005
-0.006134659241355454 0.01607197250923784 0.0005
-0.007320452971612124 0.01575584499296375 0.0005
-0.008743405446028901 0.01537649197390612 0.0005
-0.01045094842175078 0.01492126834928545 0.0005
-0.003469754434714149 0.01599778732382755 0.0005
-0.004168911506259988 0.01563019498544036 0.0005
-0.005007899990886859 0.01518908417998719 0.0005
-0.006014686165756507 0.01465975121691576 0.0005
-0.007222829574873343 0.01402455166156281 0.0005
-0.008672601663899673 0.01326231219608632 0.0005
-0.01041232817728966 0.01234762483399533 0.0005
-0.003198476283915935 0.01530085715369801 0.0005
-0.00391863677519729 0.0147452741144541 0.0005
-0.004782829363477725 0.01407857446828571 0.0005
-0.005819860462540311 0.013278534898132 0.0005
-0.007064297780678136 0.01231848741445073 0.0005
-0.008557622560485711 0.01116643043546485 0.0005
-0.01034961230302647 0.00978396205536314 0.0005
-0.002833397309950191 0.01466660268982827 0.0005
-0.003581823649035408 0.01391817635043293 0.0005
-0.004479935254639089 0.01302006474440394 0.0005
-0.005557669174229307 0.01194233082423954 0.0005
-0.006850949876982801 0.01064905012072049 0.0005
-0.008402886718266073 0.009097113278426668 0.0005
-0.01026521093485994 0.007234789060509901 0.0005
-0.002199142846135828 0.01430152371580715 0.0005
-0.002754725885147153 0.01358136322413814 0.0005
-0.003421425530996553 0.01271717063532606 0.0005
-0.004221465100719629 0.01168013953554576 0.0005
-0.005181512583826732 0.01043570221645098 0.0005
-0.006333569562054706 0.008942377435380216 0.0005
-0.007716037941164237 0.007150387691185828 0.0005
-0.001502212676061674 0.01403024556495356 0.0005
-0.0018698050142938 0.01333108849294254 0.0005
-0.002310915819534313 0.01249210000767769 0.0005
-0.00284024878231866 0.01148531383194678 0.0005
-0.00347544833728883 0.0102771704216816 0.0005
-0.004237687802260047 0.008827398331139441 0.0005
-0.005152375163689586 0.007087671815765105 0.0005
-0.0007621107286461815 0.0138631933044692 0.0005
-0.0009450548946285707 0.01317697007440772 0.0005
-0.001164587893489864 0.01235350219945369 0.0005
-0.001428027490379374 0.01136534075596505 0.0005
-0.001744155006462072 0.01017954702436865 0.0005
-0.002123508025267065 0.008756594548183404 0.0005
-0.002578731649557004 0.00704905157014644 0.0005
-0.003636806695143133 0.01673788927129843 0.00025
-0.003350880348201613 0.01681411600749901 0.0005
-0.003665010017830328 0.01711894463564922 0.0005
-0.003636806695143133 0.01673788927129843 0.00075
-0.0043230299246619 0.01655494510523851 0.00025
-0.003979918309902517 0.01664641718826847 0.0005
-0.004349049635336895 0.01702747255261926 0.0005
-0.0043230299246619 0.01655494510523851 0.00075
-0.005146497798871624 0.01633541210627088 0.00025
-0.004734763861766762 0.0164451786057547 0.0005
-0.005169897175132367 0.01691770605313545 0.0005
-0.005146497798871624 0.01633541210627088 0.00075
-0.006134659241355454 0.01607197250923784 0.00025
-0.005640578520113539 0.01620369230775436 0.0005
-0.00615491421633583 0.01678598625461892 0.0005
-0.006134659241355454 0.01607197250923784 0.00075
-0.007320452971612124 0.01575584499296375 0.00025
-0.00672755610648379 0.01591390875110079 0.0005
-0.007336934665053363 0.01662792249648187 0.0005
-0.007320452971612124 0.01575584499296375 0.00075
-0.008743405446028901 0.01537649197390612 0.00025
-0.008031929208820513 0.01556616848343493 0.0005
-0.008755359201623198 0.01643824598695306 0.0005
-0.008743405446028901 0.01537649197390612 0.00075
-0.01045094842175078 0.01492126834928545 0.00025
-0.009597176933889841 0.01514888016159579 0.0005
-0.01045746865190112 0.01621063417464273 0.0005
-0.01045094842175078 0.01492126834928545 0.00075
-0.01147547421087539 0.01464813417464272 0.0005
-0.003469754434714149 0.01599778732382755 0.00025
-0.003178438986905955 0.01615095079884331 0.0005
-0.003553280564928641 0.01636783829756299 0.0005
-0.003469754434714149 0.01599778732382755 0.00075
-0.004168911506259988 0.01563019498544036 0.00025
-0.003819332970487069 0.01581399115463395 0.0005
-0.004245970715460944 0.01609257004533943 0.0005
-0.004168911506259988 0.01563019498544036 0.00075
-0.005007899990886859 0.01518908417998719 0.00025
-0.004588405748573424 0.01540963958271378 0.0005
-0.005077198894879242 0.01576224814312904 0.0005
-0.005007899990886859 0.01518908417998719 0.00075
-0.006014686165756507 0.01465975121691576 0.00025
-0.005511293078321683 0.01492441769845147 0.0005
-0.006074672703555981 0.0153658618630768 0.0005
-0.006014686165756507 0.01465975121691576 0.00075
-0.007222829574873343 0.01402455166156281 0.00025
-0.006618757870314925 0.01434215143923928 0.0005
-0.007271641273242734 0.01489019832726328 0.0005
-0.007222829574873343 0.01402455166156281 0.00075
-0.008672601663899673 0.01326231219608632 0.00025
-0.007947715619386508 0.01364343192882456 0.0005
-0.008708003554964287 0.01431940208499622 0.0005
-0.008672601663899673 0.01326231219608632 0.00075
-0.01041232817728966 0.01234762483399533 0.00025
-0.009542464920594664 0.01280496851504083 0.0005
-0.01043163829952022 0.01363444659164039 0.0005
-0.01041232817728966 0.01234762483399533 0.00075
-0.01145616408864483 0.01179881241699766 0.0005
-0.003198476283915935 0.01530085715369801 0.00025
-0.002898409411180683 0.01553235008775586 0.0005
-0.003334115359315042 0.01564932223876278 0.0005
-0.003198476283915935 0.01530085715369801 0.00075
-0.00391863677519729 0.0147452741144541 0.00025
-0.003558556529556612 0.01502306563407605 0.0005
-0.004043774140728639 0.01518773454994723 0.0005
-0.00391863677519729 0.0147452741144541 0.00075
-0.004782829363477725 0.01407857446828571 0.00025
-0.004350733069337507 0.0144119242913699 0.0005
-0.004895364677182292 0.01463382932413645 0.0005
-0.004782829363477725 0.01407857446828571 0.00075
-0.005819860462540311 0.013278534898132 0.00025
-0.005301344913009019 0.01367855468320886 0.0005
-0.005917273314148409 0.01396914305752388 0.0005
-0.005819860462540311 0.013278534898132 0.00075
-0.007064297780678136 0.01231848741445073 0.00025
-0.006442079121609224 0.01279851115629137 0.0005
-0.00714356367777574 0.01317151953800677 0.0005
-0.007064297780678136 0.01231848741445073 0.00075
-0.008557622560485711 0.01116643043546485 0.00025
-0.007810960170581924 0.01174245892495779 0.0005
-0.008615112112192692 0.01221437131577558 0.0005
-0.008557622560485711 0.01116643043546485 0.00075
-0.01034961230302647 0.00978396205536314 0.00025
-0.00945361743175609 0.01047519624541399 0.0005
-0.01038097024015806 0.01106579344467924 0.0005
-0.01034961230302647 0.00978396205536314 0.00075
-0.01142480615151324 0.008954481027681569 0.0005
-0.002833397309950191 0.01466660268982827 0.00025
-0.002521553000579056 0.01497844699931014 0.0005
-0.003015936796933063 0.01498372992176314 0.0005
-0.002833397309950191 0.01466660268982827 0.00075
-0.003581823649035408 0.01391817635043293 0.00025
-0.0032076104794928 0.0142923895201306 0.0005
-0.003750230212116349 0.01433172523244351 0.0005
-0.003581823649035408 0.01391817635043293 0.00075
-0.004479935254639089 0.01302006474440394 0.00025
-0.004030879451837249 0.01346912054741843 0.0005
-0.004631382309058407 0.01354931960634482 0.0005
-0.004479935254639089 0.01302006474440394 0.00075
-0.005557669174229307 0.01194233082423954 0.00025
-0.005018802214434198 0.01248119778432174 0.0005
-0.005688764818384809 0.01261043286118577 0.0005
-0.005557669174229307 0.01194233082423954 0.00075
-0.006850949876982801 0.01064905012072049 0.00025
-0.006204309525606053 0.01129569047248002 0.0005
-0.006957623828830469 0.01148376876758561 0.0005
-0.006850949876982801 0.01064905012072049 0.00075
-0.008402886718266073 0.009097113278426668 0.00025
-0.007626918297624437 0.009873081699573578 0.0005
-0.008480254639375892 0.01013177185694576 0.0005
-0.008402886718266073 0.009097113278426668 0.00075
-0.01026521093485994 0.007234789060509901 0.00025
-0.009334048826563005 0.008165951169468284 0.0005
-0.0103074116189432 0.008509375557936519 0.0005
-0.01026521093485994 0.007234789060509901 0.00075
-0.01138260546742997 0.006117394530254951 0.0005
-0.002199142846135828 0.01430152371580715 0.00025
-0.001967649912161014 0.01460159058868083 0.0005
-0.00251627007804301 0.01448406320281771 0.0005
-0.002199142846135828 0.01430152371580715 0.00075
-0.002754725885147153 0.01358136322413814 0.00025
-0.002476934365641491 0.01394144346997265 0.0005
-0.003168274767091281 0.01374976978728553 0.0005
-0.002754725885147153 0.01358136322413814 0.00075
-0.003421425530996553 0.01271717063532606 0.00025
-0.003088075708071853 0.0131492669297321 0.0005
-0.003950680392817821 0.012868617689865 0.0005
-0.003421425530996553 0.01271717063532606 0.00075
-0.004221465100719629 0.01168013953554576 0.00025
-0.003821445315858091 0.01219865508543591 0.0005
-0.004889567137474468 0.01181123517989265 0.0005
-0.004221465100719629 0.01168013953554576 0.00075
-0.005181512583826732 0.01043570221645098 0.00025
-0.00470148884227318 0.01105792087599837 0.0005
-0.006016231230404767 0.01054237616858573 0.0005
-0.005181512583826732 0.01043570221645098 0.00075
-0.006333569562054706 0.008942377435380216 0.00025
-0.005757541072940719 0.009689039825915596 0.0005
-0.007368228140160389 0.009019745356903442 0.0005
-0.006333569562054706 0.008942377435380216 0.00075
-0.007716037941164237 0.007150387691185828 0.00025
-0.007024803751609472 0.008046382563283022 0.0005
-0.008990624438012088 0.007192588375847865 0.0005
-0.007716037941164237 0.007150387691185828 0.00075
-0.00854551897058212 0.006075193845592915 0.0005
-0.001502212676061674 0.01403024556495356 0.00025
-0.001349049201101251 0.01432156101292788 0.0005
-0.001850677761098751 0.01416588464038035 0.0005
-0.001502212676061674 0.01403024556495356 0.00075
-0.0018698050142938 0.01333108849294254 0.00025
-0.001686008845177737 0.01368066702894805 0.0005
-0.002312265449720477 0.01345622585854034 0.0005
-0.0018698050142938 0.01333108849294254 0.00075
-0.002310915819534313 0.01249210000767769 0.00025
-0.002090360416914057 0.01291159425031011 0.0005
-0.002866170675265433 0.01260463532150188 0.0005
-0.002310915819534313 0.01249210000767769 0.00075
-0.00284024878231866 0.01148531383194678 0.00025
-0.002575582300926487 0.01198870691981224 0.0005
-0.003530856941519145 0.01158272668374627 0.0005
-0.00284024878231866 0.01148531383194678 0.00075
-0.00347544833728883 0.0102771704216816 0.00025
-0.003157848559803745 0.01088124212681419 0.0005
-0.00432848046055778 0.01035643631906629 0.0005
-0.00347544833728883 0.0102771704216816 0.00075
-0.004237687802260047 0.008827398331139441 0.00025
-0.003856568069774438 0.009552284376410519 0.0005
-0.005285628682157376 0.008884887883259827 0.0005
-0.004237687802260047 0.008827398331139441 0.00075
-0.005152375163689586 0.007087671815765105 0.00025
-0.004695031482974817 0.007957535073452274 0.0005
-0.006434206552426911 0.007119029753475467 0.0005
-0.005152375163689586 0.007087671815765105 0.00075
-0.005701187581844795 0.006043835907882553 0.0005
-0.0007621107286461815 0.0138631933044692 0.00025
-0.0006858839924732442 0.01414911965160455 0.0005
-0.001132161702353928 0.01394671943471138 0.0005
-0.0007621107286461815 0.0138631933044692 0.00075
-0.0009450548946285707 0.01317697007440772 0.00025
-0.0008535828116373761 0.01352008168943846 0.0005
-0.001407429954461185 0.01325402928367513 0.0005
-0.0009450548946285707 0.01317697007440772 0.00075
-0.001164587893489864 0.01235350219945369 0.00025
-0.001054821394059218 0.01276523613693071 0.0005
-0.001737751856512089 0.01242280110356569 0.0005
-0.001164587893489864 0.01235350219945369 0.00075
-0.001428027490379374 0.01136534075596505 0.00025
-0.001296307691934619 0.01185942147770937 0.0005
-0.002134138136349017 0.01142532729395592 0.0005
-0.001428027490379374 0.01136534075596505 0.00075
-0.001744155006462072 0.01017954702436865 0.00025
-0.001586091248420723 0.01077244389016685 0.0005
-0.002609801671875451 0.01022835872302512 0.0005
-0.001744155006462072 0.01017954702436865 0.00075
-0.002123508025267065 0.008756594548183404 0.00025
-0.001933831515864569 0.009468070786276025 0.0005
-0.003180597913763556 0.008791996439661422 0.0005
-0.002123508025267065 0.008756594548183404 0.00075
-0.002578731649557004 0.00704905157014644 0.00025
-0.002351119837412035 0.007902823059164923 0.0005
-0.003865553406623295 0.007068361692955773 0.0005
-0.002578731649557004 0.00704905157014644 0.00075
-0.002851865824778505 0.006024525785073221 0.0005
-0.0003810553643230907 0.01383498998175432 0.0005
-0.0004725274473142854 0.01315095036366627 0.0005
-0.0005822939467449322 0.01233010282307333 0.0005
-0.0007140137451896868 0.01134508578079329 0.0005
-0.000872077503231036 0.01016306533064032 0.0005
-0.001061754012633532 0.008744640792175703 0.0005
-0.001289365824778502 0.007042531339417337 0.0005
3 4 0 259
3122
3123
3124
3125
3126
3127
3128
3129
3130
3131
3132
3133
3134
3135
3136
3137
3138
3139
3140
3141
3142
3143
3144
3145
3146
3147
3148
3149
3150
3151
3152
3153
3154
3155
3156
3157
3158
3159
3160
3161
3162
3163
3164
3165
3166
3167
3168
3169
3170
3171
3172
3173
3174
3175
3176
3177
3178
3179
3180
3181
3182
3183
3184
3185
3186
3187
3188
3189
3190
3191
3192
3193
3194
3195
3196
3197
3198
3199
3200
3201
3202
3203
3204
3205
3206
3207
3208
3209
3210
3211
3212
3213
3214
3215
3216
3217
3218
3219
3220
3221
3222
3223
3224
3225
3226
3227
3228
3229
3230
3231
3232
3233
3234
3235
3236
3237
3238
3239
3240
3241
3242
3243
3244
3245
3246
3247
3248
3249
3250
3251
3252
3253
3254
3255
3256
3257
3258
3259
3260
3261
3262
3263
3264
3265
3266
3267
3268
3269
3270
3271
3272
3273
3274
3275
3276
3277
3278
3279
3280
3281
3282
3283
3284
3285
3286
3287
3288
3289
3290
3291
3292
3293
3294
3295
3296
3297
3298
3299
3300
3301
3302
3303
3304
3305
3306
3307
3308
3309
3310
3311
3312
3313
3314
3315
3316
3317
3318
3319
3320
3321
3322
3323
3324
3325
3326
3327
3328
3329
3330
3331
3332
3333
3334
3335
3336
3337
3338
3339
3340
3341
3342
3343
3344
3345
3346
3347
3348
3349
3350
3351
3352
3353
3354
3355
3356
3357
3358
3359
3360
3361
3362
3363
3364
3365
3366
3367
3368
3369
3370
3371
3372
3373
3374
3375
3376
3377
3378
3379
3380
0.0007621107287333921 0.01386319330444013 0.0005
0.0009450548948377472 0.01317697007433789 0.0005
0.001164587893866312 0.01235350219932797 0.0005
0.00142802749098163 0.01136534075576388 0.0005
0.001744155007365418 0.01017954702406687 0.0005
0.00212350802656785 0.00875659454774883 0.0005
0.002578731651378074 0.007049051569538022 0.0005
0.001502212676236544 0.01403024556489262 0.0005
0.001869805014713386 0.01333108849279619 0.0005
0.002310915820289511 0.01249210000741422 0.0005
0.002840248783526934 0.01148531383152519 0.0005
0.003475448339101207 0.01027717042104918 0.0005
0.004237687804869843 0.008827398330228737 0.0005
0.005152375167343281 0.007087671814490095 0.0005
0.002199142846399435 0.01430152371571171 0.0005
0.002754725885779746 0.01358136322390897 0.0005
0.003421425532135188 0.0127171706349135 0.0005
0.004221465102541416 0.01168013953488562 0.0005
0.005181512586559392 0.01043570221546074 0.0005
0.006333569565989721 0.008942377433954235 0.0005
0.00771603794667325 0.007150387689189427 0.0005
0.002833397310304118 0.01466660268969596 0.0005
0.003581823649884798 0.01391817635011527 0.0005
0.004479935256167975 0.01302006474383209 0.0005
0.005557669176675513 0.01194233082332454 0.0005
0.006850949880652095 0.01064905011934795 0.0005
0.008402886723549852 0.009097113276450181 0.0005
0.01026521094225723 0.00723478905774279 0.0005
0.003198476284288352 0.01530085715360065 0.0005
0.00391863677609108 0.01474527411422034 0.0005
0.004782829365086548 0.01407857446786489 0.0005
0.005819860465114426 0.01327853489745865 0.0005
0.0070642977845393 0.01231848741344066 0.0005
0.008557622566045791 0.01116643043401032 0.0005
0.01034961231081059 0.009783962053326774 0.0005
0.003469754435107421 0.01599778732376355 0.0005
0.00416891150720385 0.01563019498528671 0.0005
0.005007899992585817 0.01518908417971057 0.0005
0.006014686168474842 0.01465975121647313 0.0005
0.007222829578950844 0.01402455166089885 0.0005
0.008672601669771282 0.0132623121951302 0.0005
0.01041232818550991 0.01234762483265674 0.0005
0.003636806695559889 0.01673788927126671 0.0005
0.004323029925662131 0.01655494510516235 0.0005
0.005146497800672046 0.01633541210613377 0.0005
0.006134659244236135 0.01607197250901844 0.0005
0.007320452975933145 0.01575584499263464 0.0005
0.00874340545225118 0.0153764919734322 0.0005
0.01045094843046198 0.01492126834862195 0.0005
0.0007621107287333921 0.01386319330444013 0.00025
0.0006858839925169442 0.01414911965159003 0.0005
0.000381055364366696 0.01383498998173979 0.0005
0.0007621107287333921 0.01386319330444013 0.00075
0.0009450548948377472 0.01317697007433789 0.00025
0.0008535828117855696 0.01352008168938901 0.0005
0.0004725274474188736 0.01315095036363136 0.0005
0.0009450548948377472 0.01317697007433789 0.00075
0.001164587893866312 0.01235350219932797 0.00025
0.00105482139435203 0.01276523613683293 0.0005
0.0005822939469331562 0.01233010282301047 0.0005
0.001164587893866312 0.01235350219932797 0.00075
0.00142802749098163 0.01136534075576388 0.00025
0.001296307692423971 0.01185942147754593 0.0005
0.0007140137454908152 0.0113450857806927 0.0005
0.00142802749098163 0.01136534075576388 0.00075
0.001744155007365418 0.01017954702406687 0.00025
0.001586091249173524 0.01077244388991537 0.0005
0.000872077503682709 0.01016306533048943 0.0005
0.001744155007365418 0.01017954702406687 0.00075
0.00212350802656785 0.00875659454774883 0.00025
0.001933831516966634 0.00946807078590785 0.0005
0.001061754013283925 0.008744640791958417 0.0005
0.00212350802656785 0.00875659454774883 0.00075
0.002578731651378074 0.007049051569538022 0.00025
0.002351119838972962 0.007902823058643427 0.0005
0.001289365825689037 0.007042531339113128 0.0005
0.002578731651378074 0.007049051569538022 0.00075
0.002851865825689035 0.006024525784769011 0.0005
0.001502212676236544 0.01403024556489262 0.00025
0.001349049201188764 0.01432156101289744 0.0005
0.001132161702484968 0.01394671943466638 0.0005
0.001502212676236544 0.01403024556489262 0.00075
0.001869805014713386 0.01333108849279619 0.00025
0.001686008845474965 0.0136806670288444 0.0005
0.001407429954775567 0.01325402928356704 0.0005
0.001869805014713386 0.01333108849279619 0.00075
0.002310915820289511 0.01249210000741422 0.00025
0.002090360417501449 0.0129115942501052 0.0005
0.001737751857077912 0.0124228011033711 0.0005
0.002310915820289511 0.01249210000741422 0.00075
0.002840248783526934 0.01148531383152519 0.00025
0.002575582301908223 0.0119887069194697 0.0005
0.002134138137254282 0.01142532729364453 0.0005
0.002840248783526934 0.01148531383152519 0.00075
0.003475448339101207 0.01027717042104918 0.00025
0.003157848561314071 0.01088124212628718 0.0005
0.002609801673233313 0.01022835872255802 0.0005
0.003475448339101207 0.01027717042104918 0.00075
0.004237687804869843 0.008827398330228737 0.00025
0.003856568071985525 0.009552284375638959 0.0005
0.003180597915718847 0.008791996438988783 0.0005
0.004237687804869843 0.008827398330228737 0.00075
0.005152375167343281 0.007087671814490095 0.00025
0.004695031486106562 0.007957535072359415 0.0005
0.003865553409360677 0.007068361692014058 0.0005
0.005152375167343281 0.007087671814490095 0.00075
0.005701187583671639 0.006043835907245048 0.0005
0.002199142846399435 0.01430152371571171 0.00025
0.001967649912292875 0.01460159058863315 0.0005
0.00185067776131799 0.01416588464030217 0.0005
0.002199142846399435 0.01430152371571171 0.00075
0.002754725885779746 0.01358136322390897 0.00025
0.002476934366089591 0.01394144346981034 0.0005
0.002312265450246566 0.01345622585835258 0.0005
0.002754725885779746 0.01358136322390897 0.00075
0.003421425532135188 0.0127171706349135 0.00025
0.003088075708957467 0.01314926692941124 0.0005
0.002866170676212349 0.01260463532116386 0.0005
0.003421425532135188 0.0127171706349135 0.00075
0.004221465102541416 0.01168013953488562 0.00025
0.003821445317338302 0.01219865508489956 0.0005
0.003530856943034175 0.0115827266832054 0.0005
0.004221465102541416 0.01168013953488562 0.00075
0.005181512586559392 0.01043570221546074 0.00025
0.004701488844550404 0.01105792087517318 0.0005
0.004328480462830299 0.01035643631825496 0.0005
0.005181512586559392 0.01043570221546074 0.00075
0.006333569565989721 0.008942377433954235 0.00025
0.005757541076274557 0.009689039824707486 0.0005
0.005285628685429782 0.008884887882091486 0.0005
0.006333569565989721 0.008942377433954235 0.00075
0.00771603794667325 0.007150387689189427 0.00025
0.007024803756331485 0.008046382561571832 0.0005
0.006434206557008266 0.007119029751839761 0.0005
0.00771603794667325 0.007150387689189427 0.00075
0.008545518973336622 0.006075193844594714 0.0005
0.002833397310304118 0.01466660268969596 0.00025
0.002521553000756059 0.01497844699924402 0.0005
0.002516270078351777 0.01448406320270383 0.0005
0.002833397310304118 0.01466660268969596 0.00075
0.003581823649884798 0.01391817635011527 0.00025
0.003207610480094458 0.01429238951990561 0.0005
0.003168274767832272 0.01374976978701212 0.0005
0.003581823649884798 0.01391817635011527 0.00075
0.004479935256167975 0.01302006474383209 0.00025
0.004030879453026387 0.01346912054697368 0.0005
0.003950680394151581 0.01286861768937279 0.0005
0.004479935256167975 0.01302006474383209 0.00075
0.005557669176675513 0.01194233082332454 0.00025
0.005018802216421744 0.01248119778357831 0.0005
0.004889567139608465 0.01181123517910508 0.0005
0.005557669176675513 0.01194233082332454 0.00075
0.006850949880652095 0.01064905011934795 0.00025
0.006204309528663804 0.01129569047133624 0.0005
0.006016231233605744 0.01054237616740434 0.0005
0.006850949880652095 0.01064905011934795 0.00075
0.008402886723549852 0.009097113276450181 0.00025
0.007626918302100973 0.009873081697899065 0.0005
0.007368228144769787 0.009019745355202207 0.0005
0.008402886723549852 0.009097113276450181 0.00075
0.01026521094225723 0.00723478905774279 0.00025
0.009334048832903539 0.008165951167096485 0.0005
0.008990624444465238 0.007192588373466108 0.0005
0.01026521094225723 0.00723478905774279 0.00075
0.01138260547112861 0.006117394528871395 0.0005
0.003198476284288352 0.01530085715360065 0.00025
0.002898409411366915 0.01553235008770722 0.0005
0.003015936797296235 0.01498372992164831 0.0005
0.003198476284288352 0.01530085715360065 0.00075
0.00391863677609108 0.01474527411422034 0.00025
0.003558556530189716 0.0150230656339105 0.0005
0.003750230212987939 0.0143317252321678 0.0005
0.00391863677609108 0.01474527411422034 0.00075
0.004782829365086548 0.01407857446786489 0.00025
0.004350733070588814 0.01441192429104261 0.0005
0.004631382310627262 0.01354931960584849 0.0005
0.004782829365086548 0.01407857446786489 0.00075
0.005819860465114426 0.01327853489745865 0.00025
0.005301344915100487 0.01367855468266177 0.0005
0.005688764820894969 0.0126104328603916 0.0005
0.005819860465114426 0.01327853489745865 0.00075
0.0070642977845393 0.01231848741344066 0.00025
0.006442079124826863 0.01279851115544966 0.0005
0.006957623832595698 0.01148376876639431 0.0005
0.0070642977845393 0.01231848741344066 0.00075
0.008557622566045791 0.01116643043401032 0.00025
0.007810960175292546 0.01174245892372549 0.0005
0.008480254644797822 0.01013177185523025 0.0005
0.008557622566045791 0.01116643043401032 0.00075
0.01034961231081059 0.009783962053326774 0.00025
0.009453617438428191 0.01047519624366855 0.0005
0.01030741162653391 0.008509375555534781 0.0005
0.01034961231081059 0.009783962053326774 0.00075
0.0114248061554053 0.00895448102666339 0.0005
0.003469754435107421 0.01599778732376355 0.00025
0.003178438987102601 0.01615095079881134 0.0005
0.003334115359697886 0.0156493222386821 0.0005
0.003469754435107421 0.01599778732376355 0.00075
0.00416891150720385 0.01563019498528671 0.00025
0.003819332971155635 0.01581399115452513 0.0005
0.004043774141647465 0.01518773454975352 0.0005
0.00416891150720385 0.01563019498528671 0.00075
0.005007899992585817 0.01518908417971057 0.00025
0.004588405749894834 0.01540963958249864 0.0005
0.004895364678836183 0.01463382932378773 0.0005
0.005007899992585817 0.01518908417971057 0.00075
0.006014686168474842 0.01465975121647313 0.00025
0.005511293080530329 0.01492441769809185 0.0005
0.005917273316794634 0.01396914305696589 0.0005
0.006014686168474842 0.01465975121647313 0.00075
0.007222829578950844 0.01402455166089885 0.00025
0.006618757873712843 0.01434215143868599 0.0005
0.007143563681745072 0.01317151953716976 0.0005
0.007222829578950844 0.01402455166089885 0.00075
0.008672601669771282 0.0132623121951302 0.00025
0.007947715624361064 0.01364343192801452 0.0005
0.008615112117908537 0.01221437131457026 0.0005
0.008672601669771282 0.0132623121951302 0.00075
0.01041232818550991 0.01234762483265674 0.00025
0.009542464927640599 0.01280496851389347 0.0005
0.01038097024816025 0.01106579344299176 0.0005
0.01041232818550991 0.01234762483265674 0.00075
0.01145616409275496 0.01179881241632838 0.0005
0.003636806695559889 0.01673788927126671 0.00025
0.003350880348409993 0.01681411600748316 0.0005
0.003553280565333655 0.01636783829751513 0.0005
0.003636806695559889 0.01673788927126671 0.00075
0.004323029925662131 0.01655494510516235 0.00025
0.00397991831061101 0.01664641718821453 0.0005
0.004245970716432991 0.01609257004522453 0.0005
0.004323029925662131 0.01655494510516235 0.00075
0.005146497800672046 0.01633541210613377 0.00025
0.004734763863167088 0.01644517860564806 0.0005
0.005077198896628931 0.01576224814292217 0.0005
0.005146497800672046 0.01633541210613377 0.00075
0.006134659244236135 0.01607197250901844 0.00025
0.005640578522454091 0.01620369230757611 0.0005
0.006074672706355489 0.01536586186274579 0.0005
0.006134659244236135 0.01607197250901844 0.00075
0.007320452975933145 0.01575584499263464 0.00025
0.00672755611008464 0.01591390875082654 0.0005
0.007271641277441994 0.01489019832676675 0.0005
0.007320452975933145 0.01575584499263464 0.00075
0.00874340545225118 0.0153764919734322 0.00025
0.008031929214092163 0.01556616848303342 0.0005
0.008708003561011231 0.0143194020842812 0.0005
0.00874340545225118 0.0153764919734322 0.00075
0.01045094843046198 0.01492126834862195 0.00025
0.009597176941356582 0.01514888016102707 0.0005
0.01043163830798595 0.01363444659063935 0.0005
0.01045094843046198 0.01492126834862195 0.00075
0.01147547421523099 0.01464813417431098 0.0005
0.003665010018260224 0.01711894463563336 0.0005
0.004349049636368655 0.01702747255258118 0.0005
0.005169897176989537 0.01691770605306689 0.0005
0.006154914219307306 0.01678598625450922 0.0005
0.007336934669510575 0.01662792249631732 0.0005
0.00875535920804159 0.0164382459867161 0.0005
0.01045746866088688 0.01621063417431098 0.0005
3 5 0 259
3381
3382
3383
3384
3385
3386
3387
3388
3389
3390
3391
3392
3393
3394
3395
3396
3397
3398
3399
3400
3401
3402
3403
3404
3405
3406
3407
3408
3409
3410
3411
3412
3413
3414
3415
3416
3417
3418
3419
3420
3421
3422
3423
3424
3425
3426
3427
3428
3429
3430
3431
3432
3433
3434
3435
3436
3437
3438
3439
3440
3441
3442
3443
3444
3445
3446
3447
3448
3449
3450
3451
3452
3453
3454
3455
3456
3457
3458
3459
3460
3461
3462
3463
3464
3465
3466
3467
3468
3469
3470
3471
3472
3473
3474
3475
3476
3477
3478
3479
3480
3481
3482
3483
3484
3485
3486
3487
3488
3489
3490
3491
3492
3493
3494
3495
3496
3497
3498
3499
3500
3501
3502
3503
3504
3505
3506
3507
3508
3509
3510
3511
3512
3513
3514
3515
3516
3517
3518
3519
3520
3521
3522
3523
3524
3525
3526
3527
3528
3529
3530
3531
3532
3533
3534
3535
3536
3537
3538
3539
3540
3541
3542
3543
3544
3545
3546
3547
3548
3549
3550
3551
3552
3553
3554
3555
3556
3557
3558
3559
3560
3561
3562
3563
3564
3565
3566
3567
3568
3569
3570
3571
3572
3573
3574
3575
3576
3577
3578
3579
3580
3581
3582
3583
3584
3585
3586
3587
3588
3589
3590
3591
3592
3593
3594
3595
3596
3597
3598
3599
3600
3601
3602
3603
3604
3605
3606
3607
3608
3609
3610
3611
3612
3613
3614
3615
3616
3617
3618
3619
3620
3621
3622
3623
3624
3625
3626
3627
3628
3629
3630
3631
3632
3633
3634
3635
3636
3637
3638
3639
-0.003636806695114011 0.01826211072861445 0.0005
-0.004323029924592027 0.01844505489455239 0.0005
-0.005146497798745864 0.01866458789335274 0.0005
-0.006134659241154247 0.01892802749015996 0.0005
-0.007320452971310319 0.01924415500613295 0.0005
-0.008743405445594305 0.01962350802479312 0.0005
-0.01045094842114235 0.02007873164889348 0.0005
-0.003469754434653121 0.01900221267599765 0.0005
-0.004168911506113562 0.01936980501414012 0.0005
-0.005007899990623317 0.01981091581925767 0.0005
-0.006014686165334855 0.02034024878187601 0.0005
-0.007222829574240879 0.02097544833662485 0.0005
-0.008672601662988933 0.02173768780130391 0.0005
-0.01041232817601463 0.02265237516235098 0.0005
-0.003198476283820383 0.01969914284603843 0.0005
-0.003918636774968019 0.02025472588491335 0.0005
-0.004782829363065074 0.02092142553057569 0.0005
-0.005819860461880093 0.02172146510004623 0.0005
-0.007064297779687829 0.02268151258281663 0.0005
-0.008557622559059683 0.02383356956060015 0.0005
-0.01034961230103004 0.02521603793912785 0.0005
-0.002833397309817753 0.02033339730981783 0.0005
-0.003581823648717633 0.0210818236487177 0.0005
-0.004479935254067136 0.0219799352540672 0.0005
-0.005557669173314214 0.02305766917331427 0.0005
-0.00685094987561019 0.02435094987561023 0.0005
-0.008402886716289531 0.02590288671628957 0.0005
-0.0102652109320928 0.02776521093209281 0.0005
-0.002199142846038337 0.02069847628382044 0.0005
-0.002754725884913267 0.02141863677496807 0.0005
-0.00342142553057562 0.02228282936306512 0.0005
-0.004221465100046173 0.02331986046188014 0.0005
-0.005181512582816582 0.02456429777968787 0.0005
-0.006333569560600114 0.02605762255905971 0.0005
-0.007716037939127831 0.02784961230103006 0.0005
-0.001502212675997557 0.02096975443465316 0.0005
-0.001869805014140031 0.0216689115061136 0.0005
-0.002310915819257589 0.02250789999062335 0.0005
-0.002840248781875947 0.02351468616533488 0.0005
-0.003475448336624798 0.0247228295742409 0.0005
-0.00423768780130387 0.02617260166298895 0.0005
-0.005152375162350964 0.02791232817601463 0.0005
-0.0007621107286143449 0.02113680669511403 0.0005
-0.0009450548945522993 0.02182302992459205 0.0005
-0.001164587893352657 0.02264649779874588 0.0005
-0.001428027490159891 0.02363465924115426 0.0005
-0.001744155006132894 0.02482045297131033 0.0005
-0.002123508024793087 0.02624340544559432 0.0005
-0.002578731648893468 0.02795094842114236 0.0005
-0.003636806695114011 0.01826211072861445 0.00025
-0.003350880348187052 0.01818588399245743 0.0005
-0.003665010017815767 0.01788105536430722 0.0005
-0.003636806695114011 0.01826211072861445 0.00075
-0.004323029924592027 0.01844505489455239 0.00025
-0.003979918309853019 0.01835358281158342 0.0005
-0.004349049635301958 0.0179725274472762 0.0005
-0.004323029924592027 0.01844505489455239 0.00075
-0.005146497798745864 0.01866458789335274 0.00025
-0.004734763861668946 0.01855482139395256 0.0005
-0.005169897175069486 0.01808229394667637 0.0005
-0.005146497798745864 0.01866458789335274 0.00075
-0.006134659241154247 0.01892802749015996 0.00025
-0.005640578519950055 0.01879630769175635 0.0005
-0.006154914216235225 0.01821401374507998 0.0005
-0.006134659241154247 0.01892802749015996 0.00075
-0.007320452971310319 0.01924415500613295 0.00025
-0.006727556106232283 0.01908609124814645 0.0005
-0.007336934664902461 0.01837207750306648 0.0005
-0.007320452971310319 0.01924415500613295 0.00075
-0.008743405445594305 0.01962350802479312 0.00025
-0.008031929208452313 0.01943383151546304 0.0005
-0.0087553592014059 0.01856175401239656 0.0005
-0.008743405445594305 0.01962350802479312 0.00075
-0.01045094842114235 0.02007873164889348 0.00025
-0.009597176933368329 0.0198511198368433 0.0005
-0.0104574686515969 0.01878936582444674 0.0005
-0.01045094842114235 0.02007873164889348 0.00075
-0.01147547421057118 0.02035186582444674 0.0005
-0.003469754434653121 0.01900221267599765 0.00025
-0.003178438986875441 0.01884904920106929 0.0005
-0.003553280564883566 0.01863216170230605 0.0005
-0.003469754434653121 0.01900221267599765 0.00075
-0.004168911506113562 0.01936980501414012 0.00025
-0.003819332970383342 0.01918600884506888 0.0005
-0.004245970715352794 0.01890742995434625 0.0005
-0.004168911506113562 0.01936980501414012 0.00075
-0.005007899990623317 0.01981091581925767 0.00025
-0.00458840574836844 0.01959036041669889 0.0005
-0.00507719889468459 0.0192377518563052 0.0005
-0.005007899990623317 0.01981091581925767 0.00075
-0.006014686165334855 0.02034024878187601 0.00025
-0.005511293077979086 0.02007558230056684 0.0005
-0.006074672703244551 0.01963413813601799 0.0005
-0.006014686165334855 0.02034024878187601 0.00075
-0.007222829574240879 0.02097544833662485 0.00025
-0.006618757869787867 0.02065784855925043 0.0005
-0.0072716412727756 0.0201098016713789 0.0005
-0.007222829574240879 0.02097544833662485 0.00075
-0.008672601662988933 0.02173768780130391 0.00025
-0.007947715618614907 0.02135656806896438 0.0005
-0.008708003554291618 0.02068059791304851 0.0005
-0.008672601662988933 0.02173768780130391 0.00075
-0.01041232817601463 0.02265237516235098 0.00025
-0.009542464919501781 0.02219503148182744 0.0005
-0.01043163829857849 0.02136555340562223 0.0005
-0.01041232817601463 0.02265237516235098 0.00075
-0.01145616408800731 0.02320118758117549 0.0005
-0.003198476283820383 0.01969914284603843 0.00025
-0.002898409411132907 0.01946764991211236 0.0005
-0.003334115359236752 0.01935067776101804 0.0005
-0.003198476283820383 0.01969914284603843 0.00075
-0.003918636774968019 0.02025472588491335 0.00025
-0.003558556529394201 0.01997693436547589 0.0005
-0.004043774140540791 0.01981226544952673 0.0005
-0.003918636774968019 0.02025472588491335 0.00075
-0.004782829363065074 0.02092142553057569 0.00025
-0.004350733069016547 0.02058807570774452 0.0005
-0.004895364676844196 0.02036617067491668 0.0005
-0.004782829363065074 0.02092142553057569 0.00075
-0.005819860461880093 0.02172146510004623 0.00025
-0.005301344912472583 0.02132144531531096 0.0005
-0.005917273313607474 0.02103085694096112 0.0005
-0.005819860461880093 0.02172146510004623 0.00075
-0.007064297779687829 0.02268151258281663 0.00025
-0.006442079120783961 0.02220148884143143 0.0005
-0.007143563676964354 0.02182848045972074 0.0005
-0.007064297779687829 0.02268151258281663 0.00075
-0.008557622559059683 0.02383356956060015 0.00025
-0.007810960169373756 0.02325754107170839 0.0005
-0.008615112111024309 0.02278562868095203 0.0005
-0.008557622559059683 0.02383356956060015 0.00075
-0.01034961230103004 0.02521603793912785 0.00025
-0.009453617430044864 0.024524803749864 0.0005
-0.01038097023852234 0.02393420655073941 0.0005
-0.01034961230103004 0.02521603793912785 0.00075
-0.01142480615051502 0.02604551896956392 0.0005
-0.002833397309817753 0.02033339730981783 0.00025
-0.002521553000512837 0.02002155300051291 0.0005
-0.003015936796819068 0.02001627007792812 0.0005
-0.002833397309817753 0.02033339730981783 0.00075
-0.003581823648717633 0.0210818236487177 0.00025
-0.003207610479267693 0.02070761047926777 0.0005
-0.003750230211842826 0.02066827476681553 0.0005
-0.003581823648717633 0.0210818236487177 0.00075
-0.004479935254067136 0.0219799352540672 0.00025
-0.004030879451392385 0.02153087945139245 0.0005
-0.004631382308566105 0.02145068039232145 0.0005
-0.004479935254067136 0.0219799352540672 0.00075
-0.005557669173314214 0.02305766917331427 0.00025
-0.005018802213690676 0.02251880221369074 0.0005
-0.005688764817597154 0.02238956713668025 0.0005
-0.005557669173314214 0.02305766917331427 0.00075
-0.00685094987561019 0.02435094987561023 0.00025
-0.006204309524462202 0.02370430952446225 0.0005
-0.00695762382764901 0.02351623122921343 0.0005
-0.00685094987561019 0.02435094987561023 0.00075
-0.008402886716289531 0.02590288671628957 0.00025
-0.00762691829594986 0.0251269182959499 0.0005
-0.008480254637674607 0.02486822813844486 0.0005
-0.008402886716289531 0.02590288671628957 0.00075
-0.0102652109320928 0.02776521093209281 0.00025
-0.009334048824191164 0.02683404882419119 0.0005
-0.01030741161656142 0.02649062443561033 0.0005
-0.0102652109320928 0.02776521093209281 0.00075
-0.0113826054660464 0.02888260546604641 0.0005
-0.002199142846038337 0.02069847628382044 0.00025
-0.001967649912112268 0.02039840941113297 0.0005
-0.002516270077928045 0.02051593679681914 0.0005
-0.002199142846038337 0.02069847628382044 0.00075
-0.002754725884913267 0.02141863677496807 0.00025
-0.002476934365475802 0.02105855652939426 0.0005
-0.00316827476681545 0.02125023021184289 0.0005
-0.002754725884913267 0.02141863677496807 0.00075
-0.00342142553057562 0.02228282936306512 0.00025
-0.003088075707744443 0.0218507330690166 0.0005
-0.003950680392321378 0.02213138230856616 0.0005
-0.00342142553057562 0.02228282936306512 0.00075
-0.004221465100046173 0.02331986046188014 0.00025
-0.003821445315310896 0.02280134491247263 0.0005
-0.004889567136680193 0.0231887648175972 0.0005
-0.004221465100046173 0.02331986046188014 0.00075
-0.005181512582816582 0.02456429777968787 0.00025
-0.004701488841431377 0.023942079120784 0.0005
-0.006016231229213386 0.02445762382764905 0.0005
-0.005181512582816582 0.02456429777968787 0.00075
-0.006333569560600114 0.02605762255905971 0.00025
-0.005757541071708347 0.02531096016937379 0.0005
-0.007368228138444823 0.02598025463767464 0.0005
-0.006333569560600114 0.02605762255905971 0.00075
-0.007716037939127831 0.02784961230103006 0.00025
-0.007024803749863973 0.02695361743004488 0.0005
-0.008990624435610314 0.02780741161656144 0.0005
-0.007716037939127831 0.02784961230103006 0.00075
-0.008545518969563917 0.02892480615051503 0.0005
-0.001502212675997557 0.02096975443465316 0.00025
-0.001349049201069194 0.02067843898687548 0.0005
-0.001850677761017947 0.0208341153592368 0.0005
-0.001502212675997557 0.02096975443465316 0.00075
-0.001869805014140031 0.0216689115061136 0.00025
-0.001686008845068794 0.02131933297038338 0.0005
-0.002312265449526649 0.02154377414054084 0.0005
-0.001869805014140031 0.0216689115061136 0.00075
-0.002310915819257589 0.02250789999062335 0.00025
-0.00209036041669881 0.02208840574836848 0.0005
-0.002866170674916604 0.02239536467684424 0.0005
-0.002310915819257589 0.02250789999062335 0.00075
-0.002840248781875947 0.02351468616533488 0.00025
-0.002575582300566768 0.02301129307797912 0.0005
-0.00353085694096106 0.02341727331360751 0.0005
-0.002840248781875947 0.02351468616533488 0.00075
-0.003475448336624798 0.0247228295742409 0.00025
-0.003157848559250373 0.02411875786978789 0.0005
-0.004328480459720689 0.02464356367696438 0.0005
-0.003475448336624798 0.0247228295742409 0.00075
-0.00423768780130387 0.02617260166298895 0.00025
-0.003856568068964334 0.02544771561861493 0.0005
-0.005285628680951992 0.02611511211102433 0.0005
-0.00423768780130387 0.02617260166298895 0.00075
-0.005152375162350964 0.02791232817601463 0.00025
-0.004695031481827417 0.02704246491950179 0.0005
-0.006434206550739398 0.02788097023852235 0.0005
-0.005152375162350964 0.02791232817601463 0.00075
-0.005701187581175484 0.02895616408800732 0.0005
-0.0007621107286143449 0.02113680669511403 0.00025
-0.0006858839924573258 0.02085088034818708 0.0005
-0.001132161702305951 0.0210532805648836 0.0005
-0.0007621107286143449 0.02113680669511403 0.00075
-0.0009450548945522993 0.02182302992459205 0.00025
-0.0008535828115833221 0.02147991830985304 0.0005
-0.001407429954346165 0.02174597071535283 0.0005
-0.0009450548945522993 0.02182302992459205 0.00075
-0.001164587893352657 0.02264649779874588 0.00025
-0.001054821393952478 0.02223476386166897 0.0005
-0.001737751856305123 0.02257719889468462 0.0005
-0.001164587893352657 0.02264649779874588 0.00075
-0.001428027490159891 0.02363465924115426 0.00025
-0.001296307691756274 0.02314057851995007 0.0005
-0.002134138136017919 0.02357467270324457 0.0005
-0.001428027490159891 0.02363465924115426 0.00075
-0.001744155006132894 0.02482045297131033 0.00025
-0.001586091248146393 0.0242275561062323 0.0005
-0.002609801671378846 0.02477164127277562 0.0005
-0.001744155006132894 0.02482045297131033 0.00075
-0.002123508024793087 0.02624340544559432 0.00025
-0.00193383151546299 0.02553192920845233 0.0005
-0.003180597913048478 0.02620800355429163 0.0005
-0.002123508024793087 0.02624340544559432 0.00075
-0.002578731648893468 0.02795094842114236 0.00025
-0.002351119836843277 0.02709717693336834 0.0005
-0.003865553405622216 0.0279316382985785 0.0005
-0.002578731648893468 0.02795094842114236 0.00075
-0.002851865824446737 0.02897547421057118 0.0005
-0.0003810553643071725 0.02116501001781578 0.0005
-0.0004725274472761496 0.02184904963530197 0.0005
-0.0005822939466763283 0.02266989717506949 0.0005
-0.0007140137450799455 0.02365491421623523 0.0005
-0.0008720775030664472 0.02483693466490247 0.0005
-0.001061754012396543 0.0262553592014059 0.0005
-0.001289365824446734 0.0279574686515969 0.0005
3 6 0 259
3640
3641
3642
3643
3644
3645
3646
3647
3648
3649
3650
3651
3652
3653
3654
3655
3656
3657
3658
3659
3660
3661
3662
3663
3664
3665
3666
3667
3668
3669
3670
3671
3672
3673
3674
3675
3676
3677
3678
3679
3680
3681
3682
3683
3684
3685
3686
3687
3688
3689
3690
3691
3692
3693
3694
3695
3696
3697
3698
3699
3700
3701
3702
3703
3704
3705
3706
3707
3708
3709
3710
3711
3712
3713
3714
3715
3716
3717
3718
3719
3720
3721
3722
3723
3724
3725
3726
3727
3728
3729
3730
3731
3732
3733
3734
3735
3736
3737
3738
3739
3740
3741
3742
3743
3744
3745
3746
3747
3748
3749
3750
3751
3752
3753
3754
3755
3756
3757
3758
3759
3760
3761
3762
3763
3764
3765
3766
3767
3768
3769
3770
3771
3772
3773
3774
3775
3776
3777
3778
3779
3780
3781
3782
3783
3784
3785
3786
3787
3788
3789
3790
3791
3792
3793
3794
3795
3796
3797
3798
3799
3800
3801
3802
3803
3804
3805
3806
3807
3808
3809
3810
3811
3812
3813
3814
3815
3816
3817
3818
3819
3820
3821
3822
3823
3824
3825
3826
3827
3828
3829
3830
3831
3832
3833
3834
3835
3836
3837
3838
3839
3840
3841
3842
3843
3844
3845
3846
3847
3848
3849
3850
3851
3852
3853
3854
3855
3856
3857
3858
3859
3860
3861
3862
3863
3864
3865
3866
3867
3868
3869
3870
3871
3872
3873
3874
3875
3876
3877
3878
3879
3880
3881
3882
3883
3884
3885
3886
3887
3888
3889
3890
3891
3892
3893
3894
3895
3896
3897
3898
0.003636806695530782 0.01826211072864617 0.0005
0.00432302992559227 0.01844505489462856 0.0005
0.005146497800546298 0.01866458789348985 0.0005
0.006134659244034937 0.01892802749037936 0.0005
0.007320452975631347 0.01924415500646207 0.0005
0.00874340545181659 0.01962350802526706 0.0005
0.01045094842985356 0.020078731649557 0.0005
0.00346975443504642 0.01900221267606165 0.0005
0.004168911507057449 0.01936980501429378 0.0005
0.005007899992322295 0.01981091581953429 0.0005
0.006014686168053208 0.02034024878231864 0.0005
0.007222829578318393 0.02097544833728882 0.0005
0.008672601668860552 0.02173768780226004 0.0005
0.01041232818423489 0.02265237516368958 0.0005
0.003198476284192836 0.01969914284613579 0.0005
0.003918636775861847 0.02025472588514711 0.0005
0.004782829364673929 0.02092142553099652 0.0005
0.005819860464454236 0.0217214651007196 0.0005
0.007064297783549016 0.02268151258382671 0.0005
0.008557622564619781 0.02383356956205469 0.0005
0.01034961230881417 0.02521603794116423 0.0005
0.002833397310171732 0.02033339730995014 0.0005
0.003581823649567072 0.02108182364903536 0.0005
0.004479935255596065 0.02197993525463905 0.0005
0.005557669175760458 0.02305766917422927 0.0005
0.006850949879279515 0.02435094987698277 0.0005
0.008402886721573334 0.02590288671826605 0.0005
0.0102652109394901 0.02776521093485992 0.0005
0.002199142846302009 0.02069847628391588 0.0005
0.002754725885545921 0.02141863677519724 0.0005
0.003421425531714305 0.02228282936347768 0.0005
0.004221465101868008 0.02331986046254027 0.0005
0.005181512585549278 0.02456429778067811 0.0005
0.006333569564535158 0.02605762256048569 0.0005
0.007716037944636859 0.02784961230302646 0.0005
0.001502212676172503 0.02096975443471411 0.0005
0.001869805014559685 0.02166891150625995 0.0005
0.002310915820012847 0.02250789999088683 0.0005
0.002840248783084275 0.02351468616575648 0.0005
0.003475448338437218 0.02472282957487332 0.0005
0.004237687803913697 0.02617260166389966 0.0005
0.005152375166004675 0.02791232817728964 0.0005
0.0007621107287016458 0.02113680669514311 0.0005
0.0009450548947615598 0.02182302992466188 0.0005
0.001164587893729177 0.0226464977988716 0.0005
0.001428027490762216 0.02363465924135544 0.0005
0.001744155007036293 0.02482045297161211 0.0005
0.00212350802609391 0.02624340544602889 0.0005
0.002578731650714557 0.02795094842175078 0.0005
0.003636806695530782 0.01826211072864617 0.00025
0.00335088034839544 0.01818588399247328 0.0005
0.00366501001824567 0.01788105536432309 0.0005
0.003636806695530782 0.01826211072864617 0.00075
0.00432302992559227 0.01844505489462856 0.00025
0.003979918310561526 0.01835358281163736 0.0005
0.004349049636333724 0.01797252744731428 0.0005
0.00432302992559227 0.01844505489462856 0.00075
0.005146497800546298 0.01866458789348985 0.00025
0.004734763863069284 0.01855482139405921 0.0005
0.005169897176926663 0.01808229394674493 0.0005
0.005146497800546298 0.01866458789348985 0.00075
0.006134659244034937 0.01892802749037936 0.00025
0.005640578522290617 0.01879630769193461 0.0005
0.006154914219206707 0.01821401374518968 0.0005
0.006134659244034937 0.01892802749037936 0.00075
0.007320452975631347 0.01924415500646207 0.00025
0.006727556109833142 0.01908609124842071 0.0005
0.007336934669359677 0.01837207750323103 0.0005
0.007320452975631347 0.01924415500646207 0.00075
0.00874340545181659 0.01962350802526706 0.00025
0.008031929213723969 0.01943383151586456 0.0005
0.008755359207824295 0.01856175401263353 0.0005
0.00874340545181659 0.01962350802526706 0.00075
0.01045094842985356 0.020078731649557 0.00025
0.009597176940835074 0.01985111983741203 0.0005
0.01045746866058266 0.0187893658247785 0.0005
0.01045094842985356 0.020078731649557 0.00075
0.01147547421492678 0.02035186582477851 0.0005
0.00346975443504642 0.01900221267606165 0.00025
0.003178438987072101 0.01884904920110127 0.0005
0.0035532805652886 0.01863216170235391 0.0005
0.00346975443504642 0.01900221267606165 0.00075
0.004168911507057449 0.01936980501429378 0.00025
0.003819332971051934 0.01918600884517771 0.0005
0.00424597071632486 0.01890742995446117 0.0005
0.004168911507057449 0.01936980501429378 0.00075
0.005007899992322295 0.01981091581953429 0.00025
0.004588405749689872 0.01959036041691404 0.0005
0.005077198896434296 0.01923775185651207 0.0005
0.005007899992322295 0.01981091581953429 0.00075
0.006014686168053208 0.02034024878231864 0.00025
0.005511293080187751 0.02007558230092647 0.0005
0.006074672706044072 0.019634138136349 0.0005
0.006014686168053208 0.02034024878231864 0.00075
0.007222829578318393 0.02097544833728882 0.00025
0.006618757873185801 0.02065784855980373 0.0005
0.007271641276974871 0.02010980167187544 0.0005
0.007222829578318393 0.02097544833728882 0.00075
0.008672601668860552 0.02173768780226004 0.00025
0.007947715623589473 0.02135656806977443 0.0005
0.008708003560338571 0.02068059791376355 0.0005
0.008672601668860552 0.02173768780226004 0.00075
0.01041232818423489 0.02265237516368958 0.00025
0.009542464926547723 0.02219503148297481 0.0005
0.01043163830704423 0.02136555340662329 0.0005
0.01041232818423489 0.02265237516368958 0.00075
0.01145616409211745 0.02320118758184479 0.0005
0.003198476284192836 0.01969914284613579 0.00025
0.002898409411319156 0.019467649912161 0.0005
0.003334115359619628 0.01935067776109872 0.0005
0.003198476284192836 0.01969914284613579 0.00075
0.003918636775861847 0.02025472588514711 0.00025
0.003558556530027342 0.01997693436564145 0.0005
0.004043774141459648 0.01981226544972044 0.0005
0.003918636775861847 0.02025472588514711 0.00075
0.004782829364673929 0.02092142553099652 0.00025
0.004350733070267888 0.02058807570807181 0.0005
0.004895364678498112 0.02036617067526541 0.0005
0.004782829364673929 0.02092142553099652 0.00075
0.005819860464454236 0.0217214651007196 0.00025
0.005301344914564082 0.02132144531585806 0.0005
0.005917273316253722 0.02103085694151912 0.0005
0.005819860464454236 0.0217214651007196 0.00075
0.007064297783549016 0.02268151258382671 0.00025
0.006442079124001627 0.02220148884227315 0.0005
0.007143563680933705 0.02182848046055776 0.0005
0.007064297783549016 0.02268151258382671 0.00075
0.008557622564619781 0.02383356956205469 0.00025
0.007810960174084398 0.0232575410729407 0.0005
0.008615112116740167 0.02278562868215736 0.0005
0.008557622564619781 0.02383356956205469 0.00075
0.01034961230881417 0.02521603794116423 0.00025
0.009453617436716976 0.02452480375160946 0.0005
0.01038097024652453 0.0239342065524269 0.0005
0.01034961230881417 0.02521603794116423 0.00075
0.01142480615440709 0.02604551897058212 0.0005
0.002833397310171732 0.02033339730995014 0.00025
0.002521553000689866 0.02002155300057903 0.0005
0.003015936797182284 0.02001627007804296 0.0005
0.002833397310171732 0.02033339730995014 0.00075
0.003581823649567072 0.02108182364903536 0.00025
0.003207610479869402 0.02070761047949275 0.0005
0.003750230212714459 0.02066827476709123 0.0005
0.003581823649567072 0.02108182364903536 0.00075
0.004479935255596065 0.02197993525463905 0.00025
0.004030879452581569 0.0215308794518372 0.0005
0.004631382310134997 0.02145068039281778 0.0005
0.004479935255596065 0.02197993525463905 0.00075
0.005557669175760458 0.02305766917422927 0.00025
0.005018802215678261 0.02251880221443416 0.0005
0.005688764820107347 0.02238956713747443 0.0005
0.005557669175760458 0.02305766917422927 0.00075
0.006850949879279515 0.02435094987698277 0.00025
0.006204309527519986 0.02370430952560602 0.0005
0.006957623831414265 0.02351623123040474 0.0005
0.006850949879279515 0.02435094987698277 0.00075
0.008402886721573334 0.02590288671826605 0.00025
0.007626918300426425 0.02512691829762441 0.0005
0.008480254643096558 0.02486822814016037 0.0005
0.008402886721573334 0.02590288671826605 0.00075
0.0102652109394901 0.02776521093485992 0.00025
0.009334048830531717 0.02683404882656299 0.0005
0.01030741162415214 0.02649062443801208 0.0005
0.0102652109394901 0.02776521093485992 0.00075
0.01138260546974505 0.02888260546742996 0.0005
0.002199142846302009 0.02069847628391588 0.00025
0.001967649912244161 0.02039840941118065 0.0005
0.00251627007823687 0.02051593679693301 0.0005
0.002199142846302009 0.02069847628391588 0.00075
0.002754725885545921 0.02141863677519724 0.00025
0.002476934365923965 0.02105855652955656 0.0005
0.003168274767556496 0.0212502302121163 0.0005
0.002754725885545921 0.02141863677519724 0.00075
0.003421425531714305 0.02228282936347768 0.00025
0.003088075708630113 0.02185073306933746 0.0005
0.003950680393655185 0.02213138230905837 0.0005
0.003421425531714305 0.02228282936347768 0.00075
0.004221465101868008 0.02331986046254027 0.00025
0.003821445316791156 0.02280134491300898 0.0005
0.004889567138814233 0.02318876481838477 0.0005
0.004221465101868008 0.02331986046254027 0.00075
0.005181512585549278 0.02456429778067811 0.00025
0.004701488843708643 0.02394207912160919 0.0005
0.006016231232414397 0.02445762382883044 0.0005
0.005181512585549278 0.02456429778067811 0.00075
0.006333569564535158 0.02605762256048569 0.00025
0.005757541075042219 0.0253109601705819 0.0005
0.007368228143054247 0.02598025463937587 0.0005
0.006333569564535158 0.02605762256048569 0.00075
0.007716037944636859 0.02784961230302646 0.00025
0.007024803754586008 0.02695361743175607 0.0005
0.008990624442063479 0.02780741161894319 0.0005
0.007716037944636859 0.02784961230302646 0.00075
0.008545518972318426 0.02892480615151323 0.0005
0.001502212676172503 0.02096975443471411 0.00025
0.001349049201156742 0.02067843898690593 0.0005
0.001850677761237256 0.02083411535931499 0.0005
0.001502212676172503 0.02096975443471411 0.00075
0.001869805014559685 0.02166891150625995 0.00025
0.001686008845366094 0.02131933297048703 0.0005
0.002312265450052803 0.02154377414072859 0.0005
0.001869805014559685 0.02166891150625995 0.00075
0.002310915820012847 0.02250789999088683 0.00025
0.002090360417286266 0.02208840574857339 0.0005
0.002866170675863576 0.02239536467718226 0.0005
0.002310915820012847 0.02250789999088683 0.00075
0.002840248783084275 0.02351468616575648 0.00025
0.002575582301548561 0.02301129307832165 0.0005
0.003530856942476141 0.02341727331414838 0.0005
0.002840248783084275 0.02351468616575648 0.00075
0.003475448338437218 0.02472282957487332 0.00025
0.003157848560760746 0.0241187578703149 0.0005
0.004328480461993248 0.02464356367777571 0.0005
0.003475448338437218 0.02472282957487332 0.00075
0.004237687803913697 0.02617260166389966 0.00025
0.003856568071175458 0.02544771561938649 0.0005
0.005285628684224428 0.02611511211219267 0.0005
0.004237687803913697 0.02617260166389966 0.00075
0.005152375166004675 0.02791232817728964 0.00025
0.004695031484959186 0.02704246492059465 0.0005
0.006434206555320766 0.02788097024015805 0.0005
0.005152375166004675 0.02791232817728964 0.00075
0.005701187583002336 0.02895616408864482 0.0005
0.0007621107287016458 0.02113680669514311 0.00025
0.0006858839925010707 0.02085088034820159 0.0005
0.001132161702437074 0.0210532805649286 0.0005
0.0007621107287016458 0.02113680669514311 0.00075
0.0009450548947615598 0.02182302992466188 0.00025
0.0008535828117316028 0.02147991830990249 0.0005
0.001407429954660623 0.02174597071546091 0.0005
0.0009450548947615598 0.02182302992466188 0.00075
0.001164587893729177 0.0226464977988716 0.00025
0.001054821394245368 0.02223476386176674 0.0005
0.001737751856871012 0.02257719889487921 0.0005
0.001164587893729177 0.0226464977988716 0.00075
0.001428027490762216 0.02363465924135544 0.00025
0.001296307692245696 0.02314057852011352 0.0005
0.002134138136923245 0.02357467270355596 0.0005
0.001428027490762216 0.02363465924135544 0.00075
0.001744155007036293 0.02482045297161211 0.00025
0.001586091248899254 0.02422755610648377 0.0005
0.002609801672736756 0.02477164127324272 0.0005
0.001744155007036293 0.02482045297161211 0.00075
0.00212350802609391 0.02624340544602889 0.00025
0.001933831516565101 0.0255319292088205 0.0005
0.003180597915003803 0.02620800355496428 0.0005
0.00212350802609391 0.02624340544602889 0.00075
0.002578731650714557 0.02795094842175078 0.00025
0.002351119838404233 0.02709717693388983 0.0005
0.003865553408359616 0.02793163829952021 0.0005
0.002578731650714557 0.02795094842175078 0.00075
0.002851865825357276 0.02897547421087539 0.0005
0.0003810553643508229 0.02116501001783032 0.0005
0.0004725274473807799 0.02184904963533688 0.0005
0.0005822939468645883 0.02266989717513235 0.0005
0.0007140137453811079 0.02365491421633582 0.0005
0.0008720775035181466 0.02483693466505336 0.0005
0.001061754013046955 0.02625535920162319 0.0005
0.001289365825357278 0.02795746865190111 0.0005
3 7 0 67
3899
3900
3901
3902
3903
3904
3905
3906
3907
3908
3909
3910
3911
3912
3913
3914
3915
3916
3917
3918
3919
3920
3921
3922
3923
3924
3925
3926
3927
3928
3929
3930
3931
3932
3933
3934
3935
3936
3937
3938
3939
3940
3941
3942
3943
3944
3945
3946
3947
3948
3949
3950
3951
3952
3953
3954
3955
3956
3957
3958
3959
3960
3961
3962
3963
3964
3965
-0.009375000000000005 0.031 0.0005
-0.009375000000000005 0.032 0.0005
-0.009375000000000005 0.033 0.0005
-0.009375000000000005 0.034 0.0005
-0.006250000000000005 0.031 0.0005
-0.006250000000000005 0.032 0.0005
-0.006250000000000005 0.033 0.0005
-0.006250000000000006 0.034 0.0005
-0.003125000000000007 0.031 0.0005
-0.003125000000000007 0.032 0.0005
-0.003125000000000007 0.033 0.0005
-0.003125000000000007 0.034 0.0005
-0.009375000000000005 0.031 0.00025
-0.009375000000000005 0.0305 0.0005
-0.0109375 0.031 0.0005
-0.009375000000000005 0.031 0.00075
-0.009375000000000005 0.032 0.00025
-0.009375000000000005 0.0315 0.0005
-0.0109375 0.032 0.0005
-0.009375000000000005 0.032 0.00075
-0.009375000000000005 0.033 0.00025
-0.009375000000000005 0.0325 0.0005
-0.0109375 0.033 0.0005
-0.009375000000000005 0.033 0.00075
-0.009375000000000005 0.034 0.00025
-0.009375000000000005 0.0335 0.0005
-0.0109375 0.034 0.0005
-0.009375000000000005 0.034 0.00075
-0.009375000000000005 0.0345 0.0005
-0.006250000000000005 0.031 0.00025
-0.006250000000000005 0.0305 0.0005
-0.007812500000000005 0.031 0.0005
-0.006250000000000005 0.031 0.00075
-0.006250000000000005 0.032 0.00025
-0.006250000000000005 0.0315 0.0005
-0.007812500000000005 0.032 0.0005
-0.006250000000000005 0.032 0.00075
-0.006250000000000005 0.033 0.00025
-0.006250000000000005 0.0325 0.0005
-0.007812500000000005 0.033 0.0005
-0.006250000000000005 0.033 0.00075
-0.006250000000000006 0.034 0.00025
-0.006250000000000006 0.0335 0.0005
-0.007812500000000005 0.034 0.0005
-0.006250000000000006 0.034 0.00075
-0.006250000000000006 0.0345 0.0005
-0.003125000000000007 0.031 0.00025
-0.003125000000000006 0.0305 0.0005
-0.004687500000000006 0.031 0.0005
-0.003125000000000007 0.031 0.00075
-0.003125000000000007 0.032 0.00025
-0.003125000000000007 0.0315 0.0005
-0.004687500000000006 0.032 0.0005
-0.003125000000000007 0.032 0.00075
-0.003125000000000007 0.033 0.00025
-0.003125000000000007 0.0325 0.0005
-0.004687500000000006 0.033 0.0005
-0.003125000000000007 0.033 0.00075
-0.003125000000000007 0.034 0.00025
-0.003125000000000007 0.0335 0.0005
-0.004687500000000006 0.034 0.0005
-0.003125000000000007 0.034 0.00075
-0.003125000000000007 0.0345 0.0005
-0.001562500000000003 0.031 0.0005
-0.001562500000000003 0.032 0.0005
-0.001562500000000003 0.033 0.0005
-0.001562500000000004 0.034 0.0005
3 8 0 67
3966
3967
3968
3969
3970
3971
3972
3973
3974
3975
3976
3977
3978
3979
3980
3981
3982
3983
3984
3985
3986
3987
3988
3989
3990
3991
3992
3993
3994
3995
3996
3997
3998
3999
4000
4001
4002
4003
4004
4005
4006
4007
4008
4009
4010
4011
4012
4013
4014
4015
4016
4017
4018
4019
4020
4021
4022
4023
4024
4025
4026
4027
4028
4029
4030
4031
4032
0.003124999999999995 0.031 0.0005
0.003124999999999996 0.032 0.0005
0.003124999999999996 0.033 0.0005
0.003124999999999995 0.034 0.0005
0.006249999999999996 0.031 0.0005
0.006249999999999996 0.032 0.0005
0.006249999999999996 0.033 0.0005
0.006249999999999996 0.034 0.0005
0.009374999999999994 0.031 0.0005
0.009374999999999994 0.032 0.0005
0.009374999999999994 0.033 0.0005
0.009374999999999994 0.034 0.0005
0.003124999999999995 0.031 0.00025
0.003124999999999996 0.0305 0.0005
0.001562499999999998 0.031 0.0005
0.003124999999999995 0.031 0.00075
0.003124999999999996 0.032 0.00025
0.003124999999999996 0.0315 0.0005
0.001562499999999998 0.032 0.0005
0.003124999999999996 0.032 0.00075
0.003124999999999996 0.033 0.00025
0.003124999999999996 0.0325 0.0005
0.001562499999999998 0.033 0.0005
0.003124999999999996 0.033 0.00075
0.003124999999999995 0.034 0.00025
0.003124999999999996 0.0335 0.0005
0.001562499999999998 0.034 0.0005
0.003124999999999995 0.034 0.00075
0.003124999999999996 0.0345 0.0005
0.006249999999999996 0.031 0.00025
0.006249999999999996 0.0305 0.0005
0.004687499999999995 0.031 0.0005
0.006249999999999996 0.031 0.00075
0.006249999999999996 0.032 0.00025
0.006249999999999996 0.0315 0.0005
0.004687499999999995 0.032 0.0005
0.006249999999999996 0.032 0.00075
0.006249999999999996 0.033 0.00025
0.006249999999999996 0.0325 0.0005
0.004687499999999995 0.033 0.0005
0.006249999999999996 0.033 0.00075
0.006249999999999996 0.034 0.00025
0.006249999999999996 0.0335 0.0005
0.004687499999999995 0.034 0.0005
0.006249999999999996 0.034 0.00075
0.006249999999999996 0.0345 0.0005
0.009374999999999994 0.031 0.00025
0.009374999999999994 0.0305 0.0005
0.007812499999999995 0.031 0.0005
0.009374999999999994 0.031 0.00075
0.009374999999999994 0.032 0.00025
0.009374999999999994 0.0315 0.0005
0.007812499999999995 0.032 0.0005
0.009374999999999994 0.032 0.00075
0.009374999999999994 0.033 0.00025
0.009374999999999994 0.0325 0.0005
0.007812499999999995 0.033 0.0005
0.009374999999999994 0.033 0.00075
0.009374999999999994 0.034 0.00025
0.009374999999999994 0.0335 0.0005
0.007812499999999995 0.034 0.0005
0.009374999999999994 0.034 0.00075
0.009374999999999994 0.0345 0.0005
0.0109375 0.031 0.0005
0.0109375 0.032 0.0005
0.0109375 0.033 0.0005
0.0109375 0.034 0.0005
$EndNodes
$Elements
28 1376 1 1376
2 1 16 20
1 1 37 607 63 40 619 620 68 
2 63 607 608 62 620 621 622 67 
3 62 608 609 61 622 623 624 66 
4 61 609 610 60 624 625 626 65 
5 60 610 55 4 626 627 59 64 
6 37 38 611 607 41 628 629 619 
7 607 611 612 608 629 630 631 621 
8 608 612 613 609 631 632 633 623 
9 609 613 614 610 633 634 635 625 
10 610 614 54 55 635 636 58 627 
11 38 39 615 611 42 637 638 628 
12 611 615 616 612 638 639 640 630 
13 612 616 617 613 640 641 642 632 
14 613 617 618 614 642 643 644 634 
15 614 618 53 54 644 645 57 636 
16 39 2 44 615 43 48 646 637 
17 615 44 45 616 646 49 647 639 
18 616 45 46 617 647 50 648 641 
19 617 46 47 618 648 51 649 643 
20 618 47 3 53 649 52 56 645 
2 5 16 20
21 2 69 650 44 72 662 663 48 
22 44 650 651 45 663 664 665 49 
23 45 651 652 46 665 666 667 50 
24 46 652 653 47 667 668 669 51 
25 47 653 87 3 669 670 91 52 
26 69 70 654 650 73 671 672 662 
27 650 654 655 651 672 673 674 664 
28 651 655 656 652 674 675 676 666 
29 652 656 657 653 676 677 678 668 
30 653 657 86 87 678 679 90 670 
31 70 71 658 654 74 680 681 671 
32 654 658 659 655 681 682 683 673 
33 655 659 660 656 683 684 685 675 
34 656 660 661 657 685 686 687 677 
35 657 661 85 86 687 688 89 679 
36 71 5 76 658 75 80 689 680 
37 658 76 77 659 689 81 690 682 
38 659 77 78 660 690 82 691 684 
39 660 78 79 661 691 83 692 686 
40 661 79 6 85 692 84 88 688 
2 9 16 64
41 14 154 693 169 161 742 743 176 
42 154 155 694 693 162 744 745 742 
43 155 156 695 694 163 746 747 744 
44 156 157 696 695 164 748 749 746 
45 157 158 697 696 165 750 751 748 
46 158 159 698 697 166 752 753 750 
47 159 160 699 698 167 754 755 752 
48 160 13 147 699 168 150 756 754 
49 169 693 700 170 743 757 758 177 
50 693 694 701 700 745 759 760 757 
51 694 695 702 701 747 761 762 759 
52 695 696 703 702 749 763 764 761 
53 696 697 704 703 751 765 766 763 
54 697 698 705 704 753 767 768 765 
55 698 699 706 705 755 769 770 767 
56 699 147 148 706 756 151 771 769 
57 170 700 707 171 758 772 773 178 
58 700 701 708 707 760 774 775 772 
59 701 702 709 708 762 776 777 774 
60 702 703 710 709 764 778 779 776 
61 703 704 711 710 766 780 781 778 
62 704 705 712 711 768 782 783 780 
63 705 706 713 712 770 784 785 782 
64 706 148 149 713 771 152 786 784 
65 171 707 714 172 773 787 788 179 
66 707 708 715 714 775 789 790 787 
67 708 709 716 715 777 791 792 789 
68 709 710 717 716 779 793 794 791 
69 710 711 718 717 781 795 796 793 
70 711 712 719 718 783 797 798 795 
71 712 713 720 719 785 799 800 797 
72 713 149 4 720 786 153 801 799 
73 172 714 721 173 788 802 803 180 
74 714 715 722 721 790 804 805 802 
75 715 716 723 722 792 806 807 804 
76 716 717 724 723 794 808 809 806 
77 717 718 725 724 796 810 811 808 
78 718 719 726 725 798 812 813 810 
79 719 720 727 726 800 814 815 812 
80 720 4 55 727 801 59 816 814 
81 173 721 728 174 803 817 818 181 
82 721 722 729 728 805 819 820 817 
83 722 723 730 729 807 821 822 819 
84 723 724 731 730 809 823 824 821 
85 724 725 732 731 811 825 826 823 
86 725 726 733 732 813 827 828 825 
87 726 727 734 733 815 829 830 827 
88 727 55 54 734 816 58 831 829 
89 174 728 735 175 818 832 833 182 
90 728 729 736 735 820 834 835 832 
91 729 730 737 736 822 836 837 834 
92 730 731 738 737 824 838 839 836 
93 731 732 739 738 826 840 841 838 
94 732 733 740 739 828 842 843 840 
95 733 734 741 740 830 844 845 842 
96 734 54 53 741 831 57 846 844 
97 175 735 190 15 833 847 198 183 
98 735 736 189 190 835 848 197 847 
99 736 737 188 189 837 849 196 848 
100 737 738 187 188 839 850 195 849 
101 738 739 186 187 841 851 194 850 
102 739 740 185 186 843 852 193 851 
103 740 741 184 185 845 853 192 852 
104 741 53 3 184 846 56 191 853 
2 13 16 64
105 15 190 854 199 198 903 904 206 
106 190 189 855 854 197 905 906 903 
107 189 188 856 855 196 907 908 905 
108 188 187 857 856 195 909 910 907 
109 187 186 858 857 194 911 912 909 
110 186 185 859 858 193 913 914 911 
111 185 184 860 859 192 915 916 913 
112 184 3 87 860 191 91 917 915 
113 199 854 861 200 904 918 919 207 
114 854 855 862 861 906 920 921 918 
115 855 856 863 862 908 922 923 920 
116 856 857 864 863 910 924 925 922 
117 857 858 865 864 912 926 927 924 
118 858 859 866 865 914 928 929 926 
119 859 860 867 866 916 930 931 928 
120 860 87 86 867 917 90 932 930 
121 200 861 868 201 919 933 934 208 
122 861 862 869 868 921 935 936 933 
123 862 863 870 869 923 937 938 935 
124 863 864 871 870 925 939 940 937 
125 864 865 872 871 927 941 942 939 
126 865 866 873 872 929 943 944 941 
127 866 867 874 873 931 945 946 943 
128 867 86 85 874 932 89 947 945 
129 201 868 875 202 934 948 949 209 
130 868 869 876 875 936 950 951 948 
131 869 870 877 876 938 952 953 950 
132 870 871 878 877 940 954 955 952 
133 871 872 879 878 942 956 957 954 
134 872 873 880 879 944 958 959 956 
135 873 874 881 880 946 960 961 958 
136 874 85 6 881 947 88 962 960 
137 202 875 882 203 949 963 964 210 
138 875 876 883 882 951 965 966 963 
139 876 877 884 883 953 967 968 965 
140 877 878 885 884 955 969 970 967 
141 878 879 886 885 957 971 972 969 
142 879 880 887 886 959 973 974 971 
143 880 881 888 887 961 975 976 973 
144 881 6 229 888 962 232 977 975 
145 203 882 889 204 964 978 979 211 
146 882 883 890 889 966 980 981 978 
147 883 884 891 890 968 982 983 980 
148 884 885 892 891 970 984 985 982 
149 885 886 893 892 972 986 987 984 
150 886 887 894 893 974 988 989 986 
151 887 888 895 894 976 990 991 988 
152 888 229 230 895 977 233 992 990 
153 204 889 896 205 979 993 994 212 
154 889 890 897 896 981 995 996 993 
155 890 891 898 897 983 997 998 995 
156 891 892 899 898 985 999 1000 997 
157 892 893 900 899 987 1001 1002 999 
158 893 894 901 900 989 1003 1004 1001 
159 894 895 902 901 991 1005 1006 1003 
160 895 230 231 902 992 234 1007 1005 
161 205 896 220 16 994 1008 228 213 
162 896 897 219 220 996 1009 227 1008 
163 897 898 218 219 998 1010 226 1009 
164 898 899 217 218 1000 1011 225 1010 
165 899 900 216 217 1002 1012 224 1011 
166 900 901 215 216 1004 1013 223 1012 
167 901 902 214 215 1006 1014 222 1013 
168 902 231 17 214 1007 235 221 1014 
2 17 16 64
169 14 264 1015 154 272 1064 1065 161 
170 154 1015 1016 155 1065 1066 1067 162 
171 155 1016 1017 156 1067 1068 1069 163 
172 156 1017 1018 157 1069 1070 1071 164 
173 157 1018 1019 158 1071 1072 1073 165 
174 158 1019 1020 159 1073 1074 1075 166 
175 159 1020 1021 160 1075 1076 1077 167 
176 160 1021 238 13 1077 1078 242 168 
177 264 263 1022 1015 271 1079 1080 1064 
178 1015 1022 1023 1016 1080 1081 1082 1066 
179 1016 1023 1024 1017 1082 1083 1084 1068 
180 1017 1024 1025 1018 1084 1085 1086 1070 
181 1018 1025 1026 1019 1086 1087 1088 1072 
182 1019 1026 1027 1020 1088 1089 1090 1074 
183 1020 1027 1028 1021 1090 1091 1092 1076 
184 1021 1028 237 238 1092 1093 241 1078 
185 263 262 1029 1022 270 1094 1095 1079 
186 1022 1029 1030 1023 1095 1096 1097 1081 
187 1023 1030 1031 1024 1097 1098 1099 1083 
188 1024 1031 1032 1025 1099 1100 1101 1085 
189 1025 1032 1033 1026 1101 1102 1103 1087 
190 1026 1033 1034 1027 1103 1104 1105 1089 
191 1027 1034 1035 1028 1105 1106 1107 1091 
192 1028 1035 236 237 1107 1108 240 1093 
193 262 261 1036 1029 269 1109 1110 1094 
194 1029 1036 1037 1030 1110 1111 1112 1096 
195 1030 1037 1038 1031 1112 1113 1114 1098 
196 1031 1038 1039 1032 1114 1115 1116 1100 
197 1032 1039 1040 1033 1116 1117 1118 1102 
198 1033 1040 1041 1034 1118 1119 1120 1104 
199 1034 1041 1042 1035 1120 1121 1122 1106 
200 1035 1042 8 236 1122 1123 239 1108 
201 261 260 1043 1036 268 1124 1125 1109 
202 1036 1043 1044 1037 1125 1126 1127 1111 
203 1037 1044 1045 1038 1127 1128 1129 1113 
204 1038 1045 1046 1039 1129 1130 1131 1115 
205 1039 1046 1047 1040 1131 1132 1133 1117 
206 1040 1047 1048 1041 1133 1134 1135 1119 
207 1041 1048 1049 1042 1135 1136 1137 1121 
208 1042 1049 94 8 1137 1138 98 1123 
209 260 259 1050 1043 267 1139 1140 1124 
210 1043 1050 1051 1044 1140 1141 1142 1126 
211 1044 1051 1052 1045 1142 1143 1144 1128 
212 1045 1052 1053 1046 1144 1145 1146 1130 
213 1046 1053 1054 1047 1146 1147 1148 1132 
214 1047 1054 1055 1048 1148 1149 1150 1134 
215 1048 1055 1056 1049 1150 1151 1152 1136 
216 1049 1056 93 94 1152 1153 97 1138 
217 259 258 1057 1050 266 1154 1155 1139 
218 1050 1057 1058 1051 1155 1156 1157 1141 
219 1051 1058 1059 1052 1157 1158 1159 1143 
220 1052 1059 1060 1053 1159 1160 1161 1145 
221 1053 1060 1061 1054 1161 1162 1163 1147 
222 1054 1061 1062 1055 1163 1164 1165 1149 
223 1055 1062 1063 1056 1165 1166 1167 1151 
224 1056 1063 92 93 1167 1168 96 1153 
225 258 18 243 1057 265 250 1169 1154 
226 1057 243 244 1058 1169 251 1170 1156 
227 1058 244 245 1059 1170 252 1171 1158 
228 1059 245 246 1060 1171 253 1172 1160 
229 1060 246 247 1061 1172 254 1173 1162 
230 1061 247 248 1062 1173 255 1174 1164 
231 1062 248 249 1063 1174 256 1175 1166 
232 1063 249 7 92 1175 257 95 1168 
2 21 16 64
233 16 220 1176 273 228 1225 1226 280 
234 220 219 1177 1176 227 1227 1228 1225 
235 219 218 1178 1177 226 1229 1230 1227 
236 218 217 1179 1178 225 1231 1232 1229 
237 217 216 1180 1179 224 1233 1234 1231 
238 216 215 1181 1180 223 1235 1236 1233 
239 215 214 1182 1181 222 1237 1238 1235 
240 214 17 288 1182 221 291 1239 1237 
241 273 1176 1183 274 1226 1240 1241 281 
242 1176 1177 1184 1183 1228 1242 1243 1240 
243 1177 1178 1185 1184 1230 1244 1245 1242 
244 1178 1179 1186 1185 1232 1246 1247 1244 
245 1179 1180 1187 1186 1234 1248 1249 1246 
246 1180 1181 1188 1187 1236 1250 1251 1248 
247 1181 1182 1189 1188 1238 1252 1253 1250 
248 1182 288 289 1189 1239 292 1254 1252 
249 274 1183 1190 275 1241 1255 1256 282 
250 1183 1184 1191 1190 1243 1257 1258 1255 
251 1184 1185 1192 1191 1245 1259 1260 1257 
252 1185 1186 1193 1192 1247 1261 1262 1259 
253 1186 1187 1194 1193 1249 1263 1264 1261 
254 1187 1188 1195 1194 1251 1265 1266 1263 
255 1188 1189 1196 1195 1253 1267 1268 1265 
256 1189 289 290 1196 1254 293 1269 1267 
257 275 1190 1197 276 1256 1270 1271 283 
258 1190 1191 1198 1197 1258 1272 1273 1270 
259 1191 1192 1199 1198 1260 1274 1275 1272 
260 1192 1193 1200 1199 1262 1276 1277 1274 
261 1193 1194 1201 1200 1264 1278 1279 1276 
262 1194 1195 1202 1201 1266 1280 1281 1278 
263 1195 1196 1203 1202 1268 1282 1283 1280 
264 1196 290 9 1203 1269 294 1284 1282 
265 276 1197 1204 277 1271 1285 1286 284 
266 1197 1198 1205 1204 1273 1287 1288 1285 
267 1198 1199 1206 1205 1275 1289 1290 1287 
268 1199 1200 1207 1206 1277 1291 1292 1289 
269 1200 1201 1208 1207 1279 1293 1294 1291 
270 1201 1202 1209 1208 1281 1295 1296 1293 
271 1202 1203 1210 1209 1283 1297 1298 1295 
272 1203 9 99 1210 1284 102 1299 1297 
273 277 1204 1211 278 1286 1300 1301 285 
274 1204 1205 1212 1211 1288 1302 1303 1300 
275 1205 1206 1213 1212 1290 1304 1305 1302 
276 1206 1207 1214 1213 1292 1306 1307 1304 
277 1207 1208 1215 1214 1294 1308 1309 1306 
278 1208 1209 1216 1215 1296 1310 1311 1308 
279 1209 1210 1217 1216 1298 1312 1313 1310 
280 1210 99 100 1217 1299 103 1314 1312 
281 278 1211 1218 279 1301 1315 1316 286 
282 1211 1212 1219 1218 1303 1317 1318 1315 
283 1212 1213 1220 1219 1305 1319 1320 1317 
284 1213 1214 1221 1220 1307 1321 1322 1319 
285 1214 1215 1222 1221 1309 1323 1324 1321 
286 1215 1216 1223 1222 1311 1325 1326 1323 
287 1216 1217 1224 1223 1313 1327 1328 1325 
288 1217 100 101 1224 1314 104 1329 1327 
289 279 1218 243 18 1316 1330 250 287 
290 1218 1219 244 243 1318 1331 251 1330 
291 1219 1220 245 244 1320 1332 252 1331 
292 1220 1221 246 245 1322 1333 253 1332 
293 1221 1222 247 246 1324 1334 254 1333 
294 1222 1223 248 247 1326 1335 255 1334 
295 1223 1224 249 248 1328 1336 256 1335 
296 1224 101 7 249 1329 105 257 1336 
2 25 16 20
297 8 94 1337 125 98 1349 1350 130 
298 125 1337 1338 124 1350 1351 1352 129 
299 124 1338 1339 123 1352 1353 1354 128 
300 123 1339 1340 122 1354 1355 1356 127 
301 122 1340 117 11 1356 1357 121 126 
302 94 93 1341 1337 97 1358 1359 1349 
303 1337 1341 1342 1338 1359 1360 1361 1351 
304 1338 1342 1343 1339 1361 1362 1363 1353 
305 1339 1343 1344 1340 1363 1364 1365 1355 
306 1340 1344 116 117 1365 1366 120 1357 
307 93 92 1345 1341 96 1367 1368 1358 
308 1341 1345 1346 1342 1368 1369 1370 1360 
309 1342 1346 1347 1343 1370 1371 1372 1362 
310 1343 1347 1348 1344 1372 1373 1374 1364 
311 1344 1348 115 116 1374 1375 119 1366 
312 92 7 106 1345 95 110 1376 1367 
313 1345 106 107 1346 1376 111 1377 1369 
314 1346 107 108 1347 1377 112 1378 1371 
315 1347 108 109 1348 1378 113 1379 1373 
316 1348 109 10 115 1379 114 118 1375 
2 29 16 20
317 7 101 1380 106 105 1392 1393 110 
318 106 1380 1381 107 1393 1394 1395 111 
319 107 1381 1382 108 1395 1396 1397 112 
320 108 1382 1383 109 1397 1398 1399 113 
321 109 1383 142 10 1399 1400 146 114 
322 101 100 1384 1380 104 1401 1402 1392 
323 1380 1384 1385 1381 1402 1403 1404 1394 
324 1381 1385 1386 1382 1404 1405 1406 1396 
325 1382 1386 1387 1383 1406 1407 1408 1398 
326 1383 1387 141 142 1408 1409 145 1400 
327 100 99 1388 1384 103 1410 1411 1401 
328 1384 1388 1389 1385 1411 1412 1413 1403 
329 1385 1389 1390 1386 1413 1414 1415 1405 
330 1386 1390 1391 1387 1415 1416 1417 1407 
331 1387 1391 140 141 1417 1418 144 1409 
332 99 9 131 1388 102 135 1419 1410 
333 1388 131 132 1389 1419 136 1420 1412 
334 1389 132 133 1390 1420 137 1421 1414 
335 1390 133 134 1391 1421 138 1422 1416 
336 1391 134 12 140 1422 139 143 1418 
2 30 16 8
337 1 37 1423 295 40 1426 1427 296 
338 295 1423 301 19 1427 1428 304 297 
339 37 38 1424 1423 41 1429 1430 1426 
340 1423 1424 302 301 1430 1431 305 1428 
341 38 39 1425 1424 42 1432 1433 1429 
342 1424 1425 303 302 1433 1434 306 1431 
343 39 2 298 1425 43 299 1435 1432 
344 1425 298 20 303 1435 300 307 1434 
2 34 16 20
345 19 301 1483 333 304 1495 1496 338 
346 333 1483 1484 332 1496 1497 1498 337 
347 332 1484 1485 331 1498 1499 1500 336 
348 331 1485 1486 330 1500 1501 1502 335 
349 330 1486 325 22 1502 1503 329 334 
350 301 302 1487 1483 305 1504 1505 1495 
351 1483 1487 1488 1484 1505 1506 1507 1497 
352 1484 1488 1489 1485 1507 1508 1509 1499 
353 1485 1489 1490 1486 1509 1510 1511 1501 
354 1486 1490 324 325 1511 1512 328 1503 
355 302 303 1491 1487 306 1513 1514 1504 
356 1487 1491 1492 1488 1514 1515 1516 1506 
357 1488 1492 1493 1489 1516 1517 1518 1508 
358 1489 1493 1494 1490 1518 1519 1520 1510 
359 1490 1494 323 324 1520 1521 327 1512 
360 303 20 311 1491 307 315 1522 1513 
361 1491 311 312 1492 1522 316 1523 1515 
362 1492 312 313 1493 1523 317 1524 1517 
363 1493 313 314 1494 1524 318 1525 1519 
364 1494 314 21 323 1525 319 326 1521 
2 35 16 8
365 2 69 1526 298 72 1529 1530 299 
366 298 1526 342 20 1530 1531 345 300 
367 69 70 1527 1526 73 1532 1533 1529 
368 1526 1527 343 342 1533 1534 346 1531 
369 70 71 1528 1527 74 1535 1536 1532 
370 1527 1528 344 343 1536 1537 347 1534 
371 71 5 339 1528 75 340 1538 1535 
372 1528 339 23 344 1538 341 348 1537 
2 38 16 20
373 20 342 1569 311 345 1581 1582 315 
374 311 1569 1570 312 1582 1583 1584 316 
375 312 1570 1571 313 1584 1585 1586 317 
376 313 1571 1572 314 1586 1587 1588 318 
377 314 1572 363 21 1588 1589 367 319 
378 342 343 1573 1569 346 1590 1591 1581 
379 1569 1573 1574 1570 1591 1592 1593 1583 
380 1570 1574 1575 1571 1593 1594 1595 1585 
381 1571 1575 1576 1572 1595 1596 1597 1587 
382 1572 1576 362 363 1597 1598 366 1589 
383 343 344 1577 1573 347 1599 1600 1590 
384 1573 1577 1578 1574 1600 1601 1602 1592 
385 1574 1578 1579 1575 1602 1603 1604 1594 
386 1575 1579 1580 1576 1604 1605 1606 1596 
387 1576 1580 361 362 1606 1607 365 1598 
388 344 23 352 1577 348 356 1608 1599 
389 1577 352 353 1578 1608 357 1609 1601 
390 1578 353 354 1579 1609 358 1610 1603 
391 1579 354 355 1580 1610 359 1611 1605 
392 1580 355 24 361 1611 360 364 1607 
2 43 16 64
393 26 381 1712 399 388 1761 1762 406 
394 381 382 1713 1712 389 1763 1764 1761 
395 382 383 1714 1713 390 1765 1766 1763 
396 383 384 1715 1714 391 1767 1768 1765 
397 384 385 1716 1715 392 1769 1770 1767 
398 385 386 1717 1716 393 1771 1772 1769 
399 386 387 1718 1717 394 1773 1774 1771 
400 387 25 371 1718 395 374 1775 1773 
401 399 1712 1719 400 1762 1776 1777 407 
402 1712 1713 1720 1719 1764 1778 1779 1776 
403 1713 1714 1721 1720 1766 1780 1781 1778 
404 1714 1715 1722 1721 1768 1782 1783 1780 
405 1715 1716 1723 1722 1770 1784 1785 1782 
406 1716 1717 1724 1723 1772 1786 1787 1784 
407 1717 1718 1725 1724 1774 1788 1789 1786 
408 1718 371 372 1725 1775 375 1790 1788 
409 400 1719 1726 401 1777 1791 1792 408 
410 1719 1720 1727 1726 1779 1793 1794 1791 
411 1720 1721 1728 1727 1781 1795 1796 1793 
412 1721 1722 1729 1728 1783 1797 1798 1795 
413 1722 1723 1730 1729 1785 1799 1800 1797 
414 1723 1724 1731 1730 1787 1801 1802 1799 
415 1724 1725 1732 1731 1789 1803 1804 1801 
416 1725 372 373 1732 1790 376 1805 1803 
417 401 1726 1733 402 1792 1806 1807 409 
418 1726 1727 1734 1733 1794 1808 1809 1806 
419 1727 1728 1735 1734 1796 1810 1811 1808 
420 1728 1729 1736 1735 1798 1812 1813 1810 
421 1729 1730 1737 1736 1800 1814 1815 1812 
422 1730 1731 1738 1737 1802 1816 1817 1814 
423 1731 1732 1739 1738 1804 1818 1819 1816 
424 1732 373 22 1739 1805 377 1820 1818 
425 402 1733 1740 403 1807 1821 1822 410 
426 1733 1734 1741 1740 1809 1823 1824 1821 
427 1734 1735 1742 1741 1811 1825 1826 1823 
428 1735 1736 1743 1742 1813 1827 1828 1825 
429 1736 1737 1744 1743 1815 1829 1830 1827 
430 1737 1738 1745 1744 1817 1831 1832 1829 
431 1738 1739 1746 1745 1819 1833 1834 1831 
432 1739 22 325 1746 1820 329 1835 1833 
433 403 1740 1747 404 1822 1836 1837 411 
434 1740 1741 1748 1747 1824 1838 1839 1836 
435 1741 1742 1749 1748 1826 1840 1841 1838 
436 1742 1743 1750 1749 1828 1842 1843 1840 
437 1743 1744 1751 1750 1830 1844 1845 1842 
438 1744 1745 1752 1751 1832 1846 1847 1844 
439 1745 1746 1753 1752 1834 1848 1849 1846 
440 1746 325 324 1753 1835 328 1850 1848 
441 404 1747 1754 405 1837 1851 1852 412 
442 1747 1748 1755 1754 1839 1853 1854 1851 
443 1748 1749 1756 1755 1841 1855 1856 1853 
444 1749 1750 1757 1756 1843 1857 1858 1855 
445 1750 1751 1758 1757 1845 1859 1860 1857 
446 1751 1752 1759 1758 1847 1861 1862 1859 
447 1752 1753 1760 1759 1849 1863 1864 1861 
448 1753 324 323 1760 1850 327 1865 1863 
449 405 1754 420 27 1852 1866 428 413 
450 1754 1755 419 420 1854 1867 427 1866 
451 1755 1756 418 419 1856 1868 426 1867 
452 1756 1757 417 418 1858 1869 425 1868 
453 1757 1758 416 417 1860 1870 424 1869 
454 1758 1759 415 416 1862 1871 423 1870 
455 1759 1760 414 415 1864 1872 422 1871 
456 1760 323 21 414 1865 326 421 1872 
2 47 16 64
457 27 420 1944 432 428 1993 1994 439 
458 420 419 1945 1944 427 1995 1996 1993 
459 419 418 1946 1945 426 1997 1998 1995 
460 418 417 1947 1946 425 1999 2000 1997 
461 417 416 1948 1947 424 2001 2002 1999 
462 416 415 1949 1948 423 2003 2004 2001 
463 415 414 1950 1949 422 2005 2006 2003 
464 414 21 363 1950 421 367 2007 2005 
465 432 1944 1951 433 1994 2008 2009 440 
466 1944 1945 1952 1951 1996 2010 2011 2008 
467 1945 1946 1953 1952 1998 2012 2013 2010 
468 1946 1947 1954 1953 2000 2014 2015 2012 
469 1947 1948 1955 1954 2002 2016 2017 2014 
470 1948 1949 1956 1955 2004 2018 2019 2016 
471 1949 1950 1957 1956 2006 2020 2021 2018 
472 1950 363 362 1957 2007 366 2022 2020 
473 433 1951 1958 434 2009 2023 2024 441 
474 1951 1952 1959 1958 2011 2025 2026 2023 
475 1952 1953 1960 1959 2013 2027 2028 2025 
476 1953 1954 1961 1960 2015 2029 2030 2027 
477 1954 1955 1962 1961 2017 2031 2032 2029 
478 1955 1956 1963 1962 2019 2033 2034 2031 
479 1956 1957 1964 1963 2021 2035 2036 2033 
480 1957 362 361 1964 2022 365 2037 2035 
481 434 1958 1965 435 2024 2038 2039 442 
482 1958 1959 1966 1965 2026 2040 2041 2038 
483 1959 1960 1967 1966 2028 2042 2043 2040 
484 1960 1961 1968 1967 2030 2044 2045 2042 
485 1961 1962 1969 1968 2032 2046 2047 2044 
486 1962 1963 1970 1969 2034 2048 2049 2046 
487 1963 1964 1971 1970 2036 2050 2051 2048 
488 1964 361 24 1971 2037 364 2052 2050 
489 435 1965 1972 436 2039 2053 2054 443 
490 1965 1966 1973 1972 2041 2055 2056 2053 
491 1966 1967 1974 1973 2043 2057 2058 2055 
492 1967 1968 1975 1974 2045 2059 2060 2057 
493 1968 1969 1976 1975 2047 2061 2062 2059 
494 1969 1970 1977 1976 2049 2063 2064 2061 
495 1970 1971 1978 1977 2051 2065 2066 2063 
496 1971 24 465 1978 2052 468 2067 2065 
497 436 1972 1979 437 2054 2068 2069 444 
498 1972 1973 1980 1979 2056 2070 2071 2068 
499 1973 1974 1981 1980 2058 2072 2073 2070 
500 1974 1975 1982 1981 2060 2074 2075 2072 
501 1975 1976 1983 1982 2062 2076 2077 2074 
502 1976 1977 1984 1983 2064 2078 2079 2076 
503 1977 1978 1985 1984 2066 2080 2081 2078 
504 1978 465 466 1985 2067 469 2082 2080 
505 437 1979 1986 438 2069 2083 2084 445 
506 1979 1980 1987 1986 2071 2085 2086 2083 
507 1980 1981 1988 1987 2073 2087 2088 2085 
508 1981 1982 1989 1988 2075 2089 2090 2087 
509 1982 1983 1990 1989 2077 2091 2092 2089 
510 1983 1984 1991 1990 2079 2093 2094 2091 
511 1984 1985 1992 1991 2081 2095 2096 2093 
512 1985 466 467 1992 2082 470 2097 2095 
513 438 1986 456 28 2084 2098 464 446 
514 1986 1987 455 456 2086 2099 463 2098 
515 1987 1988 454 455 2088 2100 462 2099 
516 1988 1989 453 454 2090 2101 461 2100 
517 1989 1990 452 453 2092 2102 460 2101 
518 1990 1991 451 452 2094 2103 459 2102 
519 1991 1992 450 451 2096 2104 458 2103 
520 1992 467 29 450 2097 471 457 2104 
2 52 16 64
521 26 516 2189 381 524 2238 2239 388 
522 381 2189 2190 382 2239 2240 2241 389 
523 382 2190 2191 383 2241 2242 2243 390 
524 383 2191 2192 384 2243 2244 2245 391 
525 384 2192 2193 385 2245 2246 2247 392 
526 385 2193 2194 386 2247 2248 2249 393 
527 386 2194 2195 387 2249 2250 2251 394 
528 387 2195 477 25 2251 2252 481 395 
529 516 515 2196 2189 523 2253 2254 2238 
530 2189 2196 2197 2190 2254 2255 2256 2240 
531 2190 2197 2198 2191 2256 2257 2258 2242 
532 2191 2198 2199 2192 2258 2259 2260 2244 
533 2192 2199 2200 2193 2260 2261 2262 2246 
534 2193 2200 2201 2194 2262 2263 2264 2248 
535 2194 2201 2202 2195 2264 2265 2266 2250 
536 2195 2202 476 477 2266 2267 480 2252 
537 515 514 2203 2196 522 2268 2269 2253 
538 2196 2203 2204 2197 2269 2270 2271 2255 
539 2197 2204 2205 2198 2271 2272 2273 2257 
540 2198 2205 2206 2199 2273 2274 2275 2259 
541 2199 2206 2207 2200 2275 2276 2277 2261 
542 2200 2207 2208 2201 2277 2278 2279 2263 
543 2201 2208 2209 2202 2279 2280 2281 2265 
544 2202 2209 475 476 2281 2282 479 2267 
545 514 513 2210 2203 521 2283 2284 2268 
546 2203 2210 2211 2204 2284 2285 2286 2270 
547 2204 2211 2212 2205 2286 2287 2288 2272 
548 2205 2212 2213 2206 2288 2289 2290 2274 
549 2206 2213 2214 2207 2290 2291 2292 2276 
550 2207 2214 2215 2208 2292 2293 2294 2278 
551 2208 2215 2216 2209 2294 2295 2296 2280 
552 2209 2216 30 475 2296 2297 478 2282 
553 513 512 2217 2210 520 2298 2299 2283 
554 2210 2217 2218 2211 2299 2300 2301 2285 
555 2211 2218 2219 2212 2301 2302 2303 2287 
556 2212 2219 2220 2213 2303 2304 2305 2289 
557 2213 2220 2221 2214 2305 2306 2307 2291 
558 2214 2221 2222 2215 2307 2308 2309 2293 
559 2215 2222 2223 2216 2309 2310 2311 2295 
560 2216 2223 487 30 2311 2312 491 2297 
561 512 511 2224 2217 519 2313 2314 2298 
562 2217 2224 2225 2218 2314 2315 2316 2300 
563 2218 2225 2226 2219 2316 2317 2318 2302 
564 2219 2226 2227 2220 2318 2319 2320 2304 
565 2220 2227 2228 2221 2320 2321 2322 2306 
566 2221 2228 2229 2222 2322 2323 2324 2308 
567 2222 2229 2230 2223 2324 2325 2326 2310 
568 2223 2230 486 487 2326 2327 490 2312 
569 511 510 2231 2224 518 2328 2329 2313 
570 2224 2231 2232 2225 2329 2330 2331 2315 
571 2225 2232 2233 2226 2331 2332 2333 2317 
572 2226 2233 2234 2227 2333 2334 2335 2319 
573 2227 2234 2235 2228 2335 2336 2337 2321 
574 2228 2235 2236 2229 2337 2338 2339 2323 
575 2229 2236 2237 2230 2339 2340 2341 2325 
576 2230 2237 485 486 2341 2342 489 2327 
577 510 32 495 2231 517 502 2343 2328 
578 2231 495 496 2232 2343 503 2344 2330 
579 2232 496 497 2233 2344 504 2345 2332 
580 2233 497 498 2234 2345 505 2346 2334 
581 2234 498 499 2235 2346 506 2347 2336 
582 2235 499 500 2236 2347 507 2348 2338 
583 2236 500 501 2237 2348 508 2349 2340 
584 2237 501 31 485 2349 509 488 2342 
2 56 16 64
585 28 456 2405 525 464 2454 2455 532 
586 456 455 2406 2405 463 2456 2457 2454 
587 455 454 2407 2406 462 2458 2459 2456 
588 454 453 2408 2407 461 2460 2461 2458 
589 453 452 2409 2408 460 2462 2463 2460 
590 452 451 2410 2409 459 2464 2465 2462 
591 451 450 2411 2410 458 2466 2467 2464 
592 450 29 550 2411 457 553 2468 2466 
593 525 2405 2412 526 2455 2469 2470 533 
594 2405 2406 2413 2412 2457 2471 2472 2469 
595 2406 2407 2414 2413 2459 2473 2474 2471 
596 2407 2408 2415 2414 2461 2475 2476 2473 
597 2408 2409 2416 2415 2463 2477 2478 2475 
598 2409 2410 2417 2416 2465 2479 2480 2477 
599 2410 2411 2418 2417 2467 2481 2482 2479 
600 2411 550 551 2418 2468 554 2483 2481 
601 526 2412 2419 527 2470 2484 2485 534 
602 2412 2413 2420 2419 2472 2486 2487 2484 
603 2413 2414 2421 2420 2474 2488 2489 2486 
604 2414 2415 2422 2421 2476 2490 2491 2488 
605 2415 2416 2423 2422 2478 2492 2493 2490 
606 2416 2417 2424 2423 2480 2494 2495 2492 
607 2417 2418 2425 2424 2482 2496 2497 2494 
608 2418 551 552 2425 2483 555 2498 2496 
609 527 2419 2426 528 2485 2499 2500 535 
610 2419 2420 2427 2426 2487 2501 2502 2499 
611 2420 2421 2428 2427 2489 2503 2504 2501 
612 2421 2422 2429 2428 2491 2505 2506 2503 
613 2422 2423 2430 2429 2493 2507 2508 2505 
614 2423 2424 2431 2430 2495 2509 2510 2507 
615 2424 2425 2432 2431 2497 2511 2512 2509 
616 2425 552 33 2432 2498 556 2513 2511 
617 528 2426 2433 529 2500 2514 2515 536 
618 2426 2427 2434 2433 2502 2516 2517 2514 
619 2427 2428 2435 2434 2504 2518 2519 2516 
620 2428 2429 2436 2435 2506 2520 2521 2518 
621 2429 2430 2437 2436 2508 2522 2523 2520 
622 2430 2431 2438 2437 2510 2524 2525 2522 
623 2431 2432 2439 2438 2512 2526 2527 2524 
624 2432 33 543 2439 2513 546 2528 2526 
625 529 2433 2440 530 2515 2529 2530 537 
626 2433 2434 2441 2440 2517 2531 2532 2529 
627 2434 2435 2442 2441 2519 2533 2534 2531 
628 2435 2436 2443 2442 2521 2535 2536 2533 
629 2436 2437 2444 2443 2523 2537 2538 2535 
630 2437 2438 2445 2444 2525 2539 2540 2537 
631 2438 2439 2446 2445 2527 2541 2542 2539 
632 2439 543 544 2446 2528 547 2543 2541 
633 530 2440 2447 531 2530 2544 2545 538 
634 2440 2441 2448 2447 2532 2546 2547 2544 
635 2441 2442 2449 2448 2534 2548 2549 2546 
636 2442 2443 2450 2449 2536 2550 2551 2548 
637 2443 2444 2451 2450 2538 2552 2553 2550 
638 2444 2445 2452 2451 2540 2554 2555 2552 
639 2445 2446 2453 2452 2542 2556 2557 2554 
640 2446 544 545 2453 2543 548 2558 2556 
641 531 2447 495 32 2545 2559 502 539 
642 2447 2448 496 495 2547 2560 503 2559 
643 2448 2449 497 496 2549 2561 504 2560 
644 2449 2450 498 497 2551 2562 505 2561 
645 2450 2451 499 498 2553 2563 506 2562 
646 2451 2452 500 499 2555 2564 507 2563 
647 2452 2453 501 500 2557 2565 508 2564 
648 2453 545 31 501 2558 549 509 2565 
2 58 16 8
649 10 115 2583 557 118 2586 2587 558 
650 557 2583 572 34 2587 2588 575 559 
651 115 116 2584 2583 119 2589 2590 2586 
652 2583 2584 573 572 2590 2591 576 2588 
653 116 117 2585 2584 120 2592 2593 2589 
654 2584 2585 574 573 2593 2594 577 2591 
655 117 11 569 2585 121 570 2595 2592 
656 2585 569 35 574 2595 571 578 2594 
2 60 16 20
657 30 487 2613 582 491 2625 2626 587 
658 582 2613 2614 581 2626 2627 2628 586 
659 581 2614 2615 580 2628 2629 2630 585 
660 580 2615 2616 579 2630 2631 2632 584 
661 579 2616 574 35 2632 2633 578 583 
662 487 486 2617 2613 490 2634 2635 2625 
663 2613 2617 2618 2614 2635 2636 2637 2627 
664 2614 2618 2619 2615 2637 2638 2639 2629 
665 2615 2619 2620 2616 2639 2640 2641 2631 
666 2616 2620 573 574 2641 2642 577 2633 
667 486 485 2621 2617 489 2643 2644 2634 
668 2617 2621 2622 2618 2644 2645 2646 2636 
669 2618 2622 2623 2619 2646 2647 2648 2638 
670 2619 2623 2624 2620 2648 2649 2650 2640 
671 2620 2624 572 573 2650 2651 576 2642 
672 485 31 560 2621 488 564 2652 2643 
673 2621 560 561 2622 2652 565 2653 2645 
674 2622 561 562 2623 2653 566 2654 2647 
675 2623 562 563 2624 2654 567 2655 2649 
676 2624 563 34 572 2655 568 575 2651 
2 62 16 8
677 12 140 2673 588 143 2676 2677 589 
678 588 2673 600 36 2677 2678 603 590 
679 140 141 2674 2673 144 2679 2680 2676 
680 2673 2674 601 600 2680 2681 604 2678 
681 141 142 2675 2674 145 2682 2683 2679 
682 2674 2675 602 601 2683 2684 605 2681 
683 142 10 557 2675 146 558 2685 2682 
684 2675 557 34 602 2685 559 606 2684 
2 63 16 20
685 31 545 2686 560 549 2698 2699 564 
686 560 2686 2687 561 2699 2700 2701 565 
687 561 2687 2688 562 2701 2702 2703 566 
688 562 2688 2689 563 2703 2704 2705 567 
689 563 2689 602 34 2705 2706 606 568 
690 545 544 2690 2686 548 2707 2708 2698 
691 2686 2690 2691 2687 2708 2709 2710 2700 
692 2687 2691 2692 2688 2710 2711 2712 2702 
693 2688 2692 2693 2689 2712 2713 2714 2704 
694 2689 2693 601 602 2714 2715 605 2706 
695 544 543 2694 2690 547 2716 2717 2707 
696 2690 2694 2695 2691 2717 2718 2719 2709 
697 2691 2695 2696 2692 2719 2720 2721 2711 
698 2692 2696 2697 2693 2721 2722 2723 2713 
699 2693 2697 600 601 2723 2724 604 2715 
700 543 33 591 2694 546 595 2725 2716 
701 2694 591 592 2695 2725 596 2726 2718 
702 2695 592 593 2696 2726 597 2727 2720 
703 2696 593 594 2697 2727 598 2728 2722 
704 2697 594 36 600 2728 599 603 2724 
3 1 17 40
705 1 37 607 63 295 1423 2729 1469 40 68 296 619 1426 620 2741 1479 1427 1482 2742 2743 
706 295 1423 2729 1469 19 301 1483 333 1427 1482 297 2742 1428 2743 2744 1481 304 338 1495 1496 
707 63 607 608 62 1469 2729 2730 1468 620 67 1479 621 2741 622 2745 1476 2743 1480 2746 2747 
708 1469 2729 2730 1468 333 1483 1484 332 2743 1480 1481 2746 2744 2747 2748 1478 1496 337 1497 1498 
709 62 608 609 61 1468 2730 2731 1467 622 66 1476 623 2745 624 2749 1473 2747 1477 2750 2751 
710 1468 2730 2731 1467 332 1484 1485 331 2747 1477 1478 2750 2748 2751 2752 1475 1498 336 1499 1500 
711 61 609 610 60 1467 2731 2732 1466 624 65 1473 625 2749 626 2753 1470 2751 1474 2754 2755 
712 1467 2731 2732 1466 331 1485 1486 330 2751 1474 1475 2754 2752 2755 2756 1472 1500 335 1501 1502 
713 60 610 55 4 1466 2732 1455 320 626 64 1470 627 2753 59 1462 321 2755 1471 2757 1465 
714 1466 2732 1455 320 330 1486 325 22 2755 1471 1472 2757 2756 1465 1464 322 1502 334 1503 329 
715 37 38 611 607 1423 1424 2733 2729 41 619 1426 628 1429 629 2758 2741 1430 2742 2759 2760 
716 1423 1424 2733 2729 301 302 1487 1483 1430 2742 1428 2759 1431 2760 2761 2744 305 1495 1504 1505 
717 607 611 612 608 2729 2733 2734 2730 629 621 2741 630 2758 631 2762 2745 2760 2746 2763 2764 
718 2729 2733 2734 2730 1483 1487 1488 1484 2760 2746 2744 2763 2761 2764 2765 2748 1505 1497 1506 1507 
719 608 612 613 609 2730 2734 2735 2731 631 623 2745 632 2762 633 2766 2749 2764 2750 2767 2768 
720 2730 2734 2735 2731 1484 1488 1489 1485 2764 2750 2748 2767 2765 2768 2769 2752 1507 1499 1508 1509 
721 609 613 614 610 2731 2735 2736 2732 633 625 2749 634 2766 635 2770 2753 2768 2754 2771 2772 
722 2731 2735 2736 2732 1485 1489 1490 1486 2768 2754 2752 2771 2769 2772 2773 2756 1509 1501 1510 1511 
723 610 614 54 55 2732 2736 1454 1455 635 627 2753 636 2770 58 1459 1462 2772 2757 2774 1463 
724 2732 2736 1454 1455 1486 1490 324 325 2772 2757 2756 2774 2773 1463 1461 1464 1511 1503 1512 328 
725 38 39 615 611 1424 1425 2737 2733 42 628 1429 637 1432 638 2775 2758 1433 2759 2776 2777 
726 1424 1425 2737 2733 302 303 1491 1487 1433 2759 1431 2776 1434 2777 2778 2761 306 1504 1513 1514 
727 611 615 616 612 2733 2737 2738 2734 638 630 2758 639 2775 640 2779 2762 2777 2763 2780 2781 
728 2733 2737 2738 2734 1487 1491 1492 1488 2777 2763 2761 2780 2778 2781 2782 2765 1514 1506 1515 1516 
729 612 616 617 613 2734 2738 2739 2735 640 632 2762 641 2779 642 2783 2766 2781 2767 2784 2785 
730 2734 2738 2739 2735 1488 1492 1493 1489 2781 2767 2765 2784 2782 2785 2786 2769 1516 1508 1517 1518 
731 613 617 618 614 2735 2739 2740 2736 642 634 2766 643 2783 644 2787 2770 2785 2771 2788 2789 
732 2735 2739 2740 2736 1489 1493 1494 1490 2785 2771 2769 2788 2786 2789 2790 2773 1518 1510 1519 1520 
733 614 618 53 54 2736 2740 1453 1454 644 636 2770 645 2787 57 1456 1459 2789 2774 2791 1460 
734 2736 2740 1453 1454 1490 1494 323 324 2789 2774 2773 2791 2790 1460 1458 1461 1520 1512 1521 327 
735 39 2 44 615 1425 298 1436 2737 43 637 1432 48 299 646 1440 2775 1435 2776 1441 2792 
736 1425 298 1436 2737 303 20 311 1491 1435 2776 1434 1441 300 2792 1442 2778 307 1513 315 1522 
737 615 44 45 616 2737 1436 1437 2738 646 639 2775 49 1440 647 1443 2779 2792 2780 1444 2793 
738 2737 1436 1437 2738 1491 311 312 1492 2792 2780 2778 1444 1442 2793 1445 2782 1522 1515 316 1523 
739 616 45 46 617 2738 1437 1438 2739 647 641 2779 50 1443 648 1446 2783 2793 2784 1447 2794 
740 2738 1437 1438 2739 1492 312 313 1493 2793 2784 2782 1447 1445 2794 1448 2786 1523 1517 317 1524 
741 617 46 47 618 2739 1438 1439 2740 648 643 2783 51 1446 649 1449 2787 2794 2788 1450 2795 
742 2739 1438 1439 2740 1493 313 314 1494 2794 2788 2786 1450 1448 2795 1451 2790 1524 1519 318 1525 
743 618 47 3 53 2740 1439 308 1453 649 645 2787 52 1449 56 309 1456 2795 2791 1452 1457 
744 2740 1439 308 1453 1494 314 21 323 2795 2791 2790 1452 1451 1457 310 1458 1525 1521 319 326 
3 2 17 40
745 2 69 650 44 298 1526 2796 1436 72 48 299 662 1529 663 2808 1440 1530 1441 2809 2810 
746 298 1526 2796 1436 20 342 1569 311 1530 1441 300 2809 1531 2810 2811 1442 345 315 1581 1582 
747 44 650 651 45 1436 2796 2797 1437 663 49 1440 664 2808 665 2812 1443 2810 1444 2813 2814 
748 1436 2796 2797 1437 311 1569 1570 312 2810 1444 1442 2813 2811 2814 2815 1445 1582 316 1583 1584 
749 45 651 652 46 1437 2797 2798 1438 665 50 1443 666 2812 667 2816 1446 2814 1447 2817 2818 
750 1437 2797 2798 1438 312 1570 1571 313 2814 1447 1445 2817 2815 2818 2819 1448 1584 317 1585 1586 
751 46 652 653 47 1438 2798 2799 1439 667 51 1446 668 2816 669 2820 1449 2818 1450 2821 2822 
752 1438 2798 2799 1439 313 1571 1572 314 2818 1450 1448 2821 2819 2822 2823 1451 1586 318 1587 1588 
753 47 653 87 3 1439 2799 1558 308 669 52 1449 670 2820 91 1565 309 2822 1452 2824 1568 
754 1439 2799 1558 308 314 1572 363 21 2822 1452 1451 2824 2823 1568 1567 310 1588 319 1589 367 
755 69 70 654 650 1526 1527 2800 2796 73 662 1529 671 1532 672 2825 2808 1533 2809 2826 2827 
756 1526 1527 2800 2796 342 343 1573 1569 1533 2809 1531 2826 1534 2827 2828 2811 346 1581 1590 1591 
757 650 654 655 651 2796 2800 2801 2797 672 664 2808 673 2825 674 2829 2812 2827 2813 2830 2831 
758 2796 2800 2801 2797 1569 1573 1574 1570 2827 2813 2811 2830 2828 2831 2832 2815 1591 1583 1592 1593 
759 651 655 656 652 2797 2801 2802 2798 674 666 2812 675 2829 676 2833 2816 2831 2817 2834 2835 
760 2797 2801 2802 2798 1570 1574 1575 1571 2831 2817 2815 2834 2832 2835 2836 2819 1593 1585 1594 1595 
761 652 656 657 653 2798 2802 2803 2799 676 668 2816 677 2833 678 2837 2820 2835 2821 2838 2839 
762 2798 2802 2803 2799 1571 1575 1576 1572 2835 2821 2819 2838 2836 2839 2840 2823 1595 1587 1596 1597 
763 653 657 86 87 2799 2803 1557 1558 678 670 2820 679 2837 90 1562 1565 2839 2824 2841 1566 
764 2799 2803 1557 1558 1572 1576 362 363 2839 2824 2823 2841 2840 1566 1564 1567 1597 1589 1598 366 
765 70 71 658 654 1527 1528 2804 2800 74 671 1532 680 1535 681 2842 2825 1536 2826 2843 2844 
766 1527 1528 2804 2800 343 344 1577 1573 1536 2826 1534 2843 1537 2844 2845 2828 347 1590 1599 1600 
767 654 658 659 655 2800 2804 2805 2801 681 673 2825 682 2842 683 2846 2829 2844 2830 2847 2848 
768 2800 2804 2805 2801 1573 1577 1578 1574 2844 2830 2828 2847 2845 2848 2849 2832 1600 1592 1601 1602 
769 655 659 660 656 2801 2805 2806 2802 683 675 2829 684 2846 685 2850 2833 2848 2834 2851 2852 
770 2801 2805 2806 2802 1574 1578 1579 1575 2848 2834 2832 2851 2849 2852 2853 2836 1602 1594 1603 1604 
771 656 660 661 657 2802 2806 2807 2803 685 677 2833 686 2850 687 2854 2837 2852 2838 2855 2856 
772 2802 2806 2807 2803 1575 1579 1580 1576 2852 2838 2836 2855 2853 2856 2857 2840 1604 1596 1605 1606 
773 657 661 85 86 2803 2807 1556 1557 687 679 2837 688 2854 89 1559 1562 2856 2841 2858 1563 
774 2803 2807 1556 1557 1576 1580 361 362 2856 2841 2840 2858 2857 1563 1561 1564 1606 1598 1607 365 
775 71 5 76 658 1528 339 1539 2804 75 680 1535 80 340 689 1543 2842 1538 2843 1544 2859 
776 1528 339 1539 2804 344 23 352 1577 1538 2843 1537 1544 341 2859 1545 2845 348 1599 356 1608 
777 658 76 77 659 2804 1539 1540 2805 689 682 2842 81 1543 690 1546 2846 2859 2847 1547 2860 
778 2804 1539 1540 2805 1577 352 353 1578 2859 2847 2845 1547 1545 2860 1548 2849 1608 1601 357 1609 
779 659 77 78 660 2805 1540 1541 2806 690 684 2846 82 1546 691 1549 2850 2860 2851 1550 2861 
780 2805 1540 1541 2806 1578 353 354 1579 2860 2851 2849 1550 1548 2861 1551 2853 1609 1603 358 1610 
781 660 78 79 661 2806 1541 1542 2807 691 686 2850 83 1549 692 1552 2854 2861 2855 1553 2862 
782 2806 1541 1542 2807 1579 354 355 1580 2861 2855 2853 1553 1551 2862 1554 2857 1610 1605 359 1611 
783 661 79 6 85 2807 1542 349 1556 692 688 2854 84 1552 88 350 1559 2862 2858 1555 1560 
784 2807 1542 349 1556 1580 355 24 361 2862 2858 2857 1555 1554 1560 351 1561 1611 1607 360 364 
3 3 17 128
785 693 169 14 154 2863 1654 378 1625 743 742 2912 176 1662 161 379 1632 2913 2914 1661 1633 
786 2863 1654 378 1625 1712 399 26 381 2913 2914 2915 1661 1663 1633 380 1634 1762 1761 406 388 
787 694 693 154 155 2864 2863 1625 1626 745 744 2916 742 2912 162 1632 1635 2917 2918 2914 1636 
788 2864 2863 1625 1626 1713 1712 381 382 2917 2918 2919 2914 2915 1636 1634 1637 1764 1763 1761 389 
789 695 694 155 156 2865 2864 1626 1627 747 746 2920 744 2916 163 1635 1638 2921 2922 2918 1639 
790 2865 2864 1626 1627 1714 1713 382 383 2921 2922 2923 2918 2919 1639 1637 1640 1766 1765 1763 390 
791 696 695 156 157 2866 2865 1627 1628 749 748 2924 746 2920 164 1638 1641 2925 2926 2922 1642 
792 2866 2865 1627 1628 1715 1714 383 384 2925 2926 2927 2922 2923 1642 1640 1643 1768 1767 1765 391 
793 697 696 157 158 2867 2866 1628 1629 751 750 2928 748 2924 165 1641 1644 2929 2930 2926 1645 
794 2867 2866 1628 1629 1716 1715 384 385 2929 2930 2931 2926 2927 1645 1643 1646 1770 1769 1767 392 
795 698 697 158 159 2868 2867 1629 1630 753 752 2932 750 2928 166 1644 1647 2933 2934 2930 1648 
796 2868 2867 1629 1630 1717 1716 385 386 2933 2934 2935 2930 2931 1648 1646 1649 1772 1771 1769 393 
797 699 698 159 160 2869 2868 1630 1631 755 754 2936 752 2932 167 1647 1650 2937 2938 2934 1651 
798 2869 2868 1630 1631 1718 1717 386 387 2937 2938 2939 2934 2935 1651 1649 1652 1774 1773 1771 394 
799 147 699 160 13 1612 2869 1631 368 756 150 1615 754 2936 168 1650 369 2940 1616 2938 1653 
800 1612 2869 1631 368 371 1718 387 25 2940 1616 1617 2938 2939 1653 1652 370 1775 374 1773 395 
801 700 170 169 693 2870 1655 1654 2863 758 757 2941 177 1665 743 1662 2912 2942 2943 1664 2913 
802 2870 1655 1654 2863 1719 400 399 1712 2942 2943 2944 1664 1666 2913 1663 2915 1777 1776 407 1762 
803 701 700 693 694 2871 2870 2863 2864 760 759 2945 757 2941 745 2912 2916 2946 2947 2943 2917 
804 2871 2870 2863 2864 1720 1719 1712 1713 2946 2947 2948 2943 2944 2917 2915 2919 1779 1778 1776 1764 
805 702 701 694 695 2872 2871 2864 2865 762 761 2949 759 2945 747 2916 2920 2950 2951 2947 2921 
806 2872 2871 2864 2865 1721 1720 1713 1714 2950 2951 2952 2947 2948 2921 2919 2923 1781 1780 1778 1766 
807 703 702 695 696 2873 2872 2865 2866 764 763 2953 761 2949 749 2920 2924 2954 2955 2951 2925 
808 2873 2872 2865 2866 1722 1721 1714 1715 2954 2955 2956 2951 2952 2925 2923 2927 1783 1782 1780 1768 
809 704 703 696 697 2874 2873 2866 2867 766 765 2957 763 2953 751 2924 2928 2958 2959 2955 2929 
810 2874 2873 2866 2867 1723 1722 1715 1716 2958 2959 2960 2955 2956 2929 2927 2931 1785 1784 1782 1770 
811 705 704 697 698 2875 2874 2867 2868 768 767 2961 765 2957 753 2928 2932 2962 2963 2959 2933 
812 2875 2874 2867 2868 1724 1723 1716 1717 2962 2963 2964 2959 2960 2933 2931 2935 1787 1786 1784 1772 
813 706 705 698 699 2876 2875 2868 2869 770 769 2965 767 2961 755 2932 2936 2966 2967 2963 2937 
814 2876 2875 2868 2869 1725 1724 1717 1718 2966 2967 2968 2963 2964 2937 2935 2939 1789 1788 1786 1774 
815 148 706 699 147 1613 2876 2869 1612 771 151 1618 769 2965 756 2936 1615 2969 1619 2967 2940 
816 1613 2876 2869 1612 372 1725 1718 371 2969 1619 1620 2967 2968 2940 2939 1617 1790 375 1788 1775 
817 707 171 170 700 2877 1656 1655 2870 773 772 2970 178 1668 758 1665 2941 2971 2972 1667 2942 
818 2877 1656 1655 2870 1726 401 400 1719 2971 2972 2973 1667 1669 2942 1666 2944 1792 1791 408 1777 
819 708 707 700 701 2878 2877 2870 2871 775 774 2974 772 2970 760 2941 2945 2975 2976 2972 2946 
820 2878 2877 2870 2871 1727 1726 1719 1720 2975 2976 2977 2972 2973 2946 2944 2948 1794 1793 1791 1779 
821 709 708 701 702 2879 2878 2871 2872 777 776 2978 774 2974 762 2945 2949 2979 2980 2976 2950 
822 2879 2878 2871 2872 1728 1727 1720 1721 2979 2980 2981 2976 2977 2950 2948 2952 1796 1795 1793 1781 
823 710 709 702 703 2880 2879 2872 2873 779 778 2982 776 2978 764 2949 2953 2983 2984 2980 2954 
824 2880 2879 2872 2873 1729 1728 1721 1722 2983 2984 2985 2980 2981 2954 2952 2956 1798 1797 1795 1783 
825 711 710 703 704 2881 2880 2873 2874 781 780 2986 778 2982 766 2953 2957 2987 2988 2984 2958 
826 2881 2880 2873 2874 1730 1729 1722 1723 2987 2988 2989 2984 2985 2958 2956 2960 1800 1799 1797 1785 
827 712 711 704 705 2882 2881 2874 2875 783 782 2990 780 2986 768 2957 2961 2991 2992 2988 2962 
828 2882 2881 2874 2875 1731 1730 1723 1724 2991 2992 2993 2988 2989 2962 2960 2964 1802 1801 1799 1787 
829 713 712 705 706 2883 2882 2875 2876 785 784 2994 782 2990 770 2961 2965 2995 2996 2992 2966 
830 2883 2882 2875 2876 1732 1731 1724 1725 2995 2996 2997 2992 2993 2966 2964 2968 1804 1803 1801 1789 
831 149 713 706 148 1614 2883 2876 1613 786 152 1621 784 2994 771 2965 1618 2998 1622 2996 2969 
832 1614 2883 2876 1613 373 1732 1725 372 2998 1622 1623 2996 2997 2969 2968 1620 1805 376 1803 1790 
833 714 172 171 707 2884 1657 1656 2877 788 787 2999 179 1671 773 1668 2970 3000 3001 1670 2971 
834 2884 1657 1656 2877 1733 402 401 1726 3000 3001 3002 1670 1672 2971 1669 2973 1807 1806 409 1792 
835 715 714 707 708 2885 2884 2877 2878 790 789 3003 787 2999 775 2970 2974 3004 3005 3001 2975 
836 2885 2884 2877 2878 1734 1733 1726 1727 3004 3005 3006 3001 3002 2975 2973 2977 1809 1808 1806 1794 
837 716 715 708 709 2886 2885 2878 2879 792 791 3007 789 3003 777 2974 2978 3008 3009 3005 2979 
838 2886 2885 2878 2879 1735 1734 1727 1728 3008 3009 3010 3005 3006 2979 2977 2981 1811 1810 1808 1796 
839 717 716 709 710 2887 2886 2879 2880 794 793 3011 791 3007 779 2978 2982 3012 3013 3009 2983 
840 2887 2886 2879 2880 1736 1735 1728 1729 3012 3013 3014 3009 3010 2983 2981 2985 1813 1812 1810 1798 
841 718 717 710 711 2888 2887 2880 2881 796 795 3015 793 3011 781 2982 2986 3016 3017 3013 2987 
842 2888 2887 2880 2881 1737 1736 1729 1730 3016 3017 3018 3013 3014 2987 2985 2989 1815 1814 1812 1800 
843 719 718 711 712 2889 2888 2881 2882 798 797 3019 795 3015 783 2986 2990 3020 3021 3017 2991 
844 2889 2888 2881 2882 1738 1737 1730 1731 3020 3021 3022 3017 3018 2991 2989 2993 1817 1816 1814 1802 
845 720 719 712 713 2890 2889 2882 2883 800 799 3023 797 3019 785 2990 2994 3024 3025 3021 2995 
846 2890 2889 2882 2883 1739 1738 1731 1732 3024 3025 3026 3021 3022 2995 2993 2997 1819 1818 1816 1804 
847 4 720 713 149 320 2890 2883 1614 801 153 321 799 3023 786 2994 1621 3027 1624 3025 2998 
848 320 2890 2883 1614 22 1739 1732 373 3027 1624 322 3025 3026 2998 2997 1623 1820 377 1818 1805 
849 721 173 172 714 2891 1658 1657 2884 803 802 3028 180 1674 788 1671 2999 3029 3030 1673 3000 
850 2891 1658 1657 2884 1740 403 402 1733 3029 3030 3031 1673 1675 3000 1672 3002 1822 1821 410 1807 
851 722 721 714 715 2892 2891 2884 2885 805 804 3032 802 3028 790 2999 3003 3033 3034 3030 3004 
852 2892 2891 2884 2885 1741 1740 1733 1734 3033 3034 3035 3030 3031 3004 3002 3006 1824 1823 1821 1809 
853 723 722 715 716 2893 2892 2885 2886 807 806 3036 804 3032 792 3003 3007 3037 3038 3034 3008 
854 2893 2892 2885 2886 1742 1741 1734 1735 3037 3038 3039 3034 3035 3008 3006 3010 1826 1825 1823 1811 
855 724 723 716 717 2894 2893 2886 2887 809 808 3040 806 3036 794 3007 3011 3041 3042 3038 3012 
856 2894 2893 2886 2887 1743 1742 1735 1736 3041 3042 3043 3038 3039 3012 3010 3014 1828 1827 1825 1813 
857 725 724 717 718 2895 2894 2887 2888 811 810 3044 808 3040 796 3011 3015 3045 3046 3042 3016 
858 2895 2894 2887 2888 1744 1743 1736 1737 3045 3046 3047 3042 3043 3016 3014 3018 1830 1829 1827 1815 
859 726 725 718 719 2896 2895 2888 2889 813 812 3048 810 3044 798 3015 3019 3049 3050 3046 3020 
860 2896 2895 2888 2889 1745 1744 1737 1738 3049 3050 3051 3046 3047 3020 3018 3022 1832 1831 1829 1817 
861 727 726 719 720 2897 2896 2889 2890 815 814 3052 812 3048 800 3019 3023 3053 3054 3050 3024 
862 2897 2896 2889 2890 1746 1745 1738 1739 3053 3054 3055 3050 3051 3024 3022 3026 1834 1833 1831 1819 
863 55 727 720 4 1455 2897 2890 320 816 59 1462 814 3052 801 3023 321 3056 1465 3054 3027 
864 1455 2897 2890 320 325 1746 1739 22 3056 1465 1464 3054 3055 3027 3026 322 1835 329 1833 1820 
865 728 174 173 721 2898 1659 1658 2891 818 817 3057 181 1677 803 1674 3028 3058 3059 1676 3029 
866 2898 1659 1658 2891 1747 404 403 1740 3058 3059 3060 1676 1678 3029 1675 3031 1837 1836 411 1822 
867 729 728 721 722 2899 2898 2891 2892 820 819 3061 817 3057 805 3028 3032 3062 3063 3059 3033 
868 2899 2898 2891 2892 1748 1747 1740 1741 3062 3063 3064 3059 3060 3033 3031 3035 1839 1838 1836 1824 
869 730 729 722 723 2900 2899 2892 2893 822 821 3065 819 3061 807 3032 3036 3066 3067 3063 3037 
870 2900 2899 2892 2893 1749 1748 1741 1742 3066 3067 3068 3063 3064 3037 3035 3039 1841 1840 1838 1826 
871 731 730 723 724 2901 2900 2893 2894 824 823 3069 821 3065 809 3036 3040 3070 3071 3067 3041 
872 2901 2900 2893 2894 1750 1749 1742 1743 3070 3071 3072 3067 3068 3041 3039 3043 1843 1842 1840 1828 
873 732 731 724 725 2902 2901 2894 2895 826 825 3073 823 3069 811 3040 3044 3074 3075 3071 3045 
874 2902 2901 2894 2895 1751 1750 1743 1744 3074 3075 3076 3071 3072 3045 3043 3047 1845 1844 1842 1830 
875 733 732 725 726 2903 2902 2895 2896 828 827 3077 825 3073 813 3044 3048 3078 3079 3075 3049 
876 2903 2902 2895 2896 1752 1751 1744 1745 3078 3079 3080 3075 3076 3049 3047 3051 1847 1846 1844 1832 
877 734 733 726 727 2904 2903 2896 2897 830 829 3081 827 3077 815 3048 3052 3082 3083 3079 3053 
878 2904 2903 2896 2897 1753 1752 1745 1746 3082 3083 3084 3079 3080 3053 3051 3055 1849 1848 1846 1834 
879 54 734 727 55 1454 2904 2897 1455 831 58 1459 829 3081 816 3052 1462 3085 1463 3083 3056 
880 1454 2904 2897 1455 324 1753 1746 325 3085 1463 1461 3083 3084 3056 3055 1464 1850 328 1848 1835 
881 735 175 174 728 2905 1660 1659 2898 833 832 3086 182 1680 818 1677 3057 3087 3088 1679 3058 
882 2905 1660 1659 2898 1754 405 404 1747 3087 3088 3089 1679 1681 3058 1678 3060 1852 1851 412 1837 
883 736 735 728 729 2906 2905 2898 2899 835 834 3090 832 3086 820 3057 3061 3091 3092 3088 3062 
884 2906 2905 2898 2899 1755 1754 1747 1748 3091 3092 3093 3088 3089 3062 3060 3064 1854 1853 1851 1839 
885 737 736 729 730 2907 2906 2899 2900 837 836 3094 834 3090 822 3061 3065 3095 3096 3092 3066 
886 2907 2906 2899 2900 1756 1755 1748 1749 3095 3096 3097 3092 3093 3066 3064 3068 1856 1855 1853 1841 
887 738 737 730 731 2908 2907 2900 2901 839 838 3098 836 3094 824 3065 3069 3099 3100 3096 3070 
888 2908 2907 2900 2901 1757 1756 1749 1750 3099 3100 3101 3096 3097 3070 3068 3072 1858 1857 1855 1843 
889 739 738 731 732 2909 2908 2901 2902 841 840 3102 838 3098 826 3069 3073 3103 3104 3100 3074 
890 2909 2908 2901 2902 1758 1757 1750 1751 3103 3104 3105 3100 3101 3074 3072 3076 1860 1859 1857 1845 
891 740 739 732 733 2910 2909 2902 2903 843 842 3106 840 3102 828 3073 3077 3107 3108 3104 3078 
892 2910 2909 2902 2903 1759 1758 1751 1752 3107 3108 3109 3104 3105 3078 3076 3080 1862 1861 1859 1847 
893 741 740 733 734 2911 2910 2903 2904 845 844 3110 842 3106 830 3077 3081 3111 3112 3108 3082 
894 2911 2910 2903 2904 1760 1759 1752 1753 3111 3112 3113 3108 3109 3082 3080 3084 1864 1863 1861 1849 
895 53 741 734 54 1453 2911 2904 1454 846 57 1456 844 3110 831 3081 1459 3114 1460 3112 3085 
896 1453 2911 2904 1454 323 1760 1753 324 3114 1460 1458 3112 3113 3085 3084 1461 1865 327 1863 1850 
897 190 15 175 735 1689 396 1660 2905 198 847 1708 183 397 833 1680 3086 1711 3115 1682 3087 
898 1689 396 1660 2905 420 27 405 1754 1711 3115 1710 1682 398 3087 1681 3089 428 1866 413 1852 
899 189 190 735 736 1688 1689 2905 2906 197 848 1705 847 1708 835 3086 3090 1709 3116 3115 3091 
900 1688 1689 2905 2906 419 420 1754 1755 1709 3116 1707 3115 1710 3091 3089 3093 427 1867 1866 1854 
901 188 189 736 737 1687 1688 2906 2907 196 849 1702 848 1705 837 3090 3094 1706 3117 3116 3095 
902 1687 1688 2906 2907 418 419 1755 1756 1706 3117 1704 3116 1707 3095 3093 3097 426 1868 1867 1856 
903 187 188 737 738 1686 1687 2907 2908 195 850 1699 849 1702 839 3094 3098 1703 3118 3117 3099 
904 1686 1687 2907 2908 417 418 1756 1757 1703 3118 1701 3117 1704 3099 3097 3101 425 1869 1868 1858 
905 186 187 738 739 1685 1686 2908 2909 194 851 1696 850 1699 841 3098 3102 1700 3119 3118 3103 
906 1685 1686 2908 2909 416 417 1757 1758 1700 3119 1698 3118 1701 3103 3101 3105 424 1870 1869 1860 
907 185 186 739 740 1684 1685 2909 2910 193 852 1693 851 1696 843 3102 3106 1697 3120 3119 3107 
908 1684 1685 2909 2910 415 416 1758 1759 1697 3120 1695 3119 1698 3107 3105 3109 423 1871 1870 1862 
909 184 185 740 741 1683 1684 2910 2911 192 853 1690 852 1693 845 3106 3110 1694 3121 3120 3111 
910 1683 1684 2910 2911 414 415 1759 1760 1694 3121 1692 3120 1695 3111 3109 3113 422 1872 1871 1864 
911 3 184 741 53 308 1683 2911 1453 191 56 309 853 1690 846 3110 1456 1691 1457 3121 3114 
912 308 1683 2911 1453 21 414 1760 323 1691 1457 310 3121 1692 3114 3113 1458 421 326 1872 1865 
3 4 17 128
913 854 199 15 190 3122 1873 396 1689 904 903 3171 206 1881 198 397 1708 3172 3173 1880 1711 
914 3122 1873 396 1689 1944 432 27 420 3172 3173 3174 1880 1882 1711 398 1710 1994 1993 439 428 
915 855 854 190 189 3123 3122 1689 1688 906 905 3175 903 3171 197 1708 1705 3176 3177 3173 1709 
916 3123 3122 1689 1688 1945 1944 420 419 3176 3177 3178 3173 3174 1709 1710 1707 1996 1995 1993 427 
917 856 855 189 188 3124 3123 1688 1687 908 907 3179 905 3175 196 1705 1702 3180 3181 3177 1706 
918 3124 3123 1688 1687 1946 1945 419 418 3180 3181 3182 3177 3178 1706 1707 1704 1998 1997 1995 426 
919 857 856 188 187 3125 3124 1687 1686 910 909 3183 907 3179 195 1702 1699 3184 3185 3181 1703 
920 3125 3124 1687 1686 1947 1946 418 417 3184 3185 3186 3181 3182 1703 1704 1701 2000 1999 1997 425 
921 858 857 187 186 3126 3125 1686 1685 912 911 3187 909 3183 194 1699 1696 3188 3189 3185 1700 
922 3126 3125 1686 1685 1948 1947 417 416 3188 3189 3190 3185 3186 1700 1701 1698 2002 2001 1999 424 
923 859 858 186 185 3127 3126 1685 1684 914 913 3191 911 3187 193 1696 1693 3192 3193 3189 1697 
924 3127 3126 1685 1684 1949 1948 416 415 3192 3193 3194 3189 3190 1697 1698 1695 2004 2003 2001 423 
925 860 859 185 184 3128 3127 1684 1683 916 915 3195 913 3191 192 1693 1690 3196 3197 3193 1694 
926 3128 3127 1684 1683 1950 1949 415 414 3196 3197 3198 3193 3194 1694 1695 1692 2006 2005 2003 422 
927 87 860 184 3 1558 3128 1683 308 917 91 1565 915 3195 191 1690 309 3199 1568 3197 1691 
928 1558 3128 1683 308 363 1950 414 21 3199 1568 1567 3197 3198 1691 1692 310 2007 367 2005 421 
929 861 200 199 854 3129 1874 1873 3122 919 918 3200 207 1884 904 1881 3171 3201 3202 1883 3172 
930 3129 1874 1873 3122 1951 433 432 1944 3201 3202 3203 1883 1885 3172 1882 3174 2009 2008 440 1994 
931 862 861 854 855 3130 3129 3122 3123 921 920 3204 918 3200 906 3171 3175 3205 3206 3202 3176 
932 3130 3129 3122 3123 1952 1951 1944 1945 3205 3206 3207 3202 3203 3176 3174 3178 2011 2010 2008 1996 
933 863 862 855 856 3131 3130 3123 3124 923 922 3208 920 3204 908 3175 3179 3209 3210 3206 3180 
934 3131 3130 3123 3124 1953 1952 1945 1946 3209 3210 3211 3206 3207 3180 3178 3182 2013 2012 2010 1998 
935 864 863 856 857 3132 3131 3124 3125 925 924 3212 922 3208 910 3179 3183 3213 3214 3210 3184 
936 3132 3131 3124 3125 1954 1953 1946 1947 3213 3214 3215 3210 3211 3184 3182 3186 2015 2014 2012 2000 
937 865 864 857 858 3133 3132 3125 3126 927 926 3216 924 3212 912 3183 3187 3217 3218 3214 3188 
938 3133 3132 3125 3126 1955 1954 1947 1948 3217 3218 3219 3214 3215 3188 3186 3190 2017 2016 2014 2002 
939 866 865 858 859 3134 3133 3126 3127 929 928 3220 926 3216 914 3187 3191 3221 3222 3218 3192 
940 3134 3133 3126 3127 1956 1955 1948 1949 3221 3222 3223 3218 3219 3192 3190 3194 2019 2018 2016 2004 
941 867 866 859 860 3135 3134 3127 3128 931 930 3224 928 3220 916 3191 3195 3225 3226 3222 3196 
942 3135 3134 3127 3128 1957 1956 1949 1950 3225 3226 3227 3222 3223 3196 3194 3198 2021 2020 2018 2006 
943 86 867 860 87 1557 3135 3128 1558 932 90 1562 930 3224 917 3195 1565 3228 1566 3226 3199 
944 1557 3135 3128 1558 362 1957 1950 363 3228 1566 1564 3226 3227 3199 3198 1567 2022 366 2020 2007 
945 868 201 200 861 3136 1875 1874 3129 934 933 3229 208 1887 919 1884 3200 3230 3231 1886 3201 
946 3136 1875 1874 3129 1958 434 433 1951 3230 3231 3232 1886 1888 3201 1885 3203 2024 2023 441 2009 
947 869 868 861 862 3137 3136 3129 3130 936 935 3233 933 3229 921 3200 3204 3234 3235 3231 3205 
948 3137 3136 3129 3130 1959 1958 1951 1952 3234 3235 3236 3231 3232 3205 3203 3207 2026 2025 2023 2011 
949 870 869 862 863 3138 3137 3130 3131 938 937 3237 935 3233 923 3204 3208 3238 3239 3235 3209 
950 3138 3137 3130 3131 1960 1959 1952 1953 3238 3239 3240 3235 3236 3209 3207 3211 2028 2027 2025 2013 
951 871 870 863 864 3139 3138 3131 3132 940 939 3241 937 3237 925 3208 3212 3242 3243 3239 3213 
952 3139 3138 3131 3132 1961 1960 1953 1954 3242 3243 3244 3239 3240 3213 3211 3215 2030 2029 2027 2015 
953 872 871 864 865 3140 3139 3132 3133 942 941 3245 939 3241 927 3212 3216 3246 3247 3243 3217 
954 3140 3139 3132 3133 1962 1961 1954 1955 3246 3247 3248 3243 3244 3217 3215 3219 2032 2031 2029 2017 
955 873 872 865 866 3141 3140 3133 3134 944 943 3249 941 3245 929 3216 3220 3250 3251 3247 3221 
956 3141 3140 3133 3134 1963 1962 1955 1956 3250 3251 3252 3247 3248 3221 3219 3223 2034 2033 2031 2019 
957 874 873 866 867 3142 3141 3134 3135 946 945 3253 943 3249 931 3220 3224 3254 3255 3251 3225 
958 3142 3141 3134 3135 1964 1963 1956 1957 3254 3255 3256 3251 3252 3225 3223 3227 2036 2035 2033 2021 
959 85 874 867 86 1556 3142 3135 1557 947 89 1559 945 3253 932 3224 1562 3257 1563 3255 3228 
960 1556 3142 3135 1557 361 1964 1957 362 3257 1563 1561 3255 3256 3228 3227 1564 2037 365 2035 2022 
961 875 202 201 868 3143 1876 1875 3136 949 948 3258 209 1890 934 1887 3229 3259 3260 1889 3230 
962 3143 1876 1875 3136 1965 435 434 1958 3259 3260 3261 1889 1891 3230 1888 3232 2039 2038 442 2024 
963 876 875 868 869 3144 3143 3136 3137 951 950 3262 948 3258 936 3229 3233 3263 3264 3260 3234 
964 3144 3143 3136 3137 1966 1965 1958 1959 3263 3264 3265 3260 3261 3234 3232 3236 2041 2040 2038 2026 
965 877 876 869 870 3145 3144 3137 3138 953 952 3266 950 3262 938 3233 3237 3267 3268 3264 3238 
966 3145 3144 3137 3138 1967 1966 1959 1960 3267 3268 3269 3264 3265 3238 3236 3240 2043 2042 2040 2028 
967 878 877 870 871 3146 3145 3138 3139 955 954 3270 952 3266 940 3237 3241 3271 3272 3268 3242 
968 3146 3145 3138 3139 1968 1967 1960 1961 3271 3272 3273 3268 3269 3242 3240 3244 2045 2044 2042 2030 
969 879 878 871 872 3147 3146 3139 3140 957 956 3274 954 3270 942 3241 3245 3275 3276 3272 3246 
970 3147 3146 3139 3140 1969 1968 1961 1962 3275 3276 3277 3272 3273 3246 3244 3248 2047 2046 2044 2032 
971 880 879 872 873 3148 3147 3140 3141 959 958 3278 956 3274 944 3245 3249 3279 3280 3276 3250 
972 3148 3147 3140 3141 1970 1969 1962 1963 3279 3280 3281 3276 3277 3250 3248 3252 2049 2048 2046 2034 
973 881 880 873 874 3149 3148 3141 3142 961 960 3282 958 3278 946 3249 3253 3283 3284 3280 3254 
974 3149 3148 3141 3142 1971 1970 1963 1964 3283 3284 3285 3280 3281 3254 3252 3256 2051 2050 2048 2036 
975 6 881 874 85 349 3149 3142 1556 962 88 350 960 3282 947 3253 1559 3286 1560 3284 3257 
976 349 3149 3142 1556 24 1971 1964 361 3286 1560 351 3284 3285 3257 3256 1561 2052 364 2050 2037 
977 882 203 202 875 3150 1877 1876 3143 964 963 3287 210 1893 949 1890 3258 3288 3289 1892 3259 
978 3150 1877 1876 3143 1972 436 435 1965 3288 3289 3290 1892 1894 3259 1891 3261 2054 2053 443 2039 
979 883 882 875 876 3151 3150 3143 3144 966 965 3291 963 3287 951 3258 3262 3292 3293 3289 3263 
980 3151 3150 3143 3144 1973 1972 1965 1966 3292 3293 3294 3289 3290 3263 3261 3265 2056 2055 2053 2041 
981 884 883 876 877 3152 3151 3144 3145 968 967 3295 965 3291 953 3262 3266 3296 3297 3293 3267 
982 3152 3151 3144 3145 1974 1973 1966 1967 3296 3297 3298 3293 3294 3267 3265 3269 2058 2057 2055 2043 
983 885 884 877 878 3153 3152 3145 3146 970 969 3299 967 3295 955 3266 3270 3300 3301 3297 3271 
984 3153 3152 3145 3146 1975 1974 1967 1968 3300 3301 3302 3297 3298 3271 3269 3273 2060 2059 2057 2045 
985 886 885 878 879 3154 3153 3146 3147 972 971 3303 969 3299 957 3270 3274 3304 3305 3301 3275 
986 3154 3153 3146 3147 1976 1975 1968 1969 3304 3305 3306 3301 3302 3275 3273 3277 2062 2061 2059 2047 
987 887 886 879 880 3155 3154 3147 3148 974 973 3307 971 3303 959 3274 3278 3308 3309 3305 3279 
988 3155 3154 3147 3148 1977 1976 1969 1970 3308 3309 3310 3305 3306 3279 3277 3281 2064 2063 2061 2049 
989 888 887 880 881 3156 3155 3148 3149 976 975 3311 973 3307 961 3278 3282 3312 3313 3309 3283 
990 3156 3155 3148 3149 1978 1977 1970 1971 3312 3313 3314 3309 3310 3283 3281 3285 2066 2065 2063 2051 
991 229 888 881 6 1931 3156 3149 349 977 232 1934 975 3311 962 3282 350 3315 1935 3313 3286 
992 1931 3156 3149 349 465 1978 1971 24 3315 1935 1936 3313 3314 3286 3285 351 2067 468 2065 2052 
993 889 204 203 882 3157 1878 1877 3150 979 978 3316 211 1896 964 1893 3287 3317 3318 1895 3288 
994 3157 1878 1877 3150 1979 437 436 1972 3317 3318 3319 1895 1897 3288 1894 3290 2069 2068 444 2054 
995 890 889 882 883 3158 3157 3150 3151 981 980 3320 978 3316 966 3287 3291 3321 3322 3318 3292 
996 3158 3157 3150 3151 1980 1979 1972 1973 3321 3322 3323 3318 3319 3292 3290 3294 2071 2070 2068 2056 
997 891 890 883 884 3159 3158 3151 3152 983 982 3324 980 3320 968 3291 3295 3325 3326 3322 3296 
998 3159 3158 3151 3152 1981 1980 1973 1974 3325 3326 3327 3322 3323 3296 3294 3298 2073 2072 2070 2058 
999 892 891 884 885 3160 3159 3152 3153 985 984 3328 982 3324 970 3295 3299 3329 3330 3326 3300 
1000 3160 3159 3152 3153 1982 1981 1974 1975 3329 3330 3331 3326 3327 3300 3298 3302 2075 2074 2072 2060 
1001 893 892 885 886 3161 3160 3153 3154 987 986 3332 984 3328 972 3299 3303 3333 3334 3330 3304 
1002 3161 3160 3153 3154 1983 1982 1975 1976 3333 3334 3335 3330 3331 3304 3302 3306 2077 2076 2074 2062 
1003 894 893 886 887 3162 3161 3154 3155 989 988 3336 986 3332 974 3303 3307 3337 3338 3334 3308 
1004 3162 3161 3154 3155 1984 1983 1976 1977 3337 3338 3339 3334 3335 3308 3306 3310 2079 2078 2076 2064 
1005 895 894 887 888 3163 3162 3155 3156 991 990 3340 988 3336 976 3307 3311 3341 3342 3338 3312 
1006 3163 3162 3155 3156 1985 1984 1977 1978 3341 3342 3343 3338 3339 3312 3310 3314 2081 2080 2078 2066 
1007 230 895 888 229 1932 3163 3156 1931 992 233 1937 990 3340 977 3311 1934 3344 1938 3342 3315 
1008 1932 3163 3156 1931 466 1985 1978 465 3344 1938 1939 3342 3343 3315 3314 1936 2082 469 2080 2067 
1009 896 205 204 889 3164 1879 1878 3157 994 993 3345 212 1899 979 1896 3316 3346 3347 1898 3317 
1010 3164 1879 1878 3157 1986 438 437 1979 3346 3347 3348 1898 1900 3317 1897 3319 2084 2083 445 2069 
1011 897 896 889 890 3165 3164 3157 3158 996 995 3349 993 3345 981 3316 3320 3350 3351 3347 3321 
1012 3165 3164 3157 3158 1987 1986 1979 1980 3350 3351 3352 3347 3348 3321 3319 3323 2086 2085 2083 2071 
1013 898 897 890 891 3166 3165 3158 3159 998 997 3353 995 3349 983 3320 3324 3354 3355 3351 3325 
1014 3166 3165 3158 3159 1988 1987 1980 1981 3354 3355 3356 3351 3352 3325 3323 3327 2088 2087 2085 2073 
1015 899 898 891 892 3167 3166 3159 3160 1000 999 3357 997 3353 985 3324 3328 3358 3359 3355 3329 
1016 3167 3166 3159 3160 1989 1988 1981 1982 3358 3359 3360 3355 3356 3329 3327 3331 2090 2089 2087 2075 
1017 900 899 892 893 3168 3167 3160 3161 1002 1001 3361 999 3357 987 3328 3332 3362 3363 3359 3333 
1018 3168 3167 3160 3161 1990 1989 1982 1983 3362 3363 3364 3359 3360 3333 3331 3335 2092 2091 2089 2077 
1019 901 900 893 894 3169 3168 3161 3162 1004 1003 3365 1001 3361 989 3332 3336 3366 3367 3363 3337 
1020 3169 3168 3161 3162 1991 1990 1983 1984 3366 3367 3368 3363 3364 3337 3335 3339 2094 2093 2091 2079 
1021 902 901 894 895 3170 3169 3162 3163 1006 1005 3369 1003 3365 991 3336 3340 3370 3371 3367 3341 
1022 3170 3169 3162 3163 1992 1991 1984 1985 3370 3371 3372 3367 3368 3341 3339 3343 2096 2095 2093 2081 
1023 231 902 895 230 1933 3170 3163 1932 1007 234 1940 1005 3369 992 3340 1937 3373 1941 3371 3344 
1024 1933 3170 3163 1932 467 1992 1985 466 3373 1941 1942 3371 3372 3344 3343 1939 2097 470 2095 2082 
1025 220 16 205 896 1908 429 1879 3164 228 1008 1927 213 430 994 1899 3345 1930 3374 1901 3346 
1026 1908 429 1879 3164 456 28 438 1986 1930 3374 1929 1901 431 3346 1900 3348 464 2098 446 2084 
1027 219 220 896 897 1907 1908 3164 3165 227 1009 1924 1008 1927 996 3345 3349 1928 3375 3374 3350 
1028 1907 1908 3164 3165 455 456 1986 1987 1928 3375 1926 3374 1929 3350 3348 3352 463 2099 2098 2086 
1029 218 219 897 898 1906 1907 3165 3166 226 1010 1921 1009 1924 998 3349 3353 1925 3376 3375 3354 
1030 1906 1907 3165 3166 454 455 1987 1988 1925 3376 1923 3375 1926 3354 3352 3356 462 2100 2099 2088 
1031 217 218 898 899 1905 1906 3166 3167 225 1011 1918 1010 1921 1000 3353 3357 1922 3377 3376 3358 
1032 1905 1906 3166 3167 453 454 1988 1989 1922 3377 1920 3376 1923 3358 3356 3360 461 2101 2100 2090 
1033 216 217 899 900 1904 1905 3167 3168 224 1012 1915 1011 1918 1002 3357 3361 1919 3378 3377 3362 
1034 1904 1905 3167 3168 452 453 1989 1990 1919 3378 1917 3377 1920 3362 3360 3364 460 2102 2101 2092 
1035 215 216 900 901 1903 1904 3168 3169 223 1013 1912 1012 1915 1004 3361 3365 1916 3379 3378 3366 
1036 1903 1904 3168 3169 451 452 1990 1991 1916 3379 1914 3378 1917 3366 3364 3368 459 2103 2102 2094 
1037 214 215 901 902 1902 1903 3169 3170 222 1014 1909 1013 1912 1006 3365 3369 1913 3380 3379 3370 
1038 1902 1903 3169 3170 450 451 1991 1992 1913 3380 1911 3379 1914 3370 3368 3372 458 2104 2103 2096 
1039 17 214 902 231 447 1902 3170 1933 221 235 448 1014 1909 1007 3369 1940 1910 1943 3380 3373 
1040 447 1902 3170 1933 29 450 1992 467 1910 1943 449 3380 1911 3373 3372 1942 457 471 2104 2097 
3 5 17 128
1041 14 264 1015 154 378 2166 3381 1625 272 161 379 1064 2186 1065 3430 1632 2188 1633 3431 3432 
1042 378 2166 3381 1625 26 516 2189 381 2188 1633 380 3431 2187 3432 3433 1634 524 388 2238 2239 
1043 154 1015 1016 155 1625 3381 3382 1626 1065 162 1632 1066 3430 1067 3434 1635 3432 1636 3435 3436 
1044 1625 3381 3382 1626 381 2189 2190 382 3432 1636 1634 3435 3433 3436 3437 1637 2239 389 2240 2241 
1045 155 1016 1017 156 1626 3382 3383 1627 1067 163 1635 1068 3434 1069 3438 1638 3436 1639 3439 3440 
1046 1626 3382 3383 1627 382 2190 2191 383 3436 1639 1637 3439 3437 3440 3441 1640 2241 390 2242 2243 
1047 156 1017 1018 157 1627 3383 3384 1628 1069 164 1638 1070 3438 1071 3442 1641 3440 1642 3443 3444 
1048 1627 3383 3384 1628 383 2191 2192 384 3440 1642 1640 3443 3441 3444 3445 1643 2243 391 2244 2245 
1049 157 1018 1019 158 1628 3384 3385 1629 1071 165 1641 1072 3442 1073 3446 1644 3444 1645 3447 3448 
1050 1628 3384 3385 1629 384 2192 2193 385 3444 1645 1643 3447 3445 3448 3449 1646 2245 392 2246 2247 
1051 158 1019 1020 159 1629 3385 3386 1630 1073 166 1644 1074 3446 1075 3450 1647 3448 1648 3451 3452 
1052 1629 3385 3386 1630 385 2193 2194 386 3448 1648 1646 3451 3449 3452 3453 1649 2247 393 2248 2249 
1053 159 1020 1021 160 1630 3386 3387 1631 1075 167 1647 1076 3450 1077 3454 1650 3452 1651 3455 3456 
1054 1630 3386 3387 1631 386 2194 2195 387 3452 1651 1649 3455 3453 3456 3457 1652 2249 394 2250 2251 
1055 160 1021 238 13 1631 3387 2107 368 1077 168 1650 1078 3454 242 2114 369 3456 1653 3458 2117 
1056 1631 3387 2107 368 387 2195 477 25 3456 1653 1652 3458 3457 2117 2116 370 2251 395 2252 481 
1057 264 263 1022 1015 2166 2165 3388 3381 271 1064 2186 1079 2183 1080 3459 3430 2185 3431 3460 3461 
1058 2166 2165 3388 3381 516 515 2196 2189 2185 3431 2187 3460 2184 3461 3462 3433 523 2238 2253 2254 
1059 1015 1022 1023 1016 3381 3388 3389 3382 1080 1066 3430 1081 3459 1082 3463 3434 3461 3435 3464 3465 
1060 3381 3388 3389 3382 2189 2196 2197 2190 3461 3435 3433 3464 3462 3465 3466 3437 2254 2240 2255 2256 
1061 1016 1023 1024 1017 3382 3389 3390 3383 1082 1068 3434 1083 3463 1084 3467 3438 3465 3439 3468 3469 
1062 3382 3389 3390 3383 2190 2197 2198 2191 3465 3439 3437 3468 3466 3469 3470 3441 2256 2242 2257 2258 
1063 1017 1024 1025 1018 3383 3390 3391 3384 1084 1070 3438 1085 3467 1086 3471 3442 3469 3443 3472 3473 
1064 3383 3390 3391 3384 2191 2198 2199 2192 3469 3443 3441 3472 3470 3473 3474 3445 2258 2244 2259 2260 
1065 1018 1025 1026 1019 3384 3391 3392 3385 1086 1072 3442 1087 3471 1088 3475 3446 3473 3447 3476 3477 
1066 3384 3391 3392 3385 2192 2199 2200 2193 3473 3447 3445 3476 3474 3477 3478 3449 2260 2246 2261 2262 
1067 1019 1026 1027 1020 3385 3392 3393 3386 1088 1074 3446 1089 3475 1090 3479 3450 3477 3451 3480 3481 
1068 3385 3392 3393 3386 2193 2200 2201 2194 3477 3451 3449 3480 3478 3481 3482 3453 2262 2248 2263 2264 
1069 1020 1027 1028 1021 3386 3393 3394 3387 1090 1076 3450 1091 3479 1092 3483 3454 3481 3455 3484 3485 
1070 3386 3393 3394 3387 2194 2201 2202 2195 3481 3455 3453 3484 3482 3485 3486 3457 2264 2250 2265 2266 
1071 1021 1028 237 238 3387 3394 2106 2107 1092 1078 3454 1093 3483 241 2111 2114 3485 3458 3487 2115 
1072 3387 3394 2106 2107 2195 2202 476 477 3485 3458 3457 3487 3486 2115 2113 2116 2266 2252 2267 480 
1073 263 262 1029 1022 2165 2164 3395 3388 270 1079 2183 1094 2180 1095 3488 3459 2182 3460 3489 3490 
1074 2165 2164 3395 3388 515 514 2203 2196 2182 3460 2184 3489 2181 3490 3491 3462 522 2253 2268 2269 
1075 1022 1029 1030 1023 3388 3395 3396 3389 1095 1081 3459 1096 3488 1097 3492 3463 3490 3464 3493 3494 
1076 3388 3395 3396 3389 2196 2203 2204 2197 3490 3464 3462 3493 3491 3494 3495 3466 2269 2255 2270 2271 
1077 1023 1030 1031 1024 3389 3396 3397 3390 1097 1083 3463 1098 3492 1099 3496 3467 3494 3468 3497 3498 
1078 3389 3396 3397 3390 2197 2204 2205 2198 3494 3468 3466 3497 3495 3498 3499 3470 2271 2257 2272 2273 
1079 1024 1031 1032 1025 3390 3397 3398 3391 1099 1085 3467 1100 3496 1101 3500 3471 3498 3472 3501 3502 
1080 3390 3397 3398 3391 2198 2205 2206 2199 3498 3472 3470 3501 3499 3502 3503 3474 2273 2259 2274 2275 
1081 1025 1032 1033 1026 3391 3398 3399 3392 1101 1087 3471 1102 3500 1103 3504 3475 3502 3476 3505 3506 
1082 3391 3398 3399 3392 2199 2206 2207 2200 3502 3476 3474 3505 3503 3506 3507 3478 2275 2261 2276 2277 
1083 1026 1033 1034 1027 3392 3399 3400 3393 1103 1089 3475 1104 3504 1105 3508 3479 3506 3480 3509 3510 
1084 3392 3399 3400 3393 2200 2207 2208 2201 3506 3480 3478 3509 3507 3510 3511 3482 2277 2263 2278 2279 
1085 1027 1034 1035 1028 3393 3400 3401 3394 1105 1091 3479 1106 3508 1107 3512 3483 3510 3484 3513 3514 
1086 3393 3400 3401 3394 2201 2208 2209 2202 3510 3484 3482 3513 3511 3514 3515 3486 2279 2265 2280 2281 
1087 1028 1035 236 237 3394 3401 2105 2106 1107 1093 3483 1108 3512 240 2108 2111 3514 3487 3516 2112 
1088 3394 3401 2105 2106 2202 2209 475 476 3514 3487 3486 3516 3515 2112 2110 2113 2281 2267 2282 479 
1089 262 261 1036 1029 2164 2163 3402 3395 269 1094 2180 1109 2177 1110 3517 3488 2179 3489 3518 3519 
1090 2164 2163 3402 3395 514 513 2210 2203 2179 3489 2181 3518 2178 3519 3520 3491 521 2268 2283 2284 
1091 1029 1036 1037 1030 3395 3402 3403 3396 1110 1096 3488 1111 3517 1112 3521 3492 3519 3493 3522 3523 
1092 3395 3402 3403 3396 2203 2210 2211 2204 3519 3493 3491 3522 3520 3523 3524 3495 2284 2270 2285 2286 
1093 1030 1037 1038 1031 3396 3403 3404 3397 1112 1098 3492 1113 3521 1114 3525 3496 3523 3497 3526 3527 
1094 3396 3403 3404 3397 2204 2211 2212 2205 3523 3497 3495 3526 3524 3527 3528 3499 2286 2272 2287 2288 
1095 1031 1038 1039 1032 3397 3404 3405 3398 1114 1100 3496 1115 3525 1116 3529 3500 3527 3501 3530 3531 
1096 3397 3404 3405 3398 2205 2212 2213 2206 3527 3501 3499 3530 3528 3531 3532 3503 2288 2274 2289 2290 
1097 1032 1039 1040 1033 3398 3405 3406 3399 1116 1102 3500 1117 3529 1118 3533 3504 3531 3505 3534 3535 
1098 3398 3405 3406 3399 2206 2213 2214 2207 3531 3505 3503 3534 3532 3535 3536 3507 2290 2276 2291 2292 
1099 1033 1040 1041 1034 3399 3406 3407 3400 1118 1104 3504 1119 3533 1120 3537 3508 3535 3509 3538 3539 
1100 3399 3406 3407 3400 2207 2214 2215 2208 3535 3509 3507 3538 3536 3539 3540 3511 2292 2278 2293 2294 
1101 1034 1041 1042 1035 3400 3407 3408 3401 1120 1106 3508 1121 3537 1122 3541 3512 3539 3513 3542 3543 
1102 3400 3407 3408 3401 2208 2215 2216 2209 3539 3513 3511 3542 3540 3543 3544 3515 2294 2280 2295 2296 
1103 1035 1042 8 236 3401 3408 472 2105 1122 1108 3512 1123 3541 239 473 2108 3543 3516 3545 2109 
1104 3401 3408 472 2105 2209 2216 30 475 3543 3516 3515 3545 3544 2109 474 2110 2296 2282 2297 478 
1105 261 260 1043 1036 2163 2162 3409 3402 268 1109 2177 1124 2174 1125 3546 3517 2176 3518 3547 3548 
1106 2163 2162 3409 3402 513 512 2217 2210 2176 3518 2178 3547 2175 3548 3549 3520 520 2283 2298 2299 
1107 1036 1043 1044 1037 3402 3409 3410 3403 1125 1111 3517 1126 3546 1127 3550 3521 3548 3522 3551 3552 
1108 3402 3409 3410 3403 2210 2217 2218 2211 3548 3522 3520 3551 3549 3552 3553 3524 2299 2285 2300 2301 
1109 1037 1044 1045 1038 3403 3410 3411 3404 1127 1113 3521 1128 3550 1129 3554 3525 3552 3526 3555 3556 
1110 3403 3410 3411 3404 2211 2218 2219 2212 3552 3526 3524 3555 3553 3556 3557 3528 2301 2287 2302 2303 
1111 1038 1045 1046 1039 3404 3411 3412 3405 1129 1115 3525 1130 3554 1131 3558 3529 3556 3530 3559 3560 
1112 3404 3411 3412 3405 2212 2219 2220 2213 3556 3530 3528 3559 3557 3560 3561 3532 2303 2289 2304 2305 
1113 1039 1046 1047 1040 3405 3412 3413 3406 1131 1117 3529 1132 3558 1133 3562 3533 3560 3534 3563 3564 
1114 3405 3412 3413 3406 2213 2220 2221 2214 3560 3534 3532 3563 3561 3564 3565 3536 2305 2291 2306 2307 
1115 1040 1047 1048 1041 3406 3413 3414 3407 1133 1119 3533 1134 3562 1135 3566 3537 3564 3538 3567 3568 
1116 3406 3413 3414 3407 2214 2221 2222 2215 3564 3538 3536 3567 3565 3568 3569 3540 2307 2293 2308 2309 
1117 1041 1048 1049 1042 3407 3414 3415 3408 1135 1121 3537 1136 3566 1137 3570 3541 3568 3542 3571 3572 
1118 3407 3414 3415 3408 2215 2222 2223 2216 3568 3542 3540 3571 3569 3572 3573 3544 2309 2295 2310 2311 
1119 1042 1049 94 8 3408 3415 2120 472 1137 1123 3541 1138 3570 98 2127 473 3572 3545 3574 2130 
1120 3408 3415 2120 472 2216 2223 487 30 3572 3545 3544 3574 3573 2130 2129 474 2311 2297 2312 491 
1121 260 259 1050 1043 2162 2161 3416 3409 267 1124 2174 1139 2171 1140 3575 3546 2173 3547 3576 3577 
1122 2162 2161 3416 3409 512 511 2224 2217 2173 3547 2175 3576 2172 3577 3578 3549 519 2298 2313 2314 
1123 1043 1050 1051 1044 3409 3416 3417 3410 1140 1126 3546 1141 3575 1142 3579 3550 3577 3551 3580 3581 
1124 3409 3416 3417 3410 2217 2224 2225 2218 3577 3551 3549 3580 3578 3581 3582 3553 2314 2300 2315 2316 
1125 1044 1051 1052 1045 3410 3417 3418 3411 1142 1128 3550 1143 3579 1144 3583 3554 3581 3555 3584 3585 
1126 3410 3417 3418 3411 2218 2225 2226 2219 3581 3555 3553 3584 3582 3585 3586 3557 2316 2302 2317 2318 
1127 1045 1052 1053 1046 3411 3418 3419 3412 1144 1130 3554 1145 3583 1146 3587 3558 3585 3559 3588 3589 
1128 3411 3418 3419 3412 2219 2226 2227 2220 3585 3559 3557 3588 3586 3589 3590 3561 2318 2304 2319 2320 
1129 1046 1053 1054 1047 3412 3419 3420 3413 1146 1132 3558 1147 3587 1148 3591 3562 3589 3563 3592 3593 
1130 3412 3419 3420 3413 2220 2227 2228 2221 3589 3563 3561 3592 3590 3593 3594 3565 2320 2306 2321 2322 
1131 1047 1054 1055 1048 3413 3420 3421 3414 1148 1134 3562 1149 3591 1150 3595 3566 3593 3567 3596 3597 
1132 3413 3420 3421 3414 2221 2228 2229 2222 3593 3567 3565 3596 3594 3597 3598 3569 2322 2308 2323 2324 
1133 1048 1055 1056 1049 3414 3421 3422 3415 1150 1136 3566 1151 3595 1152 3599 3570 3597 3571 3600 3601 
1134 3414 3421 3422 3415 2222 2229 2230 2223 3597 3571 3569 3600 3598 3601 3602 3573 2324 2310 2325 2326 
1135 1049 1056 93 94 3415 3422 2119 2120 1152 1138 3570 1153 3599 97 2124 2127 3601 3574 3603 2128 
1136 3415 3422 2119 2120 2223 2230 486 487 3601 3574 3573 3603 3602 2128 2126 2129 2326 2312 2327 490 
1137 259 258 1057 1050 2161 2160 3423 3416 266 1139 2171 1154 2168 1155 3604 3575 2170 3576 3605 3606 
1138 2161 2160 3423 3416 511 510 2231 2224 2170 3576 2172 3605 2169 3606 3607 3578 518 2313 2328 2329 
1139 1050 1057 1058 1051 3416 3423 3424 3417 1155 1141 3575 1156 3604 1157 3608 3579 3606 3580 3609 3610 
1140 3416 3423 3424 3417 2224 2231 2232 2225 3606 3580 3578 3609 3607 3610 3611 3582 2329 2315 2330 2331 
1141 1051 1058 1059 1052 3417 3424 3425 3418 1157 1143 3579 1158 3608 1159 3612 3583 3610 3584 3613 3614 
1142 3417 3424 3425 3418 2225 2232 2233 2226 3610 3584 3582 3613 3611 3614 3615 3586 2331 2317 2332 2333 
1143 1052 1059 1060 1053 3418 3425 3426 3419 1159 1145 3583 1160 3612 1161 3616 3587 3614 3588 3617 3618 
1144 3418 3425 3426 3419 2226 2233 2234 2227 3614 3588 3586 3617 3615 3618 3619 3590 2333 2319 2334 2335 
1145 1053 1060 1061 1054 3419 3426 3427 3420 1161 1147 3587 1162 3616 1163 3620 3591 3618 3592 3621 3622 
1146 3419 3426 3427 3420 2227 2234 2235 2228 3618 3592 3590 3621 3619 3622 3623 3594 2335 2321 2336 2337 
1147 1054 1061 1062 1055 3420 3427 3428 3421 1163 1149 3591 1164 3620 1165 3624 3595 3622 3596 3625 3626 
1148 3420 3427 3428 3421 2228 2235 2236 2229 3622 3596 3594 3625 3623 3626 3627 3598 2337 2323 2338 2339 
1149 1055 1062 1063 1056 3421 3428 3429 3422 1165 1151 3595 1166 3624 1167 3628 3599 3626 3600 3629 3630 
1150 3421 3428 3429 3422 2229 2236 2237 2230 3626 3600 3598 3629 3627 3630 3631 3602 2339 2325 2340 2341 
1151 1056 1063 92 93 3422 3429 2118 2119 1167 1153 3599 1168 3628 96 2121 2124 3630 3603 3632 2125 
1152 3422 3429 2118 2119 2230 2237 485 486 3630 3603 3602 3632 3631 2125 2123 2126 2341 2327 2342 489 
1153 258 18 243 1057 2160 492 2131 3423 265 1154 2168 250 493 1169 2138 3604 2167 3605 2139 3633 
1154 2160 492 2131 3423 510 32 495 2231 2167 3605 2169 2139 494 3633 2140 3607 517 2328 502 2343 
1155 1057 243 244 1058 3423 2131 2132 3424 1169 1156 3604 251 2138 1170 2141 3608 3633 3609 2142 3634 
1156 3423 2131 2132 3424 2231 495 496 2232 3633 3609 3607 2142 2140 3634 2143 3611 2343 2330 503 2344 
1157 1058 244 245 1059 3424 2132 2133 3425 1170 1158 3608 252 2141 1171 2144 3612 3634 3613 2145 3635 
1158 3424 2132 2133 3425 2232 496 497 2233 3634 3613 3611 2145 2143 3635 2146 3615 2344 2332 504 2345 
1159 1059 245 246 1060 3425 2133 2134 3426 1171 1160 3612 253 2144 1172 2147 3616 3635 3617 2148 3636 
1160 3425 2133 2134 3426 2233 497 498 2234 3635 3617 3615 2148 2146 3636 2149 3619 2345 2334 505 2346 
1161 1060 246 247 1061 3426 2134 2135 3427 1172 1162 3616 254 2147 1173 2150 3620 3636 3621 2151 3637 
1162 3426 2134 2135 3427 2234 498 499 2235 3636 3621 3619 2151 2149 3637 2152 3623 2346 2336 506 2347 
1163 1061 247 248 1062 3427 2135 2136 3428 1173 1164 3620 255 2150 1174 2153 3624 3637 3625 2154 3638 
1164 3427 2135 2136 3428 2235 499 500 2236 3637 3625 3623 2154 2152 3638 2155 3627 2347 2338 507 2348 
1165 1062 248 249 1063 3428 2136 2137 3429 1174 1166 3624 256 2153 1175 2156 3628 3638 3629 2157 3639 
1166 3428 2136 2137 3429 2236 500 501 2237 3638 3629 3627 2157 2155 3639 2158 3631 2348 2340 508 2349 
1167 1063 249 7 92 3429 2137 482 2118 1175 1168 3628 257 2156 95 483 2121 3639 3632 2159 2122 
1168 3429 2137 482 2118 2237 501 31 485 3639 3632 3631 2159 2158 2122 484 2123 2349 2342 509 488 
3 6 17 128
1169 1176 273 16 220 3640 2350 429 1908 1226 1225 3689 280 2358 228 430 1927 3690 3691 2357 1930 
1170 3640 2350 429 1908 2405 525 28 456 3690 3691 3692 2357 2359 1930 431 1929 2455 2454 532 464 
1171 1177 1176 220 219 3641 3640 1908 1907 1228 1227 3693 1225 3689 227 1927 1924 3694 3695 3691 1928 
1172 3641 3640 1908 1907 2406 2405 456 455 3694 3695 3696 3691 3692 1928 1929 1926 2457 2456 2454 463 
1173 1178 1177 219 218 3642 3641 1907 1906 1230 1229 3697 1227 3693 226 1924 1921 3698 3699 3695 1925 
1174 3642 3641 1907 1906 2407 2406 455 454 3698 3699 3700 3695 3696 1925 1926 1923 2459 2458 2456 462 
1175 1179 1178 218 217 3643 3642 1906 1905 1232 1231 3701 1229 3697 225 1921 1918 3702 3703 3699 1922 
1176 3643 3642 1906 1905 2408 2407 454 453 3702 3703 3704 3699 3700 1922 1923 1920 2461 2460 2458 461 
1177 1180 1179 217 216 3644 3643 1905 1904 1234 1233 3705 1231 3701 224 1918 1915 3706 3707 3703 1919 
1178 3644 3643 1905 1904 2409 2408 453 452 3706 3707 3708 3703 3704 1919 1920 1917 2463 2462 2460 460 
1179 1181 1180 216 215 3645 3644 1904 1903 1236 1235 3709 1233 3705 223 1915 1912 3710 3711 3707 1916 
1180 3645 3644 1904 1903 2410 2409 452 451 3710 3711 3712 3707 3708 1916 1917 1914 2465 2464 2462 459 
1181 1182 1181 215 214 3646 3645 1903 1902 1238 1237 3713 1235 3709 222 1912 1909 3714 3715 3711 1913 
1182 3646 3645 1903 1902 2411 2410 451 450 3714 3715 3716 3711 3712 1913 1914 1911 2467 2466 2464 458 
1183 288 1182 214 17 2392 3646 1902 447 1239 291 2395 1237 3713 221 1909 448 3717 2396 3715 1910 
1184 2392 3646 1902 447 550 2411 450 29 3717 2396 2397 3715 3716 1910 1911 449 2468 553 2466 457 
1185 1183 274 273 1176 3647 2351 2350 3640 1241 1240 3718 281 2361 1226 2358 3689 3719 3720 2360 3690 
1186 3647 2351 2350 3640 2412 526 525 2405 3719 3720 3721 2360 2362 3690 2359 3692 2470 2469 533 2455 
1187 1184 1183 1176 1177 3648 3647 3640 3641 1243 1242 3722 1240 3718 1228 3689 3693 3723 3724 3720 3694 
1188 3648 3647 3640 3641 2413 2412 2405 2406 3723 3724 3725 3720 3721 3694 3692 3696 2472 2471 2469 2457 
1189 1185 1184 1177 1178 3649 3648 3641 3642 1245 1244 3726 1242 3722 1230 3693 3697 3727 3728 3724 3698 
1190 3649 3648 3641 3642 2414 2413 2406 2407 3727 3728 3729 3724 3725 3698 3696 3700 2474 2473 2471 2459 
1191 1186 1185 1178 1179 3650 3649 3642 3643 1247 1246 3730 1244 3726 1232 3697 3701 3731 3732 3728 3702 
1192 3650 3649 3642 3643 2415 2414 2407 2408 3731 3732 3733 3728 3729 3702 3700 3704 2476 2475 2473 2461 
1193 1187 1186 1179 1180 3651 3650 3643 3644 1249 1248 3734 1246 3730 1234 3701 3705 3735 3736 3732 3706 
1194 3651 3650 3643 3644 2416 2415 2408 2409 3735 3736 3737 3732 3733 3706 3704 3708 2478 2477 2475 2463 
1195 1188 1187 1180 1181 3652 3651 3644 3645 1251 1250 3738 1248 3734 1236 3705 3709 3739 3740 3736 3710 
1196 3652 3651 3644 3645 2417 2416 2409 2410 3739 3740 3741 3736 3737 3710 3708 3712 2480 2479 2477 2465 
1197 1189 1188 1181 1182 3653 3652 3645 3646 1253 1252 3742 1250 3738 1238 3709 3713 3743 3744 3740 3714 
1198 3653 3652 3645 3646 2418 2417 2410 2411 3743 3744 3745 3740 3741 3714 3712 3716 2482 2481 2479 2467 
1199 289 1189 1182 288 2393 3653 3646 2392 1254 292 2398 1252 3742 1239 3713 2395 3746 2399 3744 3717 
1200 2393 3653 3646 2392 551 2418 2411 550 3746 2399 2400 3744 3745 3717 3716 2397 2483 554 2481 2468 
1201 1190 275 274 1183 3654 2352 2351 3647 1256 1255 3747 282 2364 1241 2361 3718 3748 3749 2363 3719 
1202 3654 2352 2351 3647 2419 527 526 2412 3748 3749 3750 2363 2365 3719 2362 3721 2485 2484 534 2470 
1203 1191 1190 1183 1184 3655 3654 3647 3648 1258 1257 3751 1255 3747 1243 3718 3722 3752 3753 3749 3723 
1204 3655 3654 3647 3648 2420 2419 2412 2413 3752 3753 3754 3749 3750 3723 3721 3725 2487 2486 2484 2472 
1205 1192 1191 1184 1185 3656 3655 3648 3649 1260 1259 3755 1257 3751 1245 3722 3726 3756 3757 3753 3727 
1206 3656 3655 3648 3649 2421 2420 2413 2414 3756 3757 3758 3753 3754 3727 3725 3729 2489 2488 2486 2474 
1207 1193 1192 1185 1186 3657 3656 3649 3650 1262 1261 3759 1259 3755 1247 3726 3730 3760 3761 3757 3731 
1208 3657 3656 3649 3650 2422 2421 2414 2415 3760 3761 3762 3757 3758 3731 3729 3733 2491 2490 2488 2476 
1209 1194 1193 1186 1187 3658 3657 3650 3651 1264 1263 3763 1261 3759 1249 3730 3734 3764 3765 3761 3735 
1210 3658 3657 3650 3651 2423 2422 2415 2416 3764 3765 3766 3761 3762 3735 3733 3737 2493 2492 2490 2478 
1211 1195 1194 1187 1188 3659 3658 3651 3652 1266 1265 3767 1263 3763 1251 3734 3738 3768 3769 3765 3739 
1212 3659 3658 3651 3652 2424 2423 2416 2417 3768 3769 3770 3765 3766 3739 3737 3741 2495 2494 2492 2480 
1213 1196 1195 1188 1189 3660 3659 3652 3653 1268 1267 3771 1265 3767 1253 3738 3742 3772 3773 3769 3743 
1214 3660 3659 3652 3653 2425 2424 2417 2418 3772 3773 3774 3769 3770 3743 3741 3745 2497 2496 2494 2482 
1215 290 1196 1189 289 2394 3660 3653 2393 1269 293 2401 1267 3771 1254 3742 2398 3775 2402 3773 3746 
1216 2394 3660 3653 2393 552 2425 2418 551 3775 2402 2403 3773 3774 3746 3745 2400 2498 555 2496 2483 
1217 1197 276 275 1190 3661 2353 2352 3654 1271 1270 3776 283 2367 1256 2364 3747 3777 3778 2366 3748 
1218 3661 2353 2352 3654 2426 528 527 2419 3777 3778 3779 2366 2368 3748 2365 3750 2500 2499 535 2485 
1219 1198 1197 1190 1191 3662 3661 3654 3655 1273 1272 3780 1270 3776 1258 3747 3751 3781 3782 3778 3752 
1220 3662 3661 3654 3655 2427 2426 2419 2420 3781 3782 3783 3778 3779 3752 3750 3754 2502 2501 2499 2487 
1221 1199 1198 1191 1192 3663 3662 3655 3656 1275 1274 3784 1272 3780 1260 3751 3755 3785 3786 3782 3756 
1222 3663 3662 3655 3656 2428 2427 2420 2421 3785 3786 3787 3782 3783 3756 3754 3758 2504 2503 2501 2489 
1223 1200 1199 1192 1193 3664 3663 3656 3657 1277 1276 3788 1274 3784 1262 3755 3759 3789 3790 3786 3760 
1224 3664 3663 3656 3657 2429 2428 2421 2422 3789 3790 3791 3786 3787 3760 3758 3762 2506 2505 2503 2491 
1225 1201 1200 1193 1194 3665 3664 3657 3658 1279 1278 3792 1276 3788 1264 3759 3763 3793 3794 3790 3764 
1226 3665 3664 3657 3658 2430 2429 2422 2423 3793 3794 3795 3790 3791 3764 3762 3766 2508 2507 2505 2493 
1227 1202 1201 1194 1195 3666 3665 3658 3659 1281 1280 3796 1278 3792 1266 3763 3767 3797 3798 3794 3768 
1228 3666 3665 3658 3659 2431 2430 2423 2424 3797 3798 3799 3794 3795 3768 3766 3770 2510 2509 2507 2495 
1229 1203 1202 1195 1196 3667 3666 3659 3660 1283 1282 3800 1280 3796 1268 3767 3771 3801 3802 3798 3772 
1230 3667 3666 3659 3660 2432 2431 2424 2425 3801 3802 3803 3798 3799 3772 3770 3774 2512 2511 2509 2497 
1231 9 1203 1196 290 540 3667 3660 2394 1284 294 541 1282 3800 1269 3771 2401 3804 2404 3802 3775 
1232 540 3667 3660 2394 33 2432 2425 552 3804 2404 542 3802 3803 3775 3774 2403 2513 556 2511 2498 
1233 1204 277 276 1197 3668 2354 2353 3661 1286 1285 3805 284 2370 1271 2367 3776 3806 3807 2369 3777 
1234 3668 2354 2353 3661 2433 529 528 2426 3806 3807 3808 2369 2371 3777 2368 3779 2515 2514 536 2500 
1235 1205 1204 1197 1198 3669 3668 3661 3662 1288 1287 3809 1285 3805 1273 3776 3780 3810 3811 3807 3781 
1236 3669 3668 3661 3662 2434 2433 2426 2427 3810 3811 3812 3807 3808 3781 3779 3783 2517 2516 2514 2502 
1237 1206 1205 1198 1199 3670 3669 3662 3663 1290 1289 3813 1287 3809 1275 3780 3784 3814 3815 3811 3785 
1238 3670 3669 3662 3663 2435 2434 2427 2428 3814 3815 3816 3811 3812 3785 3783 3787 2519 2518 2516 2504 
1239 1207 1206 1199 1200 3671 3670 3663 3664 1292 1291 3817 1289 3813 1277 3784 3788 3818 3819 3815 3789 
1240 3671 3670 3663 3664 2436 2435 2428 2429 3818 3819 3820 3815 3816 3789 3787 3791 2521 2520 2518 2506 
1241 1208 1207 1200 1201 3672 3671 3664 3665 1294 1293 3821 1291 3817 1279 3788 3792 3822 3823 3819 3793 
1242 3672 3671 3664 3665 2437 2436 2429 2430 3822 3823 3824 3819 3820 3793 3791 3795 2523 2522 2520 2508 
1243 1209 1208 1201 1202 3673 3672 3665 3666 1296 1295 3825 1293 3821 1281 3792 3796 3826 3827 3823 3797 
1244 3673 3672 3665 3666 2438 2437 2430 2431 3826 3827 3828 3823 3824 3797 3795 3799 2525 2524 2522 2510 
1245 1210 1209 1202 1203 3674 3673 3666 3667 1298 1297 3829 1295 3825 1283 3796 3800 3830 3831 3827 3801 
1246 3674 3673 3666 3667 2439 2438 2431 2432 3830 3831 3832 3827 3828 3801 3799 3803 2527 2526 2524 2512 
1247 99 1210 1203 9 2379 3674 3667 540 1299 102 2382 1297 3829 1284 3800 541 3833 2383 3831 3804 
1248 2379 3674 3667 540 543 2439 2432 33 3833 2383 2384 3831 3832 3804 3803 542 2528 546 2526 2513 
1249 1211 278 277 1204 3675 2355 2354 3668 1301 1300 3834 285 2373 1286 2370 3805 3835 3836 2372 3806 
1250 3675 2355 2354 3668 2440 530 529 2433 3835 3836 3837 2372 2374 3806 2371 3808 2530 2529 537 2515 
1251 1212 1211 1204 1205 3676 3675 3668 3669 1303 1302 3838 1300 3834 1288 3805 3809 3839 3840 3836 3810 
1252 3676 3675 3668 3669 2441 2440 2433 2434 3839 3840 3841 3836 3837 3810 3808 3812 2532 2531 2529 2517 
1253 1213 1212 1205 1206 3677 3676 3669 3670 1305 1304 3842 1302 3838 1290 3809 3813 3843 3844 3840 3814 
1254 3677 3676 3669 3670 2442 2441 2434 2435 3843 3844 3845 3840 3841 3814 3812 3816 2534 2533 2531 2519 
1255 1214 1213 1206 1207 3678 3677 3670 3671 1307 1306 3846 1304 3842 1292 3813 3817 3847 3848 3844 3818 
1256 3678 3677 3670 3671 2443 2442 2435 2436 3847 3848 3849 3844 3845 3818 3816 3820 2536 2535 2533 2521 
1257 1215 1214 1207 1208 3679 3678 3671 3672 1309 1308 3850 1306 3846 1294 3817 3821 3851 3852 3848 3822 
1258 3679 3678 3671 3672 2444 2443 2436 2437 3851 3852 3853 3848 3849 3822 3820 3824 2538 2537 2535 2523 
1259 1216 1215 1208 1209 3680 3679 3672 3673 1311 1310 3854 1308 3850 1296 3821 3825 3855 3856 3852 3826 
1260 3680 3679 3672 3673 2445 2444 2437 2438 3855 3856 3857 3852 3853 3826 3824 3828 2540 2539 2537 2525 
1261 1217 1216 1209 1210 3681 3680 3673 3674 1313 1312 3858 1310 3854 1298 3825 3829 3859 3860 3856 3830 
1262 3681 3680 3673 3674 2446 2445 2438 2439 3859 3860 3861 3856 3857 3830 3828 3832 2542 2541 2539 2527 
1263 100 1217 1210 99 2380 3681 3674 2379 1314 103 2385 1312 3858 1299 3829 2382 3862 2386 3860 3833 
1264 2380 3681 3674 2379 544 2446 2439 543 3862 2386 2387 3860 3861 3833 3832 2384 2543 547 2541 2528 
1265 1218 279 278 1211 3682 2356 2355 3675 1316 1315 3863 286 2376 1301 2373 3834 3864 3865 2375 3835 
1266 3682 2356 2355 3675 2447 531 530 2440 3864 3865 3866 2375 2377 3835 2374 3837 2545 2544 538 2530 
1267 1219 1218 1211 1212 3683 3682 3675 3676 1318 1317 3867 1315 3863 1303 3834 3838 3868 3869 3865 3839 
1268 3683 3682 3675 3676 2448 2447 2440 2441 3868 3869 3870 3865 3866 3839 3837 3841 2547 2546 2544 2532 
1269 1220 1219 1212 1213 3684 3683 3676 3677 1320 1319 3871 1317 3867 1305 3838 3842 3872 3873 3869 3843 
1270 3684 3683 3676 3677 2449 2448 2441 2442 3872 3873 3874 3869 3870 3843 3841 3845 2549 2548 2546 2534 
1271 1221 1220 1213 1214 3685 3684 3677 3678 1322 1321 3875 1319 3871 1307 3842 3846 3876 3877 3873 3847 
1272 3685 3684 3677 3678 2450 2449 2442 2443 3876 3877 3878 3873 3874 3847 3845 3849 2551 2550 2548 2536 
1273 1222 1221 1214 1215 3686 3685 3678 3679 1324 1323 3879 1321 3875 1309 3846 3850 3880 3881 3877 3851 
1274 3686 3685 3678 3679 2451 2450 2443 2444 3880 3881 3882 3877 3878 3851 3849 3853 2553 2552 2550 2538 
1275 1223 1222 1215 1216 3687 3686 3679 3680 1326 1325 3883 1323 3879 1311 3850 3854 3884 3885 3881 3855 
1276 3687 3686 3679 3680 2452 2451 2444 2445 3884 3885 3886 3881 3882 3855 3853 3857 2555 2554 2552 2540 
1277 1224 1223 1216 1217 3688 3687 3680 3681 1328 1327 3887 1325 3883 1313 3854 3858 3888 3889 3885 3859 
1278 3688 3687 3680 3681 2453 2452 2445 2446 3888 3889 3890 3885 3886 3859 3857 3861 2557 2556 2554 2542 
1279 101 1224 1217 100 2381 3688 3681 2380 1329 104 2388 1327 3887 1314 3858 2385 3891 2389 3889 3862 
1280 2381 3688 3681 2380 545 2453 2446 544 3891 2389 2390 3889 3890 3862 3861 2387 2558 548 2556 2543 
1281 243 18 279 1218 2131 492 2356 3682 250 1330 2138 287 493 1316 2376 3863 2139 3892 2378 3864 
1282 2131 492 2356 3682 495 32 531 2447 2139 3892 2140 2378 494 3864 2377 3866 502 2559 539 2545 
1283 244 243 1218 1219 2132 2131 3682 3683 251 1331 2141 1330 2138 1318 3863 3867 2142 3893 3892 3868 
1284 2132 2131 3682 3683 496 495 2447 2448 2142 3893 2143 3892 2140 3868 3866 3870 503 2560 2559 2547 
1285 245 244 1219 1220 2133 2132 3683 3684 252 1332 2144 1331 2141 1320 3867 3871 2145 3894 3893 3872 
1286 2133 2132 3683 3684 497 496 2448 2449 2145 3894 2146 3893 2143 3872 3870 3874 504 2561 2560 2549 
1287 246 245 1220 1221 2134 2133 3684 3685 253 1333 2147 1332 2144 1322 3871 3875 2148 3895 3894 3876 
1288 2134 2133 3684 3685 498 497 2449 2450 2148 3895 2149 3894 2146 3876 3874 3878 505 2562 2561 2551 
1289 247 246 1221 1222 2135 2134 3685 3686 254 1334 2150 1333 2147 1324 3875 3879 2151 3896 3895 3880 
1290 2135 2134 3685 3686 499 498 2450 2451 2151 3896 2152 3895 2149 3880 3878 3882 506 2563 2562 2553 
1291 248 247 1222 1223 2136 2135 3686 3687 255 1335 2153 1334 2150 1326 3879 3883 2154 3897 3896 3884 
1292 2136 2135 3686 3687 500 499 2451 2452 2154 3897 2155 3896 2152 3884 3882 3886 507 2564 2563 2555 
1293 249 248 1223 1224 2137 2136 3687 3688 256 1336 2156 1335 2153 1328 3883 3887 2157 3898 3897 3888 
1294 2137 2136 3687 3688 501 500 2452 2453 2157 3898 2158 3897 2155 3888 3886 3890 508 2565 2564 2557 
1295 7 249 1224 101 482 2137 3688 2381 257 105 483 1336 2156 1329 3887 2388 2159 2391 3898 3891 
1296 482 2137 3688 2381 31 501 2453 545 2159 2391 484 3898 2158 3891 3890 2390 509 549 2565 2558 
3 7 17 40
1297 8 94 1337 125 472 2120 3899 2599 98 130 473 1349 2127 1350 3911 2609 2130 2612 3912 3913 
1298 472 2120 3899 2599 30 487 2613 582 2130 2612 474 3912 2129 3913 3914 2611 491 587 2625 2626 
1299 125 1337 1338 124 2599 3899 3900 2598 1350 129 2609 1351 3911 1352 3915 2606 3913 2610 3916 3917 
1300 2599 3899 3900 2598 582 2613 2614 581 3913 2610 2611 3916 3914 3917 3918 2608 2626 586 2627 2628 
1301 124 1338 1339 123 2598 3900 3901 2597 1352 128 2606 1353 3915 1354 3919 2603 3917 2607 3920 3921 
1302 2598 3900 3901 2597 581 2614 2615 580 3917 2607 2608 3920 3918 3921 3922 2605 2628 585 2629 2630 
1303 123 1339 1340 122 2597 3901 3902 2596 1354 127 2603 1355 3919 1356 3923 2600 3921 2604 3924 3925 
1304 2597 3901 3902 2596 580 2615 2616 579 3921 2604 2605 3924 3922 3925 3926 2602 2630 584 2631 2632 
1305 122 1340 117 11 2596 3902 2585 569 1356 126 2600 1357 3923 121 2592 570 3925 2601 3927 2595 
1306 2596 3902 2585 569 579 2616 574 35 3925 2601 2602 3927 3926 2595 2594 571 2632 583 2633 578 
1307 94 93 1341 1337 2120 2119 3903 3899 97 1349 2127 1358 2124 1359 3928 3911 2128 3912 3929 3930 
1308 2120 2119 3903 3899 487 486 2617 2613 2128 3912 2129 3929 2126 3930 3931 3914 490 2625 2634 2635 
1309 1337 1341 1342 1338 3899 3903 3904 3900 1359 1351 3911 1360 3928 1361 3932 3915 3930 3916 3933 3934 
1310 3899 3903 3904 3900 2613 2617 2618 2614 3930 3916 3914 3933 3931 3934 3935 3918 2635 2627 2636 2637 
1311 1338 1342 1343 1339 3900 3904 3905 3901 1361 1353 3915 1362 3932 1363 3936 3919 3934 3920 3937 3938 
1312 3900 3904 3905 3901 2614 2618 2619 2615 3934 3920 3918 3937 3935 3938 3939 3922 2637 2629 2638 2639 
1313 1339 1343 1344 1340 3901 3905 3906 3902 1363 1355 3919 1364 3936 1365 3940 3923 3938 3924 3941 3942 
1314 3901 3905 3906 3902 2615 2619 2620 2616 3938 3924 3922 3941 3939 3942 3943 3926 2639 2631 2640 2641 
1315 1340 1344 116 117 3902 3906 2584 2585 1365 1357 3923 1366 3940 120 2589 2592 3942 3927 3944 2593 
1316 3902 3906 2584 2585 2616 2620 573 574 3942 3927 3926 3944 3943 2593 2591 2594 2641 2633 2642 577 
1317 93 92 1345 1341 2119 2118 3907 3903 96 1358 2124 1367 2121 1368 3945 3928 2125 3929 3946 3947 
1318 2119 2118 3907 3903 486 485 2621 2617 2125 3929 2126 3946 2123 3947 3948 3931 489 2634 2643 2644 
1319 1341 1345 1346 1342 3903 3907 3908 3904 1368 1360 3928 1369 3945 1370 3949 3932 3947 3933 3950 3951 
1320 3903 3907 3908 3904 2617 2621 2622 2618 3947 3933 3931 3950 3948 3951 3952 3935 2644 2636 2645 2646 
1321 1342 1346 1347 1343 3904 3908 3909 3905 1370 1362 3932 1371 3949 1372 3953 3936 3951 3937 3954 3955 
1322 3904 3908 3909 3905 2618 2622 2623 2619 3951 3937 3935 3954 3952 3955 3956 3939 2646 2638 2647 2648 
1323 1343 1347 1348 1344 3905 3909 3910 3906 1372 1364 3936 1373 3953 1374 3957 3940 3955 3941 3958 3959 
1324 3905 3909 3910 3906 2619 2623 2624 2620 3955 3941 3939 3958 3956 3959 3960 3943 2648 2640 2649 2650 
1325 1344 1348 115 116 3906 3910 2583 2584 1374 1366 3940 1375 3957 119 2586 2589 3959 3944 3961 2590 
1326 3906 3910 2583 2584 2620 2624 572 573 3959 3944 3943 3961 3960 2590 2588 2591 2650 2642 2651 576 
1327 92 7 106 1345 2118 482 2566 3907 95 1367 2121 110 483 1376 2570 3945 2122 3946 2571 3962 
1328 2118 482 2566 3907 485 31 560 2621 2122 3946 2123 2571 484 3962 2572 3948 488 2643 564 2652 
1329 1345 106 107 1346 3907 2566 2567 3908 1376 1369 3945 111 2570 1377 2573 3949 3962 3950 2574 3963 
1330 3907 2566 2567 3908 2621 560 561 2622 3962 3950 3948 2574 2572 3963 2575 3952 2652 2645 565 2653 
1331 1346 107 108 1347 3908 2567 2568 3909 1377 1371 3949 112 2573 1378 2576 3953 3963 3954 2577 3964 
1332 3908 2567 2568 3909 2622 561 562 2623 3963 3954 3952 2577 2575 3964 2578 3956 2653 2647 566 2654 
1333 1347 108 109 1348 3909 2568 2569 3910 1378 1373 3953 113 2576 1379 2579 3957 3964 3958 2580 3965 
1334 3909 2568 2569 3910 2623 562 563 2624 3964 3958 3956 2580 2578 3965 2581 3960 2654 2649 567 2655 
1335 1348 109 10 115 3910 2569 557 2583 1379 1375 3957 114 2579 118 558 2586 3965 3961 2582 2587 
1336 3910 2569 557 2583 2624 563 34 572 3965 3961 3960 2582 2581 2587 559 2588 2655 2651 568 575 
3 8 17 40
1337 7 101 1380 106 482 2381 3966 2566 105 110 483 1392 2388 1393 3978 2570 2391 2571 3979 3980 
1338 482 2381 3966 2566 31 545 2686 560 2391 2571 484 3979 2390 3980 3981 2572 549 564 2698 2699 
1339 106 1380 1381 107 2566 3966 3967 2567 1393 111 2570 1394 3978 1395 3982 2573 3980 2574 3983 3984 
1340 2566 3966 3967 2567 560 2686 2687 561 3980 2574 2572 3983 3981 3984 3985 2575 2699 565 2700 2701 
1341 107 1381 1382 108 2567 3967 3968 2568 1395 112 2573 1396 3982 1397 3986 2576 3984 2577 3987 3988 
1342 2567 3967 3968 2568 561 2687 2688 562 3984 2577 2575 3987 3985 3988 3989 2578 2701 566 2702 2703 
1343 108 1382 1383 109 2568 3968 3969 2569 1397 113 2576 1398 3986 1399 3990 2579 3988 2580 3991 3992 
1344 2568 3968 3969 2569 562 2688 2689 563 3988 2580 2578 3991 3989 3992 3993 2581 2703 567 2704 2705 
1345 109 1383 142 10 2569 3969 2675 557 1399 114 2579 1400 3990 146 2682 558 3992 2582 3994 2685 
1346 2569 3969 2675 557 563 2689 602 34 3992 2582 2581 3994 3993 2685 2684 559 2705 568 2706 606 
1347 101 100 1384 1380 2381 2380 3970 3966 104 1392 2388 1401 2385 1402 3995 3978 2389 3979 3996 3997 
1348 2381 2380 3970 3966 545 544 2690 2686 2389 3979 2390 3996 2387 3997 3998 3981 548 2698 2707 2708 
1349 1380 1384 1385 1381 3966 3970 3971 3967 1402 1394 3978 1403 3995 1404 3999 3982 3997 3983 4000 4001 
1350 3966 3970 3971 3967 2686 2690 2691 2687 3997 3983 3981 4000 3998 4001 4002 3985 2708 2700 2709 2710 
1351 1381 1385 1386 1382 3967 3971 3972 3968 1404 1396 3982 1405 3999 1406 4003 3986 4001 3987 4004 4005 
1352 3967 3971 3972 3968 2687 2691 2692 2688 4001 3987 3985 4004 4002 4005 4006 3989 2710 2702 2711 2712 
1353 1382 1386 1387 1383 3968 3972 3973 3969 1406 1398 3986 1407 4003 1408 4007 3990 4005 3991 4008 4009 
1354 3968 3972 3973 3969 2688 2692 2693 2689 4005 3991 3989 4008 4006 4009 4010 3993 2712 2704 2713 2714 
1355 1383 1387 141 142 3969 3973 2674 2675 1408 1400 3990 1409 4007 145 2679 2682 4009 3994 4011 2683 
1356 3969 3973 2674 2675 2689 2693 601 602 4009 3994 3993 4011 4010 2683 2681 2684 2714 2706 2715 605 
1357 100 99 1388 1384 2380 2379 3974 3970 103 1401 2385 1410 2382 1411 4012 3995 2386 3996 4013 4014 
1358 2380 2379 3974 3970 544 543 2694 2690 2386 3996 2387 4013 2384 4014 4015 3998 547 2707 2716 2717 
1359 1384 1388 1389 1385 3970 3974 3975 3971 1411 1403 3995 1412 4012 1413 4016 3999 4014 4000 4017 4018 
1360 3970 3974 3975 3971 2690 2694 2695 2691 4014 4000 3998 4017 4015 4018 4019 4002 2717 2709 2718 2719 
1361 1385 1389 1390 1386 3971 3975 3976 3972 1413 1405 3999 1414 4016 1415 4020 4003 4018 4004 4021 4022 
1362 3971 3975 3976 3972 2691 2695 2696 2692 4018 4004 4002 4021 4019 4022 4023 4006 2719 2711 2720 2721 
1363 1386 1390 1391 1387 3972 3976 3977 3973 1415 1407 4003 1416 4020 1417 4024 4007 4022 4008 4025 4026 
1364 3972 3976 3977 3973 2692 2696 2697 2693 4022 4008 4006 4025 4023 4026 4027 4010 2721 2713 2722 2723 
1365 1387 1391 140 141 3973 3977 2673 2674 1417 1409 4007 1418 4024 144 2676 2679 4026 4011 4028 2680 
1366 3973 3977 2673 2674 2693 2697 600 601 4026 4011 4010 4028 4027 2680 2678 2681 2723 2715 2724 604 
1367 99 9 131 1388 2379 540 2656 3974 102 1410 2382 135 541 1419 2660 4012 2383 4013 2661 4029 
1368 2379 540 2656 3974 543 33 591 2694 2383 4013 2384 2661 542 4029 2662 4015 546 2716 595 2725 
1369 1388 131 132 1389 3974 2656 2657 3975 1419 1412 4012 136 2660 1420 2663 4016 4029 4017 2664 4030 
1370 3974 2656 2657 3975 2694 591 592 2695 4029 4017 4015 2664 2662 4030 2665 4019 2725 2718 596 2726 
1371 1389 132 133 1390 3975 2657 2658 3976 1420 1414 4016 137 2663 1421 2666 4020 4030 4021 2667 4031 
1372 3975 2657 2658 3976 2695 592 593 2696 4030 4021 4019 2667 2665 4031 2668 4023 2726 2720 597 2727 
1373 1390 133 134 1391 3976 2658 2659 3977 1421 1416 4020 138 2666 1422 2669 4024 4031 4025 2670 4032 
1374 3976 2658 2659 3977 2696 593 594 2697 4031 4025 4023 2670 2668 4032 2671 4027 2727 2722 598 2728 
1375 1391 134 12 140 3977 2659 588 2673 1422 1418 4024 139 2669 143 589 2676 4032 4028 2672 2677 
1376 3977 2659 588 2673 2697 594 36 600 4032 4028 4027 2672 2671 2677 590 2678 2728 2724 599 603 
$EndElements
