$MeshFormat
4.1 0 8
$EndMeshFormat
$PhysicalNames
8
0 4 "bc-bot-point-back"
0 5 "bc-bot-point-front"
0 6 "bc-top-mid"
2 2 "bc-top"
2 3 "bc-bot"
2 7 "plate-surf-vis-front"
2 8 "plate-surf-vis-back"
3 1 "plate-vol"
$EndPhysicalNames
$Entities
40 74 43 8
1 -0.0125 0 0 0 
2 0 0 0 1 4 
3 0 0.005 0 0 
4 -0.0125 0.005000000000000001 0 0 
5 0.0125 0 0 0 
6 0.0125 0.005000000000000001 0 0 
7 0 0.0175 0 0 
10 0 0.03 0 0 
11 -0.0125 0.03 0 0 
12 0.0125 0.03 0 0 
13 0 0.035 0 1 6 
14 -0.0125 0.035 0 0 
15 0.0125 0.035 0 0 
16 -0.01249999999999981 0.01625 0 0 
17 -0.008749999999999394 0.01750000000000023 0 0 
18 0.008749999999999633 0.01749999999999986 0 0 
19 0.01250000000000012 0.00625 0 0 
20 -0.00625 0.0225 0 0 
21 -0.01249999999999989 0.02875 0 0 
22 0.01250000000000019 0.01875 0 0 
23 -0.0125 0 0.001 0 
24 0 0 0.001 1 5 
25 0 0.005 0.001 0 
26 -0.0125 0.005000000000000001 0.001 0 
27 0.0125 0 0.001 0 
28 0.0125 0.005000000000000001 0.001 0 
29 -0.01249999999999981 0.01625 0.001 0 
30 -0.008749999999999394 0.01750000000000023 0.001 0 
31 0 0.0175 0.001 0 
32 0.008749999999999633 0.01749999999999986 0.001 0 
33 0.01250000000000012 0.00625 0.001 0 
34 -0.00625 0.0225 0.001 0 
35 -0.01249999999999989 0.02875 0.001 0 
36 -0.0125 0.03 0.001 0 
37 0 0.03 0.001 0 
38 0.0125 0.03 0.001 0 
39 0.01250000000000019 0.01875 0.001 0 
40 0 0.035 0.001 1 6 
41 -0.0125 0.035 0.001 0 
42 0.0125 0.035 0.001 0 
1 -0.0125001 -1e-07 -1e-07 1.000000000002735e-07 1e-07 1e-07 0 2 1 -2 
2 -1e-07 -9.99999999998398e-08 -1e-07 1e-07 0.005000100000000001 1e-07 0 2 2 -3 
3 -0.0125001 0.0049999 -1.000000000008674e-07 1.000000000011408e-07 0.005000100000000002 1.000000000008674e-07 0 2 3 -4 
4 -0.0125001 -9.99999999998398e-08 -1e-07 -0.0124999 0.005000100000000001 1e-07 0 2 4 -1 
5 -1.000000000002735e-07 -1e-07 -1e-07 0.0125001 1e-07 1e-07 0 2 2 -5 
6 0.0124999 -9.99999999998398e-08 -1e-07 0.0125001 0.005000100000000001 1e-07 0 2 5 -6 
7 -1.000000000002735e-07 0.004999900000000001 -1e-07 0.0125001 0.005000100000000001 1e-07 0 2 6 -3 
8 -1e-07 0.004999900000000001 -1e-07 1e-07 0.0175001 1e-07 0 2 3 -7 
13 -1e-07 0.0174999 -1e-07 1e-07 0.0300001 1e-07 0 2 7 -10 
14 -0.0125001 0.0299999 -1.000000000008674e-07 1.000000000011408e-07 0.0300001 1.000000000008674e-07 0 2 10 -11 
17 -1.000000000002735e-07 0.0299999 -1e-07 0.0125001 0.0300001 1e-07 0 2 12 -10 
18 -1e-07 0.0299999 -1e-07 1e-07 0.03500010000000001 1e-07 0 2 10 -13 
19 -0.0125001 0.0349999 -1e-07 1.000000000002735e-07 0.03500010000000001 1e-07 0 2 13 -14 
20 -0.0125001 0.0299999 -1e-07 -0.0124999 0.03500010000000001 1e-07 0 2 14 -11 
21 0.0124999 0.0299999 -1e-07 0.0125001 0.03500010000000001 1e-07 0 2 12 -15 
22 -1.000000000002735e-07 0.0349999 -1e-07 0.0125001 0.03500010000000001 1e-07 0 2 15 -13 
23 -0.0125001 0.004999900000000001 -1e-07 -0.0124999 0.0162501 1e-07 0 2 16 -4 
24 -0.01250009999999981 0.0162499 -1e-07 -0.008749899999999505 0.01750010000000037 1e-07 0 2 16 -17 
25 -0.008750099999999395 0.0174999 -1.000000000008674e-07 1.000000000011408e-07 0.0175001 1.000000000008674e-07 0 2 7 -17 
26 -1.000000000002735e-07 0.0174999 -1e-07 0.008750099999999632 0.0175001 1e-07 0 2 18 -7 
27 0.0062499 0.0062499 -1e-07 0.01250010000000012 0.01750009999999978 1e-07 0 2 18 -19 
28 0.0124999 0.004999900000000001 -1e-07 0.0125001 0.006250100000000001 1e-07 0 2 6 -19 
29 -0.008750099999999504 0.01749990000000037 -1e-07 -0.0062499 0.0225001 1e-07 0 2 17 -20 
30 -0.01250009999999989 0.0224999 -1e-07 -0.0062499 0.0287501 1e-07 0 2 20 -21 
31 -0.0125001 0.02874990000000001 -1e-07 -0.0124999 0.0300001 1e-07 0 2 11 -21 
32 0.0124999 0.0187499 -1e-07 0.0125001 0.0300001 1e-07 0 2 22 -12 
33 0.0087498999999997 0.01749989999999978 -1e-07 0.01250010000000019 0.0187501 1e-07 0 2 22 -18 
34 -0.0125001 -1e-07 -9.999999999994822e-08 -0.0124999 1e-07 0.0010001 0 2 1 -23 
35 -1e-07 -1e-07 -9.999999999994822e-08 1e-07 1e-07 0.0010001 0 2 2 -24 
36 -0.0125001 -1e-07 0.0009999 1.000000000002735e-07 1e-07 0.0010001 0 2 23 -24 
37 -1.000000000017347e-07 0.004999899999999998 -1.000000000016829e-07 1.000000000017347e-07 0.005000100000000002 0.001000100000000002 0 2 3 -25 
38 -1e-07 -9.99999999998398e-08 0.0009999 1e-07 0.005000100000000001 0.0010001 0 2 24 -25 
39 -0.01250010000000001 0.004999899999999998 -1.000000000025503e-07 -0.0124999 0.005000100000000004 0.001000100000000003 0 2 4 -26 
40 -0.0125001 0.0049999 0.0009998999999999991 1.000000000011408e-07 0.005000100000000002 0.001000100000000001 0 2 25 -26 
41 -0.0125001 -9.99999999998398e-08 0.0009999 -0.0124999 0.005000100000000001 0.0010001 0 2 26 -23 
42 0.0124999 -1e-07 -9.999999999994822e-08 0.0125001 1e-07 0.0010001 0 2 5 -27 
43 -1.000000000002735e-07 -1e-07 0.0009999 0.0125001 1e-07 0.0010001 0 2 24 -27 
44 0.0124999 0.004999900000000001 -9.999999999994822e-08 0.0125001 0.005000100000000001 0.0010001 0 2 6 -28 
45 0.0124999 -9.99999999998398e-08 0.0009999 0.0125001 0.005000100000000001 0.0010001 0 2 27 -28 
46 -1.000000000002735e-07 0.004999900000000001 0.0009999 0.0125001 0.005000100000000001 0.0010001 0 2 28 -25 
47 -0.0125001 0.01624989999999981 -1.000000001881657e-07 -0.01249989999999962 0.01625010000000019 0.001000100000000188 0 2 16 -29 
48 -0.0125001 0.004999900000000001 0.0009999 -0.0124999 0.0162501 0.0010001 0 2 29 -26 
49 -0.008750099999999624 0.0174999 -1.000000002297991e-07 -0.008749899999999164 0.01750010000000046 0.00100010000000023 0 2 17 -30 
50 -0.01250009999999981 0.0162499 0.0009999 -0.008749899999999505 0.01750010000000037 0.0010001 0 2 29 -30 
51 -1.000000000008674e-07 0.0174999 -1.000000000008156e-07 1.000000000008674e-07 0.0175001 0.001000100000000001 0 2 7 -31 
52 -0.008750099999999395 0.0174999 0.0009998999999999991 1.000000000011408e-07 0.0175001 0.001000100000000001 0 2 31 -30 
53 -1e-07 0.004999900000000001 0.0009999 1e-07 0.0175001 0.0010001 0 2 25 -31 
54 0.008749899999999495 0.01749989999999972 -1.000000001387261e-07 0.008750099999999771 0.0175001 0.001000100000000139 0 2 18 -32 
55 -1.000000000002735e-07 0.0174999 0.0009999 0.008750099999999632 0.0175001 0.0010001 0 2 32 -31 
56 0.0124999 0.006249899999999884 -1.000000001161747e-07 0.01250010000000023 0.006250100000000117 0.001000100000000116 0 2 19 -33 
57 0.0062499 0.0062499 0.0009999 0.01250010000000012 0.01750009999999978 0.0010001 0 2 32 -33 
58 0.0124999 0.004999900000000001 0.0009999 0.0125001 0.006250100000000001 0.0010001 0 2 28 -33 
59 -0.006250100000000001 0.0224999 -9.999999999994822e-08 -0.0062499 0.0225001 0.0010001 0 2 20 -34 
60 -0.008750099999999504 0.01749990000000037 0.0009999 -0.0062499 0.0225001 0.0010001 0 2 30 -34 
61 -0.0125001 0.02874989999999989 -1.000000001153073e-07 -0.01249989999999977 0.02875010000000012 0.001000100000000115 0 2 21 -35 
62 -0.01250009999999989 0.0224999 0.0009999 -0.0062499 0.0287501 0.0010001 0 2 34 -35 
63 -0.01250010000000001 0.0299999 -1.000000000025503e-07 -0.0124999 0.03000010000000001 0.001000100000000003 0 2 11 -36 
64 -0.0125001 0.02874990000000001 0.0009999 -0.0124999 0.0300001 0.0010001 0 2 36 -35 
65 -1.000000000008674e-07 0.0299999 -1.000000000008156e-07 1.000000000008674e-07 0.0300001 0.001000100000000001 0 2 10 -37 
66 -0.0125001 0.0299999 0.0009998999999999991 1.000000000011408e-07 0.0300001 0.001000100000000001 0 2 37 -36 
67 -1e-07 0.0174999 0.0009999 1e-07 0.0300001 0.0010001 0 2 31 -37 
68 0.0124999 0.0299999 -9.999999999994822e-08 0.0125001 0.0300001 0.0010001 0 2 12 -38 
69 -1.000000000002735e-07 0.0299999 0.0009999 0.0125001 0.0300001 0.0010001 0 2 38 -37 
70 0.0124999 0.01874989999999982 -1.000000001872984e-07 0.01250010000000037 0.01875010000000019 0.001000100000000187 0 2 22 -39 
71 0.0124999 0.0187499 0.0009999 0.0125001 0.0300001 0.0010001 0 2 39 -38 
72 0.0087498999999997 0.01749989999999978 0.0009999 0.01250010000000019 0.0187501 0.0010001 0 2 39 -32 
73 -1e-07 0.0349999 -9.999999999994822e-08 1e-07 0.03500010000000001 0.0010001 0 2 13 -40 
74 -1e-07 0.0299999 0.0009999 1e-07 0.03500010000000001 0.0010001 0 2 37 -40 
75 -0.0125001 0.0349999 -9.999999999994822e-08 -0.0124999 0.03500010000000001 0.0010001 0 2 14 -41 
76 -0.0125001 0.0349999 0.0009999 1.000000000002735e-07 0.03500010000000001 0.0010001 0 2 40 -41 
77 -0.0125001 0.0299999 0.0009999 -0.0124999 0.03500010000000001 0.0010001 0 2 41 -36 
78 0.0124999 0.0349999 -9.999999999994822e-08 0.0125001 0.03500010000000001 0.0010001 0 2 15 -42 
79 0.0124999 0.0299999 0.0009999 0.0125001 0.03500010000000001 0.0010001 0 2 38 -42 
80 -1.000000000002735e-07 0.0349999 0.0009999 0.0125001 0.03500010000000001 0.0010001 0 2 42 -40 
1 -0.0125001 -1.000000000007072e-07 -1.000000000008674e-07 1.000000000011408e-07 0.005000100000000002 1.000000000008674e-07 1 8 4 1 2 3 4 
5 -1.000000000002735e-07 -9.99999999998398e-08 -1e-07 0.0125001 0.005000100000000001 1e-07 1 8 4 5 6 7 -2 
9 -0.0125001 0.0049999 -1.000000000008674e-07 1.000000000011408e-07 0.01750010000000037 1.000000000008674e-07 1 8 5 -3 8 25 -24 23 
13 -1.000000000002735e-07 0.004999900000000001 -1e-07 0.01250010000000012 0.0175001 1e-07 1 8 5 -7 28 -27 26 -8 
17 -0.0125001 0.0174999 -1.000000000008674e-07 1.000000000011408e-07 0.0300001 1.000000000008674e-07 1 8 6 -25 13 14 31 -30 -29 
21 -1.000000000002735e-07 0.01749989999999978 -1e-07 0.01250010000000019 0.0300001 1e-07 1 8 5 -26 -33 32 17 -13 
25 -0.0125001 0.0299999 -1.000000000008674e-07 1.000000000011408e-07 0.03500010000000001 1.000000000008674e-07 1 8 4 -14 18 19 20 
29 -1.000000000002735e-07 0.0299999 -1e-07 0.0125001 0.03500010000000001 1e-07 1 8 4 -17 21 22 -18 
30 -0.0125001 -1e-07 -9.999999999994822e-08 1.000000000002735e-07 1e-07 0.0010001 1 3 4 34 36 -35 -1 
31 -1.000000000017347e-07 -1.000000000015745e-07 -1.000000000016829e-07 1.000000000017347e-07 0.005000100000000003 0.001000100000000002 0 4 35 38 -37 -2 
32 -0.01250010000000001 0.004999899999999997 -1.000000000025503e-07 1.000000000028756e-07 0.005000100000000004 0.001000100000000003 0 4 37 40 -39 -3 
33 -0.01250010000000001 -1.000000000024419e-07 -1.000000000025503e-07 -0.0124999 0.005000100000000004 0.001000100000000003 0 4 39 41 -34 -4 
34 -0.0125001 -1.000000000007072e-07 0.0009998999999999991 1.000000000011408e-07 0.005000100000000002 0.001000100000000001 1 7 4 36 38 40 41 
35 -1.000000000002735e-07 -1e-07 -9.999999999994822e-08 0.0125001 1e-07 0.0010001 1 3 4 35 43 -42 -5 
36 0.0124999 -9.99999999998398e-08 -9.999999999994822e-08 0.0125001 0.005000100000000001 0.0010001 0 4 42 45 -44 -6 
37 -1.000000000020082e-07 0.004999899999999998 -1.000000000016829e-07 0.0125001 0.005000100000000003 0.001000100000000002 0 4 44 46 -37 -7 
38 -1.000000000002735e-07 -9.99999999998398e-08 0.0009999 0.0125001 0.005000100000000001 0.0010001 1 7 4 43 45 46 -38 
39 -0.01250010000000019 0.004999899999999812 -1.000000001881657e-07 -0.01249989999999962 0.01625010000000019 0.001000100000000188 0 4 47 48 -39 -23 
40 -0.01250009999999981 0.0162499 -9.999999999994822e-08 -0.008749899999999505 0.01750010000000037 0.0010001 0 4 47 50 -49 -24 
41 -0.008750099999999624 0.01749989999999977 -1.000000002297991e-07 1.000000002301243e-07 0.01750010000000046 0.00100010000000023 0 4 51 52 -49 -25 
42 -1.000000000017347e-07 0.004999899999999998 -1.000000000016829e-07 1.000000000017347e-07 0.0175001 0.001000100000000002 0 4 37 53 -51 -8 
43 -0.0125001 0.0049999 0.0009998999999999991 1.000000000011408e-07 0.01750010000000037 0.001000100000000001 1 7 5 -40 53 52 -50 48 
44 -1.000000001390514e-07 0.01749989999999972 -1.000000001387261e-07 0.008750099999999771 0.01750010000000014 0.001000100000000139 0 4 54 55 -51 -26 
45 0.0062499 0.0062499 -9.999999999994822e-08 0.01250010000000012 0.01750009999999978 0.0010001 0 4 54 57 -56 -27 
46 0.01249989999999989 0.004999899999999884 -1.000000001161747e-07 0.01250010000000023 0.006250100000000117 0.001000100000000116 0 4 44 58 -56 -28 
47 -1.000000000002735e-07 0.004999900000000001 0.0009999 0.01250010000000012 0.0175001 0.0010001 1 7 5 -46 58 -57 55 -53 
48 -0.008750099999999504 0.01749990000000037 -9.999999999994822e-08 -0.0062499 0.0225001 0.0010001 0 4 49 60 -59 -29 
49 -0.01250009999999989 0.0224999 -9.999999999994822e-08 -0.0062499 0.0287501 0.0010001 0 4 59 62 -61 -30 
50 -0.01250010000000012 0.02874989999999989 -1.000000001153073e-07 -0.01249989999999977 0.03000010000000012 0.001000100000000115 0 4 63 64 -61 -31 
51 -0.01250010000000001 0.0299999 -1.000000000025503e-07 1.000000000028756e-07 0.03000010000000001 0.001000100000000003 0 4 65 66 -63 -14 
52 -1.000000000008674e-07 0.0174999 -1.000000000008156e-07 1.000000000008674e-07 0.0300001 0.001000100000000001 0 4 51 67 -65 -13 
53 -0.0125001 0.0174999 0.0009998999999999991 1.000000000011408e-07 0.0300001 0.001000100000000001 1 7 6 -52 67 66 64 -62 -60 
54 -1.000000000011408e-07 0.0299999 -1.000000000008156e-07 0.0125001 0.0300001 0.001000100000000001 0 4 68 69 -65 -17 
55 0.01249989999999981 0.01874989999999982 -1.000000001872984e-07 0.01250010000000037 0.03000010000000019 0.001000100000000187 0 4 70 71 -68 -32 
56 0.0087498999999997 0.01749989999999978 -9.999999999994822e-08 0.01250010000000019 0.0187501 0.0010001 0 4 70 72 -54 -33 
57 -1.000000000002735e-07 0.01749989999999978 0.0009999 0.01250010000000019 0.0300001 0.0010001 1 7 5 -55 -72 71 69 -67 
58 -1.000000000008674e-07 0.0299999 -1.000000000008156e-07 1.000000000008674e-07 0.03500010000000001 0.001000100000000001 0 4 65 74 -73 -18 
59 -0.0125001 0.0349999 -9.999999999994822e-08 1.000000000002735e-07 0.03500010000000001 0.0010001 1 2 4 73 76 -75 -19 
60 -0.01250010000000001 0.0299999 -1.000000000025503e-07 -0.0124999 0.03500010000000001 0.001000100000000003 0 4 75 77 -63 -20 
61 -0.0125001 0.0299999 0.0009998999999999991 1.000000000011408e-07 0.03500010000000001 0.001000100000000001 1 7 4 -66 74 76 77 
62 0.0124999 0.0299999 -9.999999999994822e-08 0.0125001 0.03500010000000001 0.0010001 0 4 68 79 -78 -21 
63 -1.000000000002735e-07 0.0349999 -9.999999999994822e-08 0.0125001 0.03500010000000001 0.0010001 1 2 4 78 80 -73 -22 
64 -1.000000000002735e-07 0.0299999 0.0009999 0.0125001 0.03500010000000001 0.0010001 1 7 4 -69 79 80 -74 
1 -0.01250010000000001 -1.000000000024419e-07 -1.000000000025503e-07 1.000000000028756e-07 0.005000100000000004 0.001000100000000003 1 1 6 -30 -31 -32 -33 -1 34 
2 -1.000000000020082e-07 -1.000000000015745e-07 -1.000000000016829e-07 0.0125001 0.005000100000000003 0.001000100000000002 1 1 6 -35 -36 -37 31 -5 38 
3 -0.01250010000000023 0.00499989999999977 -1.000000002297991e-07 1.000000002301243e-07 0.0175001000000006 0.00100010000000023 1 1 7 32 -39 40 -41 -42 -9 43 
4 -1.000000001390514e-07 0.004999899999999861 -1.000000001387261e-07 0.01250010000000026 0.01750010000000014 0.001000100000000139 1 1 7 37 42 -44 45 -46 -13 47 
5 -0.01250010000000023 0.01749989999999977 -1.000000002297991e-07 1.000000002301243e-07 0.03000010000000023 0.00100010000000023 1 1 8 41 48 49 -50 -51 -52 -17 53 
6 -1.000000001876236e-07 0.01749989999999959 -1.000000001872984e-07 0.01250010000000037 0.03000010000000019 0.001000100000000187 1 1 7 44 52 -54 -55 56 -21 57 
7 -0.01250010000000001 0.0299999 -1.000000000025503e-07 1.000000000028756e-07 0.03500010000000001 0.001000100000000003 1 1 6 51 -58 -59 -60 -25 61 
8 -1.000000000011408e-07 0.0299999 -1.000000000008156e-07 0.0125001 0.03500010000000001 0.001000100000000001 1 1 6 54 -62 -63 58 -29 64 
$EndEntities
$Nodes
165 9925 1 9925
0 1 0 1
1
-0.0125 0 0
0 2 0 1
2
0 0 0
0 3 0 1
3
0 0.005 0
0 4 0 1
4
-0.0125 0.005000000000000001 0
0 5 0 1
5
0.0125 0 0
0 6 0 1
6
0.0125 0.005000000000000001 0
0 7 0 1
7
0 0.0175 0
0 10 0 1
8
0 0.03 0
0 11 0 1
9
-0.0125 0.03 0
0 12 0 1
10
0.0125 0.03 0
0 13 0 1
11
0 0.035 0
0 14 0 1
12
-0.0125 0.035 0
0 15 0 1
13
0.0125 0.035 0
0 16 0 1
14
-0.01249999999999981 0.01625 0
0 17 0 1
15
-0.008749999999999394 0.01750000000000023 0
0 18 0 1
16
0.008749999999999633 0.01749999999999986 0
0 19 0 1
17
0.01250000000000012 0.00625 0
0 20 0 1
18
-0.00625 0.0225 0
0 21 0 1
19
-0.01249999999999989 0.02875 0
0 22 0 1
20
0.01250000000000019 0.01875 0
0 23 0 1
21
-0.0125 0 0.001
0 24 0 1
22
0 0 0.001
0 25 0 1
23
0 0.005 0.001
0 26 0 1
24
-0.0125 0.005000000000000001 0.001
0 27 0 1
25
0.0125 0 0.001
0 28 0 1
26
0.0125 0.005000000000000001 0.001
0 29 0 1
27
-0.01249999999999981 0.01625 0.001
0 30 0 1
28
-0.008749999999999394 0.01750000000000023 0.001
0 31 0 1
29
0 0.0175 0.001
0 32 0 1
30
0.008749999999999633 0.01749999999999986 0.001
0 33 0 1
31
0.01250000000000012 0.00625 0.001
0 34 0 1
32
-0.00625 0.0225 0.001
0 35 0 1
33
-0.01249999999999989 0.02875 0.001
0 36 0 1
34
-0.0125 0.03 0.001
0 37 0 1
35
0 0.03 0.001
0 38 0 1
36
0.0125 0.03 0.001
0 39 0 1
37
0.01250000000000019 0.01875 0.001
0 40 0 1
38
0 0.035 0.001
0 41 0 1
39
-0.0125 0.035 0.001
0 42 0 1
40
0.0125 0.035 0.001
1 1 0 13
41
42
43
44
45
46
47
48
49
50
51
52
53
-0.01071428571428571 0 0
-0.008928571428571419 0 0
-0.007142857142857134 0 0
-0.00535714285714285 0 0
-0.003571428571428567 0 0
-0.001785714285714283 0 0
-0.01160714285714286 0 0
-0.009821428571428564 0 0
-0.008035714285714276 0 0
-0.006249999999999992 0 0
-0.004464285714285709 0 0
-0.002678571428571424 0 0
-0.0008928571428571414 0 0
1 2 0 5
54
55
56
57
58
0 0.001666666666666667 0
0 0.003333333333333334 0
0 0.0008333333333333334 0
0 0.0025 0
0 0.004166666666666667 0
1 3 0 13
59
60
61
62
63
64
65
66
67
68
69
70
71
-0.00178571428571429 0.005000000000000001 0
-0.003571428571428582 0.005000000000000001 0
-0.005357142857142867 0.005000000000000001 0
-0.00714285714285715 0.005000000000000001 0
-0.008928571428571433 0.005000000000000001 0
-0.01071428571428572 0.005000000000000001 0
-0.0008928571428571451 0.005000000000000001 0
-0.002678571428571436 0.005000000000000001 0
-0.004464285714285724 0.005000000000000001 0
-0.006250000000000009 0.005000000000000001 0
-0.008035714285714292 0.005000000000000001 0
-0.009821428571428576 0.005000000000000001 0
-0.01160714285714286 0.005000000000000001 0
1 4 0 5
72
73
74
75
76
-0.0125 0.003333333333333334 0
-0.0125 0.001666666666666667 0
-0.0125 0.004166666666666667 0
-0.0125 0.0025 0
-0.0125 0.0008333333333333335 0
1 5 0 13
77
78
79
80
81
82
83
84
85
86
87
88
89
0.00178571428571429 0 0
0.003571428571428582 0 0
0.005357142857142867 0 0
0.00714285714285715 0 0
0.008928571428571433 0 0
0.01071428571428572 0 0
0.0008928571428571451 0 0
0.002678571428571436 0 0
0.004464285714285724 0 0
0.006250000000000009 0 0
0.008035714285714292 0 0
0.009821428571428576 0 0
0.01160714285714286 0 0
1 6 0 5
90
91
92
93
94
0.0125 0.001970366109094354 0
0.0125 0.0036710806584175 0
0.0125 0.0009851830545471768 0
0.0125 0.002820723383755927 0
0.0125 0.00433554032920875 0
1 7 0 19
95
96
97
98
99
100
101
102
103
104
105
106
107
108
109
110
111
112
113
0.01140622434961038 0.005000000000000001 0
0.01031244869922076 0.005000000000000001 0
0.009218673048831144 0.005000000000000001 0
0.008124897398441524 0.005000000000000001 0
0.007031121748051906 0.005000000000000001 0
0.005937346097662287 0.005000000000000001 0
0.004812918395140515 0.005000000000000001 0
0.003487897906202976 0.005000000000000001 0
0.001842120745212703 0.005000000000000001 0
0.01195311217480519 0.005000000000000001 0
0.01085933652441557 0.005000000000000001 0
0.009765560874025952 0.005000000000000001 0
0.008671785223636333 0.005000000000000001 0
0.007578009573246714 0.005000000000000001 0
0.006484233922857096 0.005000000000000001 0
0.005375132246401401 0.005000000000000001 0
0.004150408150671745 0.005000000000000001 0
0.00266500932570784 0.005000000000000001 0
0.0009210603726063516 0.005000000000000001 0
1 8 0 13
114
115
116
117
118
119
120
121
122
123
124
125
126
0 0.006785714285714291 0
0 0.008571428571428582 0
0 0.01035714285714287 0
0 0.01214285714285715 0
0 0.01392857142857143 0
0 0.01571428571428572 0
0 0.005892857142857146 0
0 0.007678571428571437 0
0 0.009464285714285725 0
0 0.01125000000000001 0
0 0.01303571428571429 0
0 0.01482142857142858 0
0 0.01660714285714286 0
1 13 0 13
127
128
129
130
131
132
133
134
135
136
137
138
139
0 0.01928571428571429 0
0 0.02107142857142858 0
0 0.02285714285714287 0
0 0.02464285714285715 0
0 0.02642857142857143 0
0 0.02821428571428572 0
0 0.01839285714285715 0
0 0.02017857142857144 0
0 0.02196428571428573 0
0 0.02375000000000001 0
0 0.02553571428571429 0
0 0.02732142857142858 0
0 0.02910714285714286 0
1 14 0 19
140
141
142
143
144
145
146
147
148
149
150
151
152
153
154
155
156
157
158
-0.001842120745212704 0.03 0
-0.003487897906202971 0.03 0
-0.004812918395140517 0.03 0
-0.005937346097662295 0.03 0
-0.007031121748051914 0.03 0
-0.008124897398441534 0.03 0
-0.009218673048831153 0.03 0
-0.01031244869922077 0.03 0
-0.01140622434961039 0.03 0
-0.0009210603726063518 0.03 0
-0.002665009325707837 0.03 0
-0.004150408150671745 0.03 0
-0.005375132246401406 0.03 0
-0.006484233922857105 0.03 0
-0.007578009573246724 0.03 0
-0.008671785223636343 0.03 0
-0.009765560874025962 0.03 0
-0.01085933652441558 0.03 0
-0.0119531121748052 0.03 0
1 17 0 13
159
160
161
162
163
164
165
166
167
168
169
170
171
0.01071428571428571 0.03 0
0.008928571428571419 0.03 0
0.007142857142857134 0.03 0
0.00535714285714285 0.03 0
0.003571428571428567 0.03 0
0.001785714285714283 0.03 0
0.01160714285714286 0.03 0
0.009821428571428564 0.03 0
0.008035714285714276 0.03 0
0.006249999999999992 0.03 0
0.004464285714285709 0.03 0
0.002678571428571424 0.03 0
0.0008928571428571414 0.03 0
1 18 0 5
172
173
174
175
176
0 0.03166666666666667 0
0 0.03333333333333334 0
0 0.03083333333333333 0
0 0.0325 0
0 0.03416666666666667 0
1 19 0 13
177
178
179
180
181
182
183
184
185
186
187
188
189
-0.00178571428571429 0.035 0
-0.003571428571428582 0.035 0
-0.005357142857142867 0.035 0
-0.00714285714285715 0.035 0
-0.008928571428571433 0.035 0
-0.01071428571428572 0.035 0
-0.0008928571428571451 0.035 0
-0.002678571428571436 0.035 0
-0.004464285714285724 0.035 0
-0.006250000000000009 0.035 0
-0.008035714285714292 0.035 0
-0.009821428571428576 0.035 0
-0.01160714285714286 0.035 0
1 20 0 5
190
191
192
193
194
-0.0125 0.03302963389090565 0
-0.0125 0.0313289193415825 0
-0.0125 0.03401481694545282 0
-0.0125 0.03217927661624408 0
-0.0125 0.03066445967079125 0
1 21 0 5
195
196
197
198
199
0.0125 0.03166666666666667 0
0.0125 0.03333333333333334 0
0.0125 0.03083333333333333 0
0.0125 0.0325 0
0.0125 0.03416666666666667 0
1 22 0 13
200
201
202
203
204
205
206
207
208
209
210
211
212
0.01071428571428571 0.035 0
0.008928571428571419 0.035 0
0.007142857142857134 0.035 0
0.00535714285714285 0.035 0
0.003571428571428567 0.035 0
0.001785714285714283 0.035 0
0.01160714285714286 0.035 0
0.009821428571428564 0.035 0
0.008035714285714276 0.035 0
0.006249999999999992 0.035 0
0.004464285714285709 0.035 0
0.002678571428571424 0.035 0
0.0008928571428571414 0.035 0
1 23 0 13
213
214
215
216
217
218
219
220
221
222
223
224
225
-0.0125 0.01527409625685812 0
-0.0125 0.01407470741383285 0
-0.0125 0.0125539230214895 0
-0.0125 0.01069793327538333 0
-0.0125 0.008798622183588886 0
-0.0125 0.006899311091794445 0
-0.0125 0.01576204812842906 0
-0.0125 0.01467440183534549 0
-0.0125 0.01331431521766118 0
-0.0125 0.01162592814843642 0
-0.0125 0.00974827772948611 0
-0.0125 0.007848966637691666 0
-0.0125 0.005949655545897223 0
1 24 0 9
226
227
228
229
230
231
232
233
234
-0.01169784235684521 0.01630169030174126 0
-0.01090895312028858 0.01645590620303089 0
-0.01014638122558692 0.01671009683459816 0
-0.009422740295567895 0.01706005765550053 0
-0.01209808932218525 0.01626293596256552 0
-0.01130091592950308 0.01636610259362935 0
-0.01052357646239438 0.01657072938718442 0
-0.009778928812574427 0.01687343163260568 0
-0.009079290119790445 0.01726920236336401 0
1 25 0 13
235
236
237
238
239
240
241
242
243
244
245
246
247
-0.001897926147881746 0.0175 0
-0.003557345753047969 0.0175 0
-0.004866071533874933 0.0175 0
-0.005901033362123915 0.0175 0
-0.006850688908082408 0.0175 0
-0.0078003444540409 0.0175 0
-0.0009489630739408729 0.0175 0
-0.002727635950464857 0.0175 0
-0.004211708643461451 0.0175 0
-0.005383552447999424 0.0175 0
-0.006375861135103161 0.0175 0
-0.007325516681061654 0.0175 0
-0.008275172227020147 0.0175 0
1 26 0 13
248
249
250
251
252
253
254
255
256
257
258
259
260
0.007800344454041112 0.0175 0
0.006850688908082592 0.0175 0
0.005901033362124071 0.0175 0
0.004866071533875088 0.0175 0
0.0035573457530481 0.0175 0
0.001897926147881824 0.0175 0
0.008275172227020372 0.0175 0
0.007325516681061852 0.0175 0
0.006375861135103331 0.0175 0
0.005383552447999579 0.0175 0
0.004211708643461595 0.0175 0
0.002727635950464963 0.0175 0
0.000948963073940913 0.0175 0
1 27 0 31
261
262
263
264
265
266
267
268
269
270
271
272
273
274
275
276
277
278
279
280
281
282
283
284
285
286
287
288
289
290
291
0.008018127899895117 0.01685606731792582 0
0.007395287751766139 0.01610616317749644 0
0.0068966315893171 0.01526853073924798 0
0.006534290382272726 0.01436354735838838 0
0.006317078922354613 0.01341322885828712 0
0.006250281382992383 0.01244069394442048 0
0.006335522769527814 0.01146960178814695 0
0.006570729387184375 0.01052357646239451 0
0.006950179288510668 0.009625632231198653 0
0.007464641473046507 0.008797613674258622 0
0.008101600452856338 0.008059664266782699 0
0.008845560720851627 0.007429736342652632 0
0.009678423715002927 0.006923154362191642 0
0.01057992810791125 0.00655224210906238 0
0.01152814271067208 0.006326022885596337 0
0.008371490354512507 0.01719232438212841 0
0.007692065004400369 0.01649327698489454 0
0.007129603843768292 0.01569708384705996 0
0.006697790047165755 0.01482311421657034 0
0.006407128488467332 0.01389262943526037 0
0.006264690185408765 0.01292826570731523 0
0.0062739402806518 0.01195348342101103 0
0.006434653744138065 0.01099199642026234 0
0.006742920847468066 0.01006719511027247 0
0.007191242277128337 0.009201577431581807 0
0.007768711572716493 0.008416201545392677 0
0.008461280451930488 0.007730173544871766 0
0.009252100567675246 0.007160182655042915 0
0.01012193338325107 0.006720095228612818 0
0.0110496181944575 0.006420617414724479 0
0.01201258691288755 0.00626903470700474 0
1 28 0 3
292
293
294
0.0125 0.0056551932109998 0
0.0125 0.005327596605499901 0
0.0125 0.0059525966054999 0
1 29 0 11
295
296
297
298
299
300
301
302
303
304
305
-0.008025022703319503 0.01813684996886492 0
-0.007406719696462506 0.01887770849466847 0
-0.006909830056250385 0.01970491502812555 0
-0.006546198613612081 0.02059875066036954 0
-0.006324493597083537 0.02153790818133727 0
-0.008375202143929943 0.01780441242797455 0
-0.007701551686758908 0.01849532850471431 0
-0.007142286405675153 0.01928170774459703 0
-0.006710738039082478 0.0201448044777825 0
-0.00641719381582665 0.02106404424657915 0
-0.006268651228737558 0.02201751425835984 0
1 30 0 19
306
307
308
309
310
311
312
313
314
315
316
317
318
319
320
321
322
323
324
-0.006326947871280388 0.02347771540650144 0
-0.006555896773155285 0.0244313562148434 0
-0.006931209223822687 0.02533744062337214 0
-0.007443643785156554 0.02617365782682793 0
-0.008080582617584039 0.02691941738241588 0
-0.008826342173171988 0.02755635621484338 0
-0.009662559376627761 0.02806879077617726 0
-0.01056864378515649 0.02844410322684468 0
-0.01152228459349846 0.0286730521287196 0
-0.00626926666416795 0.02299036934829903 0
-0.006422687997514518 0.0239590335240994 0
-0.006725752921804449 0.02489177145228179 0
-0.007170998972786904 0.02576561602947465 0
-0.007747462714999775 0.02655905030206361 0
-0.008440949697936306 0.02725253728500016 0
-0.009234383970525258 0.02782900102721304 0
-0.01010822854771811 0.02827424707819551 0
-0.0110409664759005 0.02857731200248546 0
-0.01200963065170086 0.02873073333583204 0
1 31 0 3
325
326
327
-0.0125 0.0293448067890002 0
-0.0125 0.0296724033945001 0
-0.0125 0.02904740339450011 0
1 32 0 13
328
329
330
331
332
333
334
335
336
337
338
339
340
0.0125 0.01972590374314188 0
0.0125 0.02092529258616715 0
0.0125 0.0224460769785105 0
0.0125 0.02430206672461667 0
0.0125 0.02620137781641112 0
0.0125 0.02810068890820556 0
0.0125 0.01923795187157094 0
0.0125 0.02032559816465452 0
0.0125 0.02168568478233883 0
0.0125 0.02337407185156359 0
0.0125 0.02525172227051389 0
0.0125 0.02715103336230834 0
0.0125 0.02905034445410278 0
1 33 0 9
341
342
343
344
345
346
347
348
349
0.01169784235684555 0.01869830969825878 0
0.0109089531202889 0.0185440937969692 0
0.01014638122558719 0.01828990316540195 0
0.009422740295568128 0.01793994234449961 0
0.01209808932218561 0.0187370640374345 0
0.01130091592950341 0.01863389740637071 0
0.01052357646239468 0.01842927061281568 0
0.00977892881257468 0.01812656836739444 0
0.009079290119790655 0.01773079763663614 0
1 34 0 3
350
351
352
-0.0125 0 0.0005
-0.0125 0 0.00025
-0.0125 0 0.00075
1 35 0 3
353
354
355
0 0 0.0005
0 0 0.00025
0 0 0.00075
1 36 0 13
356
357
358
359
360
361
362
363
364
365
366
367
368
-0.01071428571428571 0 0.001
-0.008928571428571419 0 0.001
-0.007142857142857134 0 0.001
-0.00535714285714285 0 0.001
-0.003571428571428567 0 0.001
-0.001785714285714283 0 0.001
-0.01160714285714286 0 0.001
-0.009821428571428564 0 0.001
-0.008035714285714276 0 0.001
-0.006249999999999992 0 0.001
-0.004464285714285709 0 0.001
-0.002678571428571424 0 0.001
-0.0008928571428571414 0 0.001
1 37 0 3
369
370
371
0 0.005 0.0005
0 0.005 0.00025
0 0.005 0.00075
1 38 0 5
372
373
374
375
376
0 0.001666666666666667 0.001
0 0.003333333333333334 0.001
0 0.0008333333333333334 0.001
0 0.0025 0.001
0 0.004166666666666667 0.001
1 39 0 3
377
378
379
-0.0125 0.005000000000000001 0.0005
-0.0125 0.005000000000000001 0.00025
-0.0125 0.005000000000000001 0.00075
1 40 0 13
380
381
382
383
384
385
386
387
388
389
390
391
392
-0.00178571428571429 0.005000000000000001 0.001
-0.003571428571428582 0.005000000000000001 0.001
-0.005357142857142867 0.005000000000000001 0.001
-0.00714285714285715 0.005000000000000001 0.001
-0.008928571428571433 0.005000000000000001 0.001
-0.01071428571428572 0.005000000000000001 0.001
-0.0008928571428571451 0.005000000000000001 0.001
-0.002678571428571436 0.005000000000000001 0.001
-0.004464285714285724 0.005000000000000001 0.001
-0.006250000000000009 0.005000000000000001 0.001
-0.008035714285714292 0.005000000000000001 0.001
-0.009821428571428576 0.005000000000000001 0.001
-0.01160714285714286 0.005000000000000001 0.001
1 41 0 5
393
394
395
396
397
-0.0125 0.003333333333333334 0.001
-0.0125 0.001666666666666667 0.001
-0.0125 0.004166666666666667 0.001
-0.0125 0.0025 0.001
-0.0125 0.0008333333333333335 0.001
1 42 0 3
398
399
400
0.0125 0 0.0005
0.0125 0 0.00025
0.0125 0 0.00075
1 43 0 13
401
402
403
404
405
406
407
408
409
410
411
412
413
0.00178571428571429 0 0.001
0.003571428571428582 0 0.001
0.005357142857142867 0 0.001
0.00714285714285715 0 0.001
0.008928571428571433 0 0.001
0.01071428571428572 0 0.001
0.0008928571428571451 0 0.001
0.002678571428571436 0 0.001
0.004464285714285724 0 0.001
0.006250000000000009 0 0.001
0.008035714285714292 0 0.001
0.009821428571428576 0 0.001
0.01160714285714286 0 0.001
1 44 0 3
414
415
416
0.0125 0.005000000000000001 0.0005
0.0125 0.005000000000000001 0.00025
0.0125 0.005000000000000001 0.00075
1 45 0 5
417
418
419
420
421
0.0125 0.001970366109094354 0.001
0.0125 0.0036710806584175 0.001
0.0125 0.0009851830545471768 0.001
0.0125 0.002820723383755927 0.001
0.0125 0.00433554032920875 0.001
1 46 0 19
422
423
424
425
426
427
428
429
430
431
432
433
434
435
436
437
438
439
440
0.01140622434961038 0.005000000000000001 0.001
0.01031244869922076 0.005000000000000001 0.001
0.009218673048831144 0.005000000000000001 0.001
0.008124897398441524 0.005000000000000001 0.001
0.007031121748051906 0.005000000000000001 0.001
0.005937346097662287 0.005000000000000001 0.001
0.004812918395140515 0.005000000000000001 0.001
0.003487897906202976 0.005000000000000001 0.001
0.001842120745212703 0.005000000000000001 0.001
0.01195311217480519 0.005000000000000001 0.001
0.01085933652441557 0.005000000000000001 0.001
0.009765560874025952 0.005000000000000001 0.001
0.008671785223636333 0.005000000000000001 0.001
0.007578009573246714 0.005000000000000001 0.001
0.006484233922857096 0.005000000000000001 0.001
0.005375132246401401 0.005000000000000001 0.001
0.004150408150671745 0.005000000000000001 0.001
0.00266500932570784 0.005000000000000001 0.001
0.0009210603726063516 0.005000000000000001 0.001
1 47 0 3
441
442
443
-0.01249999999999981 0.01625 0.0005
-0.01249999999999981 0.01625 0.00025
-0.01249999999999981 0.01625 0.00075
1 48 0 13
444
445
446
447
448
449
450
451
452
453
454
455
456
-0.0125 0.01527409625685812 0.001
-0.0125 0.01407470741383285 0.001
-0.0125 0.0125539230214895 0.001
-0.0125 0.01069793327538333 0.001
-0.0125 0.008798622183588886 0.001
-0.0125 0.006899311091794445 0.001
-0.0125 0.01576204812842906 0.001
-0.0125 0.01467440183534549 0.001
-0.0125 0.01331431521766118 0.001
-0.0125 0.01162592814843642 0.001
-0.0125 0.00974827772948611 0.001
-0.0125 0.007848966637691666 0.001
-0.0125 0.005949655545897223 0.001
1 49 0 3
457
458
459
-0.008749999999999394 0.01750000000000023 0.0005
-0.008749999999999394 0.01750000000000023 0.00025
-0.008749999999999394 0.01750000000000023 0.00075
1 50 0 9
460
461
462
463
464
465
466
467
468
-0.01169784235684521 0.01630169030174126 0.001
-0.01090895312028858 0.01645590620303089 0.001
-0.01014638122558692 0.01671009683459816 0.001
-0.009422740295567895 0.01706005765550053 0.001
-0.01209808932218525 0.01626293596256552 0.001
-0.01130091592950308 0.01636610259362935 0.001
-0.01052357646239438 0.01657072938718442 0.001
-0.009778928812574427 0.01687343163260568 0.001
-0.009079290119790445 0.01726920236336401 0.001
1 51 0 3
469
470
471
0 0.0175 0.0005
0 0.0175 0.00025
0 0.0175 0.00075
1 52 0 13
472
473
474
475
476
477
478
479
480
481
482
483
484
-0.001897926147881746 0.0175 0.001
-0.003557345753047969 0.0175 0.001
-0.004866071533874933 0.0175 0.001
-0.005901033362123915 0.0175 0.001
-0.006850688908082408 0.0175 0.001
-0.0078003444540409 0.0175 0.001
-0.0009489630739408729 0.0175 0.001
-0.002727635950464857 0.0175 0.001
-0.004211708643461451 0.0175 0.001
-0.005383552447999424 0.0175 0.001
-0.006375861135103161 0.0175 0.001
-0.007325516681061654 0.0175 0.001
-0.008275172227020147 0.0175 0.001
1 53 0 13
485
486
487
488
489
490
491
492
493
494
495
496
497
0 0.006785714285714291 0.001
0 0.008571428571428582 0.001
0 0.01035714285714287 0.001
0 0.01214285714285715 0.001
0 0.01392857142857143 0.001
0 0.01571428571428572 0.001
0 0.005892857142857146 0.001
0 0.007678571428571437 0.001
0 0.009464285714285725 0.001
0 0.01125000000000001 0.001
0 0.01303571428571429 0.001
0 0.01482142857142858 0.001
0 0.01660714285714286 0.001
1 54 0 3
498
499
500
0.008749999999999633 0.01749999999999986 0.0005
0.008749999999999633 0.01749999999999986 0.00025
0.008749999999999633 0.01749999999999986 0.00075
1 55 0 13
501
502
503
504
505
506
507
508
509
510
511
512
513
0.007800344454041112 0.0175 0.001
0.006850688908082592 0.0175 0.001
0.005901033362124071 0.0175 0.001
0.004866071533875088 0.0175 0.001
0.0035573457530481 0.0175 0.001
0.001897926147881824 0.0175 0.001
0.008275172227020372 0.0175 0.001
0.007325516681061852 0.0175 0.001
0.006375861135103331 0.0175 0.001
0.005383552447999579 0.0175 0.001
0.004211708643461595 0.0175 0.001
0.002727635950464963 0.0175 0.001
0.000948963073940913 0.0175 0.001
1 56 0 3
514
515
516
0.01250000000000012 0.00625 0.0005
0.01250000000000012 0.00625 0.00025
0.01250000000000012 0.00625 0.00075
1 57 0 31
517
518
519
520
521
522
523
524
525
526
527
528
529
530
531
532
533
534
535
536
537
538
539
540
541
542
543
544
545
546
547
0.008018127899895117 0.01685606731792582 0.001
0.007395287751766139 0.01610616317749644 0.001
0.0068966315893171 0.01526853073924798 0.001
0.006534290382272726 0.01436354735838838 0.001
0.006317078922354613 0.01341322885828712 0.001
0.006250281382992383 0.01244069394442048 0.001
0.006335522769527814 0.01146960178814695 0.001
0.006570729387184375 0.01052357646239451 0.001
0.006950179288510668 0.009625632231198653 0.001
0.007464641473046507 0.008797613674258622 0.001
0.008101600452856338 0.008059664266782699 0.001
0.008845560720851627 0.007429736342652632 0.001
0.009678423715002927 0.006923154362191642 0.001
0.01057992810791125 0.00655224210906238 0.001
0.01152814271067208 0.006326022885596337 0.001
0.008371490354512507 0.01719232438212841 0.001
0.007692065004400369 0.01649327698489454 0.001
0.007129603843768292 0.01569708384705996 0.001
0.006697790047165755 0.01482311421657034 0.001
0.006407128488467332 0.01389262943526037 0.001
0.006264690185408765 0.01292826570731523 0.001
0.0062739402806518 0.01195348342101103 0.001
0.006434653744138065 0.01099199642026234 0.001
0.006742920847468066 0.01006719511027247 0.001
0.007191242277128337 0.009201577431581807 0.001
0.007768711572716493 0.008416201545392677 0.001
0.008461280451930488 0.007730173544871766 0.001
0.009252100567675246 0.007160182655042915 0.001
0.01012193338325107 0.006720095228612818 0.001
0.0110496181944575 0.006420617414724479 0.001
0.01201258691288755 0.00626903470700474 0.001
1 58 0 3
548
549
550
0.0125 0.0056551932109998 0.001
0.0125 0.005327596605499901 0.001
0.0125 0.0059525966054999 0.001
1 59 0 3
551
552
553
-0.00625 0.0225 0.0005
-0.00625 0.0225 0.00025
-0.00625 0.0225 0.00075
1 60 0 11
554
555
556
557
558
559
560
561
562
563
564
-0.008025022703319503 0.01813684996886492 0.001
-0.007406719696462506 0.01887770849466847 0.001
-0.006909830056250385 0.01970491502812555 0.001
-0.006546198613612081 0.02059875066036954 0.001
-0.006324493597083537 0.02153790818133727 0.001
-0.008375202143929943 0.01780441242797455 0.001
-0.007701551686758908 0.01849532850471431 0.001
-0.007142286405675153 0.01928170774459703 0.001
-0.006710738039082478 0.0201448044777825 0.001
-0.00641719381582665 0.02106404424657915 0.001
-0.006268651228737558 0.02201751425835984 0.001
1 61 0 3
565
566
567
-0.01249999999999989 0.02875 0.0005
-0.01249999999999989 0.02875 0.00025
-0.01249999999999989 0.02875 0.00075
1 62 0 19
568
569
570
571
572
573
574
575
576
577
578
579
580
581
582
583
584
585
586
-0.006326947871280388 0.02347771540650144 0.001
-0.006555896773155285 0.0244313562148434 0.001
-0.006931209223822687 0.02533744062337214 0.001
-0.007443643785156554 0.02617365782682793 0.001
-0.008080582617584039 0.02691941738241588 0.001
-0.008826342173171988 0.02755635621484338 0.001
-0.009662559376627761 0.02806879077617726 0.001
-0.01056864378515649 0.02844410322684468 0.001
-0.01152228459349846 0.0286730521287196 0.001
-0.00626926666416795 0.02299036934829903 0.001
-0.006422687997514518 0.0239590335240994 0.001
-0.006725752921804449 0.02489177145228179 0.001
-0.007170998972786904 0.02576561602947465 0.001
-0.007747462714999775 0.02655905030206361 0.001
-0.008440949697936306 0.02725253728500016 0.001
-0.009234383970525258 0.02782900102721304 0.001
-0.01010822854771811 0.02827424707819551 0.001
-0.0110409664759005 0.02857731200248546 0.001
-0.01200963065170086 0.02873073333583204 0.001
1 63 0 3
587
588
589
-0.0125 0.03 0.0005
-0.0125 0.03 0.00025
-0.0125 0.03 0.00075
1 64 0 3
590
591
592
-0.0125 0.0293448067890002 0.001
-0.0125 0.0296724033945001 0.001
-0.0125 0.02904740339450011 0.001
1 65 0 3
593
594
595
0 0.03 0.0005
0 0.03 0.00025
0 0.03 0.00075
1 66 0 19
596
597
598
599
600
601
602
603
604
605
606
607
608
609
610
611
612
613
614
-0.001842120745212704 0.03 0.001
-0.003487897906202971 0.03 0.001
-0.004812918395140517 0.03 0.001
-0.005937346097662295 0.03 0.001
-0.007031121748051914 0.03 0.001
-0.008124897398441534 0.03 0.001
-0.009218673048831153 0.03 0.001
-0.01031244869922077 0.03 0.001
-0.01140622434961039 0.03 0.001
-0.0009210603726063518 0.03 0.001
-0.002665009325707837 0.03 0.001
-0.004150408150671745 0.03 0.001
-0.005375132246401406 0.03 0.001
-0.006484233922857105 0.03 0.001
-0.007578009573246724 0.03 0.001
-0.008671785223636343 0.03 0.001
-0.009765560874025962 0.03 0.001
-0.01085933652441558 0.03 0.001
-0.0119531121748052 0.03 0.001
1 67 0 13
615
616
617
618
619
620
621
622
623
624
625
626
627
0 0.01928571428571429 0.001
0 0.02107142857142858 0.001
0 0.02285714285714287 0.001
0 0.02464285714285715 0.001
0 0.02642857142857143 0.001
0 0.02821428571428572 0.001
0 0.01839285714285715 0.001
0 0.02017857142857144 0.001
0 0.02196428571428573 0.001
0 0.02375000000000001 0.001
0 0.02553571428571429 0.001
0 0.02732142857142858 0.001
0 0.02910714285714286 0.001
1 68 0 3
628
629
630
0.0125 0.03 0.0005
0.0125 0.03 0.00025
0.0125 0.03 0.00075
1 69 0 13
631
632
633
634
635
636
637
638
639
640
641
642
643
0.01071428571428571 0.03 0.001
0.008928571428571419 0.03 0.001
0.007142857142857134 0.03 0.001
0.00535714285714285 0.03 0.001
0.003571428571428567 0.03 0.001
0.001785714285714283 0.03 0.001
0.01160714285714286 0.03 0.001
0.009821428571428564 0.03 0.001
0.008035714285714276 0.03 0.001
0.006249999999999992 0.03 0.001
0.004464285714285709 0.03 0.001
0.002678571428571424 0.03 0.001
0.0008928571428571414 0.03 0.001
1 70 0 3
644
645
646
0.01250000000000019 0.01875 0.0005
0.01250000000000019 0.01875 0.00025
0.01250000000000019 0.01875 0.00075
1 71 0 13
647
648
649
650
651
652
653
654
655
656
657
658
659
0.0125 0.01972590374314188 0.001
0.0125 0.02092529258616715 0.001
0.0125 0.0224460769785105 0.001
0.0125 0.02430206672461667 0.001
0.0125 0.02620137781641112 0.001
0.0125 0.02810068890820556 0.001
0.0125 0.01923795187157094 0.001
0.0125 0.02032559816465452 0.001
0.0125 0.02168568478233883 0.001
0.0125 0.02337407185156359 0.001
0.0125 0.02525172227051389 0.001
0.0125 0.02715103336230834 0.001
0.0125 0.02905034445410278 0.001
1 72 0 9
660
661
662
663
664
665
666
667
668
0.01169784235684555 0.01869830969825878 0.001
0.0109089531202889 0.0185440937969692 0.001
0.01014638122558719 0.01828990316540195 0.001
0.009422740295568128 0.01793994234449961 0.001
0.01209808932218561 0.0187370640374345 0.001
0.01130091592950341 0.01863389740637071 0.001
0.01052357646239468 0.01842927061281568 0.001
0.00977892881257468 0.01812656836739444 0.001
0.009079290119790655 0.01773079763663614 0.001
1 73 0 3
669
670
671
0 0.035 0.0005
0 0.035 0.00025
0 0.035 0.00075
1 74 0 5
672
673
674
675
676
0 0.03166666666666667 0.001
0 0.03333333333333334 0.001
0 0.03083333333333333 0.001
0 0.0325 0.001
0 0.03416666666666667 0.001
1 75 0 3
677
678
679
-0.0125 0.035 0.0005
-0.0125 0.035 0.00025
-0.0125 0.035 0.00075
1 76 0 13
680
681
682
683
684
685
686
687
688
689
690
691
692
-0.00178571428571429 0.035 0.001
-0.003571428571428582 0.035 0.001
-0.005357142857142867 0.035 0.001
-0.00714285714285715 0.035 0.001
-0.008928571428571433 0.035 0.001
-0.01071428571428572 0.035 0.001
-0.0008928571428571451 0.035 0.001
-0.002678571428571436 0.035 0.001
-0.004464285714285724 0.035 0.001
-0.006250000000000009 0.035 0.001
-0.008035714285714292 0.035 0.001
-0.009821428571428576 0.035 0.001
-0.01160714285714286 0.035 0.001
1 77 0 5
693
694
695
696
697
-0.0125 0.03302963389090565 0.001
-0.0125 0.0313289193415825 0.001
-0.0125 0.03401481694545282 0.001
-0.0125 0.03217927661624408 0.001
-0.0125 0.03066445967079125 0.001
1 78 0 3
698
699
700
0.0125 0.035 0.0005
0.0125 0.035 0.00025
0.0125 0.035 0.00075
1 79 0 5
701
702
703
704
705
0.0125 0.03166666666666667 0.001
0.0125 0.03333333333333334 0.001
0.0125 0.03083333333333333 0.001
0.0125 0.0325 0.001
0.0125 0.03416666666666667 0.001
1 80 0 13
706
707
708
709
710
711
712
713
714
715
716
717
718
0.01071428571428571 0.035 0.001
0.008928571428571419 0.035 0.001
0.007142857142857134 0.035 0.001
0.00535714285714285 0.035 0.001
0.003571428571428567 0.035 0.001
0.001785714285714283 0.035 0.001
0.01160714285714286 0.035 0.001
0.009821428571428564 0.035 0.001
0.008035714285714276 0.035 0.001
0.006249999999999992 0.035 0.001
0.004464285714285709 0.035 0.001
0.002678571428571424 0.035 0.001
0.0008928571428571414 0.035 0.001
2 1 0 97
719
720
721
722
723
724
725
726
727
728
729
730
731
732
733
734
735
736
737
738
739
740
741
742
743
744
745
746
747
748
749
750
751
752
753
754
755
756
757
758
759
760
761
762
763
764
765
766
767
768
769
770
771
772
773
774
775
776
777
778
779
780
781
782
783
784
785
786
787
788
789
790
791
792
793
794
795
796
797
798
799
800
801
802
803
804
805
806
807
808
809
810
811
812
813
814
815
-0.01105662432702594 0.0025 0
-0.001443375672974064 0.0025 0
-0.008030394281309871 0.003507619372818573 0
-0.004469605718690128 0.001492380627181428 0
-0.008030394281309859 0.001492380627181429 0
-0.004469605718690142 0.003507619372818571 0
-0.006249999999999993 0.001490330559409022 0
-0.006250000000000007 0.003509669440590979 0
-0.002696532534313193 0.003399344252897123 0
-0.009803467465686808 0.001600655747102879 0
-0.002684021306570971 0.001584210720539661 0
-0.009815978693429029 0.00341578927946034 0
-0.001182622253051864 0.001150175477441266 0
-0.01129143630829037 0.001175155428522971 0
-0.00120856369170963 0.00382484457147703 0
-0.01131737774694814 0.003849824522558735 0
-0.005360443366951385 0.002499999999999997 0
-0.007139949550882959 0.002499999999999999 0
-0.003678977464969679 0.002499143844931107 0
-0.008821042990977549 0.002500856155068894 0
-0.002690276920442082 0.002491777486718392 0
-0.002063698489772518 0.002042105360269831 0
-0.002069954103643628 0.002949672126448562 0
-0.009809723079557919 0.002508222513281609 0
-0.01043630151022748 0.00295789463973017 0
-0.01043004589635637 0.00205032787355144 0
-0.009312255228332178 0.002050755951085886 0
-0.009318510842203288 0.002958322717264617 0
-0.003187754999641436 0.002949244048914115 0
-0.003181499385770325 0.002041677282735384 0
-0.005803571428571437 0.00425483472029549 0
-0.005359802859345075 0.003508644406704775 0
-0.004913374287916505 0.004253809686409286 0
-0.006696428571428563 0.000745165279704511 0
-0.007140197140654925 0.001491355593295226 0
-0.007586625712083496 0.0007461903135907147 0
-0.005359802859345061 0.001491355593295225 0
-0.005803571428571422 0.000745165279704511 0
-0.004913374287916489 0.0007461903135907138 0
-0.004020517145059362 0.004253809686409286 0
-0.008479482854940639 0.0007461903135907147 0
-0.007140197140654939 0.003508644406704776 0
-0.006696428571428579 0.00425483472029549 0
-0.007586625712083512 0.004253809686409287 0
-0.004020517145059348 0.0007461903135907138 0
-0.008479482854940653 0.004253809686409287 0
-0.009366019447129115 0.0008003278735514393 0
-0.01025887658998626 0.0008003278735514391 0
-0.003133980552870887 0.004199672126448561 0
-0.002241123410013741 0.004199672126448561 0
-0.002234867796142627 0.0007921053602698304 0
-0.00312772493899977 0.0007921053602698304 0
-0.01026513220385737 0.00420789463973017 0
-0.009372275061000232 0.00420789463973017 0
-0.0007216878364870319 0.002916666666666667 0
-0.0007216878364870319 0.002083333333333334 0
-0.01177831216351297 0.002083333333333334 0
-0.01177831216351297 0.002916666666666667 0
-0.003583069126501667 0.003453481812857847 0
-0.008916930873498333 0.001546518187142154 0
-0.00357681351263055 0.001538295673860544 0
-0.00892318648736945 0.003461704326139456 0
-0.01100286101128804 0.0005875777142614856 0
-0.01189571815414519 0.0005875777142614856 0
-0.0005913111265259318 0.0005750877387206328 0
-0.001484168269383073 0.0005750877387206328 0
-0.00149713898871196 0.004412422285738515 0
-0.0006042818458548149 0.004412422285738515 0
-0.01190868887347407 0.004424912261279368 0
-0.01101583173061693 0.004424912261279368 0
-0.01190868887347407 0.003591578927946035 0
-0.0005913111265259318 0.001408421072053966 0
-0.01189571815414519 0.001420911047594819 0
-0.0006042818458548149 0.003579088952405182 0
-0.001952548113011411 0.003612094412187076 0
-0.01054745188698859 0.001387905587812925 0
-0.001933321779811418 0.001367193098990463 0
-0.01056667822018858 0.003632806901009538 0
-0.001325969682341847 0.003162422285738515 0
-0.01117403031765815 0.001837577714261486 0
-0.001312998963012964 0.001825087738720633 0
-0.01118700103698704 0.003174912261279368 0
-0.006694974775441483 0.003004834720295489 0
-0.006250196458917171 0.002499999999999998 0
-0.005805221683475695 0.003004834720295487 0
-0.004915024542820763 0.003003809686409284 0
-0.006694974775441475 0.001995165279704511 0
-0.005805221683475689 0.001995165279704509 0
-0.004915024542820756 0.001996190313590712 0
-0.007585171916096416 0.003003809686409286 0
-0.007585171916096409 0.001996190313590714 0
-0.008425718636143711 0.003004237763943734 0
-0.007980496270930254 0.002500428077534447 0
-0.008425718636143704 0.001996618391125162 0
-0.004519710415960531 0.002499571922465552 0
-0.00407429159182991 0.003003381608874839 0
-0.004074291591829904 0.001995762236056267 0
2 5 0 124
816
817
818
819
820
821
822
823
824
825
826
827
828
829
830
831
832
833
834
835
836
837
838
839
840
841
842
843
844
845
846
847
848
849
850
851
852
853
854
855
856
857
858
859
860
861
862
863
864
865
866
867
868
869
870
871
872
873
874
875
876
877
878
879
880
881
882
883
884
885
886
887
888
889
890
891
892
893
894
895
896
897
898
899
900
901
902
903
904
905
906
907
908
909
910
911
912
913
914
915
916
917
918
919
920
921
922
923
924
925
926
927
928
929
930
931
932
933
934
935
936
937
938
939
0.009765560874025952 0.004052762500721744 0
0.006521489340185833 0.004039720718319722 0
0.004209089030061417 0.003888997803759507 0
0.001350492543094426 0.00240144795409648 0
0.008074740313652023 0.001458030341704314 0
0.004468075821897073 0.001422362665312877 0
0.01127190250300134 0.002849975524259315 0
0.006319915979510989 0.001668557243758602 0
0.005140380906608601 0.00280984425966985 0
0.002826924951147883 0.003839826821443279 0
0.009883930234063143 0.001637421315618384 0
0.008956214012817185 0.002812942462558807 0
0.007444817243097046 0.002914042591992159 0
0.002679223573742289 0.001483426021936966 0
0.005503153810933719 0.003957301801710845 0
0.01083558172168564 0.004044996428708897 0
0.007558822190682529 0.004201305162206725 0
0.008671785223636333 0.004052762500721745 0
0.003636064413563178 0.002689977866233013 0
0.01121376877667593 0.001423169096522377 0
0.001418705072896136 0.003711669622358116 0
0.01005567147368413 0.002950436040521134 0
0.001232979517865172 0.001197750163699077 0
0.006289664585802628 0.003042311954319176 0
0.01170274171485947 0.004113210522277142 0
0.0024926921979218 0.002695409625275601 0
0.007759778778374535 0.002186036466848237 0
0.006882366611304017 0.00229129991787538 0
0.007197328146581506 0.001563293792731458 0
0.003922576721812297 0.00328948783499626 0
0.004388222660085889 0.002749911062951432 0
0.004674734968335009 0.003349421031714678 0
0.008058301233366689 0.003483402546356952 0
0.008115303707159431 0.004127033831464235 0
0.007501819716889787 0.003557673877099442 0
0.008813999618226759 0.003432852481640276 0
0.008200515627957115 0.002863492527275483 0
0.006867240914449837 0.002978177273155668 0
0.006304790282656809 0.002355434599038889 0
0.01148732210893041 0.003481593023268229 0
0.01126916171827255 0.00407910347549302 0
0.01105374211234349 0.003447485976484106 0
0.01210137085742974 0.003892145590347321 0
0.01188595125150067 0.003260528091338408 0
0.006731386561184069 0.0008342786218793006 0
0.007608798728254587 0.0007290151708521572 0
0.004052070117730126 0.002056170265772945 0
0.004804228364252837 0.002116103462491363 0
0.009406250831317287 0.0008187106578091919 0
0.008979335273857584 0.001547725828661349 0
0.008501655871111728 0.0007290151708521572 0
0.01066378698834274 0.002900205782390225 0
0.009969800853873638 0.002293928678069759 0
0.01057791636853224 0.00224369841993885 0
0.01188595125150067 0.002410170816676835 0
0.009420072123440164 0.002225181889088595 0
0.008515477163234603 0.002135486402131561 0
0.005730148443059795 0.002239200751714226 0
0.005393995900704031 0.001545459954535739 0
0.005838529418326927 0.0008342786218793008 0
0.00491260933951997 0.0007111813326564384 0
0.009218673048831142 0.004052762500721745 0
0.009360887443421569 0.003432852481640276 0
0.01185688438833796 0.001696767602808365 0
0.01185688438833796 0.0007115845482611885 0
0.002334522848180294 0.00441991341072164 0
0.00315741142867543 0.00441991341072164 0
0.00532176735877116 0.003383573030690347 0
0.004856121420497568 0.003923149802735176 0
0.00351800699060465 0.003864412312601393 0
0.003848493468132196 0.004444498901879754 0
0.01029910797417443 0.0008187106578091919 0
0.004019752196662828 0.0007111813326564384 0
0.0007093525364480682 0.004355834811179058 0
0.00163041290905442 0.004355834811179058 0
0.003573649697819681 0.001452894343624921 0
0.003125326072585435 0.0007417130109684828 0
0.0006752462715472127 0.002034057310381573 0
0.0006752462715472127 0.002867390643714907 0
0.01054884950536953 0.00153029520607038 0
0.01124283563983863 0.002136572310390846 0
0.007040155765434181 0.004120512940263223 0
0.006983153291641439 0.00347688165515594 0
0.004511003712600966 0.004444498901879754 0
0.0007093525364480682 0.003522501477845725 0
0.00223246892972829 0.0007417130109684828 0
0.00323149468235553 0.003264902343838146 0
0.01096402724548082 0.0007115845482611885 0
0.009505942743250659 0.002881689251539971 0
0.009910616173855042 0.00350159927062144 0
0.005896409198368173 0.00349980687801501 0
0.00640557696299423 0.003541016336319449 0
0.006012321575559775 0.003998511260015283 0
0.005715022746205615 0.002926078106994513 0
0.005158036103037117 0.004478650900855423 0
0.003157643993652734 0.002086701944084989 0
0.01210137085742974 0.004556605261138572 0
0.005720249954298003 0.004478650900855423 0
0.006229417718924059 0.004519860359159861 0
0.006776305544118869 0.004519860359159861 0
0.009492116961428548 0.004526381250360872 0
0.01003900478662336 0.004526381250360872 0
0.008398341311038927 0.004526381250360873 0
0.008945229136233739 0.004526381250360873 0
0.007294971969367217 0.004600652581103364 0
0.007841859794562025 0.004600652581103364 0
0.001509346901789731 0.0005988750818495384 0
0.0006164897589325865 0.0005988750818495384 0
0.0105740152104532 0.004522498214354449 0
0.01112090303564801 0.004522498214354449 0
0.001291736030479799 0.001799599058897779 0
0.00195610154580373 0.001340588092818021 0
0.002014858058418358 0.001942436988016723 0
0.0006164897589325865 0.001432208415182872 0
0.01044562659768488 0.003497716234615015 0
0.0103005712978558 0.00404887946471532 0
0.002585957885832045 0.002089417823606284 0
0.001921592370508113 0.002548428789686041 0
0.001384598807995281 0.003056558788227298 0
0.001955698635408968 0.003203539623816858 0
0.002659808574534841 0.00326761822335944 0
0.00212281501202201 0.003775748221900698 0
0.01155448303223493 0.004556605261138572 0
0.003064378305742489 0.002692693745754307 0
2 9 0 326
940
941
942
943
944
945
946
947
948
949
950
951
952
953
954
955
956
957
958
959
960
961
962
963
964
965
966
967
968
969
970
971
972
973
974
975
976
977
978
979
980
981
982
983
984
985
986
987
988
989
990
991
992
993
994
995
996
997
998
999
1000
1001
1002
1003
1004
1005
1006
1007
1008
1009
1010
1011
1012
1013
1014
1015
1016
1017
1018
1019
1020
1021
1022
1023
1024
1025
1026
1027
1028
1029
1030
1031
1032
1033
1034
1035
1036
1037
1038
1039
1040
1041
1042
1043
1044
1045
1046
1047
1048
1049
1050
1051
1052
1053
1054
1055
1056
1057
1058
1059
1060
1061
1062
1063
1064
1065
1066
1067
1068
1069
1070
1071
1072
1073
1074
1075
1076
1077
1078
1079
1080
1081
1082
1083
1084
1085
1086
1087
1088
1089
1090
1091
1092
1093
1094
1095
1096
1097
1098
1099
1100
1101
1102
1103
1104
1105
1106
1107
1108
1109
1110
1111
1112
1113
1114
1115
1116
1117
1118
1119
1120
1121
1122
1123
1124
1125
1126
1127
1128
1129
1130
1131
1132
1133
1134
1135
1136
1137
1138
1139
1140
1141
1142
1143
1144
1145
1146
1147
1148
1149
1150
1151
1152
1153
1154
1155
1156
1157
1158
1159
1160
1161
1162
1163
1164
1165
1166
1167
1168
1169
1170
1171
1172
1173
1174
1175
1176
1177
1178
1179
1180
1181
1182
1183
1184
1185
1186
1187
1188
1189
1190
1191
1192
1193
1194
1195
1196
1197
1198
1199
1200
1201
1202
1203
1204
1205
1206
1207
1208
1209
1210
1211
1212
1213
1214
1215
1216
1217
1218
1219
1220
1221
1222
1223
1224
1225
1226
1227
1228
1229
1230
1231
1232
1233
1234
1235
1236
1237
1238
1239
1240
1241
1242
1243
1244
1245
1246
1247
1248
1249
1250
1251
1252
1253
1254
1255
1256
1257
1258
1259
1260
1261
1262
1263
1264
1265
-0.007301783488451416 0.01672260462144319 0
-0.006250000000000009 0.006546473935329354 0
-0.01101712738127388 0.01176521204073757 0
-0.004244867770142241 0.0164940591518089 0
-0.001427117009145053 0.01129474245892209 0
-0.009494716377670539 0.01623663347035526 0
-0.01155378317837358 0.01476134241366144 0
-0.01069450171334118 0.00785245425605921 0
-0.001420094592424665 0.01468879314743313 0
-0.002649317629826342 0.006433421722085809 0
-0.00543782026832223 0.0165932473966636 0
-0.005008813317431577 0.01554475331221707 0
-0.0037543580679436 0.01538705683002374 0
-0.00445737780057605 0.01433851465943838 0
-0.005779956284815142 0.01462939276536071 0
-0.005354545733633508 0.01337868180216464 0
-0.006714538420791496 0.01365974454692711 0
-0.006251107170123965 0.01234777305449643 0
-0.007606723709922445 0.01263438675780085 0
-0.007176945311160267 0.01124961164693259 0
-0.005730548007324077 0.01097767107460869 0
-0.008071090386647073 0.01394476187072835 0
-0.006701223634726956 0.009814461544996897 0
-0.00516246200062093 0.0095346558563796 0
-0.00819132966160266 0.01012754927224099 0
-0.00406007155010285 0.01313613746160978 0
-0.007731047883121489 0.008675440942820401 0
-0.00895721851953156 0.01295049587913386 0
-0.009528521223183014 0.01424983667388742 0
-0.004332936008938002 0.01073952939145024 0
-0.00359563717272732 0.009343967130312554 0
-0.008502837930906969 0.01501498634530847 0
-0.004661618746032787 0.007984044213846629 0
-0.007163308605529545 0.01497643240278352 0
-0.01027626482315797 0.01311472105380068 0
-0.006131301720592205 0.01574100461844205 0
-0.01030058768281593 0.01589388764617178 0
-0.008701450286561399 0.01658392050014744 0
-0.01114408960176263 0.0156723031424699 0
-0.01048334882963728 0.01499621173962976 0
-0.001400983692926099 0.01303458375468556 0
-0.01094635918737093 0.009769881078521643 0
-0.007998664191380966 0.006486339558977002 0
-0.002980220066750868 0.01635377079214079 0
-0.001780801535464401 0.009382112873445342 0
-0.00953385667096129 0.01534234552249178 0
-0.009327609530359018 0.009109881642471685 0
-0.006179773093863275 0.008311092508064626 0
-0.002710952973281807 0.01231967568836984 0
-0.002916202583532613 0.01402405808325777 0
-0.009711105051531527 0.006398599768878799 0
-0.008567414668361301 0.01158992608440298 0
-0.001498097240910792 0.007669372556878058 0
-0.01148616362029937 0.01352187570770799 0
-0.006440779743320625 0.01667589227847355 0
-0.004931179957038442 0.01210869237038178 0
-0.004416204392639456 0.006389456678547043 0
-0.009650215686324522 0.0107368718409085 0
-0.007935985286375919 0.01599807664897916 0
-0.001484636702421749 0.01617008244918393 0
-0.002950885995277472 0.0108587314967435 0
-0.009738735493801134 0.01203925553616226 0
-0.00312532853777135 0.00787036651399425 0
-0.008769503770103527 0.007667785875408326 0
-0.002511102402614699 0.01532475226040787 0
-0.01117738020374492 0.006332933909041162 0
-0.001307233584944427 0.006307233584944428 0
-0.01187914302739628 0.01565188642294614 0
-0.01066561633493025 0.01412879751773746 0
-0.007214408582625548 0.007497906694883077 0
-0.008833769310495223 0.01583519249745642 0
-0.007014913336389054 0.01600482384596778 0
-0.008059995432376873 0.01684313581179794 0
-0.003814538432693581 0.01190106989778243 0
-0.005955629002703674 0.01518519869190138 0
-0.006647305163060875 0.01535871851061279 0
-0.006471632445172343 0.01480291258407211 0
-0.003686790192054331 0.01418128637134807 0
-0.003335280325738106 0.01470555745664075 0
-0.004105867934259825 0.01486278574473106 0
-0.003360482855249335 0.008607166822153402 0
-0.002453065036617876 0.008626239693719796 0
-0.002688219354095861 0.009363040001878948 0
-0.01088121422172867 0.01331829838075433 0
-0.01125164550078663 0.01264354387422278 0
-0.01064669610221593 0.01243996654726912 0
-0.005784560994457218 0.01616712600755283 0
-0.005570057519011891 0.01564287896532956 0
-0.005223316792876903 0.01606900035444034 0
-0.01199308181014969 0.01303789936459875 0
-0.01175856369063694 0.01215956753111353 0
-0.002311712889341071 0.007769869535436154 0
-0.001639449388187596 0.0085257427151617 0
-0.00539438480112336 0.01508707303878889 0
-0.005420695919948031 0.008147568360955627 0
-0.006214886546931642 0.00742878322169699 0
-0.005455809373016398 0.007265259074587991 0
-0.006938923513160521 0.01431808847485531 0
-0.00624724735280332 0.01414456865614391 0
-0.005333102196319732 0.006467965306938198 0
-0.004538911569336121 0.007186750446196836 0
-0.003488137066817732 0.01358009777243378 0
-0.004258724675339449 0.01373732606052408 0
-0.001691281425151748 0.01683504122459197 0
-0.0007423183512108751 0.01683504122459197 0
-0.0007423183512108751 0.01594218408173483 0
-0.008767609798528312 0.01620955649880193 0
-0.00838487729843557 0.01591663457321779 0
-0.008318717786468659 0.0162909985745633 0
-0.00828696415877702 0.01447987410801841 0
-0.00901567957704499 0.01463241150959794 0
-0.008799805804915043 0.01409729927230788 0
-0.007997990359376395 0.01642060623038855 0
-0.008380722859469137 0.01671352815597269 0
-0.01057448258228376 0.01456250462868361 0
-0.01009706877905663 0.01418931709581244 0
-0.01000593502641015 0.01462302420675859 0
-0.005939300005821428 0.01663456983756858 0
-0.006286040731956415 0.01620844844845781 0
-0.007617199496088309 0.01446059713675593 0
-0.007392814403719285 0.01380225320882773 0
-0.003262745702987694 0.01211037279307613 0
-0.003382712213985527 0.01137990069726296 0
-0.002830919484279639 0.01158920359255667 0
-0.004555469652008587 0.01699702957590445 0
-0.003901106761595105 0.01699702957590445 0
-0.00281357777840721 0.01317186688581381 0
-0.003385512261692328 0.01272790657498981 0
-0.002713652493073656 0.01467440517183282 0
-0.003132730235279149 0.01535590454521581 0
-0.00070049184646305 0.01258872044877135 0
-0.001414050351035576 0.01216466310680382 0
-0.0007135585045725265 0.01171879980088962 0
-0.01175856369063694 0.01123157265806045 0
-0.00973200274172235 0.007760120065733768 0
-0.009048556650231273 0.008388833758940006 0
-0.0100110556218501 0.008481167949265449 0
-0.01172317959368546 0.01023390717695249 0
-0.0109817432843224 0.01076754655962961 0
-0.004073737220815792 0.01132029964461633 0
-0.003641911002107737 0.01079913044409687 0
-0.0007100472962123325 0.01520153943085942 0
-0.0007100472962123325 0.01430868228800228 0
-0.007833073268218256 0.01499570937404599 0
-0.001410539142675383 0.01386168845105934 0
-0.00070049184646305 0.01348157759162849 0
-0.01202689158918679 0.01441802491374715 0
-0.01202689158918679 0.01501771933525978 0
-0.009242869871357287 0.01360016627651064 0
-0.008514154453089316 0.01344762887493111 0
-0.002365843765370937 0.01012042218509442 0
-0.003273261584002396 0.01010134931352803 0
-0.009531188947072153 0.0147960910981896 0
-0.01000860275029929 0.01516927863106077 0
-0.003268782909899419 0.0169268853960704 0
-0.002439073107316307 0.0169268853960704 0
-0.005151945901098582 0.0170466236983318 0
-0.004841344019232235 0.01654365327423625 0
-0.00657310752849063 0.01587291423220492 0
-0.007089110970959299 0.01549062812437565 0
-0.01013698435886497 0.009439881360496664 0
-0.01082043045035605 0.008811167667290426 0
-0.01172317959368546 0.009284251631055264 0
-0.01159725085667059 0.008325538219824048 0
-0.01029828743684772 0.01025337645971507 0
-0.0103336715337992 0.01125104194082303 0
-0.009240304410817527 0.007033192822143562 0
-0.01020280338243635 0.007125527012469005 0
-0.01199308181014969 0.01379829156077042 0
-0.002055968333103952 0.0126771297215277 0
-0.00206903499121343 0.01180720907364596 0
-0.007838907048284759 0.0132895743142646 0
-0.00716063106535697 0.01314706565236398 0
-0.005803571428571437 0.005773236967664677 0
-0.00669642857142858 0.005773236967664677 0
-0.002887323083798846 0.00715189411804003 0
-0.003770766465205403 0.007129911596270647 0
-0.003532761011232899 0.006411439200316426 0
-0.002158593138229356 0.01352932091897166 0
-0.007124332095690487 0.006516406747153178 0
-0.007570760667119058 0.005743169779488501 0
-0.001603959272304728 0.01033842766618371 0
-0.0008904007677322003 0.009869627865294104 0
-0.0007135585045725265 0.01082594265803248 0
-0.003893473641902069 0.007927205363920439 0
-0.01159725085667059 0.007375882673926828 0
-0.002168148587978639 0.01435642561534545 0
-0.01047094057904411 0.01362175928576907 0
-0.009902393023170494 0.01368227886384405 0
-0.0084636178099762 0.005743169779488501 0
-0.0008904007677322003 0.008976770722436963 0
-0.002217515957770316 0.005716710861042905 0
-0.003110373100627462 0.005716710861042905 0
-0.009062095291064647 0.01682198907782398 0
-0.008725725143280452 0.01704196025007391 0
-0.004886673624891162 0.005694728339273522 0
-0.008281971114727003 0.01279244131846736 0
-0.00901834730093413 0.01517866593390012 0
-0.009616741671344766 0.01303260846646727 0
-0.005118667042695596 0.01448395371239954 0
-0.004733095559003813 0.01494163398582773 0
-0.01037793143753751 0.01190223378844992 0
-0.01000750015847955 0.01257698829498147 0
-0.009319838240051481 0.0056992998844394 0
-0.01021269538290862 0.0056992998844394 0
-0.0007490486204553958 0.008120400564153321 0
-0.0007490486204553958 0.007227543421296174 0
-0.004626840543786909 0.01601940623201299 0
-0.001452365647423208 0.01542943779830853 0
-0.008404997716188189 0.01717156790589916 0
-0.007930169943208887 0.01717156790589897 0
-0.005669426815223073 0.0170466236983318 0
-0.008854884621456246 0.0064424696639279 0
-0.003993816482034019 0.005694728339273522 0
-0.007551063971246158 0.0171113023107216 0
-0.007076236198266912 0.0171113023107216 0
-0.004912040373326858 0.008759350035113115 0
-0.004128627959380054 0.008664005672079591 0
-0.004379049586674125 0.009439311493346076 0
-0.01101856600400543 0.0148787770766456 0
-0.01081371921569996 0.01533425744104983 0
-0.0113489363900681 0.01521682277806567 0
-0.004747699004779466 0.01013709262391492 0
-0.00503174200813104 0.01085860023302946 0
-0.005446505003972504 0.01025616346549414 0
-0.007684137486381464 0.01068858045958679 0
-0.007446276648164808 0.009971005408618942 0
-0.006939084472943612 0.01053203659596474 0
-0.006034542077212502 0.01351921317454588 0
-0.005567251009224325 0.01400403728376268 0
-0.004905961767104779 0.01385859823080151 0
-0.004632057982988222 0.01142411088091601 0
-0.00533086398218126 0.01154318172249523 0
-0.003964286590832661 0.0100417482608814 0
-0.007549646945952731 0.01548725452588134 0
-0.008219411608641444 0.01550653149714381 0
-0.005931842817673943 0.009674558700688249 0
-0.006215885821025517 0.01039606630980279 0
-0.006440498364295115 0.009062777026530761 0
-0.005671117547242102 0.008922874182222113 0
-0.01218957151369814 0.01546299133990213 0
-0.01218957151369814 0.01595094321147307 0
-0.009917222176888608 0.01561811658433178 0
-0.009514286524315914 0.01578948949642352 0
-0.009897652030243233 0.01606526055826352 0
-0.007961188772362075 0.009401495107530695 0
-0.007216135758924222 0.009244951243908648 0
-0.006955410488492382 0.008493266725442514 0
-0.01183869010187246 0.005666466954520581 0
-0.01183869010187246 0.006616122500417803 0
-0.006453746659242173 0.01111364136077064 0
-0.006645734325701516 0.01708794613923678 0
-0.00617090655272227 0.01708794613923678 0
-0.01094583295901532 0.005666466954520581 0
-0.00875946959598084 0.009618715457356337 0
-0.008529328706740252 0.008892661292646044 0
-0.002189001502211262 0.01107673697783279 0
-0.006928915440023204 0.01249107990614864 0
-0.006482822795457731 0.01300375880071177 0
-0.01171646310288493 0.01520661441830379 0
-0.005802826451878736 0.01286322742833054 0
-0.005990827588724022 0.01166272206455256 0
-0.006714026240642116 0.01179869235071451 0
-0.007391834510541356 0.01194199920236672 0
-0.01151161631457946 0.01566209478270802 0
-0.006871281615886021 0.01669924844995837 0
-0.01178849269212075 0.0159767883623437 0
-0.004707308641868179 0.01325740963188721 0
-0.007872179989760784 0.01141976886566778 0
-0.008379372164981981 0.01085873767832198 0
-0.009694475590062829 0.01138806368853538 0
-0.0006536167924722138 0.005653616792472215 0
-0.001546473935329359 0.005653616792472215 0
-0.0006536167924722138 0.00654647393532936 0
-0.008762316593946431 0.01227021098176842 0
-0.008087069189141873 0.01211215642110191 0
-0.004381585692687588 0.01546590507112041 0
-0.008920772673963592 0.01043221055657474 0
-0.00948891260834177 0.009923376741690091 0
-0.003612543918446554 0.01642391497197485 0
-0.00399961291904292 0.01594055799091632 0
-0.009820548801628729 0.01647336515247671 0
-0.009458728336619216 0.01664834556292789 0
-0.01142096597930392 0.01598699672210558 0
-0.01102652136102561 0.01606410467275039 0
-0.01060477040155225 0.01617489692460133 0
-0.01022348445420142 0.01630199224038497 0
-0.007680889460414144 0.01678287021662057 0
-0.007618884387413667 0.01636034063521117 0
-0.01039196825622661 0.01544504969290077 0
-0.01151997339933648 0.01414160906068471 0
-0.00909808333211597 0.01641027698525135 0
-0.005591143563581203 0.01222823271243911 0
-0.005142862845335975 0.01274368708627321 0
-0.008668303620701097 0.01542508942138244 0
-0.009108815177342912 0.01116339896265574 0
-0.01072233864228928 0.01578309539432084 0
-0.009153075081081218 0.01181459081028262 0
-0.003367289067347234 0.01587041381108227 0
-0.004495625753570646 0.01262241491599578 0
-0.002073707435368567 0.007051397139481934 0
-0.002232428384586309 0.01626192662066236 0
-0.006697090838244412 0.007904499601473852 0
-0.006732204291312778 0.007022190315106215 0
-0.00140266541292761 0.006988303070911243 0
-0.001965598497519682 0.0150067727039205 0
-0.007158348412420235 0.01636371423370549 0
-0.00672784653985484 0.01634035806222067 0
-0.01093594095854305 0.007092694082550186 0
-0.009347977006666348 0.01249487570764806 0
-0.007475449311382486 0.01600145024747347 0
-0.009183812990728256 0.0155887690099741 0
-0.009164242844082881 0.01603591298390584 0
-0.007606536387003256 0.006992123126930039 0
-0.008384083980742247 0.007077062717192663 0
-0.004372859194866012 0.0120048811340821 0
-0.003937304991398215 0.0125186036796961 0
-0.01044424262763822 0.00636576683895998 0
-0.001978275607385385 0.006370327653515118 0
-0.008250275826612507 0.008171613409114363 0
-0.007991956176364537 0.007582846285145701 0
-0.007472728232873519 0.008086673818851739 0
-0.002745661234682784 0.01583926152627433 0
-0.001997869552518224 0.0157474173547959 0
-0.01110969975665191 0.01444506996569945 0
-0.01107588997761481 0.01382533661272272 0
2 13 0 279
1266
1267
1268
1269
1270
1271
1272
1273
1274
1275
1276
1277
1278
1279
1280
1281
1282
1283
1284
1285
1286
1287
1288
1289
1290
1291
1292
1293
1294
1295
1296
1297
1298
1299
1300
1301
1302
1303
1304
1305
1306
1307
1308
1309
1310
1311
1312
1313
1314
1315
1316
1317
1318
1319
1320
1321
1322
1323
1324
1325
1326
1327
1328
1329
1330
1331
1332
1333
1334
1335
1336
1337
1338
1339
1340
1341
1342
1343
1344
1345
1346
1347
1348
1349
1350
1351
1352
1353
1354
1355
1356
1357
1358
1359
1360
1361
1362
1363
1364
1365
1366
1367
1368
1369
1370
1371
1372
1373
1374
1375
1376
1377
1378
1379
1380
1381
1382
1383
1384
1385
1386
1387
1388
1389
1390
1391
1392
1393
1394
1395
1396
1397
1398
1399
1400
1401
1402
1403
1404
1405
1406
1407
1408
1409
1410
1411
1412
1413
1414
1415
1416
1417
1418
1419
1420
1421
1422
1423
1424
1425
1426
1427
1428
1429
1430
1431
1432
1433
1434
1435
1436
1437
1438
1439
1440
1441
1442
1443
1444
1445
1446
1447
1448
1449
1450
1451
1452
1453
1454
1455
1456
1457
1458
1459
1460
1461
1462
1463
1464
1465
1466
1467
1468
1469
1470
1471
1472
1473
1474
1475
1476
1477
1478
1479
1480
1481
1482
1483
1484
1485
1486
1487
1488
1489
1490
1491
1492
1493
1494
1495
1496
1497
1498
1499
1500
1501
1502
1503
1504
1505
1506
1507
1508
1509
1510
1511
1512
1513
1514
1515
1516
1517
1518
1519
1520
1521
1522
1523
1524
1525
1526
1527
1528
1529
1530
1531
1532
1533
1534
1535
1536
1537
1538
1539
1540
1541
1542
1543
1544
0.005982811822450225 0.009745991092784512 0
0.005595193403269742 0.01415735477301546 0
0.005262822800343715 0.01180129920909055 0
0.004176962723443776 0.006054342601240112 0
0.007156054904795817 0.007895400054897887 0
0.001566056310543033 0.009539202528827836 0
0.001598138305510321 0.01308829666818568 0
0.004326942744777078 0.01653642723848662 0
0.006362581936692201 0.005993005937828101 0
0.006420548699984558 0.01611919586280674 0
0.00875004505180664 0.006532134293332261 0
0.005919900423024218 0.01509673615184172 0
0.004871385557277693 0.01486815396547027 0
0.004516193511762054 0.01385690075826182 0
0.003696610485515361 0.01478686791436049 0
0.006443295545227698 0.008661515284171934 0
0.005348972280801225 0.008903910950182933 0
0.004966712654619909 0.009892896347657424 0
0.004075454342508828 0.009199175454443743 0
0.003926037894689304 0.01028901429279612 0
0.005650140211573225 0.007889447291869274 0
0.00780354124628274 0.007029705137351694 0
0.00321328862452583 0.01351321383296339 0
0.002393970863657339 0.01458366482306128 0
0.002910374861583192 0.01210496112136595 0
0.004234506084144439 0.01263943025844003 0
0.005362679350811157 0.01305148463358591 0
0.005509008431265536 0.01671896774162921 0
0.002815592896587791 0.01609779639052113 0
0.003973895189012113 0.01140059518439539 0
0.002819110856990001 0.006139379326747428 0
0.003620585187008498 0.007187659067501413 0
0.002453893333466902 0.007252465247957636 0
0.007899385155985022 0.005922926004110998 0
0.001475746894834167 0.01112749717239337 0
0.005338101716211649 0.005979760288032737 0
0.004887201054611469 0.006997758017962163 0
0.002940047775681765 0.008519451834199891 0
0.009710554646536683 0.0059163215279298 0
0.006804828809676588 0.006940459001184031 0
0.005633844113631031 0.01079289421924193 0
0.001467002547945039 0.01551083253381906 0
0.007195487962312059 0.01687207358074639 0
0.005910692861209967 0.006901584146859176 0
0.004420400142030835 0.008116233769359903 0
0.002715899722958378 0.01083511285206329 0
0.01088171554745809 0.005716841054397008 0
0.005177896390636325 0.0157805573843973 0
0.00283658148619342 0.009670145705596165 0
0.01188601376795678 0.005658009525165524 0
0.006375353472753763 0.01694204743703647 0
0.001393361724675432 0.006396369967597394 0
0.004219696418185035 0.01558931177768745 0
0.001350174777867415 0.007945978417157338 0
0.001195095000216436 0.01435109325875764 0
0.008740711060320202 0.005674276365074612 0
0.006413936463276528 0.00762172709613154 0
0.00713405713580135 0.006285837717456724 0
0.001053606384634067 0.01662643504813293 0
0.004764396027571911 0.0108063151426306 0
0.0036802239588563 0.008317842801779898 0
0.004247927242269831 0.008657704611901823 0
0.003507751059095296 0.008859313644321817 0
0.003958153451850199 0.01518808984602397 0
0.003517644657386413 0.01584355408410429 0
0.003256101691051576 0.01544233215244081 0
0.004020492664519666 0.007651946418430658 0
0.003280316481345131 0.007853555450850652 0
0.005312751075577436 0.01242639192133823 0
0.004798592717477798 0.01284545744601297 0
0.004748664442244076 0.01222036473376529 0
0.01219300688397845 0.005954004762582761 0
0.01219300688397839 0.005656601368082662 0
0.01219300688397839 0.005329004762582763 0
0.002254256583546757 0.01259662889477581 0
0.003061831743054511 0.01280908747716467 0
0.002405713465018076 0.01330075525057454 0
0.002604781880122565 0.01534073060679121 0
0.00304529067458635 0.01468526636871089 0
0.002803629744091585 0.01404843932801234 0
0.00199605458458383 0.01383598074562348 0
0.007909236176968114 0.01717803365896291 0
0.006785420717532911 0.01690706050889143 0
0.006397951086369161 0.0165306216499216 0
0.006808018331148308 0.01649563472177656 0
0.007295387857039098 0.01648911837912142 0
0.006907918225875349 0.01611267952015159 0
0.001902034055667159 0.007599221832557487 0
0.001371768251271424 0.007171174192377366 0
0.001923627529071167 0.006824417607777515 0
0.007516721145893186 0.006104381860783862 0
0.007082589441926628 0.005642918858728363 0
0.007465253452018463 0.0054614630020555 0
0.004104200636578276 0.01202001272141771 0
0.004618358994677914 0.01160094719674297 0
0.00785146320113388 0.006476315570731346 0
0.008324715103895831 0.006227530148721629 0
0.008276793149044691 0.006780919715341977 0
0.006953968509137102 0.008729564479215277 0
0.006799675225011757 0.00827845766953491 0
0.007310348188921161 0.008346506864578255 0
0.008324550983567183 0.007229720740002162 0
0.008797802886329132 0.006980935317992445 0
0.001536942600172244 0.01210789692028953 0
0.00219306087820868 0.01161622914687966 0
0.0006750873889337077 0.007365846351435814 0
0.0006966808623377159 0.006591042126655842 0
0.008012141277213272 0.0054614630020555 0
0.002813137292270785 0.01147003698671462 0
0.003344897455985246 0.01111785401822934 0
0.003442135025297653 0.01175277815288067 0
0.006428616004252113 0.008141621190151736 0
0.006784995684036173 0.007758563575514714 0
0.003572440472863815 0.01237219568990299 0
0.006227095402648471 0.01473014175511505 0
0.00575754691314698 0.01462704546242859 0
0.006064741892771234 0.01426045106570192 0
0.004273319581481057 0.01606286950808703 0
0.003571267820682435 0.01631711181450388 0
0.008745378056063421 0.006103205329203436 0
0.009225632853428443 0.005795298946502206 0
0.009230299849171661 0.00622422791063103 0
0.005343452410950931 0.01624976256301326 0
0.005799222545310441 0.01594987662360202 0
0.005964778565625047 0.01641908180221798 0
0.008979692054575673 0.005337138182537306 0
0.009464613847683913 0.0054581607639649 0
0.0007378734474170834 0.01163517715762526 0
0.0007990691527551604 0.01261557690552142 0
0.003320968808823841 0.01056206357242971 0
0.003949966541850708 0.01084480473859575 0
0.005398946957910718 0.00694967108241067 0
0.005780416536391595 0.007395515719364225 0
0.005268670633092346 0.007443602654915719 0
0.01170707823931443 0.00599201620538093 0
0.005548898406830272 0.01543864676811951 0
0.006170224561504388 0.01560796600732423 0
0.01164611905878358 0.005329004762582763 0
0.006748319536246776 0.006139421827642412 0
0.006696851842372053 0.005496502968914051 0
0.0006966808623377159 0.005698184983798697 0
0.003723897354335134 0.01307632204570171 0
0.006032038337424876 0.007755587194000407 0
0.006046717878400462 0.008275481288020603 0
0.003381309690441362 0.009979579999196141 0
0.003456017914351124 0.009434660580019953 0
0.004000746118599066 0.009744094873619932 0
0.00580648036690177 0.0127460892890032 0
0.005756552091668048 0.01212099657675551 0
0.001617741234944067 0.005698184983798697 0
0.003186469324817945 0.01679889819526057 0
0.003942144248912588 0.01701821361924331 0
0.005395642990150955 0.014982445058656 0
0.005233289480273717 0.01451275436924287 0
0.002888314630937592 0.009094798769898028 0
0.002201318898368226 0.009604674117212001 0
0.002776240604575899 0.01025262927882973 0
0.002140978016750705 0.01018715769044556 0
0.002356759522234808 0.01679889819526057 0
0.004596507139326083 0.01701821361924331 0
0.002095823308896272 0.01098130501222833 0
0.0015209016026886 0.0103333498506106 0
0.006696737416869183 0.009143573757685292 0
0.007952570849569539 0.007544684702067196 0
0.004939436431286606 0.01345419269592387 0
0.004375349797953246 0.01324816550835093 0
0.006408266006170658 0.01518263344554485 0
0.006162314662243248 0.007261655621495358 0
0.005075510055676082 0.005489880144016369 0
0.004757532219827713 0.006017051444636425 0
0.004494940559292145 0.005527171300620057 0
0.005112651385411559 0.00648875915299745 0
0.004532081889027622 0.006526050309601138 0
0.0007990691527551604 0.01350843404837856 0
0.01001150167287872 0.0054581607639649 0
0.000783028155271516 0.009055315550128208 0
0.000783028155271516 0.009948172692985351 0
0.007606807931103587 0.0168640704493361 0
0.003832430314823376 0.005527171300620057 0
0.005013609413957813 0.01130380717586058 0
0.005199120070601471 0.01079960468093627 0
0.005448333456987373 0.01129709671416624 0
0.009694489180769804 0.006419737945060721 0
0.009214234383404784 0.006727644327761951 0
0.006357760835443278 0.006921021574021603 0
0.006136637398951084 0.006447295042343638 0
0.006583705373184394 0.006466732469506065 0
0.004917975588021307 0.01662769749005791 0
0.005187539982570312 0.01710948387081461 0
0.004253893120809983 0.007092708542731788 0
0.003898773955226136 0.006621000834370763 0
0.004653800598321152 0.007556995893661033 0
0.006149964017177244 0.005496502968914051 0
0.0007378734474170834 0.01074232001476812 0
0.001458115544205224 0.008742590472992588 0
0.00214511127677459 0.008232715125678615 0
0.002253052043112399 0.009029327181513863 0
0.003153504381596488 0.005569689663373715 0
0.002330615801101352 0.005569689663373715 0
0.00594218095200965 0.01683050758933284 0
0.006102286750407702 0.01065823534081822 0
0.005808327968040628 0.01026944265601322 0
0.006276770604817299 0.01013478377758951 0
0.005839879136582884 0.01323235674593652 0
0.002141297722266415 0.0158043144621701 0
0.001930486705801189 0.01504724867844017 0
0.005850341826451925 0.005986383112930419 0
0.005637723906936968 0.005489880144016369 0
0.004369145608292012 0.01110345516351299 0
0.005624397288710808 0.006440672217445957 0
0.00530027838412547 0.01034289528344968 0
0.005474762238535067 0.009819443720220967 0
0.01059708212333943 0.005358420527198504 0
0.01029613509699739 0.005816581291163404 0
0.01073082182768467 0.006134541581729692 0
0.01014524137722397 0.006234281818496089 0
0.001934599640610929 0.01636211571932703 0
0.001260304466289552 0.016068633790976 0
0.005035270176802029 0.008002840530614589 0
0.001794532931936888 0.01446737904090946 0
0.001396616652863379 0.01371969496347166 0
0.005705020896694803 0.01710948387081461 0
0.006658590144650828 0.01569386330102736 0
0.005984683441579422 0.01113124800369444 0
0.005799172784935764 0.01163545049861875 0
0.002696970554574334 0.007885958541078764 0
0.001475766266257946 0.01706321752406647 0
0.006980441857236203 0.007417929528040958 0
0.007304185027979663 0.006985082069267862 0
0.007479798075539278 0.007462552596124791 0
0.007628827678826076 0.007977532160840293 0
0.006466495555480446 0.009685811661991582 0
0.005499556246187224 0.008396679121026103 0
0.005896133913014461 0.008782713117177432 0
0.006213053683838962 0.009203753188478221 0
0.007023088435197325 0.0171860367903732 0
0.007497916208176586 0.0171860367903732 0
0.003864741068143942 0.01368505729561261 0
0.004752419567706702 0.01615849231144196 0
0.0005975475001082182 0.01413983234366454 0
0.0005975475001082182 0.01503268948652168 0
0.001331048774080737 0.01493096289628835 0
0.0007335012739725193 0.01561255912405239 0
0.007468799191042045 0.006657771427404209 0
0.0006750873889337077 0.00825870349429296 0
0.0030372392602377 0.007220062157729525 0
0.005956136162812177 0.01378529181565129 0
0.0005268031923170331 0.01706321752406647 0
0.00321984802199925 0.006663519197124421 0
0.003498036790216888 0.00609686096399377 0
0.005478936377040449 0.01360441970330069 0
0.005055693457515898 0.01400712776563864 0
0.005665892051625725 0.009324951021483723 0
0.004693789534519873 0.01436252736186605 0
0.006138193417438917 0.01722102371851824 0
0.00488468621141603 0.008510072359771418 0
0.006969442972738969 0.006613148359320377 0
0.002636502095228452 0.006695922287352532 0
0.004345216961130607 0.01054766471771336 0
0.003454949555020596 0.01415004087366194 0
0.004106401998638707 0.01432188433631116 0
0.004283998021396527 0.01482751093991538 0
0.004446375274654607 0.01009095532022677 0
0.004521083498564369 0.009546035901050583 0
0.01120492912906508 0.006021431969996672 0
0.005157842467710567 0.009398403648920178 0
0.008320048108152612 0.005798601184592805 0
0.008432804229380864 0.005337138182537306 0
0.006609382636476558 0.007281093048657786 0
0.01114396994853424 0.005358420527198504 0
0.004712213311655026 0.009051543202313338 0
0.006613021190418177 0.01722102371851824 0
0.00486555434109591 0.01034960574514401 0
0.005024640973957009 0.01532435567493378 0
0.00469879640441068 0.01568493458104237 0
0.0005268031923170331 0.01617036038120932 0
0.01138386465770743 0.005687425289781266 0
0.002106236290832716 0.006267874647172411 0
0.004545540987731364 0.01522873287157886 0
2 17 0 283
1545
1546
1547
1548
1549
1550
1551
1552
1553
1554
1555
1556
1557
1558
1559
1560
1561
1562
1563
1564
1565
1566
1567
1568
1569
1570
1571
1572
1573
1574
1575
1576
1577
1578
1579
1580
1581
1582
1583
1584
1585
1586
1587
1588
1589
1590
1591
1592
1593
1594
1595
1596
1597
1598
1599
1600
1601
1602
1603
1604
1605
1606
1607
1608
1609
1610
1611
1612
1613
1614
1615
1616
1617
1618
1619
1620
1621
1622
1623
1624
1625
1626
1627
1628
1629
1630
1631
1632
1633
1634
1635
1636
1637
1638
1639
1640
1641
1642
1643
1644
1645
1646
1647
1648
1649
1650
1651
1652
1653
1654
1655
1656
1657
1658
1659
1660
1661
1662
1663
1664
1665
1666
1667
1668
1669
1670
1671
1672
1673
1674
1675
1676
1677
1678
1679
1680
1681
1682
1683
1684
1685
1686
1687
1688
1689
1690
1691
1692
1693
1694
1695
1696
1697
1698
1699
1700
1701
1702
1703
1704
1705
1706
1707
1708
1709
1710
1711
1712
1713
1714
1715
1716
1717
1718
1719
1720
1721
1722
1723
1724
1725
1726
1727
1728
1729
1730
1731
1732
1733
1734
1735
1736
1737
1738
1739
1740
1741
1742
1743
1744
1745
1746
1747
1748
1749
1750
1751
1752
1753
1754
1755
1756
1757
1758
1759
1760
1761
1762
1763
1764
1765
1766
1767
1768
1769
1770
1771
1772
1773
1774
1775
1776
1777
1778
1779
1780
1781
1782
1783
1784
1785
1786
1787
1788
1789
1790
1791
1792
1793
1794
1795
1796
1797
1798
1799
1800
1801
1802
1803
1804
1805
1806
1807
1808
1809
1810
1811
1812
1813
1814
1815
1816
1817
1818
1819
1820
1821
1822
1823
1824
1825
1826
1827
-0.005987979264975547 0.02523629507372559 0
-0.005625570887993388 0.0208746735872362 0
-0.005448553912971658 0.0230549608426309 0
-0.004163500219383182 0.02899541231291532 0
-0.007154114724351587 0.02708155264788626 0
-0.001509030840635481 0.02551000237421682 0
-0.001341684852439198 0.02184878976996138 0
-0.004244428928034546 0.01849639687980716 0
-0.006410801406851873 0.02911167701969716 0
-0.006441893004206152 0.018860992710096 0
-0.008782556961583468 0.02847096637986492 0
-0.006495744899545563 0.02618542636599873 0
-0.00545809763923339 0.02617875551390283 0
-0.004921305871106679 0.02514639237146637 0
-0.004323575370062372 0.02614176380299675 0
-0.003773093648813234 0.02501407501303738 0
-0.004922605137281336 0.02715706797845605 0
-0.003913706732060751 0.02725019567662074 0
-0.007937511964817035 0.0278499415985145 0
-0.005411674669935968 0.01837607742261501 0
-0.004964780071875856 0.01934910141165988 0
-0.003891076351235789 0.01952477837437436 0
-0.005434285738507029 0.02190543399941866 0
-0.004453387504281277 0.02247251874294838 0
-0.004603105408169427 0.02132231844918635 0
-0.003511272180786059 0.0217310917965596 0
-0.003302573478235284 0.02296051840271522 0
-0.004411669379117722 0.02382973614007179 0
-0.001823304940728095 0.02357591165233482 0
-0.002872174328178523 0.02887816642626677 0
-0.007941636452303285 0.02885347803272757 0
-0.001330600350413574 0.02030667376902912 0
-0.001469426136469491 0.02711500265279664 0
-0.005362145122992944 0.02907554388505288 0
-0.005937649288692103 0.02816193958056079 0
-0.00972683093931837 0.02909048775479916 0
-0.005612065745900537 0.02417488516787583 0
-0.006096114628071632 0.02715269506717732 0
-0.00296062470462344 0.01860295274972795 0
-0.005924479692633862 0.01983316875921063 0
-0.006953092380597984 0.02821226563436718 0
-0.004812429871651881 0.02816568692731321 0
-0.007200210706638404 0.01812335716373581 0
-0.00287676585613511 0.02619036991003486 0
-0.001461745646036463 0.01882180852195277 0
-0.002669884273723935 0.0248594470362927 0
-0.0108711494801726 0.02928465069574824 0
-0.001473471413346282 0.02865432087062007 0
-0.003654203459546921 0.0206598666088436 0
-0.002468946202501654 0.02103756874288432 0
-0.002627866119059641 0.01982560812780202 0
-0.01188327640388022 0.02934208493557801 0
-0.002669864946106915 0.02771465084582776 0
-0.006361100130197369 0.01807208545928937 0
-0.004823508335168514 0.02027355824615696 0
-0.008694466850161547 0.02934357959722248 0
-0.005685706859662959 0.01910483507589538 0
-0.003279919481193418 0.02402782593441655 0
-0.002489556330938059 0.02223077607289107 0
-0.003646565594186945 0.02818912500012458 0
-0.007244069055297835 0.02925463092428814 0
-0.0044325284416995 0.02315112744151009 0
-0.004930111646044691 0.02344234849135135 0
-0.004950970708626467 0.02276373979278964 0
-0.002551612210960756 0.02380186879337568 0
-0.003291246479714351 0.02349417216856588 0
-0.002562939209481689 0.02326821502752502 0
-0.002173095996302301 0.02665268628141575 0
-0.002192898348385296 0.02585018614212584 0
-0.001489228488552486 0.02631250251350673 0
-0.01219163820194005 0.029046042467789 0
-0.01219163820194011 0.0293434458622891 0
-0.006016881958381868 0.02765731732386906 0
-0.005509359882676484 0.02715488152281668 0
-0.00543012721298672 0.02765950377950841 0
-0.003857121428676503 0.0233951272713935 0
-0.00387798049125828 0.0227165185728318 0
-0.01219163820194011 0.029671042467789 0
-0.006524603504334808 0.02768248035077225 0
-0.007053603552474785 0.02764690914112672 0
-0.006625114676211609 0.02711712385753179 0
-0.002896064904586671 0.02259564723780314 0
-0.002156430635833076 0.02290334386261295 0
-0.007912683578680201 0.01781842498443246 0
-0.006445370834645044 0.02818710260746398 0
-0.002069645541288204 0.0274148267493122 0
-0.002773315401121012 0.02695251037793131 0
-0.002974901877458676 0.02444363648535463 0
-0.002246594607226015 0.02421767934431376 0
-0.005011867562509129 0.02400231065397381 0
-0.005530309829436098 0.02361492300525337 0
-0.007303465201550455 0.01850053282920214 0
-0.006821051855422278 0.01849217493691591 0
-0.006924306350334329 0.01886935060238223 0
-0.006780655418417887 0.01809772131151259 0
-0.006401496567201761 0.01846653908469268 0
-0.004363068301856315 0.02770794130196698 0
-0.004867517504466608 0.02766137745288463 0
-0.004418155934671044 0.02720363182753839 0
-0.0007308728230182322 0.01816090426097638 0
-0.001679835896959105 0.01816090426097638 0
-0.005777106133652512 0.02666572529054008 0
-0.005190351388257363 0.02666791174617943 0
-0.01170278049868934 0.0290075685321488 0
-0.01164475037674531 0.029671042467789 0
-0.001666167890681788 0.02454295701327582 0
-0.000911652470364047 0.02410938439759599 0
-0.0007545154203177406 0.02507642975853699 0
-0.006295929763808597 0.02666906071658803 0
-0.005976921269389476 0.02618209093995078 0
-0.005375039580171992 0.028163813253937 0
-0.0007308728230182322 0.01905376140383353 0
-0.007445302172707509 0.02803110361644084 0
-0.007447364416450634 0.02853287183354737 0
-0.00793957420856016 0.02835170981562104 0
-0.0007347130682347457 0.02677178704068404 0
-0.0007545154203177406 0.02596928690139413 0
-0.007545813344584311 0.02746574712320039 0
-0.005842142869253514 0.02220271699970933 0
-0.005441419825739344 0.02248019742102478 0
-0.005849276956485829 0.02277748042131545 0
-0.001657796079279492 0.02932716043531004 0
-0.0007367357066731407 0.02932716043531004 0
-0.002773325064929523 0.02552490847316378 0
-0.002089457557179708 0.02518472470525476 0
-0.005800022505438041 0.02470559012080071 0
-0.005266685808503608 0.0246606387696711 0
-0.005454642568041113 0.02519134372259598 0
-0.003780136163123848 0.02771966033837266 0
-0.004229497732919413 0.0281774059637189 0
-0.008362096706943377 0.02866222220629625 0
-0.008360034463200251 0.02816045398918971 0
-0.0046664876251122 0.02448806425576908 0
-0.00709858071794791 0.02873344827932766 0
-0.00759285275380056 0.02905405447850785 0
-0.006824929811948575 0.02663348950694249 0
-0.0007367357066731407 0.02843430329245289 0
-0.008738511905872506 0.0289072729885437 0
-0.009210648894739958 0.02921703367601082 0
-0.009254693950450919 0.02878072706733204 0
-0.001336142601426386 0.02107773176949525 0
-0.0006653001752067872 0.02068905117022885 0
-0.0006708424262195992 0.02146010917069498 0
-0.000911652470364047 0.02321652725473885 0
-0.001582494896583646 0.0227123507111481 0
-0.0006708424262195992 0.02235296631355213 0
-0.003900887340541258 0.01799819843990358 0
-0.00455525023095474 0.01799819843990358 0
-0.005018695573338229 0.02161387622430251 0
-0.004528246456225352 0.02189741859606737 0
-0.004943836621394153 0.02218897637118352 0
-0.003221488961268584 0.02493676102466504 0
-0.003324929752474172 0.02560222246153612 0
-0.001915620591688628 0.02203978292142623 0
-0.004057188794477744 0.02152670512287298 0
-0.003982329842533668 0.02210180526975399 0
-0.005087531759066731 0.02953777194252644 0
-0.004762822671188063 0.0290354780989841 0
-0.00448820930726185 0.02949770615645766 0
-0.008381927068994512 0.02770314890667894 0
-0.008804449567377729 0.02801366129735415 0
-0.009694695157973065 0.02857963926548821 0
-0.009222558169105614 0.02826987857802109 0
-0.006241862082260554 0.02571086071986216 0
-0.006713477061684125 0.02576143349468544 0
-0.006459594244399117 0.02528686784854887 0
-0.006969694342351058 0.02617954209641333 0
-0.007298879254754071 0.02662760523735709 0
-0.008009047291200538 0.02738467949046519 0
-0.007617348670967814 0.02700048501515107 0
-0.01001963981926957 0.02954524387739958 0
-0.009472751994074761 0.02954524387739958 0
-0.00384579443015557 0.02392878103724417 0
-0.005886387400066668 0.01822408144095219 0
-0.00592678383707106 0.0186185350663555 0
-0.003825699062793077 0.02949770615645766 0
-0.0007347130682347457 0.02766464418354118 0
-0.005723038452104469 0.02570752529381421 0
-0.004828051798985256 0.01843623715121109 0
-0.005138873101905451 0.01793803871130751 0
-0.007612616704978954 0.01813010356630036 0
-0.006720961577451894 0.02955583850984858 0
-0.006174073752257084 0.02955583850984858 0
-0.006083981259527911 0.02430312069135962 0
-0.006271938019065416 0.0248338256442845 0
-0.006183186348420007 0.01934708073465332 0
-0.006417154874442123 0.01976904189366809 0
-0.006675861530228268 0.01928295386911077 0
-0.0006653001752067872 0.01979619402737171 0
-0.002429275426252593 0.01805147637486397 0
-0.003258985228835705 0.01805147637486397 0
-0.004238855897357717 0.02046671242750028 0
-0.004357292343202151 0.01989916831026566 0
-0.003772639905391355 0.02009232249160898 0
-0.007684483226869684 0.02962731546214407 0
-0.00803326692537241 0.02942673901636379 0
-0.006174225347771988 0.02863680830012897 0
-0.005649897205842524 0.02861874173280683 0
-0.005886473264922408 0.02909361045237502 0
-0.008956569949496351 0.02967178979861124 0
-0.0046046044999552 0.01892274914573353 0
-0.005188227370905912 0.01886258941713745 0
-0.003291785839083833 0.02748242326122425 0
-0.00339523629409793 0.0267202827933278 0
-0.006681946893724929 0.02866197132703217 0
-0.003180036117190747 0.02943908321313338 0
-0.002357147536695613 0.02943908321313338 0
-0.005879389667795283 0.02172167109037797 0
-0.006235339153122971 0.02021595970979008 0
-0.005775025290313625 0.02035392117322342 0
-0.006085884750802735 0.02073671212380286 0
-0.005649745610327619 0.02953777194252644 0
-0.01059179908969669 0.02964232534787412 0
-0.01029899020974549 0.0291875692252737 0
-0.01071989663266455 0.02886437696129646 0
-0.01014773736223743 0.02876729549082192 0
-0.004894144203522185 0.01981132982890842 0
-0.004427928211555823 0.01943693989301712 0
-0.006827435231074853 0.02918315397199265 0
-0.005656354016029941 0.01793803871130751 0
-0.005969506808590462 0.02382630028718863 0
-0.005887750892126023 0.02326633812456617 0
-0.005548690764799464 0.0187404562492552 0
-0.006063799931934555 0.01898291389299569 0
-0.007025449807360406 0.01781167858186791 0
-0.007500277580339653 0.01781167858186791 0
-0.004092381513965478 0.02442190557655458 0
-0.004347199759959956 0.02508023369225187 0
-0.007137595401674874 0.02962731546214407 0
-0.001396172998225018 0.01956424114549095 0
-0.005975032242538462 0.02120629088428674 0
-0.004623090253671854 0.0266494158907264 0
-0.004890836504647882 0.02616025965844979 0
-0.005373994013901188 0.0200533635026838 0
-0.005224539611580951 0.02057411591669658 0
-0.003406922829510672 0.02234580509963741 0
-0.001905315527470426 0.02144317925642285 0
-0.001899773276457614 0.02067212125595672 0
-0.005087287497322413 0.02862061540618305 0
-0.004487965045517532 0.02858054962011427 0
-0.006131066746160642 0.01778604272964468 0
-0.004067752639635167 0.01901058762709076 0
-0.001471448774907886 0.02788466176170835 0
-0.008409682124301539 0.02967178979861124 0
-0.008318051651232415 0.02909852881497502 0
-0.004713306871668971 0.02079793834767166 0
-0.004128654433858174 0.02099109252901498 0
-0.004118641051061561 0.02669597973980875 0
-0.005529928313250209 0.02139005379332743 0
-0.005444629882254859 0.01959113508543526 0
-0.005189701755170035 0.0256625739426846 0
-0.003141034789303281 0.02024273736832281 0
-0.002548406160780647 0.02043158843534317 0
-0.003061574831024288 0.02084871767586396 0
-0.003517837273780853 0.02893678936959104 0
-0.00580509327614841 0.01946900191755301 0
-0.003905032906785064 0.02859226865651995 0
-0.003602526816328993 0.01854967481476755 0
-0.003425850527929614 0.01906386556205115 0
-0.01119671703683553 0.02897885141223392 0
-0.003259471235147715 0.01967519325108819 0
-0.004048334509437803 0.02557791940801707 0
-0.004622440620584525 0.02564407808723156 0
-0.005114338148081408 0.02109849601821127 0
-0.005325243465769408 0.01922696824377763 0
-0.0111386869148915 0.02964232534787412 0
-0.002211185175329951 0.01871238063584036 0
-0.003600170613098741 0.0261660668565158 0
-0.006605894519139888 0.01778604272964468 0
-0.002172822870762403 0.02876624364844342 0
-0.00358273782016649 0.0211954792027016 0
-0.002771019637142719 0.02829640863604726 0
-0.002071668179726599 0.02818448585822391 0
-0.003526506565003326 0.02452095047372696 0
-0.00279424541184154 0.01921428043876498 0
-0.002990109191643857 0.02138433026972196 0
-0.01137721294202641 0.02931336781566312 0
-0.002044805882548052 0.0193237083248774 0
-0.001979233234736607 0.02006614094841557 0
-0.003259369961182734 0.02853364571319567 0
-0.003000414255862059 0.02198093393472534 0
-0.002479251266719856 0.02163417240788769 0
-0.00315821527014693 0.02795188792297617 0
2 21 0 326
1828
1829
1830
1831
1832
1833
1834
1835
1836
1837
1838
1839
1840
1841
1842
1843
1844
1845
1846
1847
1848
1849
1850
1851
1852
1853
1854
1855
1856
1857
1858
1859
1860
1861
1862
1863
1864
1865
1866
1867
1868
1869
1870
1871
1872
1873
1874
1875
1876
1877
1878
1879
1880
1881
1882
1883
1884
1885
1886
1887
1888
1889
1890
1891
1892
1893
1894
1895
1896
1897
1898
1899
1900
1901
1902
1903
1904
1905
1906
1907
1908
1909
1910
1911
1912
1913
1914
1915
1916
1917
1918
1919
1920
1921
1922
1923
1924
1925
1926
1927
1928
1929
1930
1931
1932
1933
1934
1935
1936
1937
1938
1939
1940
1941
1942
1943
1944
1945
1946
1947
1948
1949
1950
1951
1952
1953
1954
1955
1956
1957
1958
1959
1960
1961
1962
1963
1964
1965
1966
1967
1968
1969
1970
1971
1972
1973
1974
1975
1976
1977
1978
1979
1980
1981
1982
1983
1984
1985
1986
1987
1988
1989
1990
1991
1992
1993
1994
1995
1996
1997
1998
1999
2000
2001
2002
2003
2004
2005
2006
2007
2008
2009
2010
2011
2012
2013
2014
2015
2016
2017
2018
2019
2020
2021
2022
2023
2024
2025
2026
2027
2028
2029
2030
2031
2032
2033
2034
2035
2036
2037
2038
2039
2040
2041
2042
2043
2044
2045
2046
2047
2048
2049
2050
2051
2052
2053
2054
2055
2056
2057
2058
2059
2060
2061
2062
2063
2064
2065
2066
2067
2068
2069
2070
2071
2072
2073
2074
2075
2076
2077
2078
2079
2080
2081
2082
2083
2084
2085
2086
2087
2088
2089
2090
2091
2092
2093
2094
2095
2096
2097
2098
2099
2100
2101
2102
2103
2104
2105
2106
2107
2108
2109
2110
2111
2112
2113
2114
2115
2116
2117
2118
2119
2120
2121
2122
2123
2124
2125
2126
2127
2128
2129
2130
2131
2132
2133
2134
2135
2136
2137
2138
2139
2140
2141
2142
2143
2144
2145
2146
2147
2148
2149
2150
2151
2152
2153
0.007301783488451605 0.01827739537855683 0
0.006249999999999993 0.02845352606467065 0
0.01101710549312446 0.02323481524129345 0
0.004244867770142385 0.01850594084819111 0
0.001428792722290269 0.02370969736983351 0
0.009494716377670818 0.01876336652964489 0
0.01155378317837375 0.02023865758633859 0
0.01069423398617581 0.02714751747942235 0
0.001420094592424715 0.02031120685256689 0
0.001442991831865096 0.02743646267103581 0
0.005437820268322384 0.01840675260333641 0
0.005008813317431723 0.01945524668778295 0
0.003754358067943738 0.01961294316997628 0
0.004457377800576182 0.02066148534056165 0
0.005779956284815294 0.02037060723463932 0
0.005354545733633652 0.02162131819783539 0
0.006714538420791651 0.02134025545307293 0
0.006251107170124114 0.02265222694550362 0
0.007606723709922605 0.0223656132421992 0
0.007176879095924903 0.02375025331186841 0
0.005730916946357545 0.02402218510546324 0
0.00807109038664724 0.02105523812927169 0
0.00670108668058486 0.02518482532876193 0
0.005163231691490632 0.02546469988059599 0
0.008191035508405171 0.02487230519214933 0
0.004060071550102986 0.02186386253839025 0
0.007730451005709522 0.02632410849035559 0
0.008957218519531733 0.02204950412086619 0
0.009528521223183248 0.02075016332611266 0
0.004333654826361093 0.0242601481515455 0
0.003589391232060979 0.02566635344906657 0
0.008502837930907194 0.01998501365469162 0
0.004611514265476993 0.0270152247076254 0
0.007163308605529713 0.02002356759721653 0
0.0102762611751332 0.02188528349320451 0
0.006131301720592364 0.01925899538155797 0
0.01030058768281625 0.01910611235382836 0
0.008701450286561623 0.01841607949985273 0
0.01114408960176292 0.01932769685753016 0
0.01048334882963755 0.02000378826037033 0
0.001401262978450333 0.02196615621677373 0
0.01094617229472785 0.02523018351945575 0
0.007998577467605964 0.02851364674153859 0
0.001763695830715507 0.02565724206393665 0
0.002980220066751005 0.01864622920785922 0
0.009533856670961575 0.01965765447750836 0
0.009327160458004973 0.02588999098377477 0
0.006180067248019993 0.02668696809087882 0
0.002711426561307548 0.02268112051155808 0
0.002916310136896973 0.02097616136979757 0
0.009710846715264773 0.02860132732916011 0
0.008567353527232941 0.02341006324862186 0
0.01148616362029937 0.02147812429229201 0
0.006440779743320793 0.01832410772152646 0
0.002616758064277976 0.02865638785184659 0
0.00493136124978129 0.02289122991679619 0
0.004464285714285709 0.02863752458426543 0
0.009650046828412483 0.02426309620970316 0
0.007935985286376132 0.01900192335102091 0
0.001484636702421807 0.01882991755081609 0
0.003109135954472055 0.02717050069639676 0
0.002947472074140624 0.02415036668466325 0
0.009738698988770547 0.02296074292279097 0
0.008769093416997362 0.02733211193685607 0
0.002511123913287648 0.01967529163020321 0
0.01117735281601938 0.0286670608240659 0
0.01187914302739644 0.01934811357705388 0
0.001298141543848312 0.02870185845615169 0
0.01066561560532543 0.02087120339166362 0
0.00721377268889292 0.02750202178492514 0
0.008833769310495468 0.0191648075025437 0
0.00701491333638922 0.01899517615403224 0
0.008059995432377088 0.01815686418820214 0
0.003814246972272891 0.02310028641814737 0
0.005955629002703829 0.01981480130809865 0
0.006647305163061039 0.01964128148938725 0
0.006471632445172504 0.02019708741592792 0
0.003686843968736577 0.02081882335517961 0
0.003335334102420355 0.02029455226988693 0
0.00410586793425996 0.02013721425526897 0
0.01088121239771629 0.02168170389274826 0
0.01125163455671192 0.02235646976679273 0
0.01064668333412883 0.02256004936724898 0
0.005784560994457374 0.01883287399244719 0
0.005570057519012044 0.01935712103467046 0
0.005223316792877053 0.01893099964555968 0
0.003349263593266517 0.02641842707273167 0
0.002436415892593781 0.0264138713801667 0
0.002676543531388243 0.02566179775650161 0
0.01199308181014969 0.02196210063540126 0
0.01175855274656223 0.02284044610990198 0
0.005395790756748493 0.02685109639925211 0
0.006215033624009992 0.02757024707777474 0
0.005430757132738493 0.02773437538614802 0
0.005394384801123508 0.01991292696121114 0
0.002276063893168576 0.02730348168371628 0
0.001603343831290301 0.02654685236748623 0
0.00535714285714285 0.02854552532446804 0
0.004537899989881351 0.02782637464594541 0
0.006938923513160682 0.02068191152514473 0
0.006247247352803472 0.02085543134385612 0
0.003488190843499979 0.02142001195409391 0
0.004258724675339584 0.02126267393947595 0
0.001691281425151816 0.01816495877540805 0
0.0007423183512109037 0.01816495877540805 0
0.0007423183512109037 0.01905781591826519 0
0.008767609798528544 0.01879044350119822 0
0.008384877298435801 0.01908336542678231 0
0.008318717786468878 0.01870900142543682 0
0.008286964158777216 0.02052012589198166 0
0.009015679577045219 0.02036758849040214 0
0.008799805804915243 0.02090270072769218 0
0.00799799035937661 0.01857939376961153 0
0.008380722859469355 0.01828647184402744 0
0.01057448221748149 0.02043749582601697 0
0.01009706841425434 0.02081068335888814 0
0.0100059350264104 0.0203769757932415 0
0.005939300005821589 0.01836543016243143 0
0.006286040731956578 0.01879155155154221 0
0.007617199496088477 0.02053940286324411 0
0.007392814403719446 0.02119774679117231 0
0.003262836766790219 0.02289070346485273 0
0.003380859523206757 0.02362532655140531 0
0.002829449317724086 0.02341574359811066 0
0.004555469652008736 0.01800297042409556 0
0.003901106761595242 0.01800297042409556 0
0.00281386834910226 0.02182864094067783 0
0.003385749055705267 0.02227249152497417 0
0.00271371702509231 0.02032572650000039 0
0.003132740990615693 0.01964411740008975 0
0.0007006314892251666 0.0224116495369583 0
0.001415027850370301 0.02283792679330362 0
0.0007143963611451346 0.02328342011348819 0
0.01175855274656223 0.02376844098295506 0
0.009731663701586585 0.02723981470813921 0
0.009048126937501169 0.02661105146031542 0
0.01001069722209039 0.02651875423159856 0
0.01172308614736393 0.02476612512203621 0
0.01098163889392616 0.0242324993803746 0
0.004073950899316992 0.02368021728484644 0
0.003640563450250859 0.02420525741810437 0
0.0007100472962123577 0.01979846056914059 0
0.0007100472962123577 0.02069131771199774 0
0.007833073268218454 0.02000429062595407 0
0.001410678785437524 0.02113868153467031 0
0.0007006314892251666 0.02151879239410116 0
0.01202689158918688 0.02058197508625287 0
0.01202689158918688 0.01998228066474024 0
0.00924286987135749 0.02139983372348942 0
0.008514154453089487 0.02155237112506894 0
0.009531188947072411 0.02020390890181051 0
0.01000860275029956 0.01983072136893934 0
0.002355583952428065 0.02490380437429995 0
0.003268431653100801 0.02490836006686491 0
0.003268782909899552 0.01807311460392961 0
0.002439073107316415 0.01807311460392961 0
0.005151945901098735 0.0179533763016682 0
0.004841344019232384 0.01845634672576376 0
0.006573107528490792 0.01912708576779511 0
0.007089110970959467 0.01950937187562438 0
0.01013666637636641 0.02556008725161526 0
0.01082020314045183 0.02618885049943905 0
0.01172308614736393 0.02571578066793343 0
0.0115971169930879 0.02667444764791673 0
0.01029810956157017 0.02474663986457945 0
0.01033357616076848 0.02374895572549831 0
0.009239970066131068 0.02796671963300809 0
0.01020254035072029 0.02787442240429123 0
0.01199308181014969 0.02120170843922958 0
0.002056344769878941 0.02232363836416591 0
0.002070109641798909 0.0231954089406958 0
0.002862947009375015 0.02791344427412168 0
0.003786710834378882 0.02790401264033109 0
0.003540521889281842 0.02864695621805601 0
0.007838907048284922 0.02171042568573545 0
0.007160631065357128 0.02185293434763607 0
0.001596244276502888 0.02468346971688508 0
0.000881847915357753 0.0251500496033969 0
0.0007143963611451346 0.02417627725634533 0
0.005803571428571421 0.02922676303233532 0
0.006696428571428563 0.02922676303233532 0
0.003860325109974525 0.02709286270201108 0
0.002158786557673653 0.02147115879328565 0
0.007124288733802978 0.02848358640310462 0
0.007570717305231549 0.0292568233707693 0
0.0115971169930879 0.02762410319381395 0
0.002168202364660844 0.02064368411118223 0
0.000881847915357753 0.02604290674625404 0
0.0007214959159325476 0.02693251704980362 0
0.01047093839022931 0.02137824344243406 0
0.009902391199158225 0.02131772340965858 0
0.008463574448088693 0.0292568233707693 0
0.0007214959159325476 0.02782537419266077 0
0.009062095291064875 0.01817801092217617 0
0.008725725143280627 0.01795803974992637 0
0.00491071428571428 0.02931876229213271 0
0.00828197111472717 0.02220755868153269 0
0.009018347300934385 0.01982133406609999 0
0.009616739847332467 0.02196739380703535 0
0.005118667042695738 0.02051604628760048 0
0.004733095559003953 0.0200583660141723 0
0.01037790224094751 0.02309777908204221 0
0.01000748008195187 0.02242301320799774 0
0.009319709071918095 0.02930066366458006 0
0.01021256621477524 0.02930066366458006 0
0.004626840543787054 0.01898059376798703 0
0.001452365647423261 0.01957056220169149 0
0.008404997716188359 0.01782843209410107 0
0.007930169943209098 0.01782843209410107 0
0.005669426815223227 0.0179533763016682 0
0.008854712091435369 0.02855748703534935 0
0.004887372978483813 0.02623996229411069 0
0.004100452748768986 0.02634078907834599 0
0.004376311461775806 0.02556552666483128 0
0.007551063971246358 0.01788869768927841 0
0.007076236198267099 0.01788869768927841 0
0.01101856600400565 0.02012122292335446 0
0.01081371921570023 0.01966574255895024 0
0.01134893639006834 0.01978317722193437 0
0.004748443258925863 0.02486242401607075 0
0.005032285886359319 0.02414116662850437 0
0.005447074318924088 0.02474344249302961 0
0.007683957302165037 0.02431127925200887 0
0.007446061094495015 0.02502856526045563 0
0.006938982888254882 0.02446753932031517 0
0.003961523029211036 0.02496325080030604 0
0.006034542077212652 0.02148078682545416 0
0.005567251009224472 0.02099596271623736 0
0.004905961767104917 0.02114140176919852 0
0.004632508038071192 0.02357568903417085 0
0.005331139098069418 0.02345670751112972 0
0.007549646945952923 0.01951274547411872 0
0.008219411608641662 0.01949346850285627 0
0.005932159186037746 0.02532476260467896 0
0.006216001813471202 0.02460350521711259 0
0.006440576964302426 0.02593589670982038 0
0.005671649469755313 0.0260758339857374 0
0.01218957151369822 0.01953700866009788 0
0.01218957151369822 0.01904905678852694 0
0.009917222176888913 0.01938188341566836 0
0.009514286524316197 0.01921051050357662 0
0.009897652030243533 0.01893473944173663 0
0.007960743257057347 0.02559820684125246 0
0.007215768843147191 0.02575446690955876 0
0.006955259126864758 0.02650553829061721 0
0.01183867640800969 0.02933353041203295 0
0.01183867640800969 0.02838387486613573 0
0.006453898021141224 0.02388621920866583 0
0.006645734325701692 0.01791205386076323 0
0.006170906552722432 0.01791205386076323 0
0.002188132398215446 0.02393003202724838 0
0.01094581926515254 0.02933353041203295 0
0.008759097983205073 0.02538114808796205 0
0.008528805731857249 0.02610704973706518 0
0.00692891544002336 0.02250892009385141 0
0.006482822795457883 0.02199624119928827 0
0.0117164631028851 0.01979338558169624 0
0.002201236174996129 0.0293281939259233 0
0.003094093317853271 0.0293281939259233 0
0.005802826451878883 0.02213677257166951 0
0.005991012058240829 0.02333720602548343 0
0.006713993133024509 0.02320124012868601 0
0.007391801402923754 0.02305793327703381 0
0.004017857142857138 0.02931876229213271 0
0.01151161631457968 0.01933790521729202 0
0.006871281615886199 0.01830075155004164 0
0.011788492692121 0.01902321163765634 0
0.004707308641868319 0.02174259036811282 0
0.009694372908591514 0.02361191956624707 0
0.007872116311578923 0.02358015828024514 0
0.008379194517819056 0.02414118422038559 0
0.008762286023382339 0.02272978368474403 0
0.008087038618577774 0.02288783824541053 0
0.00438158569268773 0.01953409492887961 0
0.0006490707719241564 0.02935092922807585 0
0.001541927914781298 0.02935092922807585 0
0.0006490707719241564 0.0284580720852187 0
0.008920541168408827 0.02456770070092625 0
0.009488603643208729 0.02507654359673896 0
0.003612543918446695 0.01857608502802517 0
0.003999612919043062 0.01905944200908369 0
0.009820548801629005 0.01852663484752343 0
0.009458728336619471 0.01835165443707225 0
0.01142096597930424 0.01901300327789447 0
0.01102652136102591 0.01893589532724968 0
0.01060477040155257 0.01882510307539878 0
0.01022348445420172 0.01869800775961516 0
0.007680889460414346 0.01821712978337948 0
0.007618884387413869 0.01863965936478887 0
0.0103919682562269 0.01955495030709934 0
0.01151997339933656 0.0208583909393153 0
0.005591234209952702 0.02277172843114991 0
0.00909808333211622 0.01858972301474882 0
0.00514295349170747 0.02225627405731579 0
0.008668303620701331 0.01957491057861766 0
0.009108700177822712 0.02383657972916251 0
0.01072233864228958 0.01921690460567926 0
0.009153026258001745 0.02318540308570641 0
0.003367289067347371 0.01912958618891775 0
0.004495716399942138 0.02237754622759323 0
0.002232428384586406 0.01873807337933765 0
0.006696919968456456 0.02709449493790198 0
0.006731886344446456 0.0279777739247979 0
0.002029874948071535 0.0280464252614412 0
0.001965609252856181 0.01999324924138505 0
0.007158348412420412 0.01863628576629454 0
0.006727846539855006 0.01865964193777935 0
0.01093579340109759 0.02790728915174413 0
0.009347958754151141 0.02250512352182858 0
0.007475449311382676 0.01899854975252658 0
0.009183812990728521 0.01941123099002603 0
0.009164242844083143 0.0189640870160943 0
0.007606175078249441 0.02800783426323187 0
0.008383835442301663 0.02792287933919733 0
0.00437280411102709 0.02299575816747178 0
0.003937159261187938 0.02248207447826881 0
0.01044409976564207 0.02863419407661301 0
0.001370566687856704 0.02806916056359375 0
0.008249772211353442 0.02682811021360583 0
0.007991433052945141 0.02741706686089061 0
0.007472111847301221 0.02691306513764036 0
0.001957449804063144 0.02867912315399914 0
0.002745671990019327 0.01916076041903122 0
0.001997880307854727 0.01925260459050965 0
0.01110969939184959 0.02055493048900111 0
0.0110758896128124 0.02117466384197782 0
2 25 0 124
2154
2155
2156
2157
2158
2159
2160
2161
2162
2163
2164
2165
2166
2167
2168
2169
2170
2171
2172
2173
2174
2175
2176
2177
2178
2179
2180
2181
2182
2183
2184
2185
2186
2187
2188
2189
2190
2191
2192
2193
2194
2195
2196
2197
2198
2199
2200
2201
2202
2203
2204
2205
2206
2207
2208
2209
2210
2211
2212
2213
2214
2215
2216
2217
2218
2219
2220
2221
2222
2223
2224
2225
2226
2227
2228
2229
2230
2231
2232
2233
2234
2235
2236
2237
2238
2239
2240
2241
2242
2243
2244
2245
2246
2247
2248
2249
2250
2251
2252
2253
2254
2255
2256
2257
2258
2259
2260
2261
2262
2263
2264
2265
2266
2267
2268
2269
2270
2271
2272
2273
2274
2275
2276
2277
-0.009765560874025962 0.03094723749927826 0
-0.006521489340185841 0.03096027928168028 0
-0.004209089030061416 0.0311110021962405 0
-0.001350492543094425 0.03259855204590352 0
-0.008074740313652025 0.03354196965829569 0
-0.004468075821897073 0.03357763733468713 0
-0.01127190250300134 0.03215002447574069 0
-0.006319915979510989 0.03333144275624141 0
-0.005140380906608601 0.03219015574033016 0
-0.00282692495114788 0.03116017317855672 0
-0.009883930234063143 0.03336257868438162 0
-0.008956214012817185 0.03218705753744119 0
-0.007444817243097049 0.03208595740800785 0
-0.002679223573742289 0.03351657397806304 0
-0.005503153810933721 0.03104269819828916 0
-0.01083558172168564 0.03095500357129111 0
-0.007558822190682536 0.03079869483779328 0
-0.008671785223636343 0.03094723749927826 0
-0.003636064413563176 0.03231002213376699 0
-0.01121376877667592 0.03357683090347763 0
-0.001418705072896135 0.03128833037764189 0
-0.01005567147368413 0.03204956395947887 0
-0.001232979517865171 0.03380224983630092 0
-0.006289664585802631 0.03195768804568083 0
-0.01170274171485947 0.03088678947772286 0
-0.002492692197921797 0.03230459037472441 0
-0.007759778778374537 0.03281396353315177 0
-0.006882366611304019 0.03270870008212463 0
-0.007197328146581507 0.03343670620726855 0
-0.003922576721812296 0.03171051216500374 0
-0.004388222660085889 0.03225008893704857 0
-0.004674734968335008 0.03165057896828533 0
-0.008058301233366696 0.03151659745364305 0
-0.008115303707159439 0.03087296616853577 0
-0.007501819716889792 0.03144232612290056 0
-0.008813999618226764 0.03156714751835973 0
-0.008200515627957117 0.03213650747272452 0
-0.00686724091444984 0.03202182272684434 0
-0.00630479028265681 0.03264456540096111 0
-0.01148732210893041 0.03151840697673178 0
-0.01126916171827256 0.03092089652450698 0
-0.01105374211234349 0.03155251402351589 0
-0.01210137085742974 0.03110785440965268 0
-0.01188595125150067 0.0317394719086616 0
-0.006731386561184069 0.0341657213781207 0
-0.007608798728254587 0.03427098482914784 0
-0.004052070117730125 0.03294382973422706 0
-0.004804228364252837 0.03288389653750864 0
-0.009406250831317289 0.03418128934219081 0
-0.008979335273857584 0.03345227417133866 0
-0.008501655871111728 0.03427098482914784 0
-0.01066378698834274 0.03209979421760978 0
-0.009969800853873638 0.03270607132193024 0
-0.01057791636853224 0.03275630158006115 0
-0.01188595125150067 0.03258982918332317 0
-0.009420072123440166 0.03277481811091141 0
-0.008515477163234605 0.03286451359786844 0
-0.005730148443059795 0.03276079924828578 0
-0.005393995900704031 0.03345454004546426 0
-0.005838529418326928 0.0341657213781207 0
-0.00491260933951997 0.03428881866734357 0
-0.009218673048831153 0.03094723749927826 0
-0.009360887443421574 0.03156714751835973 0
-0.01185688438833796 0.03330323239719164 0
-0.01185688438833796 0.03428841545173882 0
-0.002334522848180292 0.03058008658927837 0
-0.003157411428675426 0.03058008658927837 0
-0.005321767358771162 0.03161642696930966 0
-0.004856121420497569 0.03107685019726483 0
-0.003518006990604648 0.03113558768739861 0
-0.003848493468132194 0.03055550109812025 0
-0.01029910797417443 0.03418128934219081 0
-0.004019752196662827 0.03428881866734357 0
-0.0007093525364480673 0.03064416518882095 0
-0.001630412909054419 0.03064416518882095 0
-0.003573649697819681 0.03354710565637508 0
-0.003125326072585435 0.03425828698903152 0
-0.0006752462715472127 0.03296594268961843 0
-0.0006752462715472127 0.0321326093562851 0
-0.01054884950536953 0.03346970479392962 0
-0.01124283563983863 0.03286342768960916 0
-0.007040155765434188 0.03087948705973678 0
-0.006983153291641444 0.03152311834484407 0
-0.004511003712600966 0.03055550109812025 0
-0.0007093525364480673 0.03147749852215428 0
-0.002232468929728289 0.03425828698903152 0
-0.003231494682355529 0.03173509765616186 0
-0.01096402724548082 0.03428841545173882 0
-0.009505942743250659 0.03211831074846003 0
-0.009910616173855047 0.03149840072937857 0
-0.005896409198368176 0.03150019312198499 0
-0.006405576962994235 0.03145898366368056 0
-0.006012321575559781 0.03100148873998472 0
-0.005715022746205616 0.03207392189300549 0
-0.005158036103037119 0.03052134909914458 0
-0.003157643993652732 0.03291329805591502 0
-0.01210137085742974 0.03044339473886143 0
-0.005720249954298009 0.03052134909914458 0
-0.006229417718924068 0.03048013964084014 0
-0.006776305544118877 0.03048013964084014 0
-0.009492116961428557 0.03047361874963913 0
-0.01003900478662337 0.03047361874963913 0
-0.008398341311038938 0.03047361874963913 0
-0.008945229136233749 0.03047361874963913 0
-0.007294971969367225 0.03039934741889664 0
-0.007841859794562036 0.03039934741889664 0
-0.001509346901789731 0.03440112491815046 0
-0.0006164897589325856 0.03440112491815046 0
-0.01057401521045321 0.03047750178564555 0
-0.01112090303564802 0.03047750178564555 0
-0.001291736030479798 0.03320040094110222 0
-0.00195610154580373 0.03365941190718198 0
-0.002014858058418357 0.03305756301198328 0
-0.0006164897589325856 0.03356779158481713 0
-0.01044562659768489 0.03150228376538499 0
-0.0103005712978558 0.03095112053528468 0
-0.002585957885832043 0.03291058217639372 0
-0.001921592370508111 0.03245157121031397 0
-0.00138459880799528 0.03194344121177271 0
-0.001955698635408966 0.03179646037618315 0
-0.002659808574534839 0.03173238177664056 0
-0.002122815012022008 0.03122425177809931 0
-0.01155448303223493 0.03044339473886143 0
-0.003064378305742486 0.03230730625424569 0
2 29 0 97
2278
2279
2280
2281
2282
2283
2284
2285
2286
2287
2288
2289
2290
2291
2292
2293
2294
2295
2296
2297
2298
2299
2300
2301
2302
2303
2304
2305
2306
2307
2308
2309
2310
2311
2312
2313
2314
2315
2316
2317
2318
2319
2320
2321
2322
2323
2324
2325
2326
2327
2328
2329
2330
2331
2332
2333
2334
2335
2336
2337
2338
2339
2340
2341
2342
2343
2344
2345
2346
2347
2348
2349
2350
2351
2352
2353
2354
2355
2356
2357
2358
2359
2360
2361
2362
2363
2364
2365
2366
2367
2368
2369
2370
2371
2372
2373
2374
0.001443375672974063 0.0325 0
0.01105662432702594 0.0325 0
0.004469605718690128 0.03350761937281858 0
0.008030394281309857 0.03149238062718143 0
0.008030394281309857 0.03350761937281858 0
0.004469605718690128 0.03149238062718143 0
0.006249999999999992 0.03350966944059098 0
0.006249999999999993 0.03149033055940902 0
0.009803467465686805 0.03339934425289712 0
0.009815978693429022 0.03158421072053966 0
0.002696532534313187 0.03339934425289712 0
0.00268402130657097 0.03158421072053966 0
0.001208563691709628 0.03382484457147703 0
0.01129143630829037 0.03382484457147703 0
0.01131737774694813 0.03115017547744127 0
0.001182622253051864 0.03115017547744127 0
0.005359500364148943 0.0325 0
0.007139837288644567 0.0325 0
0.003678928370696332 0.03249914384493111 0
0.008821037146421186 0.03249914384493111 0
0.002063698489772516 0.03204210536026984 0
0.002690276920442079 0.03249177748671839 0
0.002069954103643626 0.03294967212644857 0
0.009809723079557913 0.03249177748671839 0
0.01043630151022748 0.03204210536026984 0
0.01043004589635637 0.03294967212644857 0
0.009312252306053995 0.03294924404891412 0
0.009318507919925105 0.03204167728273539 0
0.00318147483863365 0.03204167728273539 0
0.00318773045250476 0.03294924404891412 0
0.00535980285934506 0.03350864440670478 0
0.005803571428571421 0.03425483472029549 0
0.004913374287916489 0.03425380968640929 0
0.005803571428571421 0.03074516527970451 0
0.005359802859345061 0.03149135559329522 0
0.004913374287916489 0.03074619031359072 0
0.006696428571428563 0.03425483472029549 0
0.007140197140654924 0.03350864440670478 0
0.007586625712083496 0.03425380968640929 0
0.006696428571428563 0.03074516527970451 0
0.004020517145059348 0.03074619031359072 0
0.004020517145059348 0.03425380968640929 0
0.008479482854940639 0.03425380968640929 0
0.008479482854940639 0.03074619031359072 0
0.007586625712083496 0.03074619031359072 0
0.007140197140654924 0.03149135559329523 0
0.003127724938999769 0.03079210536026983 0
0.002234867796142626 0.03079210536026983 0
0.002241123410013735 0.03419967212644857 0
0.003133980552870877 0.03419967212644857 0
0.01026513220385737 0.03079210536026983 0
0.009372275061000222 0.03079210536026983 0
0.009366019447129111 0.03419967212644857 0
0.01025887658998626 0.03419967212644857 0
0.0007216878364870311 0.03208333333333334 0
0.0007216878364870311 0.03291666666666667 0
0.01177831216351297 0.03291666666666667 0
0.01177831216351297 0.03208333333333334 0
0.00892318648736944 0.03153829567386054 0
0.003583069126501658 0.03345348181285785 0
0.003576813512630549 0.03153829567386054 0
0.008916930873498331 0.03345348181285785 0
0.01100286101128804 0.03441242228573851 0
0.01189571815414519 0.03441242228573851 0
0.001484168269383073 0.03057508773872063 0
0.0005913111265259318 0.03057508773872063 0
0.0006042818458548141 0.03441242228573851 0
0.001497138988711955 0.03441242228573851 0
0.01190868887347407 0.03057508773872063 0
0.01101583173061692 0.03057508773872063 0
0.0005913111265259318 0.03140842107205397 0
0.01190868887347407 0.03140842107205397 0
0.0006042818458548141 0.03357908895240518 0
0.01189571815414519 0.03357908895240518 0
0.01056667822018858 0.03136719309899046 0
0.001952548113011408 0.03361209441218708 0
0.001933321779811417 0.03136719309899046 0
0.01054745188698859 0.03361209441218708 0
0.001325969682341846 0.03316242228573852 0
0.01118700103698704 0.03182508773872064 0
0.01117403031765815 0.03316242228573852 0
0.001312998963012964 0.03182508773872064 0
0.007585115784977212 0.03199619031359072 0
0.00669491864432228 0.03199516527970452 0
0.00669491864432228 0.03300483472029549 0
0.007585115784977212 0.03300380968640929 0
0.004914553041419537 0.03300380968640929 0
0.005804750182074467 0.03300483472029549 0
0.005804750182074468 0.03199516527970452 0
0.004914553041419537 0.03199619031359072 0
0.006249668826396756 0.0325 0
0.008425715713865523 0.03199576223605628 0
0.007980437217532877 0.03249957192246556 0
0.008425715713865523 0.03300338160887484 0
0.004519214367422638 0.03249957192246556 0
0.00407426704469323 0.03199576223605627 0
0.004074267044693229 0.03300338160887484 0
2 30 0 39
2375
2376
2377
2378
2379
2380
2381
2382
2383
2384
2385
2386
2387
2388
2389
2390
2391
2392
2393
2394
2395
2396
2397
2398
2399
2400
2401
2402
2403
2404
2405
2406
2407
2408
2409
2410
2411
2412
2413
-0.01071428571428571 0 0.0005
-0.008928571428571419 0 0.0005
-0.007142857142857134 0 0.0005
-0.00535714285714285 0 0.0005
-0.003571428571428567 0 0.0005
-0.001785714285714283 0 0.0005
-0.01160714285714286 0 0.00025
-0.01160714285714286 0 0.0005
-0.01071428571428571 0 0.00025
-0.01160714285714286 0 0.00075
-0.01071428571428571 0 0.00075
-0.009821428571428564 0 0.00025
-0.009821428571428564 0 0.0005
-0.008928571428571419 0 0.00025
-0.009821428571428564 0 0.00075
-0.008928571428571419 0 0.00075
-0.008035714285714276 0 0.00025
-0.008035714285714276 0 0.0005
-0.007142857142857134 0 0.00025
-0.008035714285714276 0 0.00075
-0.007142857142857134 0 0.00075
-0.006249999999999992 0 0.00025
-0.006249999999999992 0 0.0005
-0.00535714285714285 0 0.00025
-0.006249999999999992 0 0.00075
-0.00535714285714285 0 0.00075
-0.004464285714285709 0 0.00025
-0.004464285714285709 0 0.0005
-0.003571428571428567 0 0.00025
-0.004464285714285709 0 0.00075
-0.003571428571428567 0 0.00075
-0.002678571428571426 0 0.00025
-0.002678571428571426 0 0.0005
-0.001785714285714283 0 0.00025
-0.002678571428571426 0 0.00075
-0.001785714285714283 0 0.00075
-0.0008928571428571414 0 0.00025
-0.0008928571428571414 0 0.0005
-0.0008928571428571414 0 0.00075
2 31 0 15
2414
2415
2416
2417
2418
2419
2420
2421
2422
2423
2424
2425
2426
2427
2428
0 0.001666666666666667 0.0005
0 0.003333333333333334 0.0005
0 0.0008333333333333334 0.00025
0 0.0008333333333333334 0.0005
0 0.001666666666666667 0.00025
0 0.0008333333333333334 0.00075
0 0.001666666666666667 0.00075
0 0.0025 0.00025
0 0.0025 0.0005
0 0.003333333333333334 0.00025
0 0.0025 0.00075
0 0.003333333333333334 0.00075
0 0.004166666666666667 0.00025
0 0.004166666666666667 0.0005
0 0.004166666666666667 0.00075
2 32 0 39
2429
2430
2431
2432
2433
2434
2435
2436
2437
2438
2439
2440
2441
2442
2443
2444
2445
2446
2447
2448
2449
2450
2451
2452
2453
2454
2455
2456
2457
2458
2459
2460
2461
2462
2463
2464
2465
2466
2467
-0.00178571428571429 0.005000000000000001 0.0005
-0.003571428571428582 0.005000000000000001 0.0005
-0.005357142857142867 0.005000000000000001 0.0005
-0.00714285714285715 0.005000000000000001 0.0005
-0.008928571428571433 0.005000000000000001 0.0005
-0.01071428571428572 0.005000000000000001 0.0005
-0.0008928571428571451 0.005000000000000001 0.00025
-0.0008928571428571451 0.005000000000000001 0.0005
-0.00178571428571429 0.005000000000000001 0.00025
-0.0008928571428571451 0.005000000000000001 0.00075
-0.00178571428571429 0.005000000000000001 0.00075
-0.002678571428571436 0.005000000000000001 0.00025
-0.002678571428571436 0.005000000000000001 0.0005
-0.003571428571428582 0.005000000000000001 0.00025
-0.002678571428571436 0.005000000000000001 0.00075
-0.003571428571428582 0.005000000000000001 0.00075
-0.004464285714285724 0.005000000000000001 0.00025
-0.004464285714285724 0.005000000000000001 0.0005
-0.005357142857142867 0.005000000000000001 0.00025
-0.004464285714285724 0.005000000000000001 0.00075
-0.005357142857142867 0.005000000000000001 0.00075
-0.006250000000000009 0.005000000000000001 0.00025
-0.006250000000000009 0.005000000000000001 0.0005
-0.00714285714285715 0.005000000000000001 0.00025
-0.006250000000000009 0.005000000000000001 0.00075
-0.00714285714285715 0.005000000000000001 0.00075
-0.008035714285714292 0.005000000000000001 0.00025
-0.008035714285714292 0.005000000000000001 0.0005
-0.008928571428571433 0.005000000000000001 0.00025
-0.008035714285714292 0.005000000000000001 0.00075
-0.008928571428571433 0.005000000000000001 0.00075
-0.009821428571428575 0.005000000000000001 0.00025
-0.009821428571428575 0.005000000000000001 0.0005
-0.01071428571428572 0.005000000000000001 0.00025
-0.009821428571428575 0.005000000000000001 0.00075
-0.01071428571428572 0.005000000000000001 0.00075
-0.01160714285714286 0.005000000000000001 0.00025
-0.01160714285714286 0.005000000000000001 0.0005
-0.01160714285714286 0.005000000000000001 0.00075
2 33 0 15
2468
2469
2470
2471
2472
2473
2474
2475
2476
2477
2478
2479
2480
2481
2482
-0.0125 0.003333333333333334 0.0005
-0.0125 0.001666666666666667 0.0005
-0.0125 0.004166666666666667 0.00025
-0.0125 0.004166666666666667 0.0005
-0.0125 0.003333333333333334 0.00025
-0.0125 0.004166666666666667 0.00075
-0.0125 0.003333333333333334 0.00075
-0.0125 0.0025 0.00025
-0.0125 0.0025 0.0005
-0.0125 0.001666666666666667 0.00025
-0.0125 0.0025 0.00075
-0.0125 0.001666666666666667 0.00075
-0.0125 0.0008333333333333335 0.00025
-0.0125 0.0008333333333333335 0.0005
-0.0125 0.0008333333333333335 0.00075
2 34 0 97
2483
2484
2485
2486
2487
2488
2489
2490
2491
2492
2493
2494
2495
2496
2497
2498
2499
2500
2501
2502
2503
2504
2505
2506
2507
2508
2509
2510
2511
2512
2513
2514
2515
2516
2517
2518
2519
2520
2521
2522
2523
2524
2525
2526
2527
2528
2529
2530
2531
2532
2533
2534
2535
2536
2537
2538
2539
2540
2541
2542
2543
2544
2545
2546
2547
2548
2549
2550
2551
2552
2553
2554
2555
2556
2557
2558
2559
2560
2561
2562
2563
2564
2565
2566
2567
2568
2569
2570
2571
2572
2573
2574
2575
2576
2577
2578
2579
-0.01105662432702594 0.0025 0.001
-0.001443375672974064 0.0025 0.001
-0.008030394281309871 0.003507619372818573 0.001
-0.004469605718690128 0.001492380627181428 0.001
-0.008030394281309859 0.001492380627181429 0.001
-0.004469605718690142 0.003507619372818571 0.001
-0.006249999999999993 0.001490330559409022 0.001
-0.006250000000000007 0.003509669440590979 0.001
-0.002696532534313193 0.003399344252897123 0.001
-0.009803467465686808 0.001600655747102879 0.001
-0.002684021306570971 0.001584210720539661 0.001
-0.009815978693429029 0.00341578927946034 0.001
-0.001182622253051864 0.001150175477441266 0.001
-0.01129143630829037 0.001175155428522971 0.001
-0.00120856369170963 0.00382484457147703 0.001
-0.01131737774694814 0.003849824522558735 0.001
-0.005360443366951385 0.002499999999999997 0.001
-0.007139949550882959 0.002499999999999999 0.001
-0.003678977464969679 0.002499143844931107 0.001
-0.008821042990977549 0.002500856155068894 0.001
-0.002690276920442082 0.002491777486718392 0.001
-0.002063698489772518 0.002042105360269831 0.001
-0.002069954103643628 0.002949672126448562 0.001
-0.009809723079557919 0.002508222513281609 0.001
-0.01043630151022748 0.00295789463973017 0.001
-0.01043004589635637 0.00205032787355144 0.001
-0.009312255228332178 0.002050755951085886 0.001
-0.009318510842203288 0.002958322717264617 0.001
-0.003187754999641436 0.002949244048914115 0.001
-0.003181499385770325 0.002041677282735384 0.001
-0.005803571428571437 0.00425483472029549 0.001
-0.005359802859345075 0.003508644406704775 0.001
-0.004913374287916505 0.004253809686409286 0.001
-0.006696428571428563 0.000745165279704511 0.001
-0.007140197140654926 0.001491355593295226 0.001
-0.007586625712083496 0.0007461903135907147 0.001
-0.005359802859345061 0.001491355593295225 0.001
-0.005803571428571422 0.000745165279704511 0.001
-0.004913374287916489 0.0007461903135907138 0.001
-0.004020517145059362 0.004253809686409286 0.001
-0.008479482854940639 0.0007461903135907147 0.001
-0.007140197140654939 0.003508644406704776 0.001
-0.006696428571428579 0.00425483472029549 0.001
-0.007586625712083511 0.004253809686409287 0.001
-0.004020517145059348 0.0007461903135907138 0.001
-0.008479482854940653 0.004253809686409287 0.001
-0.009366019447129115 0.0008003278735514393 0.001
-0.01025887658998626 0.0008003278735514393 0.001
-0.003133980552870887 0.004199672126448561 0.001
-0.002241123410013741 0.004199672126448561 0.001
-0.002234867796142627 0.0007921053602698304 0.001
-0.00312772493899977 0.0007921053602698304 0.001
-0.01026513220385737 0.00420789463973017 0.001
-0.009372275061000232 0.00420789463973017 0.001
-0.0007216878364870319 0.002916666666666667 0.001
-0.0007216878364870319 0.002083333333333334 0.001
-0.01177831216351297 0.002083333333333334 0.001
-0.01177831216351297 0.002916666666666667 0.001
-0.003583069126501667 0.003453481812857847 0.001
-0.008916930873498333 0.001546518187142154 0.001
-0.00357681351263055 0.001538295673860544 0.001
-0.00892318648736945 0.003461704326139456 0.001
-0.01100286101128804 0.0005875777142614856 0.001
-0.01189571815414519 0.0005875777142614856 0.001
-0.0005913111265259318 0.0005750877387206328 0.001
-0.001484168269383073 0.0005750877387206328 0.001
-0.00149713898871196 0.004412422285738515 0.001
-0.0006042818458548149 0.004412422285738515 0.001
-0.01190868887347407 0.004424912261279368 0.001
-0.01101583173061693 0.004424912261279368 0.001
-0.01190868887347407 0.003591578927946035 0.001
-0.0005913111265259318 0.001408421072053966 0.001
-0.01189571815414519 0.001420911047594819 0.001
-0.0006042818458548149 0.003579088952405182 0.001
-0.001952548113011411 0.003612094412187076 0.001
-0.01054745188698859 0.001387905587812925 0.001
-0.001933321779811418 0.001367193098990463 0.001
-0.01056667822018858 0.003632806901009538 0.001
-0.001325969682341847 0.003162422285738515 0.001
-0.01117403031765815 0.001837577714261486 0.001
-0.001312998963012964 0.001825087738720633 0.001
-0.01118700103698704 0.003174912261279368 0.001
-0.006694974775441483 0.003004834720295489 0.001
-0.006250196458917171 0.002499999999999998 0.001
-0.005805221683475695 0.003004834720295488 0.001
-0.004915024542820763 0.003003809686409284 0.001
-0.006694974775441476 0.001995165279704511 0.001
-0.005805221683475689 0.001995165279704509 0.001
-0.004915024542820756 0.001996190313590712 0.001
-0.007585171916096415 0.003003809686409286 0.001
-0.007585171916096409 0.001996190313590714 0.001
-0.008425718636143709 0.003004237763943734 0.001
-0.007980496270930254 0.002500428077534447 0.001
-0.008425718636143704 0.001996618391125162 0.001
-0.004519710415960531 0.002499571922465552 0.001
-0.00407429159182991 0.003003381608874839 0.001
-0.004074291591829904 0.001995762236056267 0.001
2 35 0 39
2580
2581
2582
2583
2584
2585
2586
2587
2588
2589
2590
2591
2592
2593
2594
2595
2596
2597
2598
2599
2600
2601
2602
2603
2604
2605
2606
2607
2608
2609
2610
2611
2612
2613
2614
2615
2616
2617
2618
0.00178571428571429 0 0.0005
0.003571428571428582 0 0.0005
0.005357142857142867 0 0.0005
0.00714285714285715 0 0.0005
0.008928571428571433 0 0.0005
0.01071428571428572 0 0.0005
0.0008928571428571451 0 0.00025
0.0008928571428571451 0 0.0005
0.00178571428571429 0 0.00025
0.0008928571428571451 0 0.00075
0.00178571428571429 0 0.00075
0.002678571428571436 0 0.00025
0.002678571428571436 0 0.0005
0.003571428571428582 0 0.00025
0.002678571428571436 0 0.00075
0.003571428571428582 0 0.00075
0.004464285714285724 0 0.00025
0.004464285714285724 0 0.0005
0.005357142857142867 0 0.00025
0.004464285714285724 0 0.00075
0.005357142857142867 0 0.00075
0.006250000000000009 0 0.00025
0.006250000000000009 0 0.0005
0.00714285714285715 0 0.00025
0.006250000000000009 0 0.00075
0.00714285714285715 0 0.00075
0.008035714285714292 0 0.00025
0.008035714285714292 0 0.0005
0.008928571428571433 0 0.00025
0.008035714285714292 0 0.00075
0.008928571428571433 0 0.00075
0.009821428571428575 0 0.00025
0.009821428571428575 0 0.0005
0.01071428571428572 0 0.00025
0.009821428571428575 0 0.00075
0.01071428571428572 0 0.00075
0.01160714285714286 0 0.00025
0.01160714285714286 0 0.0005
0.01160714285714286 0 0.00075
2 36 0 15
2619
2620
2621
2622
2623
2624
2625
2626
2627
2628
2629
2630
2631
2632
2633
0.0125 0.001970366109094354 0.0005
0.0125 0.0036710806584175 0.0005
0.0125 0.0009851830545471768 0.00025
0.0125 0.0009851830545471768 0.0005
0.0125 0.001970366109094354 0.00025
0.0125 0.0009851830545471768 0.00075
0.0125 0.001970366109094354 0.00075
0.0125 0.002820723383755927 0.00025
0.0125 0.002820723383755927 0.0005
0.0125 0.0036710806584175 0.00025
0.0125 0.002820723383755927 0.00075
0.0125 0.0036710806584175 0.00075
0.0125 0.00433554032920875 0.00025
0.0125 0.00433554032920875 0.0005
0.0125 0.00433554032920875 0.00075
2 37 0 57
2634
2635
2636
2637
2638
2639
2640
2641
2642
2643
2644
2645
2646
2647
2648
2649
2650
2651
2652
2653
2654
2655
2656
2657
2658
2659
2660
2661
2662
2663
2664
2665
2666
2667
2668
2669
2670
2671
2672
2673
2674
2675
2676
2677
2678
2679
2680
2681
2682
2683
2684
2685
2686
2687
2688
2689
2690
0.01140622434961038 0.005000000000000001 0.0005
0.01031244869922076 0.005000000000000001 0.0005
0.009218673048831144 0.005000000000000001 0.0005
0.008124897398441524 0.005000000000000001 0.0005
0.007031121748051906 0.005000000000000001 0.0005
0.005937346097662287 0.005000000000000001 0.0005
0.004812918395140515 0.005000000000000001 0.0005
0.003487897906202976 0.005000000000000001 0.0005
0.001842120745212703 0.005000000000000001 0.0005
0.01195311217480519 0.005000000000000001 0.00025
0.01195311217480519 0.005000000000000001 0.0005
0.01140622434961038 0.005000000000000001 0.00025
0.01195311217480519 0.005000000000000001 0.00075
0.01140622434961038 0.005000000000000001 0.00075
0.01085933652441557 0.005000000000000001 0.00025
0.01085933652441557 0.005000000000000001 0.0005
0.01031244869922076 0.005000000000000001 0.00025
0.01085933652441557 0.005000000000000001 0.00075
0.01031244869922076 0.005000000000000001 0.00075
0.009765560874025954 0.005000000000000001 0.00025
0.009765560874025954 0.005000000000000001 0.0005
0.009218673048831144 0.005000000000000001 0.00025
0.009765560874025954 0.005000000000000001 0.00075
0.009218673048831144 0.005000000000000001 0.00075
0.008671785223636333 0.005000000000000001 0.00025
0.008671785223636333 0.005000000000000001 0.0005
0.008124897398441524 0.005000000000000001 0.00025
0.008671785223636333 0.005000000000000001 0.00075
0.008124897398441524 0.005000000000000001 0.00075
0.007578009573246714 0.005000000000000001 0.00025
0.007578009573246714 0.005000000000000001 0.0005
0.007031121748051906 0.005000000000000001 0.00025
0.007578009573246714 0.005000000000000001 0.00075
0.007031121748051906 0.005000000000000001 0.00075
0.006484233922857096 0.005000000000000001 0.00025
0.005937346097662287 0.005000000000000001 0.00025
0.006484233922857096 0.005000000000000001 0.0005
0.006484233922857096 0.005000000000000001 0.00075
0.005937346097662287 0.005000000000000001 0.00075
0.0053751322464014 0.005000000000000001 0.00025
0.0053751322464014 0.005000000000000001 0.0005
0.004812918395140515 0.005000000000000001 0.00025
0.0053751322464014 0.005000000000000001 0.00075
0.004812918395140515 0.005000000000000001 0.00075
0.004150408150671745 0.005000000000000001 0.00025
0.003487897906202976 0.005000000000000001 0.00025
0.004150408150671745 0.005000000000000001 0.0005
0.004150408150671745 0.005000000000000001 0.00075
0.003487897906202976 0.005000000000000001 0.00075
0.002665009325707839 0.005000000000000001 0.00025
0.002665009325707839 0.005000000000000001 0.0005
0.001842120745212703 0.005000000000000001 0.00025
0.002665009325707839 0.005000000000000001 0.00075
0.001842120745212703 0.005000000000000001 0.00075
0.0009210603726063516 0.005000000000000001 0.00025
0.0009210603726063516 0.005000000000000001 0.0005
0.0009210603726063516 0.005000000000000001 0.00075
2 38 0 124
2691
2692
2693
2694
2695
2696
2697
2698
2699
2700
2701
2702
2703
2704
2705
2706
2707
2708
2709
2710
2711
2712
2713
2714
2715
2716
2717
2718
2719
2720
2721
2722
2723
2724
2725
2726
2727
2728
2729
2730
2731
2732
2733
2734
2735
2736
2737
2738
2739
2740
2741
2742
2743
2744
2745
2746
2747
2748
2749
2750
2751
2752
2753
2754
2755
2756
2757
2758
2759
2760
2761
2762
2763
2764
2765
2766
2767
2768
2769
2770
2771
2772
2773
2774
2775
2776
2777
2778
2779
2780
2781
2782
2783
2784
2785
2786
2787
2788
2789
2790
2791
2792
2793
2794
2795
2796
2797
2798
2799
2800
2801
2802
2803
2804
2805
2806
2807
2808
2809
2810
2811
2812
2813
2814
0.009765560874025952 0.004052762500721744 0.001
0.006521489340185833 0.004039720718319722 0.001
0.004209089030061417 0.003888997803759507 0.001
0.001350492543094426 0.00240144795409648 0.001
0.008074740313652023 0.001458030341704314 0.001
0.004468075821897073 0.001422362665312877 0.001
0.01127190250300134 0.002849975524259315 0.001
0.006319915979510989 0.001668557243758602 0.001
0.005140380906608601 0.00280984425966985 0.001
0.002826924951147883 0.003839826821443279 0.001
0.009883930234063143 0.001637421315618384 0.001
0.008956214012817185 0.002812942462558807 0.001
0.007444817243097046 0.002914042591992159 0.001
0.002679223573742289 0.001483426021936966 0.001
0.005503153810933719 0.003957301801710845 0.001
0.01083558172168564 0.004044996428708897 0.001
0.007558822190682529 0.004201305162206725 0.001
0.008671785223636333 0.004052762500721745 0.001
0.003636064413563178 0.002689977866233013 0.001
0.01121376877667593 0.001423169096522377 0.001
0.001418705072896136 0.003711669622358116 0.001
0.01005567147368413 0.002950436040521134 0.001
0.001232979517865172 0.001197750163699077 0.001
0.006289664585802628 0.003042311954319176 0.001
0.01170274171485947 0.004113210522277142 0.001
0.0024926921979218 0.002695409625275601 0.001
0.007759778778374535 0.002186036466848237 0.001
0.006882366611304017 0.00229129991787538 0.001
0.007197328146581506 0.001563293792731458 0.001
0.003922576721812297 0.00328948783499626 0.001
0.004388222660085889 0.002749911062951432 0.001
0.004674734968335009 0.003349421031714679 0.001
0.008058301233366689 0.003483402546356952 0.001
0.008115303707159431 0.004127033831464235 0.001
0.007501819716889787 0.003557673877099442 0.001
0.008813999618226759 0.003432852481640276 0.001
0.008200515627957115 0.002863492527275483 0.001
0.006867240914449837 0.002978177273155668 0.001
0.006304790282656809 0.002355434599038889 0.001
0.01148732210893041 0.003481593023268229 0.001
0.01126916171827256 0.00407910347549302 0.001
0.01105374211234349 0.003447485976484106 0.001
0.01210137085742974 0.003892145590347321 0.001
0.01188595125150067 0.003260528091338408 0.001
0.006731386561184069 0.0008342786218793008 0.001
0.007608798728254587 0.0007290151708521572 0.001
0.004052070117730126 0.002056170265772945 0.001
0.004804228364252837 0.002116103462491363 0.001
0.009406250831317287 0.0008187106578091919 0.001
0.008979335273857584 0.001547725828661349 0.001
0.008501655871111728 0.0007290151708521572 0.001
0.01066378698834274 0.002900205782390225 0.001
0.009969800853873638 0.002293928678069759 0.001
0.01057791636853224 0.002243698419938849 0.001
0.01188595125150067 0.002410170816676834 0.001
0.009420072123440164 0.002225181889088595 0.001
0.008515477163234603 0.00213548640213156 0.001
0.005730148443059795 0.002239200751714226 0.001
0.005393995900704031 0.001545459954535739 0.001
0.005838529418326927 0.0008342786218793008 0.001
0.00491260933951997 0.0007111813326564384 0.001
0.009218673048831142 0.004052762500721745 0.001
0.009360887443421569 0.003432852481640276 0.001
0.01185688438833796 0.001696767602808365 0.001
0.01185688438833796 0.0007115845482611885 0.001
0.002334522848180294 0.00441991341072164 0.001
0.00315741142867543 0.00441991341072164 0.001
0.00532176735877116 0.003383573030690348 0.001
0.004856121420497568 0.003923149802735176 0.001
0.00351800699060465 0.003864412312601393 0.001
0.003848493468132196 0.004444498901879754 0.001
0.01029910797417443 0.0008187106578091919 0.001
0.004019752196662827 0.0007111813326564384 0.001
0.0007093525364480682 0.004355834811179058 0.001
0.00163041290905442 0.004355834811179058 0.001
0.003573649697819681 0.001452894343624921 0.001
0.003125326072585435 0.0007417130109684828 0.001
0.0006752462715472127 0.002034057310381573 0.001
0.0006752462715472127 0.002867390643714907 0.001
0.01054884950536953 0.00153029520607038 0.001
0.01124283563983863 0.002136572310390846 0.001
0.007040155765434181 0.004120512940263223 0.001
0.006983153291641439 0.00347688165515594 0.001
0.004511003712600966 0.004444498901879754 0.001
0.0007093525364480682 0.003522501477845725 0.001
0.00223246892972829 0.0007417130109684828 0.001
0.00323149468235553 0.003264902343838146 0.001
0.01096402724548082 0.0007115845482611885 0.001
0.009505942743250659 0.00288168925153997 0.001
0.009910616173855042 0.003501599270621439 0.001
0.005896409198368173 0.00349980687801501 0.001
0.006405576962994231 0.003541016336319449 0.001
0.006012321575559776 0.003998511260015283 0.001
0.005715022746205615 0.002926078106994513 0.001
0.005158036103037117 0.004478650900855423 0.001
0.003157643993652734 0.00208670194408499 0.001
0.01210137085742974 0.004556605261138572 0.001
0.005720249954298003 0.004478650900855423 0.001
0.00622941771892406 0.004519860359159861 0.001
0.00677630554411887 0.004519860359159861 0.001
0.009492116961428548 0.004526381250360872 0.001
0.01003900478662336 0.004526381250360872 0.001
0.008398341311038927 0.004526381250360873 0.001
0.008945229136233739 0.004526381250360873 0.001
0.007294971969367217 0.004600652581103364 0.001
0.007841859794562027 0.004600652581103364 0.001
0.001509346901789731 0.0005988750818495384 0.001
0.0006164897589325865 0.0005988750818495384 0.001
0.0105740152104532 0.004522498214354449 0.001
0.01112090303564801 0.004522498214354449 0.001
0.001291736030479799 0.001799599058897778 0.001
0.00195610154580373 0.001340588092818021 0.001
0.002014858058418358 0.001942436988016723 0.001
0.0006164897589325865 0.001432208415182872 0.001
0.01044562659768488 0.003497716234615015 0.001
0.01030057129785579 0.00404887946471532 0.001
0.002585957885832045 0.002089417823606284 0.001
0.001921592370508113 0.002548428789686041 0.001
0.001384598807995281 0.003056558788227298 0.001
0.001955698635408968 0.003203539623816858 0.001
0.002659808574534841 0.00326761822335944 0.001
0.00212281501202201 0.003775748221900697 0.001
0.01155448303223493 0.004556605261138572 0.001
0.003064378305742489 0.002692693745754307 0.001
2 39 0 39
2815
2816
2817
2818
2819
2820
2821
2822
2823
2824
2825
2826
2827
2828
2829
2830
2831
2832
2833
2834
2835
2836
2837
2838
2839
2840
2841
2842
2843
2844
2845
2846
2847
2848
2849
2850
2851
2852
2853
-0.0125 0.01527409625685812 0.0005
-0.0125 0.01407470741383285 0.0005
-0.0125 0.0125539230214895 0.0005
-0.0125 0.01069793327538333 0.0005
-0.0125 0.008798622183588886 0.0005
-0.0125 0.006899311091794445 0.0005
-0.0125 0.01576204812842906 0.00025
-0.0125 0.01576204812842906 0.0005
-0.0125 0.01527409625685812 0.00025
-0.0125 0.01576204812842906 0.00075
-0.0125 0.01527409625685812 0.00075
-0.0125 0.01467440183534549 0.00025
-0.0125 0.01467440183534549 0.0005
-0.0125 0.01407470741383285 0.00025
-0.0125 0.01467440183534549 0.00075
-0.0125 0.01407470741383285 0.00075
-0.0125 0.01331431521766118 0.00025
-0.0125 0.01331431521766118 0.0005
-0.0125 0.0125539230214895 0.00025
-0.0125 0.01331431521766118 0.00075
-0.0125 0.0125539230214895 0.00075
-0.0125 0.01162592814843642 0.00025
-0.0125 0.01162592814843642 0.0005
-0.0125 0.01069793327538333 0.00025
-0.0125 0.01162592814843642 0.00075
-0.0125 0.01069793327538333 0.00075
-0.0125 0.00974827772948611 0.00025
-0.0125 0.00974827772948611 0.0005
-0.0125 0.008798622183588886 0.00025
-0.0125 0.00974827772948611 0.00075
-0.0125 0.008798622183588886 0.00075
-0.0125 0.007848966637691666 0.00025
-0.0125 0.007848966637691666 0.0005
-0.0125 0.006899311091794445 0.00025
-0.0125 0.007848966637691666 0.00075
-0.0125 0.006899311091794445 0.00075
-0.0125 0.005949655545897223 0.00025
-0.0125 0.005949655545897223 0.0005
-0.0125 0.005949655545897223 0.00075
2 40 0 27
2854
2855
2856
2857
2858
2859
2860
2861
2862
2863
2864
2865
2866
2867
2868
2869
2870
2871
2872
2873
2874
2875
2876
2877
2878
2879
2880
-0.01169784235684521 0.01630169030174126 0.0005
-0.01090895312028858 0.01645590620303089 0.0005
-0.01014638122558692 0.01671009683459816 0.0005
-0.009422740295567895 0.01706005765550053 0.0005
-0.01209808932218525 0.01626293596256552 0.00025
-0.01209808932218525 0.01626293596256552 0.0005
-0.01169784235684521 0.01630169030174126 0.00025
-0.01209808932218525 0.01626293596256552 0.00075
-0.01169784235684521 0.01630169030174126 0.00075
-0.01130091592950308 0.01636610259362935 0.00025
-0.01130091592950308 0.01636610259362935 0.0005
-0.01090895312028858 0.01645590620303089 0.00025
-0.01130091592950308 0.01636610259362935 0.00075
-0.01090895312028858 0.01645590620303089 0.00075
-0.01052357646239438 0.01657072938718442 0.00025
-0.01052357646239438 0.01657072938718442 0.0005
-0.01014638122558692 0.01671009683459816 0.00025
-0.01052357646239438 0.01657072938718442 0.00075
-0.01014638122558692 0.01671009683459816 0.00075
-0.009778928812574427 0.01687343163260568 0.00025
-0.009778928812574427 0.01687343163260568 0.0005
-0.009422740295567899 0.01706005765550053 0.00025
-0.009778928812574427 0.01687343163260568 0.00075
-0.009422740295567899 0.01706005765550053 0.00075
-0.00907929011979044 0.01726920236336401 0.00025
-0.00907929011979044 0.01726920236336401 0.0005
-0.00907929011979044 0.01726920236336401 0.00075
2 41 0 39
2881
2882
2883
2884
2885
2886
2887
2888
2889
2890
2891
2892
2893
2894
2895
2896
2897
2898
2899
2900
2901
2902
2903
2904
2905
2906
2907
2908
2909
2910
2911
2912
2913
2914
2915
2916
2917
2918
2919
-0.001897926147881746 0.0175 0.0005
-0.003557345753047969 0.0175 0.0005
-0.004866071533874933 0.0175 0.0005
-0.005901033362123915 0.0175 0.0005
-0.006850688908082408 0.0175 0.0005
-0.0078003444540409 0.0175 0.0005
-0.0009489630739408729 0.0175 0.00025
-0.0009489630739408729 0.0175 0.0005
-0.001897926147881746 0.0175 0.00025
-0.0009489630739408729 0.0175 0.00075
-0.001897926147881746 0.0175 0.00075
-0.002727635950464858 0.0175 0.00025
-0.002727635950464858 0.0175 0.0005
-0.003557345753047969 0.0175 0.00025
-0.002727635950464858 0.0175 0.00075
-0.003557345753047969 0.0175 0.00075
-0.004211708643461451 0.0175 0.00025
-0.004211708643461451 0.0175 0.0005
-0.004866071533874933 0.0175 0.00025
-0.004211708643461451 0.0175 0.00075
-0.004866071533874933 0.0175 0.00075
-0.005383552447999424 0.0175 0.00025
-0.005383552447999424 0.0175 0.0005
-0.005901033362123915 0.0175 0.00025
-0.005383552447999424 0.0175 0.00075
-0.005901033362123915 0.0175 0.00075
-0.006375861135103161 0.0175 0.00025
-0.006375861135103161 0.0175 0.0005
-0.006850688908082408 0.0175 0.00025
-0.006375861135103161 0.0175 0.00075
-0.006850688908082408 0.0175 0.00075
-0.007325516681061654 0.0175 0.00025
-0.007325516681061654 0.0175 0.0005
-0.0078003444540409 0.0175 0.00025
-0.007325516681061654 0.0175 0.00075
-0.0078003444540409 0.0175 0.00075
-0.008275172227020147 0.0175 0.00025
-0.008275172227020147 0.0175 0.0005
-0.008275172227020147 0.0175 0.00075
2 42 0 39
2920
2921
2922
2923
2924
2925
2926
2927
2928
2929
2930
2931
2932
2933
2934
2935
2936
2937
2938
2939
2940
2941
2942
2943
2944
2945
2946
2947
2948
2949
2950
2951
2952
2953
2954
2955
2956
2957
2958
0 0.006785714285714291 0.0005
0 0.008571428571428582 0.0005
0 0.01035714285714287 0.0005
0 0.01214285714285715 0.0005
0 0.01392857142857143 0.0005
0 0.01571428571428572 0.0005
0 0.005892857142857146 0.00025
0 0.005892857142857146 0.0005
0 0.006785714285714291 0.00025
0 0.005892857142857146 0.00075
0 0.006785714285714291 0.00075
0 0.007678571428571437 0.00025
0 0.007678571428571437 0.0005
0 0.008571428571428582 0.00025
0 0.007678571428571437 0.00075
0 0.008571428571428582 0.00075
0 0.009464285714285724 0.00025
0 0.009464285714285724 0.0005
0 0.01035714285714287 0.00025
0 0.009464285714285725 0.00075
0 0.01035714285714287 0.00075
0 0.01125000000000001 0.00025
0 0.01125000000000001 0.0005
0 0.01214285714285715 0.00025
0 0.01125000000000001 0.00075
0 0.01214285714285715 0.00075
0 0.01303571428571429 0.00025
0 0.01392857142857143 0.00025
0 0.01303571428571429 0.0005
0 0.01303571428571429 0.00075
0 0.01392857142857143 0.00075
0 0.01482142857142858 0.00025
0 0.01482142857142858 0.0005
0 0.01571428571428572 0.00025
0 0.01482142857142858 0.00075
0 0.01571428571428572 0.00075
0 0.01660714285714286 0.00025
0 0.01660714285714286 0.0005
0 0.01660714285714286 0.00075
2 43 0 326
2959
2960
2961
2962
2963
2964
2965
2966
2967
2968
2969
2970
2971
2972
2973
2974
2975
2976
2977
2978
2979
2980
2981
2982
2983
2984
2985
2986
2987
2988
2989
2990
2991
2992
2993
2994
2995
2996
2997
2998
2999
3000
3001
3002
3003
3004
3005
3006
3007
3008
3009
3010
3011
3012
3013
3014
3015
3016
3017
3018
3019
3020
3021
3022
3023
3024
3025
3026
3027
3028
3029
3030
3031
3032
3033
3034
3035
3036
3037
3038
3039
3040
3041
3042
3043
3044
3045
3046
3047
3048
3049
3050
3051
3052
3053
3054
3055
3056
3057
3058
3059
3060
3061
3062
3063
3064
3065
3066
3067
3068
3069
3070
3071
3072
3073
3074
3075
3076
3077
3078
3079
3080
3081
3082
3083
3084
3085
3086
3087
3088
3089
3090
3091
3092
3093
3094
3095
3096
3097
3098
3099
3100
3101
3102
3103
3104
3105
3106
3107
3108
3109
3110
3111
3112
3113
3114
3115
3116
3117
3118
3119
3120
3121
3122
3123
3124
3125
3126
3127
3128
3129
3130
3131
3132
3133
3134
3135
3136
3137
3138
3139
3140
3141
3142
3143
3144
3145
3146
3147
3148
3149
3150
3151
3152
3153
3154
3155
3156
3157
3158
3159
3160
3161
3162
3163
3164
3165
3166
3167
3168
3169
3170
3171
3172
3173
3174
3175
3176
3177
3178
3179
3180
3181
3182
3183
3184
3185
3186
3187
3188
3189
3190
3191
3192
3193
3194
3195
3196
3197
3198
3199
3200
3201
3202
3203
3204
3205
3206
3207
3208
3209
3210
3211
3212
3213
3214
3215
3216
3217
3218
3219
3220
3221
3222
3223
3224
3225
3226
3227
3228
3229
3230
3231
3232
3233
3234
3235
3236
3237
3238
3239
3240
3241
3242
3243
3244
3245
3246
3247
3248
3249
3250
3251
3252
3253
3254
3255
3256
3257
3258
3259
3260
3261
3262
3263
3264
3265
3266
3267
3268
3269
3270
3271
3272
3273
3274
3275
3276
3277
3278
3279
3280
3281
3282
3283
3284
-0.007301783488451416 0.01672260462144319 0.001
-0.006250000000000009 0.006546473935329354 0.001
-0.01101712738127388 0.01176521204073757 0.001
-0.004244867770142241 0.0164940591518089 0.001
-0.001427117009145053 0.01129474245892209 0.001
-0.009494716377670539 0.01623663347035526 0.001
-0.01155378317837358 0.01476134241366144 0.001
-0.01069450171334118 0.00785245425605921 0.001
-0.001420094592424665 0.01468879314743313 0.001
-0.002649317629826342 0.006433421722085809 0.001
-0.00543782026832223 0.0165932473966636 0.001
-0.005008813317431577 0.01554475331221707 0.001
-0.0037543580679436 0.01538705683002374 0.001
-0.00445737780057605 0.01433851465943838 0.001
-0.005779956284815142 0.01462939276536071 0.001
-0.005354545733633508 0.01337868180216464 0.001
-0.006714538420791496 0.01365974454692711 0.001
-0.006251107170123965 0.01234777305449643 0.001
-0.007606723709922445 0.01263438675780085 0.001
-0.007176945311160267 0.01124961164693259 0.001
-0.005730548007324077 0.01097767107460869 0.001
-0.008071090386647073 0.01394476187072835 0.001
-0.006701223634726956 0.009814461544996897 0.001
-0.00516246200062093 0.0095346558563796 0.001
-0.00819132966160266 0.01012754927224099 0.001
-0.00406007155010285 0.01313613746160978 0.001
-0.007731047883121489 0.008675440942820401 0.001
-0.00895721851953156 0.01295049587913386 0.001
-0.009528521223183014 0.01424983667388742 0.001
-0.004332936008938002 0.01073952939145024 0.001
-0.00359563717272732 0.009343967130312554 0.001
-0.008502837930906969 0.01501498634530847 0.001
-0.004661618746032787 0.007984044213846629 0.001
-0.007163308605529545 0.01497643240278352 0.001
-0.01027626482315797 0.01311472105380068 0.001
-0.006131301720592205 0.01574100461844205 0.001
-0.01030058768281593 0.01589388764617178 0.001
-0.008701450286561399 0.01658392050014744 0.001
-0.01114408960176263 0.0156723031424699 0.001
-0.01048334882963728 0.01499621173962976 0.001
-0.001400983692926099 0.01303458375468556 0.001
-0.01094635918737093 0.009769881078521643 0.001
-0.007998664191380966 0.006486339558977002 0.001
-0.002980220066750868 0.01635377079214079 0.001
-0.001780801535464401 0.009382112873445342 0.001
-0.00953385667096129 0.01534234552249178 0.001
-0.009327609530359018 0.009109881642471685 0.001
-0.006179773093863275 0.008311092508064626 0.001
-0.002710952973281807 0.01231967568836984 0.001
-0.002916202583532613 0.01402405808325777 0.001
-0.009711105051531527 0.006398599768878799 0.001
-0.008567414668361301 0.01158992608440298 0.001
-0.001498097240910792 0.007669372556878058 0.001
-0.01148616362029937 0.01352187570770799 0.001
-0.006440779743320625 0.01667589227847355 0.001
-0.004931179957038442 0.01210869237038178 0.001
-0.004416204392639456 0.006389456678547043 0.001
-0.009650215686324522 0.0107368718409085 0.001
-0.007935985286375919 0.01599807664897916 0.001
-0.001484636702421749 0.01617008244918393 0.001
-0.002950885995277472 0.0108587314967435 0.001
-0.009738735493801134 0.01203925553616226 0.001
-0.00312532853777135 0.00787036651399425 0.001
-0.008769503770103527 0.007667785875408326 0.001
-0.002511102402614699 0.01532475226040787 0.001
-0.01117738020374492 0.006332933909041162 0.001
-0.001307233584944427 0.006307233584944428 0.001
-0.01187914302739628 0.01565188642294614 0.001
-0.01066561633493025 0.01412879751773746 0.001
-0.007214408582625548 0.007497906694883077 0.001
-0.008833769310495223 0.01583519249745642 0.001
-0.007014913336389054 0.01600482384596778 0.001
-0.008059995432376873 0.01684313581179794 0.001
-0.003814538432693581 0.01190106989778243 0.001
-0.005955629002703674 0.01518519869190138 0.001
-0.006647305163060875 0.01535871851061278 0.001
-0.006471632445172343 0.01480291258407211 0.001
-0.003686790192054331 0.01418128637134807 0.001
-0.003335280325738106 0.01470555745664075 0.001
-0.004105867934259825 0.01486278574473106 0.001
-0.003360482855249335 0.008607166822153402 0.001
-0.002453065036617876 0.008626239693719796 0.001
-0.002688219354095861 0.009363040001878948 0.001
-0.01088121422172867 0.01331829838075433 0.001
-0.01125164550078663 0.01264354387422278 0.001
-0.01064669610221593 0.01243996654726912 0.001
-0.005784560994457217 0.01616712600755283 0.001
-0.005570057519011891 0.01564287896532956 0.001
-0.005223316792876903 0.01606900035444034 0.001
-0.01199308181014969 0.01303789936459875 0.001
-0.01175856369063694 0.01215956753111353 0.001
-0.002311712889341071 0.007769869535436154 0.001
-0.001639449388187596 0.0085257427151617 0.001
-0.005394384801123359 0.01508707303878889 0.001
-0.005420695919948031 0.008147568360955627 0.001
-0.006214886546931642 0.00742878322169699 0.001
-0.005455809373016398 0.007265259074587992 0.001
-0.006938923513160521 0.01431808847485531 0.001
-0.006247247352803319 0.01414456865614391 0.001
-0.005333102196319732 0.006467965306938198 0.001
-0.004538911569336121 0.007186750446196836 0.001
-0.003488137066817732 0.01358009777243378 0.001
-0.004258724675339449 0.01373732606052408 0.001
-0.001691281425151748 0.01683504122459197 0.001
-0.0007423183512108751 0.01683504122459197 0.001
-0.0007423183512108751 0.01594218408173483 0.001
-0.008767609798528312 0.01620955649880193 0.001
-0.00838487729843557 0.01591663457321779 0.001
-0.008318717786468659 0.0162909985745633 0.001
-0.00828696415877702 0.01447987410801841 0.001
-0.00901567957704499 0.01463241150959794 0.001
-0.008799805804915043 0.01409729927230788 0.001
-0.007997990359376397 0.01642060623038855 0.001
-0.008380722859469135 0.01671352815597269 0.001
-0.01057448258228377 0.01456250462868361 0.001
-0.01009706877905663 0.01418931709581244 0.001
-0.01000593502641015 0.01462302420675859 0.001
-0.005939300005821428 0.01663456983756858 0.001
-0.006286040731956415 0.0162084484484578 0.001
-0.007617199496088309 0.01446059713675593 0.001
-0.007392814403719285 0.01380225320882773 0.001
-0.003262745702987694 0.01211037279307613 0.001
-0.003382712213985527 0.01137990069726296 0.001
-0.002830919484279639 0.01158920359255667 0.001
-0.004555469652008587 0.01699702957590445 0.001
-0.003901106761595105 0.01699702957590445 0.001
-0.00281357777840721 0.01317186688581381 0.001
-0.003385512261692328 0.01272790657498981 0.001
-0.002713652493073656 0.01467440517183282 0.001
-0.003132730235279149 0.01535590454521581 0.001
-0.00070049184646305 0.01258872044877135 0.001
-0.001414050351035576 0.01216466310680382 0.001
-0.0007135585045725265 0.01171879980088962 0.001
-0.01175856369063694 0.01123157265806045 0.001
-0.009732002741722352 0.007760120065733768 0.001
-0.009048556650231273 0.008388833758940006 0.001
-0.0100110556218501 0.008481167949265449 0.001
-0.01172317959368546 0.01023390717695249 0.001
-0.0109817432843224 0.01076754655962961 0.001
-0.004073737220815792 0.01132029964461633 0.001
-0.003641911002107737 0.01079913044409687 0.001
-0.0007100472962123325 0.01520153943085942 0.001
-0.0007100472962123325 0.01430868228800228 0.001
-0.007833073268218256 0.01499570937404599 0.001
-0.001410539142675383 0.01386168845105934 0.001
-0.00070049184646305 0.01348157759162849 0.001
-0.01202689158918679 0.01441802491374715 0.001
-0.01202689158918679 0.01501771933525978 0.001
-0.009242869871357286 0.01360016627651064 0.001
-0.008514154453089316 0.01344762887493111 0.001
-0.002365843765370937 0.01012042218509442 0.001
-0.003273261584002396 0.01010134931352803 0.001
-0.009531188947072153 0.0147960910981896 0.001
-0.01000860275029929 0.01516927863106077 0.001
-0.003268782909899419 0.0169268853960704 0.001
-0.002439073107316307 0.0169268853960704 0.001
-0.005151945901098582 0.0170466236983318 0.001
-0.004841344019232236 0.01654365327423625 0.001
-0.00657310752849063 0.01587291423220492 0.001
-0.0070891109709593 0.01549062812437565 0.001
-0.01013698435886497 0.009439881360496664 0.001
-0.01082043045035605 0.008811167667290426 0.001
-0.01172317959368546 0.009284251631055264 0.001
-0.01159725085667059 0.008325538219824048 0.001
-0.01029828743684772 0.01025337645971507 0.001
-0.0103336715337992 0.01125104194082303 0.001
-0.009240304410817527 0.007033192822143562 0.001
-0.01020280338243635 0.007125527012469005 0.001
-0.01199308181014969 0.01379829156077042 0.001
-0.002055968333103952 0.0126771297215277 0.001
-0.00206903499121343 0.01180720907364596 0.001
-0.007838907048284759 0.0132895743142646 0.001
-0.00716063106535697 0.01314706565236398 0.001
-0.005803571428571437 0.005773236967664677 0.001
-0.00669642857142858 0.005773236967664677 0.001
-0.002887323083798846 0.00715189411804003 0.001
-0.003770766465205403 0.007129911596270647 0.001
-0.003532761011232899 0.006411439200316426 0.001
-0.002158593138229356 0.01352932091897166 0.001
-0.007124332095690487 0.006516406747153178 0.001
-0.007570760667119058 0.005743169779488501 0.001
-0.001603959272304728 0.01033842766618371 0.001
-0.0008904007677322003 0.009869627865294104 0.001
-0.0007135585045725265 0.01082594265803248 0.001
-0.003893473641902069 0.007927205363920439 0.001
-0.01159725085667059 0.007375882673926828 0.001
-0.002168148587978639 0.01435642561534545 0.001
-0.01047094057904411 0.01362175928576907 0.001
-0.009902393023170492 0.01368227886384405 0.001
-0.0084636178099762 0.005743169779488501 0.001
-0.0008904007677322003 0.008976770722436963 0.001
-0.002217515957770316 0.005716710861042905 0.001
-0.003110373100627462 0.005716710861042905 0.001
-0.009062095291064647 0.01682198907782399 0.001
-0.008725725143280452 0.01704196025007391 0.001
-0.004886673624891161 0.005694728339273522 0.001
-0.008281971114727001 0.01279244131846736 0.001
-0.00901834730093413 0.01517866593390012 0.001
-0.009616741671344766 0.01303260846646727 0.001
-0.005118667042695596 0.01448395371239955 0.001
-0.004733095559003813 0.01494163398582773 0.001
-0.01037793143753751 0.01190223378844991 0.001
-0.01000750015847955 0.01257698829498147 0.001
-0.009319838240051479 0.0056992998844394 0.001
-0.01021269538290862 0.0056992998844394 0.001
-0.0007490486204553958 0.008120400564153321 0.001
-0.0007490486204553958 0.007227543421296174 0.001
-0.004626840543786909 0.01601940623201299 0.001
-0.001452365647423208 0.01542943779830853 0.001
-0.008404997716188189 0.01717156790589916 0.001
-0.007930169943208887 0.01717156790589897 0.001
-0.005669426815223073 0.0170466236983318 0.001
-0.008854884621456246 0.0064424696639279 0.001
-0.003993816482034018 0.005694728339273522 0.001
-0.007551063971246158 0.0171113023107216 0.001
-0.007076236198266911 0.0171113023107216 0.001
-0.004912040373326858 0.008759350035113115 0.001
-0.004128627959380054 0.008664005672079592 0.001
-0.004379049586674125 0.009439311493346078 0.001
-0.01101856600400543 0.0148787770766456 0.001
-0.01081371921569996 0.01533425744104983 0.001
-0.0113489363900681 0.01521682277806567 0.001
-0.004747699004779466 0.01013709262391492 0.001
-0.00503174200813104 0.01085860023302946 0.001
-0.005446505003972504 0.01025616346549414 0.001
-0.007684137486381463 0.01068858045958679 0.001
-0.007446276648164808 0.009971005408618942 0.001
-0.006939084472943611 0.01053203659596474 0.001
-0.006034542077212502 0.01351921317454588 0.001
-0.005567251009224325 0.01400403728376268 0.001
-0.004905961767104779 0.01385859823080151 0.001
-0.004632057982988222 0.01142411088091601 0.001
-0.00533086398218126 0.01154318172249523 0.001
-0.003964286590832661 0.0100417482608814 0.001
-0.007549646945952732 0.01548725452588134 0.001
-0.008219411608641444 0.01550653149714381 0.001
-0.005931842817673943 0.009674558700688249 0.001
-0.006215885821025517 0.01039606630980279 0.001
-0.006440498364295116 0.009062777026530761 0.001
-0.005671117547242102 0.008922874182222113 0.001
-0.01218957151369814 0.01546299133990213 0.001
-0.01218957151369814 0.01595094321147307 0.001
-0.009917222176888608 0.01561811658433178 0.001
-0.009514286524315914 0.01578948949642352 0.001
-0.009897652030243233 0.01606526055826352 0.001
-0.007961188772362075 0.009401495107530695 0.001
-0.007216135758924222 0.009244951243908648 0.001
-0.006955410488492382 0.008493266725442514 0.001
-0.01183869010187246 0.005666466954520581 0.001
-0.01183869010187246 0.006616122500417803 0.001
-0.006453746659242173 0.01111364136077064 0.001
-0.006645734325701516 0.01708794613923678 0.001
-0.00617090655272227 0.01708794613923678 0.001
-0.01094583295901532 0.005666466954520581 0.001
-0.00875946959598084 0.009618715457356337 0.001
-0.008529328706740252 0.008892661292646042 0.001
-0.002189001502211262 0.01107673697783279 0.001
-0.006928915440023204 0.01249107990614864 0.001
-0.00648282279545773 0.01300375880071177 0.001
-0.01171646310288493 0.01520661441830379 0.001
-0.005802826451878736 0.01286322742833054 0.001
-0.005990827588724022 0.01166272206455256 0.001
-0.006714026240642116 0.01179869235071451 0.001
-0.007391834510541356 0.01194199920236672 0.001
-0.01151161631457946 0.01566209478270802 0.001
-0.006871281615886021 0.01669924844995837 0.001
-0.01178849269212075 0.0159767883623437 0.001
-0.004707308641868179 0.01325740963188721 0.001
-0.007872179989760784 0.01141976886566778 0.001
-0.008379372164981981 0.01085873767832198 0.001
-0.009694475590062828 0.01138806368853538 0.001
-0.0006536167924722138 0.005653616792472215 0.001
-0.001546473935329359 0.005653616792472215 0.001
-0.0006536167924722138 0.00654647393532936 0.001
-0.008762316593946429 0.01227021098176842 0.001
-0.008087069189141873 0.01211215642110192 0.001
-0.004381585692687588 0.01546590507112041 0.001
-0.00892077267396359 0.01043221055657474 0.001
-0.00948891260834177 0.009923376741690092 0.001
-0.003612543918446555 0.01642391497197485 0.001
-0.00399961291904292 0.01594055799091632 0.001
-0.009820548801628729 0.01647336515247671 0.001
-0.009458728336619216 0.01664834556292789 0.001
-0.01142096597930392 0.01598699672210558 0.001
-0.01102652136102561 0.01606410467275039 0.001
-0.01060477040155225 0.01617489692460133 0.001
-0.01022348445420142 0.01630199224038497 0.001
-0.007680889460414144 0.01678287021662057 0.001
-0.007618884387413667 0.01636034063521118 0.001
-0.01039196825622661 0.01544504969290077 0.001
-0.01151997339933648 0.01414160906068471 0.001
-0.00909808333211597 0.01641027698525135 0.001
-0.005591143563581204 0.01222823271243911 0.001
-0.005142862845335975 0.01274368708627321 0.001
-0.008668303620701097 0.01542508942138244 0.001
-0.00910881517734291 0.01116339896265574 0.001
-0.01072233864228928 0.01578309539432084 0.001
-0.009153075081081218 0.01181459081028262 0.001
-0.003367289067347234 0.01587041381108227 0.001
-0.004495625753570646 0.01262241491599578 0.001
-0.002073707435368567 0.007051397139481934 0.001
-0.002232428384586309 0.01626192662066236 0.001
-0.006697090838244412 0.007904499601473852 0.001
-0.006732204291312778 0.007022190315106215 0.001
-0.00140266541292761 0.006988303070911243 0.001
-0.001965598497519682 0.0150067727039205 0.001
-0.007158348412420235 0.01636371423370549 0.001
-0.00672784653985484 0.01634035806222067 0.001
-0.01093594095854305 0.007092694082550186 0.001
-0.009347977006666347 0.01249487570764806 0.001
-0.007475449311382486 0.01600145024747347 0.001
-0.009183812990728256 0.0155887690099741 0.001
-0.009164242844082881 0.01603591298390584 0.001
-0.007606536387003256 0.006992123126930039 0.001
-0.008384083980742247 0.007077062717192663 0.001
-0.004372859194866012 0.0120048811340821 0.001
-0.003937304991398215 0.0125186036796961 0.001
-0.01044424262763822 0.00636576683895998 0.001
-0.001978275607385385 0.006370327653515118 0.001
-0.008250275826612509 0.008171613409114363 0.001
-0.007991956176364537 0.007582846285145701 0.001
-0.007472728232873519 0.008086673818851739 0.001
-0.002745661234682784 0.01583926152627433 0.001
-0.001997869552518224 0.0157474173547959 0.001
-0.01110969975665191 0.01444506996569945 0.001
-0.01107588997761481 0.01382533661272272 0.001
2 44 0 39
3285
3286
3287
3288
3289
3290
3291
3292
3293
3294
3295
3296
3297
3298
3299
3300
3301
3302
3303
3304
3305
3306
3307
3308
3309
3310
3311
3312
3313
3314
3315
3316
3317
3318
3319
3320
3321
3322
3323
0.007800344454041112 0.0175 0.0005
0.006850688908082592 0.0175 0.0005
0.005901033362124071 0.0175 0.0005
0.004866071533875088 0.0175 0.0005
0.0035573457530481 0.0175 0.0005
0.001897926147881824 0.0175 0.0005
0.008275172227020372 0.0175 0.00025
0.008275172227020372 0.0175 0.0005
0.007800344454041112 0.0175 0.00025
0.008275172227020372 0.0175 0.00075
0.007800344454041112 0.0175 0.00075
0.007325516681061852 0.0175 0.00025
0.007325516681061852 0.0175 0.0005
0.006850688908082592 0.0175 0.00025
0.007325516681061852 0.0175 0.00075
0.006850688908082592 0.0175 0.00075
0.006375861135103331 0.0175 0.00025
0.006375861135103331 0.0175 0.0005
0.005901033362124071 0.0175 0.00025
0.006375861135103331 0.0175 0.00075
0.005901033362124071 0.0175 0.00075
0.00538355244799958 0.0175 0.00025
0.00538355244799958 0.0175 0.0005
0.004866071533875088 0.0175 0.00025
0.00538355244799958 0.0175 0.00075
0.004866071533875088 0.0175 0.00075
0.004211708643461594 0.0175 0.00025
0.004211708643461594 0.0175 0.0005
0.0035573457530481 0.0175 0.00025
0.004211708643461594 0.0175 0.00075
0.0035573457530481 0.0175 0.00075
0.002727635950464962 0.0175 0.00025
0.002727635950464962 0.0175 0.0005
0.001897926147881824 0.0175 0.00025
0.002727635950464962 0.0175 0.00075
0.001897926147881824 0.0175 0.00075
0.0009489630739409121 0.0175 0.00025
0.0009489630739409121 0.0175 0.0005
0.0009489630739409121 0.0175 0.00075
2 45 0 93
3324
3325
3326
3327
3328
3329
3330
3331
3332
3333
3334
3335
3336
3337
3338
3339
3340
3341
3342
3343
3344
3345
3346
3347
3348
3349
3350
3351
3352
3353
3354
3355
3356
3357
3358
3359
3360
3361
3362
3363
3364
3365
3366
3367
3368
3369
3370
3371
3372
3373
3374
3375
3376
3377
3378
3379
3380
3381
3382
3383
3384
3385
3386
3387
3388
3389
3390
3391
3392
3393
3394
3395
3396
3397
3398
3399
3400
3401
3402
3403
3404
3405
3406
3407
3408
3409
3410
3411
3412
3413
3414
3415
3416
0.008018127899895117 0.01685606731792582 0.0005
0.007395287751766139 0.01610616317749644 0.0005
0.0068966315893171 0.01526853073924798 0.0005
0.006534290382272726 0.01436354735838838 0.0005
0.006317078922354613 0.01341322885828712 0.0005
0.006250281382992383 0.01244069394442048 0.0005
0.006335522769527814 0.01146960178814695 0.0005
0.006570729387184375 0.01052357646239451 0.0005
0.006950179288510668 0.009625632231198653 0.0005
0.007464641473046507 0.008797613674258622 0.0005
0.008101600452856338 0.008059664266782699 0.0005
0.008845560720851627 0.007429736342652632 0.0005
0.009678423715002927 0.006923154362191642 0.0005
0.01057992810791125 0.00655224210906238 0.0005
0.01152814271067208 0.006326022885596337 0.0005
0.008371490354512508 0.01719232438212841 0.0005
0.008371490354512508 0.01719232438212841 0.00025
0.008018127899895117 0.01685606731792582 0.00025
0.008371490354512508 0.01719232438212841 0.00075
0.008018127899895117 0.01685606731792582 0.00075
0.007692065004400367 0.01649327698489453 0.00025
0.007692065004400367 0.01649327698489453 0.0005
0.007395287751766139 0.01610616317749644 0.00025
0.007692065004400367 0.01649327698489453 0.00075
0.007395287751766139 0.01610616317749644 0.00075
0.007129603843768292 0.01569708384705996 0.00025
0.007129603843768292 0.01569708384705996 0.0005
0.0068966315893171 0.01526853073924798 0.00025
0.007129603843768292 0.01569708384705996 0.00075
0.0068966315893171 0.01526853073924798 0.00075
0.006697790047165755 0.01482311421657034 0.00025
0.006697790047165755 0.01482311421657034 0.0005
0.006534290382272726 0.01436354735838838 0.00025
0.006697790047165755 0.01482311421657034 0.00075
0.006534290382272726 0.01436354735838838 0.00075
0.006407128488467333 0.01389262943526037 0.00025
0.006407128488467333 0.01389262943526037 0.0005
0.006317078922354613 0.01341322885828712 0.00025
0.006407128488467333 0.01389262943526037 0.00075
0.006317078922354613 0.01341322885828712 0.00075
0.006264690185408765 0.01292826570731523 0.00025
0.006264690185408765 0.01292826570731523 0.0005
0.006250281382992383 0.01244069394442048 0.00025
0.006264690185408765 0.01292826570731523 0.00075
0.006250281382992383 0.01244069394442048 0.00075
0.0062739402806518 0.01195348342101103 0.00025
0.0062739402806518 0.01195348342101103 0.0005
0.006335522769527814 0.01146960178814695 0.00025
0.0062739402806518 0.01195348342101103 0.00075
0.006335522769527814 0.01146960178814695 0.00075
0.006434653744138065 0.01099199642026234 0.00025
0.006434653744138065 0.01099199642026234 0.0005
0.006570729387184375 0.01052357646239451 0.00025
0.006434653744138065 0.01099199642026234 0.00075
0.006570729387184375 0.01052357646239451 0.00075
0.006742920847468066 0.01006719511027247 0.00025
0.006742920847468066 0.01006719511027247 0.0005
0.006950179288510668 0.009625632231198653 0.00025
0.006742920847468066 0.01006719511027247 0.00075
0.006950179288510668 0.009625632231198653 0.00075
0.007191242277128336 0.009201577431581809 0.00025
0.007191242277128336 0.009201577431581809 0.0005
0.007464641473046507 0.008797613674258622 0.00025
0.007191242277128336 0.009201577431581809 0.00075
0.007464641473046507 0.008797613674258622 0.00075
0.007768711572716493 0.008416201545392677 0.00025
0.007768711572716493 0.008416201545392677 0.0005
0.008101600452856336 0.008059664266782701 0.00025
0.007768711572716493 0.008416201545392677 0.00075
0.008101600452856336 0.008059664266782701 0.00075
0.008461280451930488 0.007730173544871766 0.00025
0.008461280451930488 0.007730173544871766 0.0005
0.008845560720851627 0.007429736342652632 0.00025
0.008461280451930488 0.007730173544871766 0.00075
0.008845560720851627 0.007429736342652632 0.00075
0.009252100567675246 0.007160182655042915 0.00025
0.009252100567675246 0.007160182655042915 0.0005
0.009678423715002927 0.006923154362191642 0.00025
0.009252100567675246 0.007160182655042915 0.00075
0.009678423715002927 0.006923154362191642 0.00075
0.01012193338325107 0.006720095228612818 0.00025
0.01012193338325107 0.006720095228612818 0.0005
0.01057992810791125 0.00655224210906238 0.00025
0.01012193338325107 0.006720095228612818 0.00075
0.01057992810791125 0.00655224210906238 0.00075
0.0110496181944575 0.006420617414724479 0.00025
0.0110496181944575 0.006420617414724479 0.0005
0.01152814271067208 0.006326022885596337 0.00025
0.0110496181944575 0.006420617414724479 0.00075
0.01152814271067208 0.006326022885596337 0.00075
0.01201258691288755 0.00626903470700474 0.00025
0.01201258691288755 0.00626903470700474 0.0005
0.01201258691288755 0.00626903470700474 0.00075
2 46 0 9
3417
3418
3419
3420
3421
3422
3423
3424
3425
0.0125 0.0056551932109998 0.0005
0.0125 0.005327596605499901 0.00025
0.0125 0.005327596605499901 0.0005
0.0125 0.0056551932109998 0.00025
0.0125 0.005327596605499901 0.00075
0.0125 0.0056551932109998 0.00075
0.0125 0.0059525966054999 0.00025
0.0125 0.0059525966054999 0.0005
0.0125 0.0059525966054999 0.00075
2 47 0 279
3426
3427
3428
3429
3430
3431
3432
3433
3434
3435
3436
3437
3438
3439
3440
3441
3442
3443
3444
3445
3446
3447
3448
3449
3450
3451
3452
3453
3454
3455
3456
3457
3458
3459
3460
3461
3462
3463
3464
3465
3466
3467
3468
3469
3470
3471
3472
3473
3474
3475
3476
3477
3478
3479
3480
3481
3482
3483
3484
3485
3486
3487
3488
3489
3490
3491
3492
3493
3494
3495
3496
3497
3498
3499
3500
3501
3502
3503
3504
3505
3506
3507
3508
3509
3510
3511
3512
3513
3514
3515
3516
3517
3518
3519
3520
3521
3522
3523
3524
3525
3526
3527
3528
3529
3530
3531
3532
3533
3534
3535
3536
3537
3538
3539
3540
3541
3542
3543
3544
3545
3546
3547
3548
3549
3550
3551
3552
3553
3554
3555
3556
3557
3558
3559
3560
3561
3562
3563
3564
3565
3566
3567
3568
3569
3570
3571
3572
3573
3574
3575
3576
3577
3578
3579
3580
3581
3582
3583
3584
3585
3586
3587
3588
3589
3590
3591
3592
3593
3594
3595
3596
3597
3598
3599
3600
3601
3602
3603
3604
3605
3606
3607
3608
3609
3610
3611
3612
3613
3614
3615
3616
3617
3618
3619
3620
3621
3622
3623
3624
3625
3626
3627
3628
3629
3630
3631
3632
3633
3634
3635
3636
3637
3638
3639
3640
3641
3642
3643
3644
3645
3646
3647
3648
3649
3650
3651
3652
3653
3654
3655
3656
3657
3658
3659
3660
3661
3662
3663
3664
3665
3666
3667
3668
3669
3670
3671
3672
3673
3674
3675
3676
3677
3678
3679
3680
3681
3682
3683
3684
3685
3686
3687
3688
3689
3690
3691
3692
3693
3694
3695
3696
3697
3698
3699
3700
3701
3702
3703
3704
0.005982811822450225 0.009745991092784512 0.001
0.005595193403269742 0.01415735477301546 0.001
0.005262822800343715 0.01180129920909055 0.001
0.004176962723443776 0.006054342601240112 0.001
0.007156054904795817 0.007895400054897887 0.001
0.001566056310543033 0.009539202528827836 0.001
0.001598138305510321 0.01308829666818568 0.001
0.004326942744777078 0.01653642723848662 0.001
0.006362581936692201 0.005993005937828101 0.001
0.006420548699984558 0.01611919586280674 0.001
0.00875004505180664 0.006532134293332261 0.001
0.005919900423024218 0.01509673615184172 0.001
0.004871385557277693 0.01486815396547027 0.001
0.004516193511762054 0.01385690075826182 0.001
0.003696610485515361 0.01478686791436049 0.001
0.006443295545227698 0.008661515284171934 0.001
0.005348972280801225 0.008903910950182933 0.001
0.004966712654619909 0.009892896347657424 0.001
0.004075454342508828 0.009199175454443743 0.001
0.003926037894689304 0.01028901429279612 0.001
0.005650140211573225 0.007889447291869274 0.001
0.00780354124628274 0.007029705137351694 0.001
0.00321328862452583 0.01351321383296339 0.001
0.002393970863657339 0.01458366482306128 0.001
0.002910374861583192 0.01210496112136595 0.001
0.004234506084144439 0.01263943025844003 0.001
0.005362679350811157 0.01305148463358591 0.001
0.005509008431265536 0.01671896774162921 0.001
0.002815592896587791 0.01609779639052113 0.001
0.003973895189012113 0.01140059518439539 0.001
0.002819110856990001 0.006139379326747428 0.001
0.003620585187008498 0.007187659067501413 0.001
0.002453893333466902 0.007252465247957636 0.001
0.007899385155985022 0.005922926004110998 0.001
0.001475746894834167 0.01112749717239337 0.001
0.005338101716211649 0.005979760288032737 0.001
0.004887201054611469 0.006997758017962163 0.001
0.002940047775681765 0.008519451834199891 0.001
0.009710554646536683 0.0059163215279298 0.001
0.006804828809676588 0.006940459001184031 0.001
0.005633844113631031 0.01079289421924193 0.001
0.001467002547945039 0.01551083253381906 0.001
0.007195487962312059 0.01687207358074639 0.001
0.005910692861209967 0.006901584146859176 0.001
0.004420400142030835 0.008116233769359903 0.001
0.002715899722958378 0.01083511285206329 0.001
0.01088171554745809 0.005716841054397008 0.001
0.005177896390636325 0.0157805573843973 0.001
0.00283658148619342 0.009670145705596165 0.001
0.01188601376795678 0.005658009525165524 0.001
0.006375353472753763 0.01694204743703647 0.001
0.001393361724675432 0.006396369967597394 0.001
0.004219696418185035 0.01558931177768745 0.001
0.001350174777867415 0.007945978417157338 0.001
0.001195095000216436 0.01435109325875764 0.001
0.008740711060320202 0.005674276365074612 0.001
0.006413936463276528 0.00762172709613154 0.001
0.00713405713580135 0.006285837717456724 0.001
0.001053606384634067 0.01662643504813293 0.001
0.004764396027571911 0.0108063151426306 0.001
0.0036802239588563 0.008317842801779897 0.001
0.004247927242269831 0.008657704611901823 0.001
0.003507751059095296 0.008859313644321817 0.001
0.003958153451850199 0.01518808984602396 0.001
0.003517644657386413 0.01584355408410429 0.001
0.003256101691051576 0.01544233215244081 0.001
0.004020492664519666 0.007651946418430658 0.001
0.003280316481345131 0.007853555450850652 0.001
0.005312751075577436 0.01242639192133823 0.001
0.004798592717477798 0.01284545744601297 0.001
0.004748664442244077 0.01222036473376529 0.001
0.01219300688397845 0.005954004762582761 0.001
0.01219300688397839 0.005656601368082662 0.001
0.01219300688397839 0.005329004762582763 0.001
0.002254256583546757 0.01259662889477581 0.001
0.003061831743054511 0.01280908747716467 0.001
0.002405713465018076 0.01330075525057454 0.001
0.002604781880122565 0.01534073060679121 0.001
0.00304529067458635 0.01468526636871088 0.001
0.002803629744091585 0.01404843932801234 0.001
0.00199605458458383 0.01383598074562348 0.001
0.007909236176968114 0.01717803365896291 0.001
0.006785420717532911 0.01690706050889143 0.001
0.006397951086369161 0.0165306216499216 0.001
0.006808018331148308 0.01649563472177656 0.001
0.007295387857039098 0.01648911837912142 0.001
0.006907918225875349 0.01611267952015159 0.001
0.001902034055667159 0.007599221832557486 0.001
0.001371768251271424 0.007171174192377366 0.001
0.001923627529071167 0.006824417607777515 0.001
0.007516721145893186 0.006104381860783862 0.001
0.007082589441926627 0.005642918858728363 0.001
0.007465253452018464 0.0054614630020555 0.001
0.004104200636578276 0.01202001272141771 0.001
0.004618358994677914 0.01160094719674297 0.001
0.00785146320113388 0.006476315570731346 0.001
0.008324715103895831 0.006227530148721629 0.001
0.008276793149044691 0.006780919715341977 0.001
0.006953968509137102 0.008729564479215277 0.001
0.006799675225011757 0.00827845766953491 0.001
0.007310348188921161 0.008346506864578255 0.001
0.008324550983567183 0.007229720740002162 0.001
0.008797802886329132 0.006980935317992445 0.001
0.001536942600172244 0.01210789692028953 0.001
0.00219306087820868 0.01161622914687966 0.001
0.0006750873889337077 0.007365846351435814 0.001
0.0006966808623377159 0.006591042126655842 0.001
0.008012141277213274 0.0054614630020555 0.001
0.002813137292270785 0.01147003698671462 0.001
0.003344897455985246 0.01111785401822934 0.001
0.003442135025297653 0.01175277815288067 0.001
0.006428616004252112 0.008141621190151736 0.001
0.006784995684036172 0.007758563575514714 0.001
0.003572440472863815 0.01237219568990299 0.001
0.006227095402648471 0.01473014175511505 0.001
0.00575754691314698 0.01462704546242859 0.001
0.006064741892771234 0.01426045106570192 0.001
0.004273319581481057 0.01606286950808703 0.001
0.003571267820682435 0.01631711181450388 0.001
0.008745378056063421 0.006103205329203436 0.001
0.009225632853428443 0.005795298946502206 0.001
0.009230299849171661 0.00622422791063103 0.001
0.005343452410950931 0.01624976256301326 0.001
0.005799222545310441 0.01594987662360202 0.001
0.005964778565625047 0.01641908180221797 0.001
0.008979692054575673 0.005337138182537306 0.001
0.009464613847683913 0.0054581607639649 0.001
0.0007378734474170834 0.01163517715762526 0.001
0.0007990691527551604 0.01261557690552142 0.001
0.003320968808823841 0.0105620635724297 0.001
0.003949966541850708 0.01084480473859575 0.001
0.005398946957910718 0.00694967108241067 0.001
0.005780416536391596 0.007395515719364225 0.001
0.005268670633092347 0.007443602654915719 0.001
0.01170707823931443 0.00599201620538093 0.001
0.005548898406830271 0.01543864676811951 0.001
0.006170224561504388 0.01560796600732423 0.001
0.01164611905878358 0.005329004762582763 0.001
0.006748319536246775 0.006139421827642412 0.001
0.006696851842372053 0.005496502968914051 0.001
0.0006966808623377159 0.005698184983798697 0.001
0.003723897354335134 0.01307632204570171 0.001
0.006032038337424876 0.007755587194000407 0.001
0.006046717878400462 0.008275481288020605 0.001
0.003381309690441362 0.009979579999196141 0.001
0.003456017914351124 0.009434660580019953 0.001
0.004000746118599066 0.009744094873619932 0.001
0.00580648036690177 0.0127460892890032 0.001
0.005756552091668048 0.01212099657675552 0.001
0.001617741234944067 0.005698184983798697 0.001
0.003186469324817945 0.01679889819526057 0.001
0.003942144248912588 0.01701821361924331 0.001
0.005395642990150955 0.014982445058656 0.001
0.005233289480273717 0.01451275436924287 0.001
0.002888314630937592 0.009094798769898028 0.001
0.002201318898368226 0.009604674117212001 0.001
0.002776240604575899 0.01025262927882973 0.001
0.002140978016750705 0.01018715769044556 0.001
0.002356759522234808 0.01679889819526057 0.001
0.004596507139326083 0.01701821361924331 0.001
0.002095823308896272 0.01098130501222833 0.001
0.0015209016026886 0.0103333498506106 0.001
0.006696737416869183 0.009143573757685293 0.001
0.007952570849569539 0.007544684702067196 0.001
0.004939436431286606 0.01345419269592387 0.001
0.004375349797953246 0.01324816550835093 0.001
0.006408266006170658 0.01518263344554485 0.001
0.006162314662243247 0.007261655621495357 0.001
0.005075510055676082 0.005489880144016369 0.001
0.004757532219827713 0.006017051444636425 0.001
0.004494940559292145 0.005527171300620057 0.001
0.00511265138541156 0.00648875915299745 0.001
0.004532081889027623 0.006526050309601138 0.001
0.0007990691527551604 0.01350843404837856 0.001
0.01001150167287872 0.0054581607639649 0.001
0.000783028155271516 0.009055315550128208 0.001
0.000783028155271516 0.009948172692985351 0.001
0.007606807931103587 0.0168640704493361 0.001
0.003832430314823376 0.005527171300620057 0.001
0.005013609413957813 0.01130380717586058 0.001
0.005199120070601471 0.01079960468093627 0.001
0.005448333456987373 0.01129709671416624 0.001
0.009694489180769804 0.006419737945060721 0.001
0.009214234383404784 0.006727644327761951 0.001
0.006357760835443278 0.006921021574021603 0.001
0.006136637398951084 0.006447295042343638 0.001
0.006583705373184394 0.006466732469506065 0.001
0.004917975588021307 0.01662769749005791 0.001
0.005187539982570312 0.01710948387081461 0.001
0.004253893120809983 0.007092708542731788 0.001
0.003898773955226136 0.006621000834370763 0.001
0.004653800598321152 0.007556995893661033 0.001
0.006149964017177244 0.005496502968914051 0.001
0.0007378734474170834 0.01074232001476812 0.001
0.001458115544205224 0.008742590472992588 0.001
0.00214511127677459 0.008232715125678615 0.001
0.002253052043112399 0.009029327181513863 0.001
0.003153504381596488 0.005569689663373715 0.001
0.002330615801101352 0.005569689663373715 0.001
0.00594218095200965 0.01683050758933284 0.001
0.006102286750407701 0.01065823534081822 0.001
0.005808327968040628 0.01026944265601322 0.001
0.0062767706048173 0.01013478377758951 0.001
0.005839879136582885 0.01323235674593652 0.001
0.002141297722266415 0.0158043144621701 0.001
0.001930486705801189 0.01504724867844017 0.001
0.005850341826451925 0.005986383112930419 0.001
0.005637723906936968 0.005489880144016369 0.001
0.004369145608292012 0.01110345516351299 0.001
0.005624397288710808 0.006440672217445957 0.001
0.00530027838412547 0.01034289528344968 0.001
0.005474762238535068 0.009819443720220967 0.001
0.01059708212333943 0.005358420527198504 0.001
0.01029613509699739 0.005816581291163404 0.001
0.01073082182768467 0.006134541581729692 0.001
0.01014524137722397 0.006234281818496089 0.001
0.001934599640610929 0.01636211571932703 0.001
0.001260304466289552 0.016068633790976 0.001
0.005035270176802029 0.008002840530614588 0.001
0.001794532931936888 0.01446737904090946 0.001
0.001396616652863379 0.01371969496347166 0.001
0.005705020896694803 0.01710948387081461 0.001
0.006658590144650828 0.01569386330102736 0.001
0.005984683441579422 0.01113124800369444 0.001
0.005799172784935764 0.01163545049861875 0.001
0.002696970554574334 0.007885958541078764 0.001
0.001475766266257946 0.01706321752406647 0.001
0.006980441857236203 0.007417929528040958 0.001
0.007304185027979663 0.006985082069267862 0.001
0.007479798075539278 0.007462552596124791 0.001
0.007628827678826076 0.007977532160840293 0.001
0.006466495555480446 0.009685811661991582 0.001
0.005499556246187224 0.008396679121026103 0.001
0.005896133913014461 0.008782713117177434 0.001
0.006213053683838962 0.009203753188478223 0.001
0.007023088435197325 0.0171860367903732 0.001
0.007497916208176586 0.0171860367903732 0.001
0.003864741068143942 0.01368505729561261 0.001
0.004752419567706702 0.01615849231144196 0.001
0.0005975475001082182 0.01413983234366454 0.001
0.0005975475001082182 0.01503268948652168 0.001
0.001331048774080737 0.01493096289628835 0.001
0.0007335012739725193 0.01561255912405239 0.001
0.007468799191042045 0.006657771427404209 0.001
0.0006750873889337077 0.00825870349429296 0.001
0.0030372392602377 0.007220062157729525 0.001
0.005956136162812177 0.01378529181565129 0.001
0.0005268031923170331 0.01706321752406647 0.001
0.00321984802199925 0.006663519197124421 0.001
0.003498036790216888 0.00609686096399377 0.001
0.005478936377040449 0.01360441970330069 0.001
0.005055693457515898 0.01400712776563864 0.001
0.005665892051625725 0.009324951021483723 0.001
0.004693789534519873 0.01436252736186605 0.001
0.006138193417438917 0.01722102371851824 0.001
0.00488468621141603 0.008510072359771418 0.001
0.006969442972738969 0.006613148359320377 0.001
0.002636502095228452 0.006695922287352532 0.001
0.004345216961130607 0.01054766471771336 0.001
0.003454949555020596 0.01415004087366194 0.001
0.004106401998638707 0.01432188433631115 0.001
0.004283998021396527 0.01482751093991538 0.001
0.004446375274654607 0.01009095532022677 0.001
0.004521083498564369 0.009546035901050583 0.001
0.01120492912906509 0.006021431969996672 0.001
0.005157842467710567 0.009398403648920178 0.001
0.008320048108152612 0.005798601184592805 0.001
0.008432804229380864 0.005337138182537306 0.001
0.006609382636476558 0.007281093048657785 0.001
0.01114396994853424 0.005358420527198504 0.001
0.004712213311655026 0.009051543202313338 0.001
0.006613021190418178 0.01722102371851824 0.001
0.00486555434109591 0.01034960574514401 0.001
0.005024640973957009 0.01532435567493378 0.001
0.00469879640441068 0.01568493458104237 0.001
0.0005268031923170331 0.01617036038120932 0.001
0.01138386465770743 0.005687425289781266 0.001
0.002106236290832716 0.006267874647172411 0.001
0.004545540987731364 0.01522873287157886 0.001
2 48 0 33
3705
3706
3707
3708
3709
3710
3711
3712
3713
3714
3715
3716
3717
3718
3719
3720
3721
3722
3723
3724
3725
3726
3727
3728
3729
3730
3731
3732
3733
3734
3735
3736
3737
-0.008025022703319503 0.01813684996886492 0.0005
-0.007406719696462506 0.01887770849466847 0.0005
-0.006909830056250385 0.01970491502812555 0.0005
-0.006546198613612081 0.02059875066036954 0.0005
-0.006324493597083537 0.02153790818133727 0.0005
-0.008375202143929948 0.01780441242797455 0.00025
-0.008375202143929948 0.01780441242797455 0.0005
-0.008025022703319503 0.01813684996886492 0.00025
-0.008375202143929948 0.01780441242797455 0.00075
-0.008025022703319503 0.01813684996886492 0.00075
-0.007701551686758908 0.01849532850471431 0.00025
-0.007701551686758908 0.01849532850471431 0.0005
-0.007406719696462506 0.01887770849466847 0.00025
-0.007701551686758908 0.01849532850471431 0.00075
-0.007406719696462506 0.01887770849466847 0.00075
-0.007142286405675153 0.01928170774459703 0.00025
-0.007142286405675153 0.01928170774459703 0.0005
-0.006909830056250385 0.01970491502812555 0.00025
-0.007142286405675153 0.01928170774459703 0.00075
-0.006909830056250385 0.01970491502812555 0.00075
-0.006710738039082479 0.02014480447778249 0.00025
-0.006710738039082479 0.02014480447778249 0.0005
-0.006546198613612081 0.02059875066036954 0.00025
-0.006710738039082479 0.02014480447778249 0.00075
-0.006546198613612081 0.02059875066036954 0.00075
-0.00641719381582665 0.02106404424657915 0.00025
-0.00641719381582665 0.02106404424657915 0.0005
-0.006324493597083537 0.02153790818133727 0.00025
-0.00641719381582665 0.02106404424657915 0.00075
-0.006324493597083537 0.02153790818133727 0.00075
-0.006268651228737558 0.02201751425835985 0.00025
-0.006268651228737558 0.02201751425835985 0.0005
-0.006268651228737558 0.02201751425835985 0.00075
2 49 0 57
3738
3739
3740
3741
3742
3743
3744
3745
3746
3747
3748
3749
3750
3751
3752
3753
3754
3755
3756
3757
3758
3759
3760
3761
3762
3763
3764
3765
3766
3767
3768
3769
3770
3771
3772
3773
3774
3775
3776
3777
3778
3779
3780
3781
3782
3783
3784
3785
3786
3787
3788
3789
3790
3791
3792
3793
3794
-0.006326947871280388 0.02347771540650144 0.0005
-0.006555896773155285 0.0244313562148434 0.0005
-0.006931209223822687 0.02533744062337214 0.0005
-0.007443643785156554 0.02617365782682793 0.0005
-0.008080582617584039 0.02691941738241588 0.0005
-0.008826342173171988 0.02755635621484338 0.0005
-0.009662559376627761 0.02806879077617726 0.0005
-0.01056864378515649 0.02844410322684468 0.0005
-0.01152228459349846 0.0286730521287196 0.0005
-0.00626926666416795 0.02299036934829903 0.00025
-0.00626926666416795 0.02299036934829903 0.0005
-0.006326947871280388 0.02347771540650144 0.00025
-0.00626926666416795 0.02299036934829903 0.00075
-0.006326947871280388 0.02347771540650144 0.00075
-0.006422687997514519 0.0239590335240994 0.00025
-0.006422687997514519 0.0239590335240994 0.0005
-0.006555896773155285 0.0244313562148434 0.00025
-0.006422687997514519 0.0239590335240994 0.00075
-0.006555896773155285 0.0244313562148434 0.00075
-0.006725752921804447 0.02489177145228179 0.00025
-0.006725752921804447 0.02489177145228179 0.0005
-0.006931209223822687 0.02533744062337214 0.00025
-0.006725752921804447 0.02489177145228179 0.00075
-0.006931209223822687 0.02533744062337214 0.00075
-0.007170998972786904 0.02576561602947465 0.00025
-0.007170998972786904 0.02576561602947465 0.0005
-0.007443643785156554 0.02617365782682793 0.00025
-0.007170998972786904 0.02576561602947465 0.00075
-0.007443643785156554 0.02617365782682793 0.00075
-0.007747462714999774 0.02655905030206361 0.00025
-0.007747462714999774 0.02655905030206361 0.0005
-0.008080582617584039 0.02691941738241588 0.00025
-0.007747462714999774 0.02655905030206361 0.00075
-0.008080582617584039 0.02691941738241588 0.00075
-0.008440949697936306 0.02725253728500016 0.00025
-0.008440949697936306 0.02725253728500016 0.0005
-0.008826342173171988 0.02755635621484338 0.00025
-0.008440949697936306 0.02725253728500016 0.00075
-0.008826342173171988 0.02755635621484338 0.00075
-0.009234383970525256 0.02782900102721304 0.00025
-0.009234383970525256 0.02782900102721304 0.0005
-0.009662559376627761 0.02806879077617726 0.00025
-0.009234383970525256 0.02782900102721304 0.00075
-0.009662559376627761 0.02806879077617726 0.00075
-0.01010822854771811 0.02827424707819551 0.00025
-0.01010822854771811 0.02827424707819551 0.0005
-0.01056864378515649 0.02844410322684468 0.00025
-0.01010822854771811 0.02827424707819551 0.00075
-0.01056864378515649 0.02844410322684468 0.00075
-0.0110409664759005 0.02857731200248546 0.00025
-0.0110409664759005 0.02857731200248546 0.0005
-0.01152228459349846 0.0286730521287196 0.00025
-0.0110409664759005 0.02857731200248546 0.00075
-0.01152228459349846 0.0286730521287196 0.00075
-0.01200963065170086 0.02873073333583204 0.00025
-0.01200963065170086 0.02873073333583204 0.0005
-0.01200963065170086 0.02873073333583204 0.00075
2 50 0 9
3795
3796
3797
3798
3799
3800
3801
3802
3803
-0.0125 0.0293448067890002 0.0005
-0.0125 0.0296724033945001 0.00025
-0.0125 0.0296724033945001 0.0005
-0.0125 0.0293448067890002 0.00025
-0.0125 0.0296724033945001 0.00075
-0.0125 0.0293448067890002 0.00075
-0.0125 0.02904740339450011 0.00025
-0.0125 0.02904740339450011 0.0005
-0.0125 0.02904740339450011 0.00075
2 51 0 57
3804
3805
3806
3807
3808
3809
3810
3811
3812
3813
3814
3815
3816
3817
3818
3819
3820
3821
3822
3823
3824
3825
3826
3827
3828
3829
3830
3831
3832
3833
3834
3835
3836
3837
3838
3839
3840
3841
3842
3843
3844
3845
3846
3847
3848
3849
3850
3851
3852
3853
3854
3855
3856
3857
3858
3859
3860
-0.001842120745212704 0.03 0.0005
-0.003487897906202971 0.03 0.0005
-0.004812918395140517 0.03 0.0005
-0.005937346097662295 0.03 0.0005
-0.007031121748051914 0.03 0.0005
-0.008124897398441534 0.03 0.0005
-0.009218673048831153 0.03 0.0005
-0.01031244869922077 0.03 0.0005
-0.01140622434961039 0.03 0.0005
-0.0009210603726063518 0.03 0.00025
-0.0009210603726063518 0.03 0.0005
-0.001842120745212704 0.03 0.00025
-0.0009210603726063518 0.03 0.00075
-0.001842120745212704 0.03 0.00075
-0.002665009325707838 0.03 0.00025
-0.002665009325707838 0.03 0.0005
-0.003487897906202971 0.03 0.00025
-0.002665009325707838 0.03 0.00075
-0.003487897906202971 0.03 0.00075
-0.004150408150671744 0.03 0.00025
-0.004812918395140517 0.03 0.00025
-0.004150408150671744 0.03 0.0005
-0.004150408150671744 0.03 0.00075
-0.004812918395140517 0.03 0.00075
-0.005375132246401406 0.03 0.00025
-0.005375132246401406 0.03 0.0005
-0.005937346097662295 0.03 0.00025
-0.005375132246401406 0.03 0.00075
-0.005937346097662295 0.03 0.00075
-0.006484233922857105 0.03 0.00025
-0.006484233922857105 0.03 0.0005
-0.007031121748051914 0.03 0.00025
-0.006484233922857105 0.03 0.00075
-0.007031121748051914 0.03 0.00075
-0.007578009573246725 0.03 0.00025
-0.007578009573246725 0.03 0.0005
-0.008124897398441534 0.03 0.00025
-0.007578009573246725 0.03 0.00075
-0.008124897398441534 0.03 0.00075
-0.008671785223636343 0.03 0.00025
-0.008671785223636343 0.03 0.0005
-0.009218673048831153 0.03 0.00025
-0.008671785223636343 0.03 0.00075
-0.009218673048831153 0.03 0.00075
-0.009765560874025962 0.03 0.00025
-0.009765560874025962 0.03 0.0005
-0.01031244869922077 0.03 0.00025
-0.009765560874025962 0.03 0.00075
-0.01031244869922077 0.03 0.00075
-0.01085933652441558 0.03 0.00025
-0.01085933652441558 0.03 0.0005
-0.01140622434961039 0.03 0.00025
-0.01085933652441558 0.03 0.00075
-0.01140622434961039 0.03 0.00075
-0.0119531121748052 0.03 0.00025
-0.0119531121748052 0.03 0.0005
-0.0119531121748052 0.03 0.00075
2 52 0 39
3861
3862
3863
3864
3865
3866
3867
3868
3869
3870
3871
3872
3873
3874
3875
3876
3877
3878
3879
3880
3881
3882
3883
3884
3885
3886
3887
3888
3889
3890
3891
3892
3893
3894
3895
3896
3897
3898
3899
0 0.01928571428571429 0.0005
0 0.02107142857142858 0.0005
0 0.02285714285714287 0.0005
0 0.02464285714285715 0.0005
0 0.02642857142857143 0.0005
0 0.02821428571428572 0.0005
0 0.01839285714285715 0.00025
0 0.01839285714285715 0.0005
0 0.01928571428571429 0.00025
0 0.01839285714285715 0.00075
0 0.01928571428571429 0.00075
0 0.02017857142857144 0.00025
0 0.02017857142857144 0.0005
0 0.02107142857142858 0.00025
0 0.02017857142857144 0.00075
0 0.02107142857142858 0.00075
0 0.02196428571428572 0.00025
0 0.02196428571428573 0.0005
0 0.02285714285714287 0.00025
0 0.02196428571428573 0.00075
0 0.02285714285714287 0.00075
0 0.02375000000000001 0.00025
0 0.02464285714285715 0.00025
0 0.02375000000000001 0.0005
0 0.02375000000000001 0.00075
0 0.02464285714285715 0.00075
0 0.02553571428571429 0.00025
0 0.02553571428571429 0.0005
0 0.02642857142857143 0.00025
0 0.02553571428571429 0.00075
0 0.02642857142857143 0.00075
0 0.02732142857142858 0.00025
0 0.02821428571428572 0.00025
0 0.02732142857142858 0.0005
0 0.02732142857142858 0.00075
0 0.02821428571428572 0.00075
0 0.02910714285714286 0.00025
0 0.02910714285714286 0.0005
0 0.02910714285714286 0.00075
2 53 0 283
3900
3901
3902
3903
3904
3905
3906
3907
3908
3909
3910
3911
3912
3913
3914
3915
3916
3917
3918
3919
3920
3921
3922
3923
3924
3925
3926
3927
3928
3929
3930
3931
3932
3933
3934
3935
3936
3937
3938
3939
3940
3941
3942
3943
3944
3945
3946
3947
3948
3949
3950
3951
3952
3953
3954
3955
3956
3957
3958
3959
3960
3961
3962
3963
3964
3965
3966
3967
3968
3969
3970
3971
3972
3973
3974
3975
3976
3977
3978
3979
3980
3981
3982
3983
3984
3985
3986
3987
3988
3989
3990
3991
3992
3993
3994
3995
3996
3997
3998
3999
4000
4001
4002
4003
4004
4005
4006
4007
4008
4009
4010
4011
4012
4013
4014
4015
4016
4017
4018
4019
4020
4021
4022
4023
4024
4025
4026
4027
4028
4029
4030
4031
4032
4033
4034
4035
4036
4037
4038
4039
4040
4041
4042
4043
4044
4045
4046
4047
4048
4049
4050
4051
4052
4053
4054
4055
4056
4057
4058
4059
4060
4061
4062
4063
4064
4065
4066
4067
4068
4069
4070
4071
4072
4073
4074
4075
4076
4077
4078
4079
4080
4081
4082
4083
4084
4085
4086
4087
4088
4089
4090
4091
4092
4093
4094
4095
4096
4097
4098
4099
4100
4101
4102
4103
4104
4105
4106
4107
4108
4109
4110
4111
4112
4113
4114
4115
4116
4117
4118
4119
4120
4121
4122
4123
4124
4125
4126
4127
4128
4129
4130
4131
4132
4133
4134
4135
4136
4137
4138
4139
4140
4141
4142
4143
4144
4145
4146
4147
4148
4149
4150
4151
4152
4153
4154
4155
4156
4157
4158
4159
4160
4161
4162
4163
4164
4165
4166
4167
4168
4169
4170
4171
4172
4173
4174
4175
4176
4177
4178
4179
4180
4181
4182
-0.005987979264975547 0.02523629507372559 0.001
-0.005625570887993388 0.0208746735872362 0.001
-0.005448553912971658 0.0230549608426309 0.001
-0.004163500219383182 0.02899541231291532 0.001
-0.007154114724351587 0.02708155264788626 0.001
-0.001509030840635481 0.02551000237421682 0.001
-0.001341684852439198 0.02184878976996138 0.001
-0.004244428928034546 0.01849639687980716 0.001
-0.006410801406851873 0.02911167701969716 0.001
-0.006441893004206152 0.018860992710096 0.001
-0.008782556961583468 0.02847096637986492 0.001
-0.006495744899545563 0.02618542636599873 0.001
-0.00545809763923339 0.02617875551390283 0.001
-0.004921305871106679 0.02514639237146637 0.001
-0.004323575370062372 0.02614176380299675 0.001
-0.003773093648813234 0.02501407501303738 0.001
-0.004922605137281336 0.02715706797845605 0.001
-0.003913706732060751 0.02725019567662074 0.001
-0.007937511964817035 0.0278499415985145 0.001
-0.005411674669935968 0.01837607742261501 0.001
-0.004964780071875856 0.01934910141165988 0.001
-0.003891076351235789 0.01952477837437436 0.001
-0.005434285738507029 0.02190543399941866 0.001
-0.004453387504281277 0.02247251874294838 0.001
-0.004603105408169427 0.02132231844918635 0.001
-0.003511272180786059 0.0217310917965596 0.001
-0.003302573478235284 0.02296051840271522 0.001
-0.004411669379117722 0.02382973614007179 0.001
-0.001823304940728095 0.02357591165233482 0.001
-0.002872174328178523 0.02887816642626677 0.001
-0.007941636452303285 0.02885347803272757 0.001
-0.001330600350413574 0.02030667376902912 0.001
-0.001469426136469491 0.02711500265279664 0.001
-0.005362145122992944 0.02907554388505288 0.001
-0.005937649288692103 0.02816193958056079 0.001
-0.00972683093931837 0.02909048775479916 0.001
-0.005612065745900537 0.02417488516787583 0.001
-0.006096114628071632 0.02715269506717732 0.001
-0.00296062470462344 0.01860295274972795 0.001
-0.005924479692633862 0.01983316875921063 0.001
-0.006953092380597984 0.02821226563436718 0.001
-0.004812429871651881 0.02816568692731321 0.001
-0.007200210706638404 0.01812335716373581 0.001
-0.00287676585613511 0.02619036991003486 0.001
-0.001461745646036463 0.01882180852195277 0.001
-0.002669884273723935 0.0248594470362927 0.001
-0.0108711494801726 0.02928465069574824 0.001
-0.001473471413346282 0.02865432087062007 0.001
-0.003654203459546921 0.0206598666088436 0.001
-0.002468946202501654 0.02103756874288432 0.001
-0.002627866119059641 0.01982560812780202 0.001
-0.01188327640388022 0.02934208493557801 0.001
-0.002669864946106915 0.02771465084582776 0.001
-0.006361100130197369 0.01807208545928937 0.001
-0.004823508335168514 0.02027355824615696 0.001
-0.008694466850161547 0.02934357959722248 0.001
-0.005685706859662959 0.01910483507589538 0.001
-0.003279919481193418 0.02402782593441655 0.001
-0.002489556330938059 0.02223077607289107 0.001
-0.003646565594186945 0.02818912500012458 0.001
-0.007244069055297835 0.02925463092428814 0.001
-0.0044325284416995 0.02315112744151009 0.001
-0.00493011164604469 0.02344234849135134 0.001
-0.004950970708626467 0.02276373979278964 0.001
-0.002551612210960756 0.02380186879337568 0.001
-0.003291246479714351 0.02349417216856588 0.001
-0.002562939209481689 0.02326821502752502 0.001
-0.002173095996302301 0.02665268628141575 0.001
-0.002192898348385296 0.02585018614212584 0.001
-0.001489228488552486 0.02631250251350673 0.001
-0.01219163820194005 0.02904604246778901 0.001
-0.01219163820194011 0.0293434458622891 0.001
-0.006016881958381867 0.02765731732386906 0.001
-0.005509359882676484 0.02715488152281668 0.001
-0.005430127212986719 0.02765950377950842 0.001
-0.003857121428676503 0.0233951272713935 0.001
-0.00387798049125828 0.0227165185728318 0.001
-0.01219163820194011 0.029671042467789 0.001
-0.006524603504334808 0.02768248035077225 0.001
-0.007053603552474785 0.02764690914112672 0.001
-0.006625114676211609 0.0271171238575318 0.001
-0.002896064904586671 0.02259564723780314 0.001
-0.002156430635833076 0.02290334386261295 0.001
-0.007912683578680201 0.01781842498443246 0.001
-0.006445370834645043 0.02818710260746398 0.001
-0.002069645541288204 0.0274148267493122 0.001
-0.002773315401121012 0.02695251037793131 0.001
-0.002974901877458676 0.02444363648535462 0.001
-0.002246594607226015 0.02421767934431376 0.001
-0.005011867562509129 0.02400231065397381 0.001
-0.005530309829436098 0.02361492300525337 0.001
-0.007303465201550455 0.01850053282920214 0.001
-0.006821051855422278 0.01849217493691591 0.001
-0.006924306350334329 0.01886935060238223 0.001
-0.006780655418417887 0.01809772131151259 0.001
-0.006401496567201761 0.01846653908469268 0.001
-0.004363068301856315 0.02770794130196698 0.001
-0.004867517504466608 0.02766137745288463 0.001
-0.004418155934671044 0.02720363182753839 0.001
-0.0007308728230182322 0.01816090426097638 0.001
-0.001679835896959105 0.01816090426097638 0.001
-0.005777106133652512 0.02666572529054008 0.001
-0.005190351388257363 0.02666791174617944 0.001
-0.01170278049868934 0.0290075685321488 0.001
-0.01164475037674531 0.029671042467789 0.001
-0.001666167890681788 0.02454295701327582 0.001
-0.000911652470364047 0.02410938439759599 0.001
-0.0007545154203177406 0.02507642975853699 0.001
-0.006295929763808597 0.02666906071658803 0.001
-0.005976921269389476 0.02618209093995078 0.001
-0.005375039580171992 0.028163813253937 0.001
-0.0007308728230182322 0.01905376140383353 0.001
-0.007445302172707509 0.02803110361644084 0.001
-0.007447364416450634 0.02853287183354737 0.001
-0.00793957420856016 0.02835170981562104 0.001
-0.0007347130682347457 0.02677178704068404 0.001
-0.0007545154203177406 0.02596928690139413 0.001
-0.007545813344584311 0.02746574712320039 0.001
-0.005842142869253514 0.02220271699970933 0.001
-0.005441419825739344 0.02248019742102478 0.001
-0.005849276956485829 0.02277748042131545 0.001
-0.001657796079279492 0.02932716043531004 0.001
-0.0007367357066731407 0.02932716043531004 0.001
-0.002773325064929523 0.02552490847316378 0.001
-0.002089457557179708 0.02518472470525476 0.001
-0.005800022505438042 0.02470559012080071 0.001
-0.005266685808503608 0.0246606387696711 0.001
-0.005454642568041113 0.02519134372259598 0.001
-0.003780136163123848 0.02771966033837266 0.001
-0.004229497732919413 0.0281774059637189 0.001
-0.008362096706943377 0.02866222220629625 0.001
-0.008360034463200251 0.02816045398918971 0.001
-0.0046664876251122 0.02448806425576908 0.001
-0.00709858071794791 0.02873344827932766 0.001
-0.00759285275380056 0.02905405447850785 0.001
-0.006824929811948575 0.0266334895069425 0.001
-0.0007367357066731407 0.02843430329245289 0.001
-0.008738511905872506 0.0289072729885437 0.001
-0.009210648894739958 0.02921703367601082 0.001
-0.009254693950450919 0.02878072706733204 0.001
-0.001336142601426386 0.02107773176949525 0.001
-0.0006653001752067872 0.02068905117022885 0.001
-0.0006708424262195992 0.02146010917069498 0.001
-0.000911652470364047 0.02321652725473885 0.001
-0.001582494896583646 0.0227123507111481 0.001
-0.0006708424262195992 0.02235296631355213 0.001
-0.003900887340541258 0.01799819843990358 0.001
-0.00455525023095474 0.01799819843990358 0.001
-0.005018695573338228 0.02161387622430251 0.001
-0.004528246456225352 0.02189741859606737 0.001
-0.004943836621394153 0.02218897637118352 0.001
-0.003221488961268584 0.02493676102466504 0.001
-0.003324929752474172 0.02560222246153612 0.001
-0.001915620591688628 0.02203978292142623 0.001
-0.004057188794477743 0.02152670512287298 0.001
-0.003982329842533668 0.02210180526975399 0.001
-0.005087531759066731 0.02953777194252644 0.001
-0.004762822671188063 0.0290354780989841 0.001
-0.00448820930726185 0.02949770615645766 0.001
-0.008381927068994512 0.02770314890667894 0.001
-0.008804449567377727 0.02801366129735415 0.001
-0.009694695157973065 0.02857963926548821 0.001
-0.009222558169105614 0.02826987857802109 0.001
-0.006241862082260555 0.02571086071986216 0.001
-0.006713477061684125 0.02576143349468544 0.001
-0.006459594244399116 0.02528686784854887 0.001
-0.006969694342351058 0.02617954209641333 0.001
-0.007298879254754071 0.02662760523735709 0.001
-0.008009047291200538 0.02738467949046519 0.001
-0.007617348670967814 0.02700048501515108 0.001
-0.01001963981926957 0.02954524387739958 0.001
-0.009472751994074761 0.02954524387739958 0.001
-0.00384579443015557 0.02392878103724417 0.001
-0.005886387400066669 0.01822408144095219 0.001
-0.00592678383707106 0.0186185350663555 0.001
-0.003825699062793077 0.02949770615645766 0.001
-0.0007347130682347457 0.02766464418354118 0.001
-0.005723038452104468 0.02570752529381421 0.001
-0.004828051798985256 0.01843623715121109 0.001
-0.005138873101905451 0.01793803871130751 0.001
-0.007612616704978954 0.01813010356630036 0.001
-0.006720961577451894 0.02955583850984858 0.001
-0.006174073752257084 0.02955583850984858 0.001
-0.006083981259527911 0.02430312069135962 0.001
-0.006271938019065415 0.0248338256442845 0.001
-0.006183186348420007 0.01934708073465331 0.001
-0.006417154874442123 0.01976904189366809 0.001
-0.006675861530228268 0.01928295386911077 0.001
-0.0006653001752067872 0.01979619402737171 0.001
-0.002429275426252593 0.01805147637486397 0.001
-0.003258985228835705 0.01805147637486397 0.001
-0.004238855897357717 0.02046671242750028 0.001
-0.004357292343202151 0.01989916831026566 0.001
-0.003772639905391355 0.02009232249160898 0.001
-0.007684483226869684 0.02962731546214407 0.001
-0.00803326692537241 0.02942673901636379 0.001
-0.006174225347771988 0.02863680830012898 0.001
-0.005649897205842524 0.02861874173280683 0.001
-0.005886473264922408 0.02909361045237502 0.001
-0.008956569949496351 0.02967178979861124 0.001
-0.0046046044999552 0.01892274914573353 0.001
-0.005188227370905912 0.01886258941713745 0.001
-0.003291785839083833 0.02748242326122425 0.001
-0.00339523629409793 0.0267202827933278 0.001
-0.006681946893724929 0.02866197132703217 0.001
-0.003180036117190747 0.02943908321313338 0.001
-0.002357147536695613 0.02943908321313338 0.001
-0.005879389667795283 0.02172167109037797 0.001
-0.006235339153122971 0.02021595970979008 0.001
-0.005775025290313625 0.02035392117322341 0.001
-0.006085884750802734 0.02073671212380286 0.001
-0.005649745610327619 0.02953777194252644 0.001
-0.01059179908969669 0.02964232534787412 0.001
-0.01029899020974549 0.0291875692252737 0.001
-0.01071989663266455 0.02886437696129646 0.001
-0.01014773736223743 0.02876729549082192 0.001
-0.004894144203522185 0.01981132982890842 0.001
-0.004427928211555823 0.01943693989301712 0.001
-0.006827435231074853 0.02918315397199265 0.001
-0.005656354016029942 0.01793803871130751 0.001
-0.005969506808590462 0.02382630028718863 0.001
-0.005887750892126023 0.02326633812456617 0.001
-0.005548690764799464 0.0187404562492552 0.001
-0.006063799931934555 0.01898291389299569 0.001
-0.007025449807360406 0.01781167858186791 0.001
-0.007500277580339653 0.01781167858186791 0.001
-0.004092381513965478 0.02442190557655458 0.001
-0.004347199759959956 0.02508023369225187 0.001
-0.007137595401674874 0.02962731546214407 0.001
-0.001396172998225018 0.01956424114549095 0.001
-0.005975032242538462 0.02120629088428674 0.001
-0.004623090253671854 0.0266494158907264 0.001
-0.004890836504647882 0.02616025965844979 0.001
-0.005373994013901187 0.0200533635026838 0.001
-0.005224539611580951 0.02057411591669658 0.001
-0.003406922829510672 0.02234580509963741 0.001
-0.001905315527470426 0.02144317925642285 0.001
-0.001899773276457614 0.02067212125595672 0.001
-0.005087287497322413 0.02862061540618305 0.001
-0.004487965045517532 0.02858054962011427 0.001
-0.006131066746160642 0.01778604272964468 0.001
-0.004067752639635167 0.01901058762709076 0.001
-0.001471448774907886 0.02788466176170835 0.001
-0.008409682124301539 0.02967178979861124 0.001
-0.008318051651232415 0.02909852881497503 0.001
-0.00471330687166897 0.02079793834767166 0.001
-0.004128654433858174 0.02099109252901498 0.001
-0.004118641051061561 0.02669597973980875 0.001
-0.005529928313250209 0.02139005379332743 0.001
-0.005444629882254859 0.01959113508543526 0.001
-0.005189701755170035 0.0256625739426846 0.001
-0.003141034789303281 0.02024273736832281 0.001
-0.002548406160780647 0.02043158843534317 0.001
-0.003061574831024288 0.02084871767586396 0.001
-0.003517837273780853 0.02893678936959104 0.001
-0.00580509327614841 0.01946900191755301 0.001
-0.003905032906785064 0.02859226865651995 0.001
-0.003602526816328993 0.01854967481476755 0.001
-0.003425850527929614 0.01906386556205115 0.001
-0.01119671703683553 0.02897885141223392 0.001
-0.003259471235147715 0.01967519325108819 0.001
-0.004048334509437803 0.02557791940801707 0.001
-0.004622440620584525 0.02564407808723156 0.001
-0.005114338148081408 0.02109849601821127 0.001
-0.005325243465769408 0.01922696824377763 0.001
-0.0111386869148915 0.02964232534787412 0.001
-0.002211185175329951 0.01871238063584036 0.001
-0.003600170613098741 0.0261660668565158 0.001
-0.006605894519139888 0.01778604272964468 0.001
-0.002172822870762403 0.02876624364844342 0.001
-0.00358273782016649 0.0211954792027016 0.001
-0.002771019637142719 0.02829640863604727 0.001
-0.002071668179726599 0.02818448585822391 0.001
-0.003526506565003326 0.02452095047372696 0.001
-0.00279424541184154 0.01921428043876498 0.001
-0.002990109191643857 0.02138433026972196 0.001
-0.01137721294202641 0.02931336781566312 0.001
-0.002044805882548052 0.0193237083248774 0.001
-0.001979233234736607 0.02006614094841557 0.001
-0.003259369961182734 0.02853364571319567 0.001
-0.003000414255862059 0.02198093393472533 0.001
-0.002479251266719856 0.02163417240788769 0.001
-0.00315821527014693 0.02795188792297617 0.001
2 54 0 39
4183
4184
4185
4186
4187
4188
4189
4190
4191
4192
4193
4194
4195
4196
4197
4198
4199
4200
4201
4202
4203
4204
4205
4206
4207
4208
4209
4210
4211
4212
4213
4214
4215
4216
4217
4218
4219
4220
4221
0.01071428571428571 0.03 0.0005
0.008928571428571419 0.03 0.0005
0.007142857142857134 0.03 0.0005
0.00535714285714285 0.03 0.0005
0.003571428571428567 0.03 0.0005
0.001785714285714283 0.03 0.0005
0.01160714285714286 0.03 0.00025
0.01160714285714286 0.03 0.0005
0.01071428571428571 0.03 0.00025
0.01160714285714286 0.03 0.00075
0.01071428571428571 0.03 0.00075
0.009821428571428564 0.03 0.00025
0.009821428571428564 0.03 0.0005
0.008928571428571419 0.03 0.00025
0.009821428571428564 0.03 0.00075
0.008928571428571419 0.03 0.00075
0.008035714285714276 0.03 0.00025
0.008035714285714276 0.03 0.0005
0.007142857142857134 0.03 0.00025
0.008035714285714276 0.03 0.00075
0.007142857142857134 0.03 0.00075
0.006249999999999992 0.03 0.00025
0.006249999999999992 0.03 0.0005
0.00535714285714285 0.03 0.00025
0.006249999999999992 0.03 0.00075
0.00535714285714285 0.03 0.00075
0.004464285714285709 0.03 0.00025
0.003571428571428567 0.03 0.00025
0.004464285714285709 0.03 0.0005
0.004464285714285709 0.03 0.00075
0.003571428571428567 0.03 0.00075
0.002678571428571426 0.03 0.00025
0.002678571428571426 0.03 0.0005
0.001785714285714283 0.03 0.00025
0.002678571428571426 0.03 0.00075
0.001785714285714283 0.03 0.00075
0.0008928571428571414 0.03 0.00025
0.0008928571428571414 0.03 0.0005
0.0008928571428571414 0.03 0.00075
2 55 0 39
4222
4223
4224
4225
4226
4227
4228
4229
4230
4231
4232
4233
4234
4235
4236
4237
4238
4239
4240
4241
4242
4243
4244
4245
4246
4247
4248
4249
4250
4251
4252
4253
4254
4255
4256
4257
4258
4259
4260
0.0125 0.01972590374314188 0.0005
0.0125 0.02092529258616715 0.0005
0.0125 0.0224460769785105 0.0005
0.0125 0.02430206672461667 0.0005
0.0125 0.02620137781641112 0.0005
0.0125 0.02810068890820556 0.0005
0.0125 0.01923795187157094 0.00025
0.0125 0.01923795187157094 0.0005
0.0125 0.01972590374314188 0.00025
0.0125 0.01923795187157094 0.00075
0.0125 0.01972590374314188 0.00075
0.0125 0.02032559816465452 0.00025
0.0125 0.02032559816465452 0.0005
0.0125 0.02092529258616715 0.00025
0.0125 0.02032559816465452 0.00075
0.0125 0.02092529258616715 0.00075
0.0125 0.02168568478233883 0.00025
0.0125 0.02168568478233883 0.0005
0.0125 0.0224460769785105 0.00025
0.0125 0.02168568478233883 0.00075
0.0125 0.0224460769785105 0.00075
0.0125 0.02337407185156359 0.00025
0.0125 0.02337407185156359 0.0005
0.0125 0.02430206672461667 0.00025
0.0125 0.02337407185156359 0.00075
0.0125 0.02430206672461667 0.00075
0.0125 0.02525172227051389 0.00025
0.0125 0.02525172227051389 0.0005
0.0125 0.02620137781641112 0.00025
0.0125 0.02525172227051389 0.00075
0.0125 0.02620137781641112 0.00075
0.0125 0.02715103336230834 0.00025
0.0125 0.02715103336230834 0.0005
0.0125 0.02810068890820556 0.00025
0.0125 0.02715103336230834 0.00075
0.0125 0.02810068890820556 0.00075
0.0125 0.02905034445410278 0.00025
0.0125 0.02905034445410278 0.0005
0.0125 0.02905034445410278 0.00075
2 56 0 27
4261
4262
4263
4264
4265
4266
4267
4268
4269
4270
4271
4272
4273
4274
4275
4276
4277
4278
4279
4280
4281
4282
4283
4284
4285
4286
4287
0.01169784235684555 0.01869830969825878 0.0005
0.0109089531202889 0.0185440937969692 0.0005
0.01014638122558719 0.01828990316540195 0.0005
0.009422740295568128 0.01793994234449961 0.0005
0.01209808932218561 0.0187370640374345 0.00025
0.01209808932218561 0.0187370640374345 0.0005
0.01169784235684555 0.01869830969825878 0.00025
0.01209808932218561 0.0187370640374345 0.00075
0.01169784235684555 0.01869830969825878 0.00075
0.01130091592950341 0.01863389740637071 0.00025
0.01130091592950341 0.01863389740637071 0.0005
0.0109089531202889 0.0185440937969692 0.00025
0.01130091592950341 0.01863389740637071 0.00075
0.0109089531202889 0.0185440937969692 0.00075
0.01052357646239468 0.01842927061281568 0.00025
0.01052357646239468 0.01842927061281568 0.0005
0.01014638122558719 0.01828990316540195 0.00025
0.01052357646239468 0.01842927061281568 0.00075
0.01014638122558719 0.01828990316540195 0.00075
0.009778928812574684 0.01812656836739444 0.00025
0.009778928812574684 0.01812656836739444 0.0005
0.009422740295568128 0.01793994234449961 0.00025
0.009778928812574684 0.01812656836739444 0.00075
0.009422740295568128 0.01793994234449961 0.00075
0.009079290119790653 0.01773079763663613 0.00025
0.009079290119790653 0.01773079763663613 0.0005
0.009079290119790653 0.01773079763663613 0.00075
2 57 0 326
4288
4289
4290
4291
4292
4293
4294
4295
4296
4297
4298
4299
4300
4301
4302
4303
4304
4305
4306
4307
4308
4309
4310
4311
4312
4313
4314
4315
4316
4317
4318
4319
4320
4321
4322
4323
4324
4325
4326
4327
4328
4329
4330
4331
4332
4333
4334
4335
4336
4337
4338
4339
4340
4341
4342
4343
4344
4345
4346
4347
4348
4349
4350
4351
4352
4353
4354
4355
4356
4357
4358
4359
4360
4361
4362
4363
4364
4365
4366
4367
4368
4369
4370
4371
4372
4373
4374
4375
4376
4377
4378
4379
4380
4381
4382
4383
4384
4385
4386
4387
4388
4389
4390
4391
4392
4393
4394
4395
4396
4397
4398
4399
4400
4401
4402
4403
4404
4405
4406
4407
4408
4409
4410
4411
4412
4413
4414
4415
4416
4417
4418
4419
4420
4421
4422
4423
4424
4425
4426
4427
4428
4429
4430
4431
4432
4433
4434
4435
4436
4437
4438
4439
4440
4441
4442
4443
4444
4445
4446
4447
4448
4449
4450
4451
4452
4453
4454
4455
4456
4457
4458
4459
4460
4461
4462
4463
4464
4465
4466
4467
4468
4469
4470
4471
4472
4473
4474
4475
4476
4477
4478
4479
4480
4481
4482
4483
4484
4485
4486
4487
4488
4489
4490
4491
4492
4493
4494
4495
4496
4497
4498
4499
4500
4501
4502
4503
4504
4505
4506
4507
4508
4509
4510
4511
4512
4513
4514
4515
4516
4517
4518
4519
4520
4521
4522
4523
4524
4525
4526
4527
4528
4529
4530
4531
4532
4533
4534
4535
4536
4537
4538
4539
4540
4541
4542
4543
4544
4545
4546
4547
4548
4549
4550
4551
4552
4553
4554
4555
4556
4557
4558
4559
4560
4561
4562
4563
4564
4565
4566
4567
4568
4569
4570
4571
4572
4573
4574
4575
4576
4577
4578
4579
4580
4581
4582
4583
4584
4585
4586
4587
4588
4589
4590
4591
4592
4593
4594
4595
4596
4597
4598
4599
4600
4601
4602
4603
4604
4605
4606
4607
4608
4609
4610
4611
4612
4613
0.007301783488451605 0.01827739537855683 0.001
0.006249999999999993 0.02845352606467065 0.001
0.01101710549312446 0.02323481524129345 0.001
0.004244867770142385 0.01850594084819111 0.001
0.001428792722290269 0.02370969736983351 0.001
0.009494716377670818 0.01876336652964489 0.001
0.01155378317837375 0.02023865758633859 0.001
0.01069423398617581 0.02714751747942235 0.001
0.001420094592424715 0.02031120685256689 0.001
0.001442991831865096 0.02743646267103581 0.001
0.005437820268322384 0.01840675260333641 0.001
0.005008813317431723 0.01945524668778295 0.001
0.003754358067943738 0.01961294316997628 0.001
0.004457377800576182 0.02066148534056165 0.001
0.005779956284815294 0.02037060723463932 0.001
0.005354545733633652 0.02162131819783539 0.001
0.006714538420791651 0.02134025545307293 0.001
0.006251107170124114 0.02265222694550362 0.001
0.007606723709922605 0.0223656132421992 0.001
0.007176879095924903 0.02375025331186841 0.001
0.005730916946357545 0.02402218510546324 0.001
0.00807109038664724 0.02105523812927169 0.001
0.00670108668058486 0.02518482532876193 0.001
0.005163231691490632 0.02546469988059599 0.001
0.008191035508405171 0.02487230519214933 0.001
0.004060071550102986 0.02186386253839025 0.001
0.007730451005709522 0.02632410849035559 0.001
0.008957218519531733 0.02204950412086619 0.001
0.009528521223183248 0.02075016332611266 0.001
0.004333654826361093 0.0242601481515455 0.001
0.003589391232060979 0.02566635344906657 0.001
0.008502837930907194 0.01998501365469162 0.001
0.004611514265476993 0.0270152247076254 0.001
0.007163308605529713 0.02002356759721653 0.001
0.0102762611751332 0.02188528349320451 0.001
0.006131301720592364 0.01925899538155797 0.001
0.01030058768281625 0.01910611235382836 0.001
0.008701450286561623 0.01841607949985273 0.001
0.01114408960176292 0.01932769685753016 0.001
0.01048334882963755 0.02000378826037033 0.001
0.001401262978450333 0.02196615621677373 0.001
0.01094617229472785 0.02523018351945575 0.001
0.007998577467605964 0.02851364674153859 0.001
0.001763695830715507 0.02565724206393665 0.001
0.002980220066751005 0.01864622920785922 0.001
0.009533856670961575 0.01965765447750836 0.001
0.009327160458004973 0.02588999098377477 0.001
0.006180067248019993 0.02668696809087882 0.001
0.002711426561307548 0.02268112051155808 0.001
0.002916310136896973 0.02097616136979757 0.001
0.009710846715264773 0.02860132732916011 0.001
0.008567353527232941 0.02341006324862186 0.001
0.01148616362029937 0.02147812429229201 0.001
0.006440779743320793 0.01832410772152646 0.001
0.002616758064277976 0.02865638785184659 0.001
0.00493136124978129 0.02289122991679619 0.001
0.004464285714285709 0.02863752458426543 0.001
0.009650046828412483 0.02426309620970316 0.001
0.007935985286376132 0.01900192335102091 0.001
0.001484636702421807 0.01882991755081609 0.001
0.003109135954472055 0.02717050069639676 0.001
0.002947472074140624 0.02415036668466325 0.001
0.009738698988770547 0.02296074292279097 0.001
0.008769093416997362 0.02733211193685607 0.001
0.002511123913287648 0.01967529163020321 0.001
0.01117735281601938 0.0286670608240659 0.001
0.01187914302739644 0.01934811357705388 0.001
0.001298141543848312 0.02870185845615169 0.001
0.01066561560532543 0.02087120339166362 0.001
0.00721377268889292 0.02750202178492514 0.001
0.008833769310495468 0.0191648075025437 0.001
0.00701491333638922 0.01899517615403224 0.001
0.008059995432377088 0.01815686418820214 0.001
0.003814246972272891 0.02310028641814737 0.001
0.005955629002703829 0.01981480130809865 0.001
0.006647305163061039 0.01964128148938725 0.001
0.006471632445172504 0.02019708741592792 0.001
0.003686843968736577 0.02081882335517961 0.001
0.003335334102420355 0.02029455226988693 0.001
0.00410586793425996 0.02013721425526897 0.001
0.01088121239771629 0.02168170389274826 0.001
0.01125163455671192 0.02235646976679273 0.001
0.01064668333412883 0.02256004936724898 0.001
0.005784560994457373 0.01883287399244719 0.001
0.005570057519012043 0.01935712103467046 0.001
0.005223316792877053 0.01893099964555968 0.001
0.003349263593266517 0.02641842707273167 0.001
0.002436415892593781 0.0264138713801667 0.001
0.002676543531388243 0.02566179775650161 0.001
0.01199308181014969 0.02196210063540126 0.001
0.01175855274656223 0.02284044610990198 0.001
0.005395790756748493 0.02685109639925211 0.001
0.006215033624009993 0.02757024707777474 0.001
0.005430757132738493 0.02773437538614802 0.001
0.005394384801123508 0.01991292696121114 0.001
0.002276063893168576 0.02730348168371628 0.001
0.001603343831290301 0.02654685236748623 0.001
0.00535714285714285 0.02854552532446804 0.001
0.004537899989881351 0.02782637464594541 0.001
0.006938923513160682 0.02068191152514473 0.001
0.006247247352803473 0.02085543134385612 0.001
0.003488190843499979 0.02142001195409391 0.001
0.004258724675339584 0.02126267393947595 0.001
0.001691281425151816 0.01816495877540805 0.001
0.0007423183512109037 0.01816495877540805 0.001
0.0007423183512109037 0.01905781591826519 0.001
0.008767609798528544 0.01879044350119822 0.001
0.008384877298435799 0.01908336542678231 0.001
0.008318717786468878 0.01870900142543682 0.001
0.008286964158777218 0.02052012589198166 0.001
0.009015679577045221 0.02036758849040214 0.001
0.008799805804915243 0.02090270072769217 0.001
0.00799799035937661 0.01857939376961153 0.001
0.008380722859469355 0.01828647184402744 0.001
0.01057448221748149 0.02043749582601697 0.001
0.01009706841425434 0.02081068335888814 0.001
0.0100059350264104 0.02037697579324149 0.001
0.005939300005821588 0.01836543016243143 0.001
0.006286040731956578 0.01879155155154222 0.001
0.007617199496088477 0.02053940286324411 0.001
0.007392814403719446 0.02119774679117231 0.001
0.003262836766790219 0.02289070346485273 0.001
0.003380859523206757 0.02362532655140531 0.001
0.002829449317724086 0.02341574359811066 0.001
0.004555469652008736 0.01800297042409556 0.001
0.003901106761595242 0.01800297042409556 0.001
0.00281386834910226 0.02182864094067783 0.001
0.003385749055705267 0.02227249152497417 0.001
0.00271371702509231 0.02032572650000039 0.001
0.003132740990615693 0.01964411740008975 0.001
0.0007006314892251666 0.0224116495369583 0.001
0.001415027850370301 0.02283792679330362 0.001
0.0007143963611451346 0.02328342011348819 0.001
0.01175855274656223 0.02376844098295506 0.001
0.009731663701586584 0.02723981470813921 0.001
0.009048126937501167 0.02661105146031542 0.001
0.01001069722209039 0.02651875423159856 0.001
0.01172308614736393 0.02476612512203621 0.001
0.01098163889392616 0.0242324993803746 0.001
0.004073950899316992 0.02368021728484643 0.001
0.003640563450250859 0.02420525741810437 0.001
0.0007100472962123577 0.01979846056914059 0.001
0.0007100472962123577 0.02069131771199774 0.001
0.007833073268218454 0.02000429062595407 0.001
0.001410678785437524 0.02113868153467031 0.001
0.0007006314892251666 0.02151879239410116 0.001
0.01202689158918688 0.02058197508625287 0.001
0.01202689158918688 0.01998228066474024 0.001
0.00924286987135749 0.02139983372348942 0.001
0.008514154453089486 0.02155237112506894 0.001
0.009531188947072411 0.02020390890181051 0.001
0.01000860275029956 0.01983072136893934 0.001
0.002355583952428065 0.02490380437429995 0.001
0.003268431653100801 0.02490836006686491 0.001
0.003268782909899552 0.01807311460392961 0.001
0.002439073107316415 0.01807311460392961 0.001
0.005151945901098735 0.0179533763016682 0.001
0.004841344019232384 0.01845634672576376 0.001
0.006573107528490792 0.01912708576779511 0.001
0.007089110970959467 0.01950937187562438 0.001
0.01013666637636641 0.02556008725161526 0.001
0.01082020314045183 0.02618885049943905 0.001
0.01172308614736393 0.02571578066793343 0.001
0.0115971169930879 0.02667444764791673 0.001
0.01029810956157017 0.02474663986457945 0.001
0.01033357616076847 0.0237489557254983 0.001
0.009239970066131068 0.02796671963300809 0.001
0.01020254035072029 0.02787442240429123 0.001
0.01199308181014969 0.02120170843922958 0.001
0.002056344769878941 0.02232363836416591 0.001
0.002070109641798909 0.0231954089406958 0.001
0.002862947009375015 0.02791344427412167 0.001
0.003786710834378882 0.02790401264033109 0.001
0.003540521889281842 0.02864695621805601 0.001
0.007838907048284922 0.02171042568573545 0.001
0.007160631065357128 0.02185293434763606 0.001
0.001596244276502888 0.02468346971688508 0.001
0.000881847915357753 0.0251500496033969 0.001
0.0007143963611451346 0.02417627725634533 0.001
0.005803571428571422 0.02922676303233532 0.001
0.006696428571428563 0.02922676303233532 0.001
0.003860325109974524 0.02709286270201108 0.001
0.002158786557673653 0.02147115879328565 0.001
0.007124288733802978 0.02848358640310462 0.001
0.007570717305231549 0.0292568233707693 0.001
0.0115971169930879 0.02762410319381395 0.001
0.002168202364660844 0.02064368411118223 0.001
0.000881847915357753 0.02604290674625404 0.001
0.0007214959159325476 0.02693251704980362 0.001
0.01047093839022931 0.02137824344243406 0.001
0.009902391199158225 0.02131772340965858 0.001
0.008463574448088693 0.0292568233707693 0.001
0.0007214959159325476 0.02782537419266077 0.001
0.009062095291064875 0.01817801092217617 0.001
0.008725725143280627 0.01795803974992637 0.001
0.00491071428571428 0.02931876229213271 0.001
0.00828197111472717 0.02220755868153269 0.001
0.009018347300934385 0.01982133406609999 0.001
0.009616739847332467 0.02196739380703535 0.001
0.005118667042695738 0.02051604628760048 0.001
0.004733095559003952 0.0200583660141723 0.001
0.01037790224094751 0.02309777908204221 0.001
0.01000748008195187 0.02242301320799774 0.001
0.009319709071918095 0.02930066366458006 0.001
0.01021256621477524 0.02930066366458006 0.001
0.004626840543787054 0.01898059376798703 0.001
0.001452365647423261 0.01957056220169149 0.001
0.008404997716188359 0.01782843209410107 0.001
0.0079301699432091 0.01782843209410107 0.001
0.005669426815223227 0.0179533763016682 0.001
0.008854712091435369 0.02855748703534935 0.001
0.004887372978483812 0.02623996229411069 0.001
0.004100452748768986 0.02634078907834599 0.001
0.004376311461775806 0.02556552666483128 0.001
0.007551063971246358 0.01788869768927841 0.001
0.007076236198267099 0.01788869768927841 0.001
0.01101856600400565 0.02012122292335446 0.001
0.01081371921570023 0.01966574255895024 0.001
0.01134893639006834 0.01978317722193437 0.001
0.004748443258925863 0.02486242401607074 0.001
0.005032285886359319 0.02414116662850437 0.001
0.005447074318924088 0.02474344249302961 0.001
0.007683957302165038 0.02431127925200887 0.001
0.007446061094495016 0.02502856526045563 0.001
0.006938982888254882 0.02446753932031517 0.001
0.003961523029211036 0.02496325080030604 0.001
0.006034542077212652 0.02148078682545416 0.001
0.005567251009224472 0.02099596271623736 0.001
0.004905961767104916 0.02114140176919852 0.001
0.004632508038071192 0.02357568903417085 0.001
0.005331139098069418 0.02345670751112972 0.001
0.007549646945952923 0.01951274547411872 0.001
0.008219411608641664 0.01949346850285627 0.001
0.005932159186037746 0.02532476260467896 0.001
0.006216001813471202 0.02460350521711259 0.001
0.006440576964302426 0.02593589670982038 0.001
0.005671649469755312 0.0260758339857374 0.001
0.01218957151369822 0.01953700866009788 0.001
0.01218957151369822 0.01904905678852694 0.001
0.009917222176888913 0.01938188341566836 0.001
0.009514286524316197 0.01921051050357662 0.001
0.009897652030243533 0.01893473944173663 0.001
0.007960743257057347 0.02559820684125246 0.001
0.007215768843147192 0.02575446690955876 0.001
0.006955259126864758 0.02650553829061721 0.001
0.01183867640800969 0.02933353041203295 0.001
0.01183867640800969 0.02838387486613573 0.001
0.006453898021141224 0.02388621920866583 0.001
0.006645734325701692 0.01791205386076323 0.001
0.006170906552722432 0.01791205386076323 0.001
0.002188132398215446 0.02393003202724838 0.001
0.01094581926515254 0.02933353041203295 0.001
0.008759097983205073 0.02538114808796205 0.001
0.008528805731857249 0.02610704973706518 0.001
0.00692891544002336 0.02250892009385141 0.001
0.006482822795457883 0.02199624119928827 0.001
0.0117164631028851 0.01979338558169624 0.001
0.002201236174996129 0.0293281939259233 0.001
0.003094093317853271 0.0293281939259233 0.001
0.005802826451878883 0.02213677257166951 0.001
0.005991012058240829 0.02333720602548343 0.001
0.006713993133024509 0.02320124012868601 0.001
0.007391801402923754 0.02305793327703381 0.001
0.004017857142857138 0.02931876229213271 0.001
0.01151161631457968 0.01933790521729202 0.001
0.006871281615886199 0.01830075155004164 0.001
0.011788492692121 0.01902321163765634 0.001
0.004707308641868319 0.02174259036811282 0.001
0.009694372908591514 0.02361191956624707 0.001
0.007872116311578923 0.02358015828024514 0.001
0.008379194517819056 0.02414118422038559 0.001
0.008762286023382337 0.02272978368474403 0.001
0.008087038618577774 0.02288783824541053 0.001
0.00438158569268773 0.01953409492887961 0.001
0.0006490707719241564 0.02935092922807585 0.001
0.001541927914781298 0.02935092922807585 0.001
0.0006490707719241564 0.0284580720852187 0.001
0.008920541168408827 0.02456770070092625 0.001
0.009488603643208728 0.02507654359673896 0.001
0.003612543918446695 0.01857608502802517 0.001
0.003999612919043062 0.01905944200908369 0.001
0.009820548801629005 0.01852663484752343 0.001
0.009458728336619473 0.01835165443707225 0.001
0.01142096597930424 0.01901300327789447 0.001
0.01102652136102591 0.01893589532724968 0.001
0.01060477040155257 0.01882510307539878 0.001
0.01022348445420172 0.01869800775961516 0.001
0.007680889460414346 0.01821712978337948 0.001
0.007618884387413869 0.01863965936478887 0.001
0.0103919682562269 0.01955495030709934 0.001
0.01151997339933656 0.0208583909393153 0.001
0.005591234209952702 0.02277172843114991 0.001
0.00909808333211622 0.01858972301474882 0.001
0.00514295349170747 0.02225627405731579 0.001
0.008668303620701331 0.01957491057861766 0.001
0.009108700177822712 0.02383657972916251 0.001
0.01072233864228958 0.01921690460567926 0.001
0.009153026258001743 0.02318540308570641 0.001
0.003367289067347371 0.01912958618891775 0.001
0.004495716399942138 0.02237754622759322 0.001
0.002232428384586406 0.01873807337933766 0.001
0.006696919968456456 0.02709449493790198 0.001
0.006731886344446456 0.0279777739247979 0.001
0.002029874948071535 0.0280464252614412 0.001
0.001965609252856181 0.01999324924138505 0.001
0.007158348412420412 0.01863628576629454 0.001
0.006727846539855006 0.01865964193777935 0.001
0.01093579340109759 0.02790728915174412 0.001
0.009347958754151141 0.02250512352182858 0.001
0.007475449311382676 0.01899854975252658 0.001
0.009183812990728521 0.01941123099002603 0.001
0.009164242844083143 0.0189640870160943 0.001
0.007606175078249441 0.02800783426323187 0.001
0.008383835442301663 0.02792287933919733 0.001
0.00437280411102709 0.02299575816747178 0.001
0.003937159261187938 0.02248207447826881 0.001
0.01044409976564207 0.02863419407661301 0.001
0.001370566687856704 0.02806916056359375 0.001
0.008249772211353442 0.02682811021360583 0.001
0.007991433052945141 0.02741706686089061 0.001
0.007472111847301221 0.02691306513764036 0.001
0.001957449804063144 0.02867912315399914 0.001
0.002745671990019327 0.01916076041903122 0.001
0.001997880307854727 0.01925260459050965 0.001
0.01110969939184959 0.02055493048900111 0.001
0.0110758896128124 0.02117466384197782 0.001
2 58 0 15
4614
4615
4616
4617
4618
4619
4620
4621
4622
4623
4624
4625
4626
4627
4628
0 0.03166666666666667 0.0005
0 0.03333333333333334 0.0005
0 0.03083333333333334 0.00025
0 0.03083333333333334 0.0005
0 0.03166666666666667 0.00025
0 0.03083333333333333 0.00075
0 0.03166666666666667 0.00075
0 0.0325 0.00025
0 0.0325 0.0005
0 0.03333333333333334 0.00025
0 0.0325 0.00075
0 0.03333333333333334 0.00075
0 0.03416666666666667 0.00025
0 0.03416666666666667 0.0005
0 0.03416666666666667 0.00075
2 59 0 39
4629
4630
4631
4632
4633
4634
4635
4636
4637
4638
4639
4640
4641
4642
4643
4644
4645
4646
4647
4648
4649
4650
4651
4652
4653
4654
4655
4656
4657
4658
4659
4660
4661
4662
4663
4664
4665
4666
4667
-0.00178571428571429 0.035 0.0005
-0.003571428571428582 0.035 0.0005
-0.005357142857142867 0.035 0.0005
-0.00714285714285715 0.035 0.0005
-0.008928571428571433 0.035 0.0005
-0.01071428571428572 0.035 0.0005
-0.0008928571428571451 0.035 0.00025
-0.0008928571428571451 0.035 0.0005
-0.00178571428571429 0.035 0.00025
-0.0008928571428571451 0.035 0.00075
-0.00178571428571429 0.035 0.00075
-0.002678571428571436 0.035 0.00025
-0.002678571428571436 0.035 0.0005
-0.003571428571428582 0.035 0.00025
-0.002678571428571436 0.035 0.00075
-0.003571428571428582 0.035 0.00075
-0.004464285714285724 0.035 0.00025
-0.004464285714285724 0.035 0.0005
-0.005357142857142867 0.035 0.00025
-0.004464285714285724 0.035 0.00075
-0.005357142857142867 0.035 0.00075
-0.006250000000000009 0.035 0.00025
-0.006250000000000009 0.035 0.0005
-0.00714285714285715 0.035 0.00025
-0.006250000000000009 0.035 0.00075
-0.00714285714285715 0.035 0.00075
-0.008035714285714292 0.035 0.00025
-0.008035714285714292 0.035 0.0005
-0.008928571428571433 0.035 0.00025
-0.008035714285714292 0.035 0.00075
-0.008928571428571433 0.035 0.00075
-0.009821428571428575 0.035 0.00025
-0.009821428571428575 0.035 0.0005
-0.01071428571428572 0.035 0.00025
-0.009821428571428575 0.035 0.00075
-0.01071428571428572 0.035 0.00075
-0.01160714285714286 0.035 0.00025
-0.01160714285714286 0.035 0.0005
-0.01160714285714286 0.035 0.00075
2 60 0 15
4668
4669
4670
4671
4672
4673
4674
4675
4676
4677
4678
4679
4680
4681
4682
-0.0125 0.03302963389090565 0.0005
-0.0125 0.0313289193415825 0.0005
-0.0125 0.03401481694545283 0.00025
-0.0125 0.03401481694545283 0.0005
-0.0125 0.03302963389090565 0.00025
-0.0125 0.03401481694545282 0.00075
-0.0125 0.03302963389090565 0.00075
-0.0125 0.03217927661624408 0.00025
-0.0125 0.03217927661624408 0.0005
-0.0125 0.0313289193415825 0.00025
-0.0125 0.03217927661624408 0.00075
-0.0125 0.0313289193415825 0.00075
-0.0125 0.03066445967079125 0.00025
-0.0125 0.03066445967079125 0.0005
-0.0125 0.03066445967079125 0.00075
2 61 0 124
4683
4684
4685
4686
4687
4688
4689
4690
4691
4692
4693
4694
4695
4696
4697
4698
4699
4700
4701
4702
4703
4704
4705
4706
4707
4708
4709
4710
4711
4712
4713
4714
4715
4716
4717
4718
4719
4720
4721
4722
4723
4724
4725
4726
4727
4728
4729
4730
4731
4732
4733
4734
4735
4736
4737
4738
4739
4740
4741
4742
4743
4744
4745
4746
4747
4748
4749
4750
4751
4752
4753
4754
4755
4756
4757
4758
4759
4760
4761
4762
4763
4764
4765
4766
4767
4768
4769
4770
4771
4772
4773
4774
4775
4776
4777
4778
4779
4780
4781
4782
4783
4784
4785
4786
4787
4788
4789
4790
4791
4792
4793
4794
4795
4796
4797
4798
4799
4800
4801
4802
4803
4804
4805
4806
-0.009765560874025962 0.03094723749927826 0.001
-0.006521489340185841 0.03096027928168028 0.001
-0.004209089030061416 0.0311110021962405 0.001
-0.001350492543094425 0.03259855204590352 0.001
-0.008074740313652025 0.03354196965829569 0.001
-0.004468075821897073 0.03357763733468713 0.001
-0.01127190250300134 0.03215002447574069 0.001
-0.006319915979510989 0.03333144275624141 0.001
-0.005140380906608601 0.03219015574033016 0.001
-0.00282692495114788 0.03116017317855672 0.001
-0.009883930234063143 0.03336257868438162 0.001
-0.008956214012817185 0.03218705753744119 0.001
-0.007444817243097049 0.03208595740800785 0.001
-0.002679223573742289 0.03351657397806304 0.001
-0.005503153810933721 0.03104269819828916 0.001
-0.01083558172168564 0.03095500357129111 0.001
-0.007558822190682536 0.03079869483779328 0.001
-0.008671785223636343 0.03094723749927826 0.001
-0.003636064413563176 0.03231002213376699 0.001
-0.01121376877667592 0.03357683090347763 0.001
-0.001418705072896135 0.03128833037764189 0.001
-0.01005567147368413 0.03204956395947887 0.001
-0.001232979517865171 0.03380224983630092 0.001
-0.006289664585802631 0.03195768804568083 0.001
-0.01170274171485947 0.03088678947772286 0.001
-0.002492692197921797 0.03230459037472441 0.001
-0.007759778778374537 0.03281396353315177 0.001
-0.006882366611304019 0.03270870008212463 0.001
-0.007197328146581507 0.03343670620726855 0.001
-0.003922576721812296 0.03171051216500374 0.001
-0.004388222660085889 0.03225008893704857 0.001
-0.004674734968335008 0.03165057896828533 0.001
-0.008058301233366696 0.03151659745364305 0.001
-0.008115303707159439 0.03087296616853577 0.001
-0.007501819716889792 0.03144232612290056 0.001
-0.008813999618226764 0.03156714751835973 0.001
-0.008200515627957117 0.03213650747272452 0.001
-0.00686724091444984 0.03202182272684434 0.001
-0.006304790282656811 0.03264456540096111 0.001
-0.01148732210893041 0.03151840697673178 0.001
-0.01126916171827256 0.03092089652450698 0.001
-0.01105374211234349 0.0315525140235159 0.001
-0.01210137085742974 0.03110785440965268 0.001
-0.01188595125150067 0.0317394719086616 0.001
-0.00673138656118407 0.0341657213781207 0.001
-0.007608798728254588 0.03427098482914784 0.001
-0.004052070117730125 0.03294382973422706 0.001
-0.004804228364252837 0.03288389653750864 0.001
-0.009406250831317287 0.03418128934219081 0.001
-0.008979335273857584 0.03345227417133866 0.001
-0.008501655871111728 0.03427098482914784 0.001
-0.01066378698834274 0.03209979421760978 0.001
-0.009969800853873638 0.03270607132193025 0.001
-0.01057791636853224 0.03275630158006115 0.001
-0.01188595125150067 0.03258982918332317 0.001
-0.009420072123440164 0.0327748181109114 0.001
-0.008515477163234605 0.03286451359786844 0.001
-0.005730148443059795 0.03276079924828578 0.001
-0.005393995900704031 0.03345454004546426 0.001
-0.005838529418326928 0.0341657213781207 0.001
-0.00491260933951997 0.03428881866734357 0.001
-0.009218673048831153 0.03094723749927826 0.001
-0.009360887443421574 0.03156714751835973 0.001
-0.01185688438833796 0.03330323239719164 0.001
-0.01185688438833796 0.03428841545173882 0.001
-0.002334522848180292 0.03058008658927836 0.001
-0.003157411428675426 0.03058008658927836 0.001
-0.005321767358771161 0.03161642696930966 0.001
-0.004856121420497569 0.03107685019726483 0.001
-0.003518006990604648 0.03113558768739861 0.001
-0.003848493468132194 0.03055550109812025 0.001
-0.01029910797417443 0.03418128934219081 0.001
-0.004019752196662827 0.03428881866734357 0.001
-0.0007093525364480673 0.03064416518882095 0.001
-0.001630412909054419 0.03064416518882095 0.001
-0.003573649697819681 0.03354710565637509 0.001
-0.003125326072585435 0.03425828698903152 0.001
-0.0006752462715472127 0.03296594268961843 0.001
-0.0006752462715472127 0.03213260935628509 0.001
-0.01054884950536953 0.03346970479392962 0.001
-0.01124283563983863 0.03286342768960916 0.001
-0.007040155765434188 0.03087948705973678 0.001
-0.006983153291641444 0.03152311834484407 0.001
-0.004511003712600966 0.03055550109812025 0.001
-0.0007093525364480673 0.03147749852215428 0.001
-0.002232468929728289 0.03425828698903152 0.001
-0.003231494682355529 0.03173509765616186 0.001
-0.01096402724548082 0.03428841545173882 0.001
-0.009505942743250659 0.03211831074846003 0.001
-0.009910616173855047 0.03149840072937857 0.001
-0.005896409198368176 0.03150019312198499 0.001
-0.006405576962994236 0.03145898366368055 0.001
-0.006012321575559781 0.03100148873998472 0.001
-0.005715022746205616 0.03207392189300549 0.001
-0.005158036103037119 0.03052134909914458 0.001
-0.003157643993652732 0.03291329805591502 0.001
-0.01210137085742974 0.03044339473886143 0.001
-0.005720249954298009 0.03052134909914458 0.001
-0.006229417718924068 0.03048013964084014 0.001
-0.006776305544118877 0.03048013964084014 0.001
-0.009492116961428557 0.03047361874963913 0.001
-0.01003900478662337 0.03047361874963913 0.001
-0.008398341311038938 0.03047361874963913 0.001
-0.008945229136233749 0.03047361874963913 0.001
-0.007294971969367225 0.03039934741889664 0.001
-0.007841859794562036 0.03039934741889664 0.001
-0.001509346901789731 0.03440112491815046 0.001
-0.0006164897589325856 0.03440112491815046 0.001
-0.01057401521045321 0.03047750178564555 0.001
-0.01112090303564802 0.03047750178564555 0.001
-0.001291736030479798 0.03320040094110222 0.001
-0.00195610154580373 0.03365941190718198 0.001
-0.002014858058418357 0.03305756301198328 0.001
-0.0006164897589325856 0.03356779158481713 0.001
-0.01044562659768489 0.03150228376538499 0.001
-0.0103005712978558 0.03095112053528468 0.001
-0.002585957885832043 0.03291058217639373 0.001
-0.001921592370508111 0.03245157121031396 0.001
-0.00138459880799528 0.0319434412117727 0.001
-0.001955698635408966 0.03179646037618315 0.001
-0.002659808574534839 0.03173238177664056 0.001
-0.002122815012022008 0.03122425177809931 0.001
-0.01155448303223493 0.03044339473886143 0.001
-0.003064378305742486 0.0323073062542457 0.001
2 62 0 15
4807
4808
4809
4810
4811
4812
4813
4814
4815
4816
4817
4818
4819
4820
4821
0.0125 0.03166666666666667 0.0005
0.0125 0.03333333333333334 0.0005
0.0125 0.03083333333333334 0.00025
0.0125 0.03083333333333334 0.0005
0.0125 0.03166666666666667 0.00025
0.0125 0.03083333333333333 0.00075
0.0125 0.03166666666666667 0.00075
0.0125 0.0325 0.00025
0.0125 0.0325 0.0005
0.0125 0.03333333333333334 0.00025
0.0125 0.0325 0.00075
0.0125 0.03333333333333334 0.00075
0.0125 0.03416666666666667 0.00025
0.0125 0.03416666666666667 0.0005
0.0125 0.03416666666666667 0.00075
2 63 0 39
4822
4823
4824
4825
4826
4827
4828
4829
4830
4831
4832
4833
4834
4835
4836
4837
4838
4839
4840
4841
4842
4843
4844
4845
4846
4847
4848
4849
4850
4851
4852
4853
4854
4855
4856
4857
4858
4859
4860
0.01071428571428571 0.035 0.0005
0.008928571428571419 0.035 0.0005
0.007142857142857134 0.035 0.0005
0.00535714285714285 0.035 0.0005
0.003571428571428567 0.035 0.0005
0.001785714285714283 0.035 0.0005
0.01160714285714286 0.035 0.00025
0.01160714285714286 0.035 0.0005
0.01071428571428571 0.035 0.00025
0.01160714285714286 0.035 0.00075
0.01071428571428571 0.035 0.00075
0.009821428571428564 0.035 0.00025
0.009821428571428564 0.035 0.0005
0.008928571428571419 0.035 0.00025
0.009821428571428564 0.035 0.00075
0.008928571428571419 0.035 0.00075
0.008035714285714276 0.035 0.00025
0.008035714285714276 0.035 0.0005
0.007142857142857134 0.035 0.00025
0.008035714285714276 0.035 0.00075
0.007142857142857134 0.035 0.00075
0.006249999999999992 0.035 0.00025
0.006249999999999992 0.035 0.0005
0.00535714285714285 0.035 0.00025
0.006249999999999992 0.035 0.00075
0.00535714285714285 0.035 0.00075
0.004464285714285709 0.035 0.00025
0.004464285714285709 0.035 0.0005
0.003571428571428567 0.035 0.00025
0.004464285714285709 0.035 0.00075
0.003571428571428567 0.035 0.00075
0.002678571428571426 0.035 0.00025
0.002678571428571426 0.035 0.0005
0.001785714285714283 0.035 0.00025
0.002678571428571426 0.035 0.00075
0.001785714285714283 0.035 0.00075
0.0008928571428571414 0.035 0.00025
0.0008928571428571414 0.035 0.0005
0.0008928571428571414 0.035 0.00075
2 64 0 97
4861
4862
4863
4864
4865
4866
4867
4868
4869
4870
4871
4872
4873
4874
4875
4876
4877
4878
4879
4880
4881
4882
4883
4884
4885
4886
4887
4888
4889
4890
4891
4892
4893
4894
4895
4896
4897
4898
4899
4900
4901
4902
4903
4904
4905
4906
4907
4908
4909
4910
4911
4912
4913
4914
4915
4916
4917
4918
4919
4920
4921
4922
4923
4924
4925
4926
4927
4928
4929
4930
4931
4932
4933
4934
4935
4936
4937
4938
4939
4940
4941
4942
4943
4944
4945
4946
4947
4948
4949
4950
4951
4952
4953
4954
4955
4956
4957
0.001443375672974063 0.0325 0.001
0.01105662432702594 0.0325 0.001
0.004469605718690128 0.03350761937281858 0.001
0.008030394281309857 0.03149238062718143 0.001
0.008030394281309857 0.03350761937281858 0.001
0.004469605718690128 0.03149238062718143 0.001
0.006249999999999992 0.03350966944059098 0.001
0.006249999999999993 0.03149033055940902 0.001
0.009803467465686805 0.03339934425289712 0.001
0.009815978693429022 0.03158421072053966 0.001
0.002696532534313187 0.03339934425289712 0.001
0.00268402130657097 0.03158421072053966 0.001
0.001208563691709628 0.03382484457147703 0.001
0.01129143630829037 0.03382484457147703 0.001
0.01131737774694813 0.03115017547744127 0.001
0.001182622253051864 0.03115017547744127 0.001
0.005359500364148943 0.0325 0.001
0.007139837288644567 0.0325 0.001
0.003678928370696332 0.03249914384493111 0.001
0.008821037146421186 0.03249914384493111 0.001
0.002063698489772516 0.03204210536026983 0.001
0.002690276920442079 0.03249177748671839 0.001
0.002069954103643626 0.03294967212644856 0.001
0.009809723079557913 0.03249177748671839 0.001
0.01043630151022748 0.03204210536026983 0.001
0.01043004589635637 0.03294967212644856 0.001
0.009312252306053995 0.03294924404891412 0.001
0.009318507919925105 0.03204167728273539 0.001
0.00318147483863365 0.03204167728273539 0.001
0.00318773045250476 0.03294924404891412 0.001
0.00535980285934506 0.03350864440670478 0.001
0.005803571428571421 0.03425483472029549 0.001
0.004913374287916489 0.03425380968640929 0.001
0.005803571428571422 0.03074516527970451 0.001
0.005359802859345061 0.03149135559329523 0.001
0.004913374287916489 0.03074619031359072 0.001
0.006696428571428563 0.03425483472029549 0.001
0.007140197140654924 0.03350864440670478 0.001
0.007586625712083496 0.03425380968640929 0.001
0.006696428571428563 0.03074516527970451 0.001
0.004020517145059348 0.03074619031359072 0.001
0.004020517145059348 0.03425380968640929 0.001
0.008479482854940639 0.03425380968640929 0.001
0.008479482854940639 0.03074619031359072 0.001
0.007586625712083496 0.03074619031359072 0.001
0.007140197140654924 0.03149135559329523 0.001
0.003127724938999769 0.03079210536026983 0.001
0.002234867796142626 0.03079210536026983 0.001
0.002241123410013735 0.03419967212644856 0.001
0.003133980552870877 0.03419967212644856 0.001
0.01026513220385737 0.03079210536026983 0.001
0.009372275061000222 0.03079210536026983 0.001
0.009366019447129111 0.03419967212644856 0.001
0.01025887658998626 0.03419967212644856 0.001
0.0007216878364870311 0.03208333333333333 0.001
0.0007216878364870311 0.03291666666666667 0.001
0.01177831216351297 0.03291666666666667 0.001
0.01177831216351297 0.03208333333333333 0.001
0.00892318648736944 0.03153829567386054 0.001
0.003583069126501658 0.03345348181285785 0.001
0.003576813512630549 0.03153829567386054 0.001
0.008916930873498331 0.03345348181285785 0.001
0.01100286101128804 0.03441242228573851 0.001
0.01189571815414519 0.03441242228573851 0.001
0.001484168269383073 0.03057508773872063 0.001
0.0005913111265259318 0.03057508773872063 0.001
0.0006042818458548141 0.03441242228573851 0.001
0.001497138988711955 0.03441242228573851 0.001
0.01190868887347407 0.03057508773872063 0.001
0.01101583173061692 0.03057508773872063 0.001
0.0005913111265259318 0.03140842107205397 0.001
0.01190868887347407 0.03140842107205397 0.001
0.0006042818458548141 0.03357908895240518 0.001
0.01189571815414519 0.03357908895240518 0.001
0.01056667822018858 0.03136719309899047 0.001
0.001952548113011408 0.03361209441218708 0.001
0.001933321779811417 0.03136719309899047 0.001
0.01054745188698859 0.03361209441218708 0.001
0.001325969682341846 0.03316242228573851 0.001
0.01118700103698704 0.03182508773872064 0.001
0.01117403031765815 0.03316242228573851 0.001
0.001312998963012964 0.03182508773872064 0.001
0.007585115784977212 0.03199619031359072 0.001
0.00669491864432228 0.03199516527970452 0.001
0.006694918644322279 0.03300483472029549 0.001
0.007585115784977212 0.03300380968640929 0.001
0.004914553041419536 0.03300380968640929 0.001
0.005804750182074467 0.03300483472029549 0.001
0.005804750182074467 0.03199516527970452 0.001
0.004914553041419536 0.03199619031359072 0.001
0.006249668826396755 0.0325 0.001
0.008425715713865523 0.03199576223605627 0.001
0.007980437217532877 0.03249957192246555 0.001
0.008425715713865523 0.03300338160887484 0.001
0.004519214367422638 0.03249957192246555 0.001
0.004074267044693229 0.03199576223605627 0.001
0.004074267044693229 0.03300338160887484 0.001
3 1 0 291
4958
4959
4960
4961
4962
4963
4964
4965
4966
4967
4968
4969
4970
4971
4972
4973
4974
4975
4976
4977
4978
4979
4980
4981
4982
4983
4984
4985
4986
4987
4988
4989
4990
4991
4992
4993
4994
4995
4996
4997
4998
4999
5000
5001
5002
5003
5004
5005
5006
5007
5008
5009
5010
5011
5012
5013
5014
5015
5016
5017
5018
5019
5020
5021
5022
5023
5024
5025
5026
5027
5028
5029
5030
5031
5032
5033
5034
5035
5036
5037
5038
5039
5040
5041
5042
5043
5044
5045
5046
5047
5048
5049
5050
5051
5052
5053
5054
5055
5056
5057
5058
5059
5060
5061
5062
5063
5064
5065
5066
5067
5068
5069
5070
5071
5072
5073
5074
5075
5076
5077
5078
5079
5080
5081
5082
5083
5084
5085
5086
5087
5088
5089
5090
5091
5092
5093
5094
5095
5096
5097
5098
5099
5100
5101
5102
5103
5104
5105
5106
5107
5108
5109
5110
5111
5112
5113
5114
5115
5116
5117
5118
5119
5120
5121
5122
5123
5124
5125
5126
5127
5128
5129
5130
5131
5132
5133
5134
5135
5136
5137
5138
5139
5140
5141
5142
5143
5144
5145
5146
5147
5148
5149
5150
5151
5152
5153
5154
5155
5156
5157
5158
5159
5160
5161
5162
5163
5164
5165
5166
5167
5168
5169
5170
5171
5172
5173
5174
5175
5176
5177
5178
5179
5180
5181
5182
5183
5184
5185
5186
5187
5188
5189
5190
5191
5192
5193
5194
5195
5196
5197
5198
5199
5200
5201
5202
5203
5204
5205
5206
5207
5208
5209
5210
5211
5212
5213
5214
5215
5216
5217
5218
5219
5220
5221
5222
5223
5224
5225
5226
5227
5228
5229
5230
5231
5232
5233
5234
5235
5236
5237
5238
5239
5240
5241
5242
5243
5244
5245
5246
5247
5248
-0.01105662432702594 0.0025 0.0005
-0.001443375672974064 0.0025 0.0005
-0.008030394281309871 0.003507619372818573 0.0005
-0.004469605718690128 0.001492380627181428 0.0005
-0.008030394281309859 0.001492380627181429 0.0005
-0.004469605718690142 0.003507619372818571 0.0005
-0.006249999999999993 0.001490330559409022 0.0005
-0.006250000000000007 0.003509669440590979 0.0005
-0.002696532534313193 0.003399344252897123 0.0005
-0.009803467465686808 0.001600655747102879 0.0005
-0.002684021306570971 0.001584210720539661 0.0005
-0.009815978693429029 0.00341578927946034 0.0005
-0.001182622253051864 0.001150175477441266 0.0005
-0.01129143630829037 0.001175155428522971 0.0005
-0.00120856369170963 0.00382484457147703 0.0005
-0.01131737774694814 0.003849824522558735 0.0005
-0.005360443366951385 0.002499999999999997 0.0005
-0.007139949550882959 0.002499999999999999 0.0005
-0.003678977464969679 0.002499143844931107 0.0005
-0.008821042990977549 0.002500856155068894 0.0005
-0.002063698489772518 0.002042105360269831 0.00025
-0.002684021306570971 0.001584210720539661 0.00025
-0.002690276920442082 0.002491777486718392 0.00025
-0.002069954103643628 0.002949672126448562 0.0005
-0.002063698489772518 0.002042105360269831 0.0005
-0.002690276920442082 0.002491777486718392 0.0005
-0.002069954103643628 0.002949672126448562 0.00025
-0.001443375672974064 0.0025 0.00025
-0.002696532534313193 0.003399344252897123 0.00025
-0.002063698489772518 0.002042105360269831 0.00075
-0.002684021306570971 0.001584210720539661 0.00075
-0.002690276920442082 0.002491777486718392 0.00075
-0.002069954103643628 0.002949672126448562 0.00075
-0.001443375672974064 0.0025 0.00075
-0.002696532534313193 0.003399344252897123 0.00075
-0.01043630151022748 0.00295789463973017 0.00025
-0.009815978693429029 0.00341578927946034 0.00025
-0.009809723079557919 0.002508222513281609 0.00025
-0.01043004589635637 0.00205032787355144 0.0005
-0.01043630151022748 0.00295789463973017 0.0005
-0.009809723079557919 0.002508222513281609 0.0005
-0.01043004589635637 0.00205032787355144 0.00025
-0.01105662432702594 0.0025 0.00025
-0.009803467465686808 0.001600655747102879 0.00025
-0.01043630151022748 0.00295789463973017 0.00075
-0.009815978693429029 0.00341578927946034 0.00075
-0.009809723079557919 0.002508222513281609 0.00075
-0.01043004589635637 0.00205032787355144 0.00075
-0.01105662432702594 0.0025 0.00075
-0.009803467465686808 0.001600655747102879 0.00075
-0.009318510842203288 0.002958322717264617 0.00025
-0.008821042990977549 0.002500856155068894 0.00025
-0.009312255228332178 0.002050755951085886 0.00025
-0.009318510842203288 0.002958322717264617 0.0005
-0.009312255228332178 0.002050755951085886 0.0005
-0.009318510842203288 0.002958322717264617 0.00075
-0.008821042990977549 0.002500856155068894 0.00075
-0.009312255228332178 0.002050755951085886 0.00075
-0.003181499385770325 0.002041677282735384 0.00025
-0.003678977464969679 0.002499143844931107 0.00025
-0.003187754999641436 0.002949244048914115 0.00025
-0.003181499385770325 0.002041677282735384 0.0005
-0.003187754999641436 0.002949244048914115 0.0005
-0.003181499385770325 0.002041677282735384 0.00075
-0.003678977464969679 0.002499143844931107 0.00075
-0.003187754999641436 0.002949244048914115 0.00075
-0.005359802859345075 0.003508644406704775 0.00025
-0.006250000000000007 0.003509669440590979 0.00025
-0.005803571428571437 0.00425483472029549 0.00025
-0.004913374287916505 0.004253809686409286 0.0005
-0.005359802859345075 0.003508644406704775 0.0005
-0.005803571428571437 0.00425483472029549 0.0005
-0.004913374287916505 0.004253809686409286 0.00025
-0.004469605718690142 0.003507619372818571 0.00025
-0.005359802859345075 0.003508644406704775 0.00075
-0.006250000000000007 0.003509669440590979 0.00075
-0.005803571428571437 0.00425483472029549 0.00075
-0.004913374287916505 0.004253809686409286 0.00075
-0.004469605718690142 0.003507619372818571 0.00075
-0.007140197140654926 0.001491355593295226 0.00025
-0.006249999999999993 0.001490330559409022 0.00025
-0.006696428571428563 0.000745165279704511 0.00025
-0.007586625712083496 0.0007461903135907147 0.0005
-0.007140197140654926 0.001491355593295226 0.0005
-0.006696428571428563 0.000745165279704511 0.0005
-0.007586625712083496 0.0007461903135907147 0.00025
-0.008030394281309859 0.001492380627181429 0.00025
-0.007140197140654926 0.001491355593295226 0.00075
-0.006249999999999993 0.001490330559409022 0.00075
-0.006696428571428563 0.000745165279704511 0.00075
-0.007586625712083496 0.0007461903135907147 0.00075
-0.008030394281309859 0.001492380627181429 0.00075
-0.005803571428571422 0.000745165279704511 0.00025
-0.005359802859345061 0.001491355593295225 0.00025
-0.004913374287916489 0.0007461903135907138 0.0005
-0.005803571428571422 0.000745165279704511 0.0005
-0.005359802859345061 0.001491355593295225 0.0005
-0.004913374287916489 0.0007461903135907138 0.00025
-0.004469605718690128 0.001492380627181428 0.00025
-0.005803571428571422 0.000745165279704511 0.00075
-0.005359802859345061 0.001491355593295225 0.00075
-0.004913374287916489 0.0007461903135907138 0.00075
-0.004469605718690128 0.001492380627181428 0.00075
-0.004020517145059362 0.004253809686409286 0.0005
-0.004020517145059362 0.004253809686409286 0.00025
-0.004020517145059362 0.004253809686409286 0.00075
-0.008479482854940639 0.0007461903135907147 0.0005
-0.008479482854940639 0.0007461903135907147 0.00025
-0.008479482854940639 0.0007461903135907147 0.00075
-0.006696428571428579 0.00425483472029549 0.00025
-0.007140197140654939 0.003508644406704776 0.00025
-0.007586625712083511 0.004253809686409287 0.0005
-0.006696428571428579 0.00425483472029549 0.0005
-0.007140197140654939 0.003508644406704776 0.0005
-0.007586625712083511 0.004253809686409287 0.00025
-0.008030394281309871 0.003507619372818573 0.00025
-0.006696428571428579 0.00425483472029549 0.00075
-0.007140197140654939 0.003508644406704776 0.00075
-0.007586625712083511 0.004253809686409287 0.00075
-0.008030394281309871 0.003507619372818573 0.00075
-0.004020517145059348 0.0007461903135907138 0.00025
-0.004020517145059348 0.0007461903135907138 0.0005
-0.004020517145059348 0.0007461903135907138 0.00075
-0.008479482854940653 0.004253809686409287 0.00025
-0.008479482854940653 0.004253809686409287 0.0005
-0.008479482854940653 0.004253809686409287 0.00075
-0.01025887658998626 0.0008003278735514393 0.00025
-0.009366019447129115 0.0008003278735514393 0.00025
-0.01025887658998626 0.0008003278735514393 0.0005
-0.009366019447129115 0.0008003278735514393 0.0005
-0.01025887658998626 0.0008003278735514393 0.00075
-0.009366019447129115 0.0008003278735514393 0.00075
-0.002241123410013742 0.004199672126448561 0.00025
-0.003133980552870887 0.004199672126448561 0.00025
-0.002241123410013742 0.004199672126448561 0.0005
-0.003133980552870887 0.004199672126448561 0.0005
-0.002241123410013742 0.004199672126448561 0.00075
-0.003133980552870887 0.004199672126448561 0.00075
-0.00312772493899977 0.0007921053602698304 0.00025
-0.002234867796142627 0.0007921053602698304 0.00025
-0.00312772493899977 0.0007921053602698304 0.0005
-0.002234867796142627 0.0007921053602698304 0.0005
-0.00312772493899977 0.0007921053602698304 0.00075
-0.002234867796142627 0.0007921053602698304 0.00075
-0.009372275061000232 0.00420789463973017 0.00025
-0.01026513220385737 0.00420789463973017 0.00025
-0.009372275061000232 0.00420789463973017 0.0005
-0.01026513220385737 0.00420789463973017 0.0005
-0.009372275061000232 0.00420789463973017 0.00075
-0.01026513220385737 0.00420789463973017 0.00075
-0.0007216878364870319 0.002083333333333334 0.00025
-0.0007216878364870319 0.002916666666666667 0.00025
-0.0007216878364870319 0.002083333333333334 0.0005
-0.0007216878364870319 0.002916666666666667 0.0005
-0.0007216878364870319 0.002083333333333334 0.00075
-0.0007216878364870319 0.002916666666666667 0.00075
-0.01177831216351297 0.002916666666666667 0.00025
-0.01177831216351297 0.002083333333333334 0.00025
-0.01177831216351297 0.002916666666666667 0.0005
-0.01177831216351297 0.002083333333333334 0.0005
-0.01177831216351297 0.002916666666666667 0.00075
-0.01177831216351297 0.002083333333333334 0.00075
-0.003583069126501667 0.003453481812857847 0.00025
-0.003583069126501667 0.003453481812857847 0.0005
-0.003583069126501667 0.003453481812857847 0.00075
-0.008916930873498333 0.001546518187142154 0.00025
-0.008916930873498333 0.001546518187142154 0.0005
-0.008916930873498333 0.001546518187142154 0.00075
-0.00357681351263055 0.001538295673860544 0.00025
-0.00357681351263055 0.001538295673860544 0.0005
-0.00357681351263055 0.001538295673860544 0.00075
-0.00892318648736945 0.003461704326139456 0.00025
-0.00892318648736945 0.003461704326139456 0.0005
-0.00892318648736945 0.003461704326139456 0.00075
-0.01189571815414519 0.0005875777142614856 0.00025
-0.01129143630829037 0.001175155428522971 0.00025
-0.01100286101128804 0.0005875777142614856 0.00025
-0.01189571815414519 0.0005875777142614856 0.0005
-0.01100286101128804 0.0005875777142614856 0.0005
-0.01189571815414519 0.0005875777142614856 0.00075
-0.01129143630829037 0.001175155428522971 0.00075
-0.01100286101128804 0.0005875777142614856 0.00075
-0.001484168269383073 0.0005750877387206328 0.00025
-0.001182622253051864 0.001150175477441266 0.00025
-0.0005913111265259318 0.0005750877387206328 0.00025
-0.001484168269383073 0.0005750877387206328 0.0005
-0.0005913111265259318 0.0005750877387206328 0.0005
-0.001484168269383073 0.0005750877387206328 0.00075
-0.001182622253051864 0.001150175477441266 0.00075
-0.0005913111265259318 0.0005750877387206328 0.00075
-0.0006042818458548149 0.004412422285738515 0.00025
-0.00120856369170963 0.00382484457147703 0.00025
-0.00149713898871196 0.004412422285738515 0.00025
-0.0006042818458548149 0.004412422285738515 0.0005
-0.00149713898871196 0.004412422285738515 0.0005
-0.0006042818458548149 0.004412422285738515 0.00075
-0.00120856369170963 0.00382484457147703 0.00075
-0.00149713898871196 0.004412422285738515 0.00075
-0.01101583173061693 0.004424912261279368 0.00025
-0.01131737774694814 0.003849824522558735 0.00025
-0.01190868887347407 0.004424912261279368 0.00025
-0.01101583173061693 0.004424912261279368 0.0005
-0.01190868887347407 0.004424912261279368 0.0005
-0.01101583173061693 0.004424912261279368 0.00075
-0.01131737774694814 0.003849824522558735 0.00075
-0.01190868887347407 0.004424912261279368 0.00075
-0.01190868887347407 0.003591578927946035 0.00025
-0.01190868887347407 0.003591578927946035 0.0005
-0.01190868887347407 0.003591578927946035 0.00075
-0.0005913111265259318 0.001408421072053966 0.00025
-0.0005913111265259318 0.001408421072053966 0.0005
-0.0005913111265259318 0.001408421072053966 0.00075
-0.01189571815414519 0.001420911047594819 0.00025
-0.01189571815414519 0.001420911047594819 0.0005
-0.01189571815414519 0.001420911047594819 0.00075
-0.0006042818458548149 0.003579088952405182 0.00025
-0.0006042818458548149 0.003579088952405182 0.0005
-0.0006042818458548149 0.003579088952405182 0.00075
-0.001952548113011411 0.003612094412187076 0.00025
-0.001952548113011411 0.003612094412187076 0.0005
-0.001952548113011411 0.003612094412187076 0.00075
-0.01054745188698859 0.001387905587812925 0.00025
-0.01054745188698859 0.001387905587812925 0.0005
-0.01054745188698859 0.001387905587812925 0.00075
-0.001933321779811417 0.001367193098990463 0.00025
-0.001933321779811417 0.001367193098990463 0.0005
-0.001933321779811417 0.001367193098990463 0.00075
-0.01056667822018858 0.003632806901009538 0.00025
-0.01056667822018858 0.003632806901009538 0.0005
-0.01056667822018858 0.003632806901009538 0.00075
-0.001325969682341847 0.003162422285738515 0.00025
-0.001325969682341847 0.003162422285738515 0.0005
-0.001325969682341847 0.003162422285738515 0.00075
-0.01117403031765815 0.001837577714261486 0.00025
-0.01117403031765815 0.001837577714261486 0.0005
-0.01117403031765815 0.001837577714261486 0.00075
-0.001312998963012964 0.001825087738720633 0.00025
-0.001312998963012964 0.001825087738720633 0.0005
-0.001312998963012964 0.001825087738720633 0.00075
-0.01118700103698704 0.003174912261279368 0.00025
-0.01118700103698704 0.003174912261279368 0.0005
-0.01118700103698704 0.003174912261279368 0.00075
-0.006250196458917171 0.002499999999999998 0.00025
-0.007139949550882959 0.002499999999999999 0.00025
-0.006694974775441483 0.003004834720295489 0.00025
-0.005805221683475695 0.003004834720295488 0.0005
-0.006250196458917171 0.002499999999999998 0.0005
-0.006694974775441483 0.003004834720295489 0.0005
-0.005805221683475695 0.003004834720295488 0.00025
-0.005360443366951385 0.002499999999999997 0.00025
-0.006250196458917171 0.002499999999999998 0.00075
-0.007139949550882959 0.002499999999999999 0.00075
-0.006694974775441483 0.003004834720295489 0.00075
-0.005805221683475695 0.003004834720295488 0.00075
-0.005360443366951385 0.002499999999999997 0.00075
-0.004915024542820763 0.003003809686409284 0.0005
-0.004915024542820763 0.003003809686409284 0.00025
-0.004915024542820763 0.003003809686409284 0.00075
-0.006694974775441476 0.001995165279704511 0.00025
-0.005805221683475689 0.001995165279704509 0.0005
-0.006694974775441476 0.001995165279704511 0.0005
-0.005805221683475689 0.001995165279704509 0.00025
-0.006694974775441476 0.001995165279704511 0.00075
-0.005805221683475689 0.001995165279704509 0.00075
-0.004915024542820756 0.001996190313590712 0.00025
-0.004915024542820756 0.001996190313590712 0.0005
-0.004915024542820756 0.001996190313590712 0.00075
-0.007585171916096415 0.003003809686409286 0.00025
-0.007585171916096415 0.003003809686409286 0.0005
-0.007585171916096415 0.003003809686409286 0.00075
-0.007585171916096409 0.001996190313590714 0.00025
-0.007585171916096409 0.001996190313590714 0.0005
-0.007585171916096409 0.001996190313590714 0.00075
-0.007980496270930254 0.002500428077534447 0.00025
-0.008425718636143709 0.003004237763943734 0.00025
-0.007980496270930254 0.002500428077534447 0.0005
-0.008425718636143709 0.003004237763943734 0.0005
-0.007980496270930254 0.002500428077534447 0.00075
-0.008425718636143709 0.003004237763943734 0.00075
-0.008425718636143704 0.001996618391125162 0.00025
-0.008425718636143704 0.001996618391125162 0.0005
-0.008425718636143704 0.001996618391125162 0.00075
-0.00407429159182991 0.003003381608874839 0.00025
-0.004519710415960531 0.002499571922465552 0.00025
-0.00407429159182991 0.003003381608874839 0.0005
-0.004519710415960531 0.002499571922465552 0.0005
-0.00407429159182991 0.003003381608874839 0.00075
-0.004519710415960531 0.002499571922465552 0.00075
-0.004074291591829904 0.001995762236056267 0.00025
-0.004074291591829904 0.001995762236056267 0.0005
-0.004074291591829904 0.001995762236056267 0.00075
3 2 0 372
5249
5250
5251
5252
5253
5254
5255
5256
5257
5258
5259
5260
5261
5262
5263
5264
5265
5266
5267
5268
5269
5270
5271
5272
5273
5274
5275
5276
5277
5278
5279
5280
5281
5282
5283
5284
5285
5286
5287
5288
5289
5290
5291
5292
5293
5294
5295
5296
5297
5298
5299
5300
5301
5302
5303
5304
5305
5306
5307
5308
5309
5310
5311
5312
5313
5314
5315
5316
5317
5318
5319
5320
5321
5322
5323
5324
5325
5326
5327
5328
5329
5330
5331
5332
5333
5334
5335
5336
5337
5338
5339
5340
5341
5342
5343
5344
5345
5346
5347
5348
5349
5350
5351
5352
5353
5354
5355
5356
5357
5358
5359
5360
5361
5362
5363
5364
5365
5366
5367
5368
5369
5370
5371
5372
5373
5374
5375
5376
5377
5378
5379
5380
5381
5382
5383
5384
5385
5386
5387
5388
5389
5390
5391
5392
5393
5394
5395
5396
5397
5398
5399
5400
5401
5402
5403
5404
5405
5406
5407
5408
5409
5410
5411
5412
5413
5414
5415
5416
5417
5418
5419
5420
5421
5422
5423
5424
5425
5426
5427
5428
5429
5430
5431
5432
5433
5434
5435
5436
5437
5438
5439
5440
5441
5442
5443
5444
5445
5446
5447
5448
5449
5450
5451
5452
5453
5454
5455
5456
5457
5458
5459
5460
5461
5462
5463
5464
5465
5466
5467
5468
5469
5470
5471
5472
5473
5474
5475
5476
5477
5478
5479
5480
5481
5482
5483
5484
5485
5486
5487
5488
5489
5490
5491
5492
5493
5494
5495
5496
5497
5498
5499
5500
5501
5502
5503
5504
5505
5506
5507
5508
5509
5510
5511
5512
5513
5514
5515
5516
5517
5518
5519
5520
5521
5522
5523
5524
5525
5526
5527
5528
5529
5530
5531
5532
5533
5534
5535
5536
5537
5538
5539
5540
5541
5542
5543
5544
5545
5546
5547
5548
5549
5550
5551
5552
5553
5554
5555
5556
5557
5558
5559
5560
5561
5562
5563
5564
5565
5566
5567
5568
5569
5570
5571
5572
5573
5574
5575
5576
5577
5578
5579
5580
5581
5582
5583
5584
5585
5586
5587
5588
5589
5590
5591
5592
5593
5594
5595
5596
5597
5598
5599
5600
5601
5602
5603
5604
5605
5606
5607
5608
5609
5610
5611
5612
5613
5614
5615
5616
5617
5618
5619
5620
0.009765560874025952 0.004052762500721744 0.0005
0.006521489340185833 0.004039720718319722 0.0005
0.004209089030061417 0.003888997803759507 0.0005
0.001350492543094426 0.00240144795409648 0.0005
0.008074740313652023 0.001458030341704314 0.0005
0.004468075821897073 0.001422362665312877 0.0005
0.01127190250300134 0.002849975524259315 0.0005
0.006319915979510989 0.001668557243758602 0.0005
0.005140380906608601 0.00280984425966985 0.0005
0.002826924951147883 0.003839826821443279 0.0005
0.009883930234063143 0.001637421315618384 0.0005
0.008956214012817185 0.002812942462558807 0.0005
0.007444817243097046 0.002914042591992159 0.0005
0.002679223573742289 0.001483426021936966 0.0005
0.005503153810933719 0.003957301801710845 0.0005
0.01083558172168564 0.004044996428708897 0.0005
0.007558822190682529 0.004201305162206725 0.0005
0.008671785223636333 0.004052762500721745 0.0005
0.003636064413563178 0.002689977866233013 0.0005
0.01121376877667593 0.001423169096522377 0.0005
0.001418705072896136 0.003711669622358116 0.0005
0.01005567147368413 0.002950436040521134 0.0005
0.001232979517865172 0.001197750163699077 0.0005
0.006289664585802628 0.003042311954319176 0.0005
0.01170274171485947 0.004113210522277142 0.0005
0.0024926921979218 0.002695409625275601 0.0005
0.006882366611304017 0.00229129991787538 0.00025
0.007444817243097046 0.002914042591992159 0.00025
0.007759778778374535 0.002186036466848237 0.00025
0.007197328146581506 0.001563293792731458 0.0005
0.006882366611304017 0.00229129991787538 0.0005
0.007759778778374535 0.002186036466848237 0.0005
0.007197328146581506 0.001563293792731458 0.00025
0.006319915979510989 0.001668557243758602 0.00025
0.008074740313652023 0.001458030341704314 0.00025
0.006882366611304017 0.00229129991787538 0.00075
0.007444817243097046 0.002914042591992159 0.00075
0.007759778778374535 0.002186036466848237 0.00075
0.007197328146581506 0.001563293792731458 0.00075
0.006319915979510989 0.001668557243758602 0.00075
0.008074740313652023 0.001458030341704314 0.00075
0.004388222660085889 0.002749911062951432 0.00025
0.003636064413563178 0.002689977866233013 0.00025
0.003922576721812297 0.00328948783499626 0.00025
0.004674734968335009 0.003349421031714679 0.0005
0.004388222660085889 0.002749911062951432 0.0005
0.003922576721812297 0.00328948783499626 0.0005
0.004674734968335009 0.003349421031714679 0.00025
0.005140380906608601 0.00280984425966985 0.00025
0.004209089030061417 0.003888997803759507 0.00025
0.004388222660085889 0.002749911062951432 0.00075
0.003636064413563178 0.002689977866233013 0.00075
0.003922576721812297 0.00328948783499626 0.00075
0.004674734968335009 0.003349421031714679 0.00075
0.005140380906608601 0.00280984425966985 0.00075
0.004209089030061417 0.003888997803759507 0.00075
0.008115303707159431 0.004127033831464235 0.00025
0.008671785223636333 0.004052762500721745 0.00025
0.008058301233366689 0.003483402546356952 0.00025
0.007501819716889787 0.003557673877099442 0.0005
0.008115303707159431 0.004127033831464235 0.0005
0.008058301233366689 0.003483402546356952 0.0005
0.007501819716889787 0.003557673877099442 0.00025
0.007558822190682529 0.004201305162206725 0.00025
0.008115303707159431 0.004127033831464235 0.00075
0.008671785223636333 0.004052762500721745 0.00075
0.008058301233366689 0.003483402546356952 0.00075
0.007501819716889787 0.003557673877099442 0.00075
0.007558822190682529 0.004201305162206725 0.00075
0.008813999618226759 0.003432852481640276 0.00025
0.008200515627957115 0.002863492527275483 0.0005
0.008813999618226759 0.003432852481640276 0.0005
0.008200515627957115 0.002863492527275483 0.00025
0.008956214012817185 0.002812942462558807 0.00025
0.008813999618226759 0.003432852481640276 0.00075
0.008200515627957115 0.002863492527275483 0.00075
0.008956214012817185 0.002812942462558807 0.00075
0.006304790282656809 0.002355434599038889 0.00025
0.006289664585802628 0.003042311954319176 0.00025
0.006867240914449837 0.002978177273155668 0.00025
0.006304790282656809 0.002355434599038889 0.0005
0.006867240914449837 0.002978177273155668 0.0005
0.006304790282656809 0.002355434599038889 0.00075
0.006289664585802628 0.003042311954319176 0.00075
0.006867240914449837 0.002978177273155668 0.00075
0.01126916171827256 0.00407910347549302 0.00025
0.01170274171485947 0.004113210522277142 0.00025
0.01148732210893041 0.003481593023268229 0.00025
0.01105374211234349 0.003447485976484106 0.0005
0.01126916171827256 0.00407910347549302 0.0005
0.01148732210893041 0.003481593023268229 0.0005
0.01105374211234349 0.003447485976484106 0.00025
0.01083558172168564 0.004044996428708897 0.00025
0.01127190250300134 0.002849975524259315 0.00025
0.01126916171827256 0.00407910347549302 0.00075
0.01170274171485947 0.004113210522277142 0.00075
0.01148732210893041 0.003481593023268229 0.00075
0.01105374211234349 0.003447485976484106 0.00075
0.01083558172168564 0.004044996428708897 0.00075
0.01127190250300134 0.002849975524259315 0.00075
0.01210137085742974 0.003892145590347321 0.00025
0.01188595125150067 0.003260528091338408 0.0005
0.01210137085742974 0.003892145590347321 0.0005
0.01188595125150067 0.003260528091338408 0.00025
0.01210137085742974 0.003892145590347321 0.00075
0.01188595125150067 0.003260528091338408 0.00075
0.007608798728254587 0.0007290151708521572 0.00025
0.007608798728254587 0.0007290151708521572 0.0005
0.006731386561184069 0.0008342786218793008 0.0005
0.006731386561184069 0.0008342786218793008 0.00025
0.007608798728254587 0.0007290151708521572 0.00075
0.006731386561184069 0.0008342786218793008 0.00075
0.004052070117730126 0.002056170265772945 0.00025
0.004804228364252837 0.002116103462491363 0.0005
0.004052070117730126 0.002056170265772945 0.0005
0.004804228364252837 0.002116103462491363 0.00025
0.004468075821897073 0.001422362665312877 0.00025
0.004052070117730126 0.002056170265772945 0.00075
0.004804228364252837 0.002116103462491363 0.00075
0.004468075821897073 0.001422362665312877 0.00075
0.008979335273857584 0.001547725828661349 0.00025
0.009883930234063143 0.001637421315618384 0.00025
0.009406250831317287 0.0008187106578091918 0.00025
0.008501655871111728 0.0007290151708521572 0.0005
0.008979335273857584 0.001547725828661349 0.0005
0.009406250831317287 0.0008187106578091918 0.0005
0.008501655871111728 0.0007290151708521572 0.00025
0.008979335273857584 0.001547725828661349 0.00075
0.009883930234063143 0.001637421315618384 0.00075
0.009406250831317287 0.0008187106578091918 0.00075
0.008501655871111728 0.0007290151708521572 0.00075
0.009969800853873638 0.002293928678069759 0.00025
0.01005567147368413 0.002950436040521134 0.00025
0.01066378698834274 0.002900205782390225 0.00025
0.01057791636853224 0.002243698419938849 0.0005
0.009969800853873638 0.002293928678069759 0.0005
0.01066378698834274 0.002900205782390225 0.0005
0.01057791636853224 0.002243698419938849 0.00025
0.009969800853873638 0.002293928678069759 0.00075
0.01005567147368413 0.002950436040521134 0.00075
0.01066378698834274 0.002900205782390225 0.00075
0.01057791636853224 0.002243698419938849 0.00075
0.01188595125150067 0.002410170816676834 0.0005
0.01188595125150067 0.002410170816676834 0.00025
0.01188595125150067 0.002410170816676834 0.00075
0.008515477163234603 0.00213548640213156 0.00025
0.009420072123440164 0.002225181889088595 0.00025
0.008515477163234603 0.00213548640213156 0.0005
0.009420072123440164 0.002225181889088595 0.0005
0.008515477163234603 0.00213548640213156 0.00075
0.009420072123440164 0.002225181889088595 0.00075
0.005730148443059795 0.002239200751714226 0.00025
0.005393995900704031 0.001545459954535739 0.0005
0.005730148443059795 0.002239200751714226 0.0005
0.005393995900704031 0.001545459954535739 0.00025
0.005730148443059795 0.002239200751714226 0.00075
0.005393995900704031 0.001545459954535739 0.00075
0.005838529418326927 0.0008342786218793008 0.00025
0.00491260933951997 0.0007111813326564383 0.0005
0.005838529418326927 0.0008342786218793008 0.0005
0.00491260933951997 0.0007111813326564383 0.00025
0.005838529418326927 0.0008342786218793008 0.00075
0.00491260933951997 0.0007111813326564383 0.00075
0.009218673048831142 0.004052762500721745 0.00025
0.009360887443421569 0.003432852481640276 0.0005
0.009218673048831142 0.004052762500721745 0.0005
0.009360887443421569 0.003432852481640276 0.00025
0.009765560874025952 0.004052762500721744 0.00025
0.009218673048831142 0.004052762500721745 0.00075
0.009360887443421569 0.003432852481640276 0.00075
0.009765560874025952 0.004052762500721744 0.00075
0.01185688438833796 0.0007115845482611885 0.00025
0.01121376877667593 0.001423169096522377 0.00025
0.01185688438833796 0.001696767602808365 0.00025
0.01185688438833796 0.0007115845482611885 0.0005
0.01185688438833796 0.001696767602808365 0.0005
0.01185688438833796 0.0007115845482611885 0.00075
0.01121376877667593 0.001423169096522377 0.00075
0.01185688438833796 0.001696767602808365 0.00075
0.00315741142867543 0.00441991341072164 0.00025
0.002826924951147883 0.003839826821443279 0.00025
0.002334522848180293 0.00441991341072164 0.00025
0.00315741142867543 0.00441991341072164 0.0005
0.002334522848180293 0.00441991341072164 0.0005
0.00315741142867543 0.00441991341072164 0.00075
0.002826924951147883 0.003839826821443279 0.00075
0.002334522848180293 0.00441991341072164 0.00075
0.004856121420497568 0.003923149802735176 0.00025
0.005503153810933719 0.003957301801710845 0.00025
0.00532176735877116 0.003383573030690348 0.00025
0.004856121420497568 0.003923149802735176 0.0005
0.00532176735877116 0.003383573030690348 0.0005
0.004856121420497568 0.003923149802735176 0.00075
0.005503153810933719 0.003957301801710845 0.00075
0.00532176735877116 0.003383573030690348 0.00075
0.00351800699060465 0.003864412312601393 0.00025
0.003848493468132196 0.004444498901879754 0.0005
0.00351800699060465 0.003864412312601393 0.0005
0.003848493468132196 0.004444498901879754 0.00025
0.00351800699060465 0.003864412312601393 0.00075
0.003848493468132196 0.004444498901879754 0.00075
0.01029910797417443 0.0008187106578091918 0.00025
0.01029910797417443 0.0008187106578091918 0.0005
0.01029910797417443 0.0008187106578091918 0.00075
0.004019752196662827 0.0007111813326564383 0.0005
0.004019752196662827 0.0007111813326564383 0.00025
0.004019752196662827 0.0007111813326564383 0.00075
0.00163041290905442 0.004355834811179058 0.00025
0.001418705072896136 0.003711669622358116 0.00025
0.0007093525364480682 0.004355834811179058 0.00025
0.00163041290905442 0.004355834811179058 0.0005
0.0007093525364480682 0.004355834811179058 0.0005
0.00163041290905442 0.004355834811179058 0.00075
0.001418705072896136 0.003711669622358116 0.00075
0.0007093525364480682 0.004355834811179058 0.00075
0.003125326072585435 0.0007417130109684828 0.00025
0.002679223573742289 0.001483426021936966 0.00025
0.003573649697819681 0.001452894343624921 0.00025
0.003125326072585435 0.0007417130109684828 0.0005
0.003573649697819681 0.001452894343624921 0.0005
0.003125326072585435 0.0007417130109684828 0.00075
0.002679223573742289 0.001483426021936966 0.00075
0.003573649697819681 0.001452894343624921 0.00075
0.0006752462715472131 0.002867390643714907 0.00025
0.001350492543094426 0.00240144795409648 0.00025
0.0006752462715472131 0.002034057310381573 0.00025
0.0006752462715472131 0.002867390643714907 0.0005
0.0006752462715472131 0.002034057310381573 0.0005
0.0006752462715472131 0.002867390643714907 0.00075
0.001350492543094426 0.00240144795409648 0.00075
0.0006752462715472131 0.002034057310381573 0.00075
0.01124283563983863 0.002136572310390846 0.00025
0.01054884950536953 0.00153029520607038 0.00025
0.01124283563983863 0.002136572310390846 0.0005
0.01054884950536953 0.00153029520607038 0.0005
0.01124283563983863 0.002136572310390846 0.00075
0.01054884950536953 0.00153029520607038 0.00075
0.006983153291641439 0.00347688165515594 0.00025
0.006983153291641439 0.00347688165515594 0.0005
0.007040155765434181 0.004120512940263223 0.0005
0.007040155765434181 0.004120512940263223 0.00025
0.006521489340185833 0.004039720718319722 0.00025
0.006983153291641439 0.00347688165515594 0.00075
0.007040155765434181 0.004120512940263223 0.00075
0.006521489340185833 0.004039720718319722 0.00075
0.004511003712600966 0.004444498901879754 0.00025
0.004511003712600966 0.004444498901879754 0.0005
0.004511003712600966 0.004444498901879754 0.00075
0.0007093525364480682 0.003522501477845725 0.00025
0.0007093525364480682 0.003522501477845725 0.0005
0.0007093525364480682 0.003522501477845725 0.00075
0.00223246892972829 0.0007417130109684828 0.00025
0.00223246892972829 0.0007417130109684828 0.0005
0.00223246892972829 0.0007417130109684828 0.00075
0.00323149468235553 0.003264902343838146 0.00025
0.00323149468235553 0.003264902343838146 0.0005
0.00323149468235553 0.003264902343838146 0.00075
0.01096402724548082 0.0007115845482611885 0.00025
0.01096402724548082 0.0007115845482611885 0.0005
0.01096402724548082 0.0007115845482611885 0.00075
0.009910616173855042 0.003501599270621439 0.00025
0.009505942743250659 0.00288168925153997 0.00025
0.009910616173855042 0.003501599270621439 0.0005
0.009505942743250659 0.00288168925153997 0.0005
0.009910616173855042 0.003501599270621439 0.00075
0.009505942743250659 0.00288168925153997 0.00075
0.006405576962994231 0.003541016336319449 0.00025
0.005896409198368173 0.00349980687801501 0.00025
0.006012321575559776 0.003998511260015283 0.0005
0.006405576962994231 0.003541016336319449 0.0005
0.005896409198368173 0.00349980687801501 0.0005
0.006012321575559776 0.003998511260015283 0.00025
0.006405576962994231 0.003541016336319449 0.00075
0.005896409198368173 0.00349980687801501 0.00075
0.006012321575559776 0.003998511260015283 0.00075
0.005715022746205615 0.002926078106994513 0.00025
0.005715022746205615 0.002926078106994513 0.0005
0.005715022746205615 0.002926078106994513 0.00075
0.005158036103037117 0.004478650900855423 0.00025
0.005158036103037117 0.004478650900855423 0.0005
0.005158036103037117 0.004478650900855423 0.00075
0.003157643993652734 0.00208670194408499 0.00025
0.003157643993652734 0.00208670194408499 0.0005
0.003157643993652734 0.00208670194408499 0.00075
0.01210137085742974 0.004556605261138572 0.00025
0.01210137085742974 0.004556605261138572 0.0005
0.01210137085742974 0.004556605261138572 0.00075
0.005720249954298003 0.004478650900855423 0.00025
0.005720249954298003 0.004478650900855423 0.0005
0.005720249954298003 0.004478650900855423 0.00075
0.00677630554411887 0.004519860359159861 0.00025
0.00622941771892406 0.004519860359159861 0.00025
0.00677630554411887 0.004519860359159861 0.0005
0.00622941771892406 0.004519860359159861 0.0005
0.00677630554411887 0.004519860359159861 0.00075
0.00622941771892406 0.004519860359159861 0.00075
0.01003900478662336 0.004526381250360872 0.00025
0.009492116961428548 0.004526381250360872 0.00025
0.01003900478662336 0.004526381250360872 0.0005
0.009492116961428548 0.004526381250360872 0.0005
0.01003900478662336 0.004526381250360872 0.00075
0.009492116961428548 0.004526381250360872 0.00075
0.008945229136233739 0.004526381250360873 0.00025
0.008398341311038927 0.004526381250360873 0.00025
0.008945229136233739 0.004526381250360873 0.0005
0.008398341311038927 0.004526381250360873 0.0005
0.008945229136233739 0.004526381250360873 0.00075
0.008398341311038927 0.004526381250360873 0.00075
0.007841859794562027 0.004600652581103364 0.00025
0.007294971969367217 0.004600652581103364 0.00025
0.007841859794562027 0.004600652581103364 0.0005
0.007294971969367217 0.004600652581103364 0.0005
0.007841859794562027 0.004600652581103364 0.00075
0.007294971969367217 0.004600652581103364 0.00075
0.0006164897589325861 0.0005988750818495386 0.00025
0.001232979517865172 0.001197750163699077 0.00025
0.001509346901789731 0.0005988750818495386 0.00025
0.0006164897589325861 0.0005988750818495386 0.0005
0.001509346901789731 0.0005988750818495386 0.0005
0.0006164897589325861 0.0005988750818495386 0.00075
0.001232979517865172 0.001197750163699077 0.00075
0.001509346901789731 0.0005988750818495386 0.00075
0.01112090303564801 0.004522498214354449 0.00025
0.0105740152104532 0.004522498214354449 0.00025
0.01112090303564801 0.004522498214354449 0.0005
0.0105740152104532 0.004522498214354449 0.0005
0.01112090303564801 0.004522498214354449 0.00075
0.0105740152104532 0.004522498214354449 0.00075
0.001956101545803731 0.001340588092818021 0.00025
0.001291736030479799 0.001799599058897778 0.00025
0.002014858058418358 0.001942436988016723 0.0005
0.001956101545803731 0.001340588092818021 0.0005
0.001291736030479799 0.001799599058897778 0.0005
0.002014858058418358 0.001942436988016723 0.00025
0.001956101545803731 0.001340588092818021 0.00075
0.001291736030479799 0.001799599058897778 0.00075
0.002014858058418358 0.001942436988016723 0.00075
0.0006164897589325861 0.001432208415182872 0.00025
0.0006164897589325861 0.001432208415182872 0.0005
0.0006164897589325861 0.001432208415182872 0.00075
0.01044562659768488 0.003497716234615015 0.00025
0.01030057129785579 0.00404887946471532 0.0005
0.01044562659768488 0.003497716234615015 0.0005
0.01030057129785579 0.00404887946471532 0.00025
0.01044562659768488 0.003497716234615015 0.00075
0.01030057129785579 0.00404887946471532 0.00075
0.001921592370508113 0.002548428789686041 0.00025
0.0024926921979218 0.002695409625275601 0.00025
0.002585957885832045 0.002089417823606284 0.00025
0.001921592370508113 0.002548428789686041 0.0005
0.002585957885832045 0.002089417823606284 0.0005
0.001921592370508113 0.002548428789686041 0.00075
0.0024926921979218 0.002695409625275601 0.00075
0.002585957885832045 0.002089417823606284 0.00075
0.001384598807995281 0.003056558788227298 0.00025
0.001384598807995281 0.003056558788227298 0.0005
0.001384598807995281 0.003056558788227298 0.00075
0.002659808574534841 0.00326761822335944 0.00025
0.001955698635408968 0.003203539623816858 0.00025
0.00212281501202201 0.003775748221900697 0.0005
0.002659808574534841 0.00326761822335944 0.0005
0.001955698635408968 0.003203539623816858 0.0005
0.00212281501202201 0.003775748221900697 0.00025
0.002659808574534841 0.00326761822335944 0.00075
0.001955698635408968 0.003203539623816858 0.00075
0.00212281501202201 0.003775748221900697 0.00075
0.01155448303223493 0.004556605261138572 0.00025
0.01155448303223493 0.004556605261138572 0.0005
0.01155448303223493 0.004556605261138572 0.00075
0.003064378305742489 0.002692693745754307 0.00025
0.003064378305742489 0.002692693745754307 0.0005
0.003064378305742489 0.002692693745754307 0.00075
3 3 0 978
5621
5622
5623
5624
5625
5626
5627
5628
5629
5630
5631
5632
5633
5634
5635
5636
5637
5638
5639
5640
5641
5642
5643
5644
5645
5646
5647
5648
5649
5650
5651
5652
5653
5654
5655
5656
5657
5658
5659
5660
5661
5662
5663
5664
5665
5666
5667
5668
5669
5670
5671
5672
5673
5674
5675
5676
5677
5678
5679
5680
5681
5682
5683
5684
5685
5686
5687
5688
5689
5690
5691
5692
5693
5694
5695
5696
5697
5698
5699
5700
5701
5702
5703
5704
5705
5706
5707
5708
5709
5710
5711
5712
5713
5714
5715
5716
5717
5718
5719
5720
5721
5722
5723
5724
5725
5726
5727
5728
5729
5730
5731
5732
5733
5734
5735
5736
5737
5738
5739
5740
5741
5742
5743
5744
5745
5746
5747
5748
5749
5750
5751
5752
5753
5754
5755
5756
5757
5758
5759
5760
5761
5762
5763
5764
5765
5766
5767
5768
5769
5770
5771
5772
5773
5774
5775
5776
5777
5778
5779
5780
5781
5782
5783
5784
5785
5786
5787
5788
5789
5790
5791
5792
5793
5794
5795
5796
5797
5798
5799
5800
5801
5802
5803
5804
5805
5806
5807
5808
5809
5810
5811
5812
5813
5814
5815
5816
5817
5818
5819
5820
5821
5822
5823
5824
5825
5826
5827
5828
5829
5830
5831
5832
5833
5834
5835
5836
5837
5838
5839
5840
5841
5842
5843
5844
5845
5846
5847
5848
5849
5850
5851
5852
5853
5854
5855
5856
5857
5858
5859
5860
5861
5862
5863
5864
5865
5866
5867
5868
5869
5870
5871
5872
5873
5874
5875
5876
5877
5878
5879
5880
5881
5882
5883
5884
5885
5886
5887
5888
5889
5890
5891
5892
5893
5894
5895
5896
5897
5898
5899
5900
5901
5902
5903
5904
5905
5906
5907
5908
5909
5910
5911
5912
5913
5914
5915
5916
5917
5918
5919
5920
5921
5922
5923
5924
5925
5926
5927
5928
5929
5930
5931
5932
5933
5934
5935
5936
5937
5938
5939
5940
5941
5942
5943
5944
5945
5946
5947
5948
5949
5950
5951
5952
5953
5954
5955
5956
5957
5958
5959
5960
5961
5962
5963
5964
5965
5966
5967
5968
5969
5970
5971
5972
5973
5974
5975
5976
5977
5978
5979
5980
5981
5982
5983
5984
5985
5986
5987
5988
5989
5990
5991
5992
5993
5994
5995
5996
5997
5998
5999
6000
6001
6002
6003
6004
6005
6006
6007
6008
6009
6010
6011
6012
6013
6014
6015
6016
6017
6018
6019
6020
6021
6022
6023
6024
6025
6026
6027
6028
6029
6030
6031
6032
6033
6034
6035
6036
6037
6038
6039
6040
6041
6042
6043
6044
6045
6046
6047
6048
6049
6050
6051
6052
6053
6054
6055
6056
6057
6058
6059
6060
6061
6062
6063
6064
6065
6066
6067
6068
6069
6070
6071
6072
6073
6074
6075
6076
6077
6078
6079
6080
6081
6082
6083
6084
6085
6086
6087
6088
6089
6090
6091
6092
6093
6094
6095
6096
6097
6098
6099
6100
6101
6102
6103
6104
6105
6106
6107
6108
6109
6110
6111
6112
6113
6114
6115
6116
6117
6118
6119
6120
6121
6122
6123
6124
6125
6126
6127
6128
6129
6130
6131
6132
6133
6134
6135
6136
6137
6138
6139
6140
6141
6142
6143
6144
6145
6146
6147
6148
6149
6150
6151
6152
6153
6154
6155
6156
6157
6158
6159
6160
6161
6162
6163
6164
6165
6166
6167
6168
6169
6170
6171
6172
6173
6174
6175
6176
6177
6178
6179
6180
6181
6182
6183
6184
6185
6186
6187
6188
6189
6190
6191
6192
6193
6194
6195
6196
6197
6198
6199
6200
6201
6202
6203
6204
6205
6206
6207
6208
6209
6210
6211
6212
6213
6214
6215
6216
6217
6218
6219
6220
6221
6222
6223
6224
6225
6226
6227
6228
6229
6230
6231
6232
6233
6234
6235
6236
6237
6238
6239
6240
6241
6242
6243
6244
6245
6246
6247
6248
6249
6250
6251
6252
6253
6254
6255
6256
6257
6258
6259
6260
6261
6262
6263
6264
6265
6266
6267
6268
6269
6270
6271
6272
6273
6274
6275
6276
6277
6278
6279
6280
6281
6282
6283
6284
6285
6286
6287
6288
6289
6290
6291
6292
6293
6294
6295
6296
6297
6298
6299
6300
6301
6302
6303
6304
6305
6306
6307
6308
6309
6310
6311
6312
6313
6314
6315
6316
6317
6318
6319
6320
6321
6322
6323
6324
6325
6326
6327
6328
6329
6330
6331
6332
6333
6334
6335
6336
6337
6338
6339
6340
6341
6342
6343
6344
6345
6346
6347
6348
6349
6350
6351
6352
6353
6354
6355
6356
6357
6358
6359
6360
6361
6362
6363
6364
6365
6366
6367
6368
6369
6370
6371
6372
6373
6374
6375
6376
6377
6378
6379
6380
6381
6382
6383
6384
6385
6386
6387
6388
6389
6390
6391
6392
6393
6394
6395
6396
6397
6398
6399
6400
6401
6402
6403
6404
6405
6406
6407
6408
6409
6410
6411
6412
6413
6414
6415
6416
6417
6418
6419
6420
6421
6422
6423
6424
6425
6426
6427
6428
6429
6430
6431
6432
6433
6434
6435
6436
6437
6438
6439
6440
6441
6442
6443
6444
6445
6446
6447
6448
6449
6450
6451
6452
6453
6454
6455
6456
6457
6458
6459
6460
6461
6462
6463
6464
6465
6466
6467
6468
6469
6470
6471
6472
6473
6474
6475
6476
6477
6478
6479
6480
6481
6482
6483
6484
6485
6486
6487
6488
6489
6490
6491
6492
6493
6494
6495
6496
6497
6498
6499
6500
6501
6502
6503
6504
6505
6506
6507
6508
6509
6510
6511
6512
6513
6514
6515
6516
6517
6518
6519
6520
6521
6522
6523
6524
6525
6526
6527
6528
6529
6530
6531
6532
6533
6534
6535
6536
6537
6538
6539
6540
6541
6542
6543
6544
6545
6546
6547
6548
6549
6550
6551
6552
6553
6554
6555
6556
6557
6558
6559
6560
6561
6562
6563
6564
6565
6566
6567
6568
6569
6570
6571
6572
6573
6574
6575
6576
6577
6578
6579
6580
6581
6582
6583
6584
6585
6586
6587
6588
6589
6590
6591
6592
6593
6594
6595
6596
6597
6598
-0.007301783488451416 0.01672260462144319 0.0005
-0.006250000000000009 0.006546473935329354 0.0005
-0.01101712738127388 0.01176521204073757 0.0005
-0.004244867770142241 0.0164940591518089 0.0005
-0.001427117009145053 0.01129474245892209 0.0005
-0.009494716377670539 0.01623663347035526 0.0005
-0.01155378317837358 0.01476134241366144 0.0005
-0.01069450171334118 0.00785245425605921 0.0005
-0.001420094592424665 0.01468879314743313 0.0005
-0.002649317629826342 0.006433421722085809 0.0005
-0.00543782026832223 0.0165932473966636 0.0005
-0.005008813317431577 0.01554475331221707 0.0005
-0.0037543580679436 0.01538705683002374 0.0005
-0.00445737780057605 0.01433851465943838 0.0005
-0.005779956284815142 0.01462939276536071 0.0005
-0.005354545733633508 0.01337868180216464 0.0005
-0.006714538420791496 0.01365974454692711 0.0005
-0.006251107170123965 0.01234777305449643 0.0005
-0.007606723709922445 0.01263438675780085 0.0005
-0.007176945311160267 0.01124961164693259 0.0005
-0.005730548007324077 0.01097767107460869 0.0005
-0.008071090386647073 0.01394476187072835 0.0005
-0.006701223634726956 0.009814461544996897 0.0005
-0.00516246200062093 0.0095346558563796 0.0005
-0.00819132966160266 0.01012754927224099 0.0005
-0.00406007155010285 0.01313613746160978 0.0005
-0.007731047883121489 0.008675440942820401 0.0005
-0.00895721851953156 0.01295049587913386 0.0005
-0.009528521223183014 0.01424983667388742 0.0005
-0.004332936008938002 0.01073952939145024 0.0005
-0.00359563717272732 0.009343967130312554 0.0005
-0.008502837930906969 0.01501498634530847 0.0005
-0.004661618746032787 0.007984044213846629 0.0005
-0.007163308605529545 0.01497643240278352 0.0005
-0.01027626482315797 0.01311472105380068 0.0005
-0.006131301720592205 0.01574100461844205 0.0005
-0.01030058768281593 0.01589388764617178 0.0005
-0.008701450286561399 0.01658392050014744 0.0005
-0.01114408960176263 0.0156723031424699 0.0005
-0.01048334882963728 0.01499621173962976 0.0005
-0.001400983692926099 0.01303458375468556 0.0005
-0.01094635918737093 0.009769881078521643 0.0005
-0.007998664191380966 0.006486339558977002 0.0005
-0.002980220066750868 0.01635377079214079 0.0005
-0.001780801535464401 0.009382112873445342 0.0005
-0.00953385667096129 0.01534234552249178 0.0005
-0.009327609530359018 0.009109881642471685 0.0005
-0.006179773093863275 0.008311092508064626 0.0005
-0.002710952973281807 0.01231967568836984 0.0005
-0.002916202583532613 0.01402405808325777 0.0005
-0.009711105051531527 0.006398599768878799 0.0005
-0.008567414668361301 0.01158992608440298 0.0005
-0.001498097240910792 0.007669372556878058 0.0005
-0.01148616362029937 0.01352187570770799 0.0005
-0.006440779743320625 0.01667589227847355 0.0005
-0.004931179957038442 0.01210869237038178 0.0005
-0.004416204392639456 0.006389456678547043 0.0005
-0.009650215686324522 0.0107368718409085 0.0005
-0.007935985286375919 0.01599807664897916 0.0005
-0.001484636702421749 0.01617008244918393 0.0005
-0.002950885995277472 0.0108587314967435 0.0005
-0.009738735493801134 0.01203925553616226 0.0005
-0.00312532853777135 0.00787036651399425 0.0005
-0.008769503770103527 0.007667785875408326 0.0005
-0.002511102402614699 0.01532475226040787 0.0005
-0.01117738020374492 0.006332933909041162 0.0005
-0.001307233584944427 0.006307233584944428 0.0005
-0.01187914302739628 0.01565188642294614 0.0005
-0.01066561633493025 0.01412879751773746 0.0005
-0.007214408582625548 0.007497906694883077 0.0005
-0.008833769310495223 0.01583519249745642 0.0005
-0.007014913336389054 0.01600482384596778 0.0005
-0.008059995432376873 0.01684313581179794 0.0005
-0.003814538432693581 0.01190106989778243 0.0005
-0.006647305163060875 0.01535871851061278 0.00025
-0.006131301720592205 0.01574100461844205 0.00025
-0.005955629002703674 0.01518519869190138 0.00025
-0.006471632445172343 0.01480291258407211 0.0005
-0.006647305163060875 0.01535871851061278 0.0005
-0.005955629002703674 0.01518519869190138 0.0005
-0.006471632445172343 0.01480291258407211 0.00025
-0.007163308605529545 0.01497643240278352 0.00025
-0.005779956284815142 0.01462939276536071 0.00025
-0.006647305163060875 0.01535871851061278 0.00075
-0.006131301720592205 0.01574100461844205 0.00075
-0.005955629002703674 0.01518519869190138 0.00075
-0.006471632445172343 0.01480291258407211 0.00075
-0.007163308605529545 0.01497643240278352 0.00075
-0.005779956284815142 0.01462939276536071 0.00075
-0.003335280325738106 0.01470555745664075 0.00025
-0.002916202583532613 0.01402405808325777 0.00025
-0.003686790192054331 0.01418128637134807 0.00025
-0.004105867934259825 0.01486278574473106 0.0005
-0.003335280325738106 0.01470555745664075 0.0005
-0.003686790192054331 0.01418128637134807 0.0005
-0.004105867934259825 0.01486278574473106 0.00025
-0.0037543580679436 0.01538705683002374 0.00025
-0.00445737780057605 0.01433851465943838 0.00025
-0.003335280325738106 0.01470555745664075 0.00075
-0.002916202583532613 0.01402405808325777 0.00075
-0.003686790192054331 0.01418128637134807 0.00075
-0.004105867934259825 0.01486278574473106 0.00075
-0.0037543580679436 0.01538705683002374 0.00075
-0.00445737780057605 0.01433851465943838 0.00075
-0.002453065036617876 0.008626239693719796 0.00025
-0.00312532853777135 0.00787036651399425 0.00025
-0.003360482855249335 0.008607166822153402 0.00025
-0.002688219354095861 0.009363040001878948 0.0005
-0.002453065036617876 0.008626239693719796 0.0005
-0.003360482855249335 0.008607166822153402 0.0005
-0.002688219354095861 0.009363040001878948 0.00025
-0.001780801535464401 0.009382112873445342 0.00025
-0.00359563717272732 0.009343967130312554 0.00025
-0.002453065036617876 0.008626239693719796 0.00075
-0.00312532853777135 0.00787036651399425 0.00075
-0.003360482855249335 0.008607166822153402 0.00075
-0.002688219354095861 0.009363040001878948 0.00075
-0.001780801535464401 0.009382112873445342 0.00075
-0.00359563717272732 0.009343967130312554 0.00075
-0.01125164550078663 0.01264354387422278 0.00025
-0.01148616362029937 0.01352187570770799 0.00025
-0.01088121422172867 0.01331829838075433 0.00025
-0.01064669610221593 0.01243996654726912 0.0005
-0.01125164550078663 0.01264354387422278 0.0005
-0.01088121422172867 0.01331829838075433 0.0005
-0.01064669610221593 0.01243996654726912 0.00025
-0.01101712738127388 0.01176521204073757 0.00025
-0.01027626482315797 0.01311472105380068 0.00025
-0.01125164550078663 0.01264354387422278 0.00075
-0.01148616362029937 0.01352187570770799 0.00075
-0.01088121422172867 0.01331829838075433 0.00075
-0.01064669610221593 0.01243996654726912 0.00075
-0.01101712738127388 0.01176521204073757 0.00075
-0.01027626482315797 0.01311472105380068 0.00075
-0.005570057519011891 0.01564287896532956 0.00025
-0.005784560994457217 0.01616712600755283 0.00025
-0.005223316792876903 0.01606900035444034 0.0005
-0.005570057519011891 0.01564287896532956 0.0005
-0.005784560994457217 0.01616712600755283 0.0005
-0.005223316792876903 0.01606900035444034 0.00025
-0.005008813317431577 0.01554475331221707 0.00025
-0.00543782026832223 0.0165932473966636 0.00025
-0.005570057519011891 0.01564287896532956 0.00075
-0.005784560994457217 0.01616712600755283 0.00075
-0.005223316792876903 0.01606900035444034 0.00075
-0.005008813317431577 0.01554475331221707 0.00075
-0.00543782026832223 0.0165932473966636 0.00075
-0.01199308181014969 0.01303789936459875 0.00025
-0.01175856369063694 0.01215956753111353 0.0005
-0.01199308181014969 0.01303789936459875 0.0005
-0.01175856369063694 0.01215956753111353 0.00025
-0.01199308181014969 0.01303789936459875 0.00075
-0.01175856369063694 0.01215956753111353 0.00075
-0.002311712889341071 0.007769869535436154 0.00025
-0.001639449388187597 0.0085257427151617 0.0005
-0.002311712889341071 0.007769869535436154 0.0005
-0.001639449388187597 0.0085257427151617 0.00025
-0.001498097240910792 0.007669372556878058 0.00025
-0.002311712889341071 0.007769869535436154 0.00075
-0.001639449388187597 0.0085257427151617 0.00075
-0.001498097240910792 0.007669372556878058 0.00075
-0.005394384801123359 0.01508707303878889 0.0005
-0.005394384801123359 0.01508707303878889 0.00025
-0.005394384801123359 0.01508707303878889 0.00075
-0.006214886546931642 0.00742878322169699 0.00025
-0.006179773093863275 0.008311092508064626 0.00025
-0.005420695919948031 0.008147568360955627 0.00025
-0.005455809373016398 0.007265259074587992 0.0005
-0.006214886546931642 0.00742878322169699 0.0005
-0.005420695919948031 0.008147568360955627 0.0005
-0.005455809373016398 0.007265259074587992 0.00025
-0.006250000000000009 0.006546473935329354 0.00025
-0.004661618746032787 0.007984044213846629 0.00025
-0.006214886546931642 0.00742878322169699 0.00075
-0.006179773093863275 0.008311092508064626 0.00075
-0.005420695919948031 0.008147568360955627 0.00075
-0.005455809373016398 0.007265259074587992 0.00075
-0.006250000000000009 0.006546473935329354 0.00075
-0.004661618746032787 0.007984044213846629 0.00075
-0.006247247352803319 0.01414456865614391 0.00025
-0.006247247352803319 0.01414456865614391 0.0005
-0.006938923513160521 0.01431808847485531 0.0005
-0.006938923513160521 0.01431808847485531 0.00025
-0.006714538420791496 0.01365974454692711 0.00025
-0.006247247352803319 0.01414456865614391 0.00075
-0.006938923513160521 0.01431808847485531 0.00075
-0.006714538420791496 0.01365974454692711 0.00075
-0.004538911569336121 0.007186750446196836 0.00025
-0.004416204392639456 0.006389456678547043 0.00025
-0.005333102196319732 0.006467965306938198 0.00025
-0.004538911569336121 0.007186750446196836 0.0005
-0.005333102196319732 0.006467965306938198 0.0005
-0.004538911569336121 0.007186750446196836 0.00075
-0.004416204392639456 0.006389456678547043 0.00075
-0.005333102196319732 0.006467965306938198 0.00075
-0.003488137066817732 0.01358009777243378 0.00025
-0.004258724675339449 0.01373732606052408 0.0005
-0.003488137066817732 0.01358009777243378 0.0005
-0.004258724675339449 0.01373732606052408 0.00025
-0.00406007155010285 0.01313613746160978 0.00025
-0.003488137066817732 0.01358009777243378 0.00075
-0.004258724675339449 0.01373732606052408 0.00075
-0.00406007155010285 0.01313613746160978 0.00075
-0.0007423183512108747 0.01683504122459197 0.00025
-0.001484636702421749 0.01617008244918393 0.00025
-0.001691281425151748 0.01683504122459197 0.00025
-0.0007423183512108747 0.01683504122459197 0.0005
-0.001691281425151748 0.01683504122459197 0.0005
-0.0007423183512108747 0.01683504122459197 0.00075
-0.001484636702421749 0.01617008244918393 0.00075
-0.001691281425151748 0.01683504122459197 0.00075
-0.0007423183512108747 0.01594218408173483 0.00025
-0.0007423183512108747 0.01594218408173483 0.0005
-0.0007423183512108747 0.01594218408173483 0.00075
-0.00838487729843557 0.01591663457321779 0.00025
-0.008833769310495223 0.01583519249745642 0.00025
-0.008767609798528312 0.01620955649880193 0.00025
-0.008318717786468659 0.0162909985745633 0.0005
-0.00838487729843557 0.01591663457321779 0.0005
-0.008767609798528312 0.01620955649880193 0.0005
-0.008318717786468659 0.0162909985745633 0.00025
-0.007935985286375919 0.01599807664897916 0.00025
-0.008701450286561399 0.01658392050014744 0.00025
-0.00838487729843557 0.01591663457321779 0.00075
-0.008833769310495223 0.01583519249745642 0.00075
-0.008767609798528312 0.01620955649880193 0.00075
-0.008318717786468659 0.0162909985745633 0.00075
-0.007935985286375919 0.01599807664897916 0.00075
-0.008701450286561399 0.01658392050014744 0.00075
-0.00901567957704499 0.01463241150959794 0.00025
-0.008502837930906969 0.01501498634530847 0.00025
-0.00828696415877702 0.01447987410801841 0.00025
-0.008799805804915043 0.01409729927230788 0.0005
-0.00901567957704499 0.01463241150959794 0.0005
-0.00828696415877702 0.01447987410801841 0.0005
-0.008799805804915043 0.01409729927230788 0.00025
-0.009528521223183014 0.01424983667388742 0.00025
-0.008071090386647073 0.01394476187072835 0.00025
-0.00901567957704499 0.01463241150959794 0.00075
-0.008502837930906969 0.01501498634530847 0.00075
-0.00828696415877702 0.01447987410801841 0.00075
-0.008799805804915043 0.01409729927230788 0.00075
-0.009528521223183014 0.01424983667388742 0.00075
-0.008071090386647073 0.01394476187072835 0.00075
-0.008380722859469135 0.01671352815597269 0.00025
-0.008059995432376873 0.01684313581179794 0.00025
-0.007997990359376397 0.01642060623038855 0.00025
-0.008380722859469135 0.01671352815597269 0.0005
-0.007997990359376397 0.01642060623038855 0.0005
-0.008380722859469135 0.01671352815597269 0.00075
-0.008059995432376873 0.01684313581179794 0.00075
-0.007997990359376397 0.01642060623038855 0.00075
-0.01009706877905663 0.01418931709581244 0.00025
-0.01066561633493025 0.01412879751773746 0.00025
-0.01057448258228377 0.01456250462868361 0.00025
-0.01000593502641015 0.01462302420675859 0.0005
-0.01009706877905663 0.01418931709581244 0.0005
-0.01057448258228377 0.01456250462868361 0.0005
-0.01000593502641015 0.01462302420675859 0.00025
-0.01048334882963728 0.01499621173962976 0.00025
-0.01009706877905663 0.01418931709581244 0.00075
-0.01066561633493025 0.01412879751773746 0.00075
-0.01057448258228377 0.01456250462868361 0.00075
-0.01000593502641015 0.01462302420675859 0.00075
-0.01048334882963728 0.01499621173962976 0.00075
-0.006286040731956415 0.0162084484484578 0.00025
-0.006440779743320625 0.01667589227847355 0.00025
-0.005939300005821428 0.01663456983756858 0.00025
-0.006286040731956415 0.0162084484484578 0.0005
-0.005939300005821428 0.01663456983756858 0.0005
-0.006286040731956415 0.0162084484484578 0.00075
-0.006440779743320625 0.01667589227847355 0.00075
-0.005939300005821428 0.01663456983756858 0.00075
-0.007617199496088309 0.01446059713675593 0.00025
-0.007392814403719285 0.01380225320882773 0.0005
-0.007617199496088309 0.01446059713675593 0.0005
-0.007392814403719285 0.01380225320882773 0.00025
-0.007617199496088309 0.01446059713675593 0.00075
-0.007392814403719285 0.01380225320882773 0.00075
-0.003382712213985527 0.01137990069726296 0.00025
-0.003814538432693581 0.01190106989778243 0.00025
-0.003262745702987694 0.01211037279307613 0.00025
-0.002830919484279639 0.01158920359255667 0.0005
-0.003382712213985527 0.01137990069726296 0.0005
-0.003262745702987694 0.01211037279307613 0.0005
-0.002830919484279639 0.01158920359255667 0.00025
-0.002950885995277472 0.0108587314967435 0.00025
-0.002710952973281807 0.01231967568836984 0.00025
-0.003382712213985527 0.01137990069726296 0.00075
-0.003814538432693581 0.01190106989778243 0.00075
-0.003262745702987694 0.01211037279307613 0.00075
-0.002830919484279639 0.01158920359255667 0.00075
-0.002950885995277472 0.0108587314967435 0.00075
-0.002710952973281807 0.01231967568836984 0.00075
-0.003901106761595105 0.01699702957590445 0.00025
-0.004244867770142241 0.0164940591518089 0.00025
-0.004555469652008587 0.01699702957590445 0.00025
-0.003901106761595105 0.01699702957590445 0.0005
-0.004555469652008587 0.01699702957590445 0.0005
-0.003901106761595105 0.01699702957590445 0.00075
-0.004244867770142241 0.0164940591518089 0.00075
-0.004555469652008587 0.01699702957590445 0.00075
-0.00281357777840721 0.01317186688581381 0.00025
-0.003385512261692328 0.01272790657498981 0.0005
-0.00281357777840721 0.01317186688581381 0.0005
-0.003385512261692328 0.01272790657498981 0.00025
-0.00281357777840721 0.01317186688581381 0.00075
-0.003385512261692328 0.01272790657498981 0.00075
-0.003132730235279149 0.01535590454521581 0.00025
-0.002511102402614699 0.01532475226040787 0.00025
-0.002713652493073656 0.01467440517183282 0.00025
-0.003132730235279149 0.01535590454521581 0.0005
-0.002713652493073656 0.01467440517183282 0.0005
-0.003132730235279149 0.01535590454521581 0.00075
-0.002511102402614699 0.01532475226040787 0.00075
-0.002713652493073656 0.01467440517183282 0.00075
-0.001414050351035576 0.01216466310680382 0.00025
-0.001400983692926099 0.01303458375468556 0.00025
-0.0007004918464630495 0.01258872044877135 0.00025
-0.0007135585045725265 0.01171879980088962 0.0005
-0.001414050351035576 0.01216466310680382 0.0005
-0.0007004918464630495 0.01258872044877135 0.0005
-0.0007135585045725265 0.01171879980088962 0.00025
-0.001427117009145053 0.01129474245892209 0.00025
-0.001414050351035576 0.01216466310680382 0.00075
-0.001400983692926099 0.01303458375468556 0.00075
-0.0007004918464630495 0.01258872044877135 0.00075
-0.0007135585045725265 0.01171879980088962 0.00075
-0.001427117009145053 0.01129474245892209 0.00075
-0.01175856369063694 0.01123157265806045 0.00025
-0.01175856369063694 0.01123157265806045 0.0005
-0.01175856369063694 0.01123157265806045 0.00075
-0.009048556650231273 0.008388833758940006 0.00025
-0.008769503770103527 0.007667785875408326 0.00025
-0.009732002741722352 0.007760120065733768 0.00025
-0.0100110556218501 0.008481167949265449 0.0005
-0.009048556650231273 0.008388833758940006 0.0005
-0.009732002741722352 0.007760120065733768 0.0005
-0.0100110556218501 0.008481167949265449 0.00025
-0.009327609530359018 0.009109881642471685 0.00025
-0.01069450171334118 0.00785245425605921 0.00025
-0.009048556650231273 0.008388833758940006 0.00075
-0.008769503770103527 0.007667785875408326 0.00075
-0.009732002741722352 0.007760120065733768 0.00075
-0.0100110556218501 0.008481167949265449 0.00075
-0.009327609530359018 0.009109881642471685 0.00075
-0.01069450171334118 0.00785245425605921 0.00075
-0.0109817432843224 0.01076754655962961 0.00025
-0.01094635918737093 0.009769881078521643 0.00025
-0.01172317959368546 0.01023390717695249 0.00025
-0.0109817432843224 0.01076754655962961 0.0005
-0.01172317959368546 0.01023390717695249 0.0005
-0.0109817432843224 0.01076754655962961 0.00075
-0.01094635918737093 0.009769881078521643 0.00075
-0.01172317959368546 0.01023390717695249 0.00075
-0.004073737220815792 0.01132029964461633 0.00025
-0.003641911002107737 0.01079913044409687 0.0005
-0.004073737220815792 0.01132029964461633 0.0005
-0.003641911002107737 0.01079913044409687 0.00025
-0.004332936008938002 0.01073952939145024 0.00025
-0.004073737220815792 0.01132029964461633 0.00075
-0.003641911002107737 0.01079913044409687 0.00075
-0.004332936008938002 0.01073952939145024 0.00075
-0.0007100472962123325 0.01430868228800228 0.00025
-0.001420094592424665 0.01468879314743313 0.00025
-0.0007100472962123325 0.01520153943085942 0.00025
-0.0007100472962123325 0.01430868228800228 0.0005
-0.0007100472962123325 0.01520153943085942 0.0005
-0.0007100472962123325 0.01430868228800228 0.00075
-0.001420094592424665 0.01468879314743313 0.00075
-0.0007100472962123325 0.01520153943085942 0.00075
-0.007833073268218256 0.01499570937404599 0.00025
-0.007833073268218256 0.01499570937404599 0.0005
-0.007833073268218256 0.01499570937404599 0.00075
-0.0007004918464630495 0.01348157759162849 0.00025
-0.001410539142675382 0.01386168845105934 0.00025
-0.0007004918464630495 0.01348157759162849 0.0005
-0.001410539142675382 0.01386168845105934 0.0005
-0.0007004918464630495 0.01348157759162849 0.00075
-0.001410539142675382 0.01386168845105934 0.00075
-0.01202689158918679 0.01501771933525978 0.00025
-0.01155378317837358 0.01476134241366144 0.00025
-0.01202689158918679 0.01441802491374715 0.00025
-0.01202689158918679 0.01501771933525978 0.0005
-0.01202689158918679 0.01441802491374715 0.0005
-0.01202689158918679 0.01501771933525978 0.00075
-0.01155378317837358 0.01476134241366144 0.00075
-0.01202689158918679 0.01441802491374715 0.00075
-0.008514154453089316 0.01344762887493111 0.00025
-0.008514154453089316 0.01344762887493111 0.0005
-0.009242869871357286 0.01360016627651064 0.0005
-0.009242869871357286 0.01360016627651064 0.00025
-0.00895721851953156 0.01295049587913386 0.00025
-0.008514154453089316 0.01344762887493111 0.00075
-0.009242869871357286 0.01360016627651064 0.00075
-0.00895721851953156 0.01295049587913386 0.00075
-0.003273261584002396 0.01010134931352803 0.00025
-0.002365843765370937 0.01012042218509442 0.00025
-0.003273261584002396 0.01010134931352803 0.0005
-0.002365843765370937 0.01012042218509442 0.0005
-0.003273261584002396 0.01010134931352803 0.00075
-0.002365843765370937 0.01012042218509442 0.00075
-0.01000860275029929 0.01516927863106077 0.00025
-0.00953385667096129 0.01534234552249178 0.00025
-0.009531188947072153 0.0147960910981896 0.00025
-0.01000860275029929 0.01516927863106077 0.0005
-0.009531188947072153 0.0147960910981896 0.0005
-0.01000860275029929 0.01516927863106077 0.00075
-0.00953385667096129 0.01534234552249178 0.00075
-0.009531188947072153 0.0147960910981896 0.00075
-0.002439073107316307 0.0169268853960704 0.00025
-0.002980220066750868 0.01635377079214079 0.00025
-0.003268782909899419 0.0169268853960704 0.00025
-0.002439073107316307 0.0169268853960704 0.0005
-0.003268782909899419 0.0169268853960704 0.0005
-0.002439073107316307 0.0169268853960704 0.00075
-0.002980220066750868 0.01635377079214079 0.00075
-0.003268782909899419 0.0169268853960704 0.00075
-0.004841344019232236 0.01654365327423625 0.00025
-0.005151945901098582 0.0170466236983318 0.00025
-0.004841344019232236 0.01654365327423625 0.0005
-0.005151945901098582 0.0170466236983318 0.0005
-0.004841344019232236 0.01654365327423625 0.00075
-0.005151945901098582 0.0170466236983318 0.00075
-0.0070891109709593 0.01549062812437565 0.00025
-0.007014913336389054 0.01600482384596778 0.00025
-0.00657310752849063 0.01587291423220492 0.00025
-0.0070891109709593 0.01549062812437565 0.0005
-0.00657310752849063 0.01587291423220492 0.0005
-0.0070891109709593 0.01549062812437565 0.00075
-0.007014913336389054 0.01600482384596778 0.00075
-0.00657310752849063 0.01587291423220492 0.00075
-0.01082043045035605 0.008811167667290426 0.00025
-0.01082043045035605 0.008811167667290426 0.0005
-0.01013698435886497 0.009439881360496664 0.0005
-0.01013698435886497 0.009439881360496664 0.00025
-0.01082043045035605 0.008811167667290426 0.00075
-0.01013698435886497 0.009439881360496664 0.00075
-0.01172317959368546 0.009284251631055264 0.00025
-0.01172317959368546 0.009284251631055264 0.0005
-0.01172317959368546 0.009284251631055264 0.00075
-0.01159725085667059 0.008325538219824048 0.00025
-0.01159725085667059 0.008325538219824048 0.0005
-0.01159725085667059 0.008325538219824048 0.00075
-0.0103336715337992 0.01125104194082303 0.00025
-0.009650215686324522 0.0107368718409085 0.00025
-0.01029828743684772 0.01025337645971507 0.00025
-0.0103336715337992 0.01125104194082303 0.0005
-0.01029828743684772 0.01025337645971507 0.0005
-0.0103336715337992 0.01125104194082303 0.00075
-0.009650215686324522 0.0107368718409085 0.00075
-0.01029828743684772 0.01025337645971507 0.00075
-0.009240304410817527 0.007033192822143562 0.00025
-0.01020280338243635 0.007125527012469005 0.0005
-0.009240304410817527 0.007033192822143562 0.0005
-0.01020280338243635 0.007125527012469005 0.00025
-0.009711105051531527 0.006398599768878799 0.00025
-0.009240304410817527 0.007033192822143562 0.00075
-0.01020280338243635 0.007125527012469005 0.00075
-0.009711105051531527 0.006398599768878799 0.00075
-0.01199308181014969 0.01379829156077042 0.00025
-0.01199308181014969 0.01379829156077042 0.0005
-0.01199308181014969 0.01379829156077042 0.00075
-0.00206903499121343 0.01180720907364596 0.00025
-0.002055968333103953 0.0126771297215277 0.00025
-0.00206903499121343 0.01180720907364596 0.0005
-0.002055968333103953 0.0126771297215277 0.0005
-0.00206903499121343 0.01180720907364596 0.00075
-0.002055968333103953 0.0126771297215277 0.00075
-0.00716063106535697 0.01314706565236398 0.00025
-0.00716063106535697 0.01314706565236398 0.0005
-0.007838907048284759 0.0132895743142646 0.0005
-0.007838907048284759 0.0132895743142646 0.00025
-0.007606723709922445 0.01263438675780085 0.00025
-0.00716063106535697 0.01314706565236398 0.00075
-0.007838907048284759 0.0132895743142646 0.00075
-0.007606723709922445 0.01263438675780085 0.00075
-0.00669642857142858 0.005773236967664677 0.00025
-0.005803571428571437 0.005773236967664677 0.00025
-0.00669642857142858 0.005773236967664677 0.0005
-0.005803571428571437 0.005773236967664677 0.0005
-0.00669642857142858 0.005773236967664677 0.00075
-0.005803571428571437 0.005773236967664677 0.00075
-0.003770766465205403 0.007129911596270647 0.00025
-0.002887323083798846 0.00715189411804003 0.00025
-0.003532761011232899 0.006411439200316426 0.0005
-0.003770766465205403 0.007129911596270647 0.0005
-0.002887323083798846 0.00715189411804003 0.0005
-0.003532761011232899 0.006411439200316426 0.00025
-0.002649317629826342 0.006433421722085809 0.00025
-0.003770766465205403 0.007129911596270647 0.00075
-0.002887323083798846 0.00715189411804003 0.00075
-0.003532761011232899 0.006411439200316426 0.00075
-0.002649317629826342 0.006433421722085809 0.00075
-0.002158593138229356 0.01352932091897166 0.00025
-0.002158593138229356 0.01352932091897166 0.0005
-0.002158593138229356 0.01352932091897166 0.00075
-0.007570760667119058 0.005743169779488501 0.00025
-0.007998664191380966 0.006486339558977002 0.00025
-0.007124332095690487 0.006516406747153178 0.00025
-0.007570760667119058 0.005743169779488501 0.0005
-0.007124332095690487 0.006516406747153178 0.0005
-0.007570760667119058 0.005743169779488501 0.00075
-0.007998664191380966 0.006486339558977002 0.00075
-0.007124332095690487 0.006516406747153178 0.00075
-0.0008904007677322007 0.009869627865294104 0.00025
-0.001603959272304727 0.01033842766618371 0.00025
-0.0007135585045725265 0.01082594265803248 0.0005
-0.0008904007677322007 0.009869627865294104 0.0005
-0.001603959272304727 0.01033842766618371 0.0005
-0.0007135585045725265 0.01082594265803248 0.00025
-0.0008904007677322007 0.009869627865294104 0.00075
-0.001603959272304727 0.01033842766618371 0.00075
-0.0007135585045725265 0.01082594265803248 0.00075
-0.003893473641902069 0.007927205363920439 0.00025
-0.003893473641902069 0.007927205363920439 0.0005
-0.003893473641902069 0.007927205363920439 0.00075
-0.01159725085667059 0.007375882673926828 0.00025
-0.01159725085667059 0.007375882673926828 0.0005
-0.01159725085667059 0.007375882673926828 0.00075
-0.002168148587978639 0.01435642561534545 0.00025
-0.002168148587978639 0.01435642561534545 0.0005
-0.002168148587978639 0.01435642561534545 0.00075
-0.01047094057904411 0.01362175928576907 0.00025
-0.009902393023170492 0.01368227886384405 0.0005
-0.01047094057904411 0.01362175928576907 0.0005
-0.009902393023170492 0.01368227886384405 0.00025
-0.01047094057904411 0.01362175928576907 0.00075
-0.009902393023170492 0.01368227886384405 0.00075
-0.0084636178099762 0.005743169779488501 0.00025
-0.0084636178099762 0.005743169779488501 0.0005
-0.0084636178099762 0.005743169779488501 0.00075
-0.0008904007677322007 0.008976770722436963 0.00025
-0.0008904007677322007 0.008976770722436963 0.0005
-0.0008904007677322007 0.008976770722436963 0.00075
-0.003110373100627462 0.005716710861042905 0.00025
-0.002217515957770316 0.005716710861042905 0.00025
-0.003110373100627462 0.005716710861042905 0.0005
-0.002217515957770316 0.005716710861042905 0.0005
-0.003110373100627462 0.005716710861042905 0.00075
-0.002217515957770316 0.005716710861042905 0.00075
-0.008725725143280396 0.01704196025007383 0.00025
-0.009062095291064647 0.01682198907782399 0.00025
-0.008725725143280396 0.01704196025007383 0.0005
-0.009062095291064647 0.01682198907782399 0.0005
-0.008725725143280396 0.01704196025007383 0.00075
-0.009062095291064647 0.01682198907782399 0.00075
-0.004886673624891161 0.005694728339273522 0.00025
-0.004886673624891161 0.005694728339273522 0.0005
-0.004886673624891161 0.005694728339273522 0.00075
-0.008281971114727001 0.01279244131846736 0.0005
-0.008281971114727001 0.01279244131846736 0.00025
-0.008281971114727001 0.01279244131846736 0.00075
-0.00901834730093413 0.01517866593390012 0.00025
-0.00901834730093413 0.01517866593390012 0.0005
-0.00901834730093413 0.01517866593390012 0.00075
-0.009616741671344766 0.01303260846646727 0.0005
-0.009616741671344766 0.01303260846646727 0.00025
-0.009616741671344766 0.01303260846646727 0.00075
-0.004733095559003813 0.01494163398582773 0.00025
-0.004733095559003813 0.01494163398582773 0.0005
-0.005118667042695596 0.01448395371239955 0.0005
-0.005118667042695596 0.01448395371239955 0.00025
-0.004733095559003813 0.01494163398582773 0.00075
-0.005118667042695596 0.01448395371239955 0.00075
-0.01000750015847955 0.01257698829498147 0.00025
-0.009738735493801134 0.01203925553616226 0.00025
-0.01037793143753751 0.01190223378844991 0.00025
-0.01000750015847955 0.01257698829498147 0.0005
-0.01037793143753751 0.01190223378844991 0.0005
-0.01000750015847955 0.01257698829498147 0.00075
-0.009738735493801134 0.01203925553616226 0.00075
-0.01037793143753751 0.01190223378844991 0.00075
-0.01021269538290862 0.0056992998844394 0.00025
-0.009319838240051479 0.0056992998844394 0.00025
-0.01021269538290862 0.0056992998844394 0.0005
-0.009319838240051479 0.0056992998844394 0.0005
-0.01021269538290862 0.0056992998844394 0.00075
-0.009319838240051479 0.0056992998844394 0.00075
-0.0007490486204553958 0.007227543421296174 0.00025
-0.0007490486204553958 0.008120400564153321 0.00025
-0.0007490486204553958 0.007227543421296174 0.0005
-0.0007490486204553958 0.008120400564153321 0.0005
-0.0007490486204553958 0.007227543421296174 0.00075
-0.0007490486204553958 0.008120400564153321 0.00075
-0.004626840543786909 0.01601940623201299 0.0005
-0.004626840543786909 0.01601940623201299 0.00025
-0.004626840543786909 0.01601940623201299 0.00075
-0.001452365647423207 0.01542943779830853 0.00025
-0.001452365647423207 0.01542943779830853 0.0005
-0.001452365647423207 0.01542943779830853 0.00075
-0.007930169943208887 0.01717156790589897 0.00025
-0.008404997716188134 0.01717156790589909 0.00025
-0.007930169943208887 0.01717156790589897 0.0005
-0.008404997716188134 0.01717156790589909 0.0005
-0.007930169943208887 0.01717156790589897 0.00075
-0.008404997716188134 0.01717156790589909 0.00075
-0.005669426815223073 0.0170466236983318 0.00025
-0.005669426815223073 0.0170466236983318 0.0005
-0.005669426815223073 0.0170466236983318 0.00075
-0.008854884621456246 0.0064424696639279 0.00025
-0.008854884621456246 0.0064424696639279 0.0005
-0.008854884621456246 0.0064424696639279 0.00075
-0.003993816482034018 0.005694728339273522 0.0005
-0.003993816482034018 0.005694728339273522 0.00025
-0.003993816482034018 0.005694728339273522 0.00075
-0.007076236198266911 0.0171113023107216 0.00025
-0.007301783488451416 0.01672260462144319 0.00025
-0.007551063971246158 0.0171113023107216 0.00025
-0.007076236198266911 0.0171113023107216 0.0005
-0.007551063971246158 0.0171113023107216 0.0005
-0.007076236198266911 0.0171113023107216 0.00075
-0.007301783488451416 0.01672260462144319 0.00075
-0.007551063971246158 0.0171113023107216 0.00075
-0.004128627959380054 0.008664005672079592 0.00025
-0.004912040373326858 0.008759350035113115 0.00025
-0.004379049586674125 0.009439311493346078 0.0005
-0.004128627959380054 0.008664005672079592 0.0005
-0.004912040373326858 0.008759350035113115 0.0005
-0.004379049586674125 0.009439311493346078 0.00025
-0.00516246200062093 0.0095346558563796 0.00025
-0.004128627959380054 0.008664005672079592 0.00075
-0.004912040373326858 0.008759350035113115 0.00075
-0.004379049586674125 0.009439311493346078 0.00075
-0.00516246200062093 0.0095346558563796 0.00075
-0.01081371921569996 0.01533425744104983 0.00025
-0.01101856600400543 0.0148787770766456 0.00025
-0.0113489363900681 0.01521682277806567 0.0005
-0.01081371921569996 0.01533425744104983 0.0005
-0.01101856600400543 0.0148787770766456 0.0005
-0.0113489363900681 0.01521682277806567 0.00025
-0.01114408960176263 0.0156723031424699 0.00025
-0.01081371921569996 0.01533425744104983 0.00075
-0.01101856600400543 0.0148787770766456 0.00075
-0.0113489363900681 0.01521682277806567 0.00075
-0.01114408960176263 0.0156723031424699 0.00075
-0.005446505003972504 0.01025616346549414 0.00025
-0.004747699004779466 0.01013709262391492 0.00025
-0.005446505003972504 0.01025616346549414 0.0005
-0.00503174200813104 0.01085860023302946 0.0005
-0.004747699004779466 0.01013709262391492 0.0005
-0.00503174200813104 0.01085860023302946 0.00025
-0.005730548007324077 0.01097767107460869 0.00025
-0.005446505003972504 0.01025616346549414 0.00075
-0.004747699004779466 0.01013709262391492 0.00075
-0.00503174200813104 0.01085860023302946 0.00075
-0.005730548007324077 0.01097767107460869 0.00075
-0.007446276648164808 0.009971005408618942 0.00025
-0.00819132966160266 0.01012754927224099 0.00025
-0.007684137486381463 0.01068858045958679 0.00025
-0.006939084472943611 0.01053203659596474 0.0005
-0.007446276648164808 0.009971005408618942 0.0005
-0.007684137486381463 0.01068858045958679 0.0005
-0.006939084472943611 0.01053203659596474 0.00025
-0.006701223634726956 0.009814461544996897 0.00025
-0.007176945311160267 0.01124961164693259 0.00025
-0.007446276648164808 0.009971005408618942 0.00075
-0.00819132966160266 0.01012754927224099 0.00075
-0.007684137486381463 0.01068858045958679 0.00075
-0.006939084472943611 0.01053203659596474 0.00075
-0.006701223634726956 0.009814461544996897 0.00075
-0.007176945311160267 0.01124961164693259 0.00075
-0.005567251009224325 0.01400403728376268 0.00025
-0.005567251009224325 0.01400403728376268 0.0005
-0.006034542077212502 0.01351921317454588 0.0005
-0.006034542077212502 0.01351921317454588 0.00025
-0.005354545733633508 0.01337868180216464 0.00025
-0.005567251009224325 0.01400403728376268 0.00075
-0.006034542077212502 0.01351921317454588 0.00075
-0.005354545733633508 0.01337868180216464 0.00075
-0.004905961767104779 0.01385859823080151 0.0005
-0.004905961767104779 0.01385859823080151 0.00025
-0.004905961767104779 0.01385859823080151 0.00075
-0.00533086398218126 0.01154318172249523 0.00025
-0.004931179957038442 0.01210869237038178 0.00025
-0.004632057982988222 0.01142411088091601 0.00025
-0.00533086398218126 0.01154318172249523 0.0005
-0.004632057982988222 0.01142411088091601 0.0005
-0.00533086398218126 0.01154318172249523 0.00075
-0.004931179957038442 0.01210869237038178 0.00075
-0.004632057982988222 0.01142411088091601 0.00075
-0.003964286590832661 0.0100417482608814 0.0005
-0.003964286590832661 0.0100417482608814 0.00025
-0.003964286590832661 0.0100417482608814 0.00075
-0.008219411608641444 0.01550653149714381 0.00025
-0.007549646945952732 0.01548725452588134 0.00025
-0.008219411608641444 0.01550653149714381 0.0005
-0.007549646945952732 0.01548725452588134 0.0005
-0.008219411608641444 0.01550653149714381 0.00075
-0.007549646945952732 0.01548725452588134 0.00075
-0.005931842817673943 0.009674558700688249 0.00025
-0.006215885821025517 0.01039606630980279 0.0005
-0.005931842817673943 0.009674558700688249 0.0005
-0.006215885821025517 0.01039606630980279 0.00025
-0.005931842817673943 0.009674558700688249 0.00075
-0.006215885821025517 0.01039606630980279 0.00075
-0.005671117547242102 0.008922874182222113 0.00025
-0.006440498364295116 0.009062777026530761 0.00025
-0.005671117547242102 0.008922874182222113 0.0005
-0.006440498364295116 0.009062777026530761 0.0005
-0.005671117547242102 0.008922874182222113 0.00075
-0.006440498364295116 0.009062777026530761 0.00075
-0.01218957151369805 0.01595094321147307 0.00025
-0.01187914302739628 0.01565188642294614 0.00025
-0.01218957151369814 0.01546299133990213 0.00025
-0.01218957151369805 0.01595094321147307 0.0005
-0.01218957151369814 0.01546299133990213 0.0005
-0.01218957151369805 0.01595094321147307 0.00075
-0.01187914302739628 0.01565188642294614 0.00075
-0.01218957151369814 0.01546299133990213 0.00075
-0.009514286524315914 0.01578948949642352 0.00025
-0.009917222176888608 0.01561811658433178 0.00025
-0.009897652030243233 0.01606526055826352 0.0005
-0.009514286524315914 0.01578948949642352 0.0005
-0.009917222176888608 0.01561811658433178 0.0005
-0.009897652030243233 0.01606526055826352 0.00025
-0.009494716377670539 0.01623663347035526 0.00025
-0.01030058768281593 0.01589388764617178 0.00025
-0.009514286524315914 0.01578948949642352 0.00075
-0.009917222176888608 0.01561811658433178 0.00075
-0.009897652030243233 0.01606526055826352 0.00075
-0.009494716377670539 0.01623663347035526 0.00075
-0.01030058768281593 0.01589388764617178 0.00075
-0.007216135758924222 0.009244951243908648 0.00025
-0.007731047883121489 0.008675440942820401 0.00025
-0.007961188772362075 0.009401495107530695 0.00025
-0.007216135758924222 0.009244951243908648 0.0005
-0.007961188772362075 0.009401495107530695 0.0005
-0.007216135758924222 0.009244951243908648 0.00075
-0.007731047883121489 0.008675440942820401 0.00075
-0.007961188772362075 0.009401495107530695 0.00075
-0.006955410488492382 0.008493266725442514 0.00025
-0.006955410488492382 0.008493266725442514 0.0005
-0.006955410488492382 0.008493266725442514 0.00075
-0.01183869010187246 0.006616122500417803 0.00025
-0.01117738020374492 0.006332933909041162 0.00025
-0.01183869010187246 0.005666466954520581 0.00025
-0.01183869010187246 0.006616122500417803 0.0005
-0.01183869010187246 0.005666466954520581 0.0005
-0.01183869010187246 0.006616122500417803 0.00075
-0.01117738020374492 0.006332933909041162 0.00075
-0.01183869010187246 0.005666466954520581 0.00075
-0.006453746659242173 0.01111364136077064 0.00025
-0.006453746659242173 0.01111364136077064 0.0005
-0.006453746659242173 0.01111364136077064 0.00075
-0.00617090655272227 0.01708794613923678 0.00025
-0.006645734325701516 0.01708794613923678 0.00025
-0.00617090655272227 0.01708794613923678 0.0005
-0.006645734325701516 0.01708794613923678 0.0005
-0.00617090655272227 0.01708794613923678 0.00075
-0.006645734325701516 0.01708794613923678 0.00075
-0.01094583295901532 0.005666466954520581 0.00025
-0.01094583295901532 0.005666466954520581 0.0005
-0.01094583295901532 0.005666466954520581 0.00075
-0.008529328706740252 0.008892661292646042 0.00025
-0.00875946959598084 0.009618715457356337 0.00025
-0.008529328706740252 0.008892661292646042 0.0005
-0.00875946959598084 0.009618715457356337 0.0005
-0.008529328706740252 0.008892661292646042 0.00075
-0.00875946959598084 0.009618715457356337 0.00075
-0.002189001502211262 0.01107673697783279 0.0005
-0.002189001502211262 0.01107673697783279 0.00025
-0.002189001502211262 0.01107673697783279 0.00075
-0.00648282279545773 0.01300375880071177 0.00025
-0.00648282279545773 0.01300375880071177 0.0005
-0.006928915440023204 0.01249107990614864 0.0005
-0.006928915440023204 0.01249107990614864 0.00025
-0.006251107170123965 0.01234777305449643 0.00025
-0.00648282279545773 0.01300375880071177 0.00075
-0.006928915440023204 0.01249107990614864 0.00075
-0.006251107170123965 0.01234777305449643 0.00075
-0.01171646310288493 0.01520661441830379 0.00025
-0.01171646310288493 0.01520661441830379 0.0005
-0.01171646310288493 0.01520661441830379 0.00075
-0.005802826451878736 0.01286322742833054 0.0005
-0.005802826451878736 0.01286322742833054 0.00025
-0.005802826451878736 0.01286322742833054 0.00075
-0.006714026240642116 0.01179869235071451 0.00025
-0.006714026240642116 0.01179869235071451 0.0005
-0.005990827588724022 0.01166272206455256 0.0005
-0.005990827588724022 0.01166272206455256 0.00025
-0.006714026240642116 0.01179869235071451 0.00075
-0.005990827588724022 0.01166272206455256 0.00075
-0.007391834510541356 0.01194199920236672 0.00025
-0.007391834510541356 0.01194199920236672 0.0005
-0.007391834510541356 0.01194199920236672 0.00075
-0.01151161631457946 0.01566209478270802 0.00025
-0.01151161631457946 0.01566209478270802 0.0005
-0.01151161631457946 0.01566209478270802 0.00075
-0.006871281615886021 0.01669924844995837 0.00025
-0.006871281615886021 0.01669924844995837 0.0005
-0.006871281615886021 0.01669924844995837 0.00075
-0.01178849269212075 0.0159767883623437 0.00025
-0.01178849269212075 0.0159767883623437 0.0005
-0.01178849269212075 0.0159767883623437 0.00075
-0.004707308641868179 0.01325740963188721 0.00025
-0.004707308641868179 0.01325740963188721 0.0005
-0.004707308641868179 0.01325740963188721 0.00075
-0.008379372164981981 0.01085873767832198 0.00025
-0.008567414668361301 0.01158992608440298 0.00025
-0.007872179989760784 0.01141976886566778 0.00025
-0.008379372164981981 0.01085873767832198 0.0005
-0.007872179989760784 0.01141976886566778 0.0005
-0.008379372164981981 0.01085873767832198 0.00075
-0.008567414668361301 0.01158992608440298 0.00075
-0.007872179989760784 0.01141976886566778 0.00075
-0.009694475590062828 0.01138806368853538 0.00025
-0.009694475590062828 0.01138806368853538 0.0005
-0.009694475590062828 0.01138806368853538 0.00075
-0.001546473935329358 0.005653616792472215 0.00025
-0.001307233584944427 0.006307233584944428 0.00025
-0.0006536167924722134 0.005653616792472214 0.00025
-0.001546473935329358 0.005653616792472215 0.0005
-0.0006536167924722134 0.005653616792472214 0.0005
-0.001546473935329358 0.005653616792472215 0.00075
-0.001307233584944427 0.006307233584944428 0.00075
-0.0006536167924722134 0.005653616792472214 0.00075
-0.0006536167924722134 0.00654647393532936 0.00025
-0.0006536167924722134 0.00654647393532936 0.0005
-0.0006536167924722134 0.00654647393532936 0.00075
-0.008087069189141873 0.01211215642110192 0.00025
-0.008762316593946429 0.01227021098176842 0.00025
-0.008087069189141873 0.01211215642110192 0.0005
-0.008762316593946429 0.01227021098176842 0.0005
-0.008087069189141873 0.01211215642110192 0.00075
-0.008762316593946429 0.01227021098176842 0.00075
-0.004381585692687588 0.01546590507112041 0.00025
-0.004381585692687588 0.01546590507112041 0.0005
-0.004381585692687588 0.01546590507112041 0.00075
-0.00948891260834177 0.009923376741690092 0.00025
-0.00892077267396359 0.01043221055657474 0.00025
-0.00948891260834177 0.009923376741690092 0.0005
-0.00892077267396359 0.01043221055657474 0.0005
-0.00948891260834177 0.009923376741690092 0.00075
-0.00892077267396359 0.01043221055657474 0.00075
-0.003612543918446555 0.01642391497197485 0.00025
-0.003612543918446555 0.01642391497197485 0.0005
-0.003612543918446555 0.01642391497197485 0.00075
-0.00399961291904292 0.01594055799091632 0.0005
-0.00399961291904292 0.01594055799091632 0.00025
-0.00399961291904292 0.01594055799091632 0.00075
-0.009458728336619218 0.01664834556292789 0.00025
-0.009820548801628727 0.01647336515247671 0.00025
-0.009458728336619218 0.01664834556292789 0.0005
-0.009820548801628727 0.01647336515247671 0.0005
-0.009458728336619218 0.01664834556292789 0.00075
-0.009820548801628727 0.01647336515247671 0.00075
-0.01102652136102561 0.01606410467275039 0.00025
-0.01142096597930392 0.01598699672210558 0.00025
-0.01102652136102561 0.01606410467275039 0.0005
-0.01142096597930392 0.01598699672210558 0.0005
-0.01102652136102561 0.01606410467275039 0.00075
-0.01142096597930392 0.01598699672210558 0.00075
-0.01022348445420142 0.01630199224038497 0.00025
-0.01060477040155225 0.01617489692460133 0.00025
-0.01022348445420142 0.01630199224038497 0.0005
-0.01060477040155225 0.01617489692460133 0.0005
-0.01022348445420142 0.01630199224038497 0.00075
-0.01060477040155225 0.01617489692460133 0.00075
-0.007680889460414144 0.01678287021662057 0.00025
-0.007618884387413667 0.01636034063521118 0.0005
-0.007680889460414144 0.01678287021662057 0.0005
-0.007618884387413667 0.01636034063521118 0.00025
-0.007680889460414144 0.01678287021662057 0.00075
-0.007618884387413667 0.01636034063521118 0.00075
-0.01039196825622661 0.01544504969290077 0.0005
-0.01039196825622661 0.01544504969290077 0.00025
-0.01039196825622661 0.01544504969290077 0.00075
-0.01151997339933648 0.01414160906068471 0.00025
-0.01151997339933648 0.01414160906068471 0.0005
-0.01151997339933648 0.01414160906068471 0.00075
-0.00909808333211597 0.01641027698525135 0.00025
-0.00909808333211597 0.01641027698525135 0.0005
-0.00909808333211597 0.01641027698525135 0.00075
-0.005591143563581204 0.01222823271243911 0.00025
-0.005591143563581204 0.01222823271243911 0.0005
-0.005591143563581204 0.01222823271243911 0.00075
-0.005142862845335975 0.01274368708627321 0.00025
-0.005142862845335975 0.01274368708627321 0.0005
-0.005142862845335975 0.01274368708627321 0.00075
-0.008668303620701097 0.01542508942138244 0.00025
-0.008668303620701097 0.01542508942138244 0.0005
-0.008668303620701097 0.01542508942138244 0.00075
-0.00910881517734291 0.01116339896265574 0.00025
-0.00910881517734291 0.01116339896265574 0.0005
-0.00910881517734291 0.01116339896265574 0.00075
-0.01072233864228928 0.01578309539432084 0.00025
-0.01072233864228928 0.01578309539432084 0.0005
-0.01072233864228928 0.01578309539432084 0.00075
-0.009153075081081218 0.01181459081028262 0.00025
-0.009153075081081218 0.01181459081028262 0.0005
-0.009153075081081218 0.01181459081028262 0.00075
-0.003367289067347234 0.01587041381108227 0.00025
-0.003367289067347234 0.01587041381108227 0.0005
-0.003367289067347234 0.01587041381108227 0.00075
-0.004495625753570646 0.01262241491599578 0.00025
-0.004495625753570646 0.01262241491599578 0.0005
-0.004495625753570646 0.01262241491599578 0.00075
-0.002073707435368567 0.007051397139481934 0.0005
-0.002073707435368567 0.007051397139481934 0.00025
-0.002073707435368567 0.007051397139481934 0.00075
-0.002232428384586309 0.01626192662066236 0.00025
-0.002232428384586309 0.01626192662066236 0.0005
-0.002232428384586309 0.01626192662066236 0.00075
-0.006732204291312778 0.007022190315106215 0.00025
-0.007214408582625548 0.007497906694883077 0.00025
-0.006697090838244412 0.007904499601473852 0.00025
-0.006732204291312778 0.007022190315106215 0.0005
-0.006697090838244412 0.007904499601473852 0.0005
-0.006732204291312778 0.007022190315106215 0.00075
-0.007214408582625548 0.007497906694883077 0.00075
-0.006697090838244412 0.007904499601473852 0.00075
-0.001402665412927609 0.006988303070911243 0.00025
-0.001402665412927609 0.006988303070911243 0.0005
-0.001402665412927609 0.006988303070911243 0.00075
-0.001965598497519682 0.0150067727039205 0.00025
-0.001965598497519682 0.0150067727039205 0.0005
-0.001965598497519682 0.0150067727039205 0.00075
-0.00672784653985484 0.01634035806222067 0.00025
-0.007158348412420235 0.01636371423370549 0.00025
-0.00672784653985484 0.01634035806222067 0.0005
-0.007158348412420235 0.01636371423370549 0.0005
-0.00672784653985484 0.01634035806222067 0.00075
-0.007158348412420235 0.01636371423370549 0.00075
-0.01093594095854305 0.007092694082550186 0.00025
-0.01093594095854305 0.007092694082550186 0.0005
-0.01093594095854305 0.007092694082550186 0.00075
-0.009347977006666347 0.01249487570764806 0.00025
-0.009347977006666347 0.01249487570764806 0.0005
-0.009347977006666347 0.01249487570764806 0.00075
-0.007475449311382486 0.01600145024747347 0.00025
-0.007475449311382486 0.01600145024747347 0.0005
-0.007475449311382486 0.01600145024747347 0.00075
-0.009164242844082881 0.01603591298390584 0.00025
-0.009183812990728256 0.0155887690099741 0.00025
-0.009164242844082881 0.01603591298390584 0.0005
-0.009183812990728256 0.0155887690099741 0.0005
-0.009164242844082881 0.01603591298390584 0.00075
-0.009183812990728256 0.0155887690099741 0.00075
-0.007606536387003256 0.006992123126930039 0.00025
-0.007606536387003256 0.006992123126930039 0.0005
-0.007606536387003256 0.006992123126930039 0.00075
-0.008384083980742247 0.007077062717192663 0.00025
-0.008384083980742247 0.007077062717192663 0.0005
-0.008384083980742247 0.007077062717192663 0.00075
-0.004372859194866012 0.0120048811340821 0.00025
-0.004372859194866012 0.0120048811340821 0.0005
-0.004372859194866012 0.0120048811340821 0.00075
-0.003937304991398215 0.0125186036796961 0.00025
-0.003937304991398215 0.0125186036796961 0.0005
-0.003937304991398215 0.0125186036796961 0.00075
-0.01044424262763822 0.00636576683895998 0.00025
-0.01044424262763822 0.00636576683895998 0.0005
-0.01044424262763822 0.00636576683895998 0.00075
-0.001978275607385384 0.006370327653515118 0.00025
-0.001978275607385384 0.006370327653515118 0.0005
-0.001978275607385384 0.006370327653515118 0.00075
-0.008250275826612509 0.008171613409114363 0.00025
-0.008250275826612509 0.008171613409114363 0.0005
-0.008250275826612509 0.008171613409114363 0.00075
-0.007472728232873519 0.008086673818851739 0.00025
-0.007991956176364537 0.007582846285145701 0.00025
-0.007472728232873519 0.008086673818851739 0.0005
-0.007991956176364537 0.007582846285145701 0.0005
-0.007472728232873519 0.008086673818851739 0.00075
-0.007991956176364537 0.007582846285145701 0.00075
-0.001997869552518224 0.0157474173547959 0.00025
-0.002745661234682784 0.01583926152627433 0.00025
-0.001997869552518224 0.0157474173547959 0.0005
-0.002745661234682784 0.01583926152627433 0.0005
-0.001997869552518224 0.0157474173547959 0.00075
-0.002745661234682784 0.01583926152627433 0.00075
-0.01110969975665191 0.01444506996569945 0.00025
-0.01110969975665191 0.01444506996569945 0.0005
-0.01110969975665191 0.01444506996569945 0.00075
-0.01107588997761481 0.01382533661272272 0.00025
-0.01107588997761481 0.01382533661272272 0.0005
-0.01107588997761481 0.01382533661272272 0.00075
3 4 0 837
6599
6600
6601
6602
6603
6604
6605
6606
6607
6608
6609
6610
6611
6612
6613
6614
6615
6616
6617
6618
6619
6620
6621
6622
6623
6624
6625
6626
6627
6628
6629
6630
6631
6632
6633
6634
6635
6636
6637
6638
6639
6640
6641
6642
6643
6644
6645
6646
6647
6648
6649
6650
6651
6652
6653
6654
6655
6656
6657
6658
6659
6660
6661
6662
6663
6664
6665
6666
6667
6668
6669
6670
6671
6672
6673
6674
6675
6676
6677
6678
6679
6680
6681
6682
6683
6684
6685
6686
6687
6688
6689
6690
6691
6692
6693
6694
6695
6696
6697
6698
6699
6700
6701
6702
6703
6704
6705
6706
6707
6708
6709
6710
6711
6712
6713
6714
6715
6716
6717
6718
6719
6720
6721
6722
6723
6724
6725
6726
6727
6728
6729
6730
6731
6732
6733
6734
6735
6736
6737
6738
6739
6740
6741
6742
6743
6744
6745
6746
6747
6748
6749
6750
6751
6752
6753
6754
6755
6756
6757
6758
6759
6760
6761
6762
6763
6764
6765
6766
6767
6768
6769
6770
6771
6772
6773
6774
6775
6776
6777
6778
6779
6780
6781
6782
6783
6784
6785
6786
6787
6788
6789
6790
6791
6792
6793
6794
6795
6796
6797
6798
6799
6800
6801
6802
6803
6804
6805
6806
6807
6808
6809
6810
6811
6812
6813
6814
6815
6816
6817
6818
6819
6820
6821
6822
6823
6824
6825
6826
6827
6828
6829
6830
6831
6832
6833
6834
6835
6836
6837
6838
6839
6840
6841
6842
6843
6844
6845
6846
6847
6848
6849
6850
6851
6852
6853
6854
6855
6856
6857
6858
6859
6860
6861
6862
6863
6864
6865
6866
6867
6868
6869
6870
6871
6872
6873
6874
6875
6876
6877
6878
6879
6880
6881
6882
6883
6884
6885
6886
6887
6888
6889
6890
6891
6892
6893
6894
6895
6896
6897
6898
6899
6900
6901
6902
6903
6904
6905
6906
6907
6908
6909
6910
6911
6912
6913
6914
6915
6916
6917
6918
6919
6920
6921
6922
6923
6924
6925
6926
6927
6928
6929
6930
6931
6932
6933
6934
6935
6936
6937
6938
6939
6940
6941
6942
6943
6944
6945
6946
6947
6948
6949
6950
6951
6952
6953
6954
6955
6956
6957
6958
6959
6960
6961
6962
6963
6964
6965
6966
6967
6968
6969
6970
6971
6972
6973
6974
6975
6976
6977
6978
6979
6980
6981
6982
6983
6984
6985
6986
6987
6988
6989
6990
6991
6992
6993
6994
6995
6996
6997
6998
6999
7000
7001
7002
7003
7004
7005
7006
7007
7008
7009
7010
7011
7012
7013
7014
7015
7016
7017
7018
7019
7020
7021
7022
7023
7024
7025
7026
7027
7028
7029
7030
7031
7032
7033
7034
7035
7036
7037
7038
7039
7040
7041
7042
7043
7044
7045
7046
7047
7048
7049
7050
7051
7052
7053
7054
7055
7056
7057
7058
7059
7060
7061
7062
7063
7064
7065
7066
7067
7068
7069
7070
7071
7072
7073
7074
7075
7076
7077
7078
7079
7080
7081
7082
7083
7084
7085
7086
7087
7088
7089
7090
7091
7092
7093
7094
7095
7096
7097
7098
7099
7100
7101
7102
7103
7104
7105
7106
7107
7108
7109
7110
7111
7112
7113
7114
7115
7116
7117
7118
7119
7120
7121
7122
7123
7124
7125
7126
7127
7128
7129
7130
7131
7132
7133
7134
7135
7136
7137
7138
7139
7140
7141
7142
7143
7144
7145
7146
7147
7148
7149
7150
7151
7152
7153
7154
7155
7156
7157
7158
7159
7160
7161
7162
7163
7164
7165
7166
7167
7168
7169
7170
7171
7172
7173
7174
7175
7176
7177
7178
7179
7180
7181
7182
7183
7184
7185
7186
7187
7188
7189
7190
7191
7192
7193
7194
7195
7196
7197
7198
7199
7200
7201
7202
7203
7204
7205
7206
7207
7208
7209
7210
7211
7212
7213
7214
7215
7216
7217
7218
7219
7220
7221
7222
7223
7224
7225
7226
7227
7228
7229
7230
7231
7232
7233
7234
7235
7236
7237
7238
7239
7240
7241
7242
7243
7244
7245
7246
7247
7248
7249
7250
7251
7252
7253
7254
7255
7256
7257
7258
7259
7260
7261
7262
7263
7264
7265
7266
7267
7268
7269
7270
7271
7272
7273
7274
7275
7276
7277
7278
7279
7280
7281
7282
7283
7284
7285
7286
7287
7288
7289
7290
7291
7292
7293
7294
7295
7296
7297
7298
7299
7300
7301
7302
7303
7304
7305
7306
7307
7308
7309
7310
7311
7312
7313
7314
7315
7316
7317
7318
7319
7320
7321
7322
7323
7324
7325
7326
7327
7328
7329
7330
7331
7332
7333
7334
7335
7336
7337
7338
7339
7340
7341
7342
7343
7344
7345
7346
7347
7348
7349
7350
7351
7352
7353
7354
7355
7356
7357
7358
7359
7360
7361
7362
7363
7364
7365
7366
7367
7368
7369
7370
7371
7372
7373
7374
7375
7376
7377
7378
7379
7380
7381
7382
7383
7384
7385
7386
7387
7388
7389
7390
7391
7392
7393
7394
7395
7396
7397
7398
7399
7400
7401
7402
7403
7404
7405
7406
7407
7408
7409
7410
7411
7412
7413
7414
7415
7416
7417
7418
7419
7420
7421
7422
7423
7424
7425
7426
7427
7428
7429
7430
7431
7432
7433
7434
7435
0.005982811822450225 0.009745991092784512 0.0005
0.005595193403269742 0.01415735477301546 0.0005
0.005262822800343715 0.01180129920909055 0.0005
0.004176962723443776 0.006054342601240112 0.0005
0.007156054904795817 0.007895400054897887 0.0005
0.001566056310543033 0.009539202528827836 0.0005
0.001598138305510321 0.01308829666818568 0.0005
0.004326942744777078 0.01653642723848662 0.0005
0.006362581936692201 0.005993005937828101 0.0005
0.006420548699984558 0.01611919586280674 0.0005
0.00875004505180664 0.006532134293332261 0.0005
0.005919900423024218 0.01509673615184172 0.0005
0.004871385557277693 0.01486815396547027 0.0005
0.004516193511762054 0.01385690075826182 0.0005
0.003696610485515361 0.01478686791436049 0.0005
0.006443295545227698 0.008661515284171934 0.0005
0.005348972280801225 0.008903910950182933 0.0005
0.004966712654619909 0.009892896347657424 0.0005
0.004075454342508828 0.009199175454443743 0.0005
0.003926037894689304 0.01028901429279612 0.0005
0.005650140211573225 0.007889447291869274 0.0005
0.00780354124628274 0.007029705137351694 0.0005
0.00321328862452583 0.01351321383296339 0.0005
0.002393970863657339 0.01458366482306128 0.0005
0.002910374861583192 0.01210496112136595 0.0005
0.004234506084144439 0.01263943025844003 0.0005
0.005362679350811157 0.01305148463358591 0.0005
0.005509008431265536 0.01671896774162921 0.0005
0.002815592896587791 0.01609779639052113 0.0005
0.003973895189012113 0.01140059518439539 0.0005
0.002819110856990001 0.006139379326747428 0.0005
0.003620585187008498 0.007187659067501413 0.0005
0.002453893333466902 0.007252465247957636 0.0005
0.007899385155985022 0.005922926004110998 0.0005
0.001475746894834167 0.01112749717239337 0.0005
0.005338101716211649 0.005979760288032737 0.0005
0.004887201054611469 0.006997758017962163 0.0005
0.002940047775681765 0.008519451834199891 0.0005
0.009710554646536683 0.0059163215279298 0.0005
0.006804828809676588 0.006940459001184031 0.0005
0.005633844113631031 0.01079289421924193 0.0005
0.001467002547945039 0.01551083253381906 0.0005
0.007195487962312059 0.01687207358074639 0.0005
0.005910692861209967 0.006901584146859176 0.0005
0.004420400142030835 0.008116233769359903 0.0005
0.002715899722958378 0.01083511285206329 0.0005
0.01088171554745809 0.005716841054397008 0.0005
0.005177896390636325 0.0157805573843973 0.0005
0.00283658148619342 0.009670145705596165 0.0005
0.01188601376795678 0.005658009525165524 0.0005
0.006375353472753763 0.01694204743703647 0.0005
0.001393361724675432 0.006396369967597394 0.0005
0.004219696418185035 0.01558931177768745 0.0005
0.001350174777867415 0.007945978417157338 0.0005
0.001195095000216436 0.01435109325875764 0.0005
0.008740711060320202 0.005674276365074612 0.0005
0.006413936463276528 0.00762172709613154 0.0005
0.00713405713580135 0.006285837717456724 0.0005
0.001053606384634067 0.01662643504813293 0.0005
0.004764396027571911 0.0108063151426306 0.0005
0.004247927242269831 0.008657704611901823 0.00025
0.004420400142030835 0.008116233769359903 0.00025
0.0036802239588563 0.008317842801779897 0.00025
0.003507751059095296 0.008859313644321817 0.0005
0.004247927242269831 0.008657704611901823 0.0005
0.0036802239588563 0.008317842801779897 0.0005
0.003507751059095296 0.008859313644321817 0.00025
0.004075454342508828 0.009199175454443743 0.00025
0.002940047775681765 0.008519451834199891 0.00025
0.004247927242269831 0.008657704611901823 0.00075
0.004420400142030835 0.008116233769359903 0.00075
0.0036802239588563 0.008317842801779897 0.00075
0.003507751059095296 0.008859313644321817 0.00075
0.004075454342508828 0.009199175454443743 0.00075
0.002940047775681765 0.008519451834199891 0.00075
0.003517644657386413 0.01584355408410429 0.00025
0.004219696418185035 0.01558931177768745 0.00025
0.003958153451850199 0.01518808984602396 0.00025
0.003256101691051576 0.01544233215244081 0.0005
0.003517644657386413 0.01584355408410429 0.0005
0.003958153451850199 0.01518808984602396 0.0005
0.003256101691051576 0.01544233215244081 0.00025
0.002815592896587791 0.01609779639052113 0.00025
0.003696610485515361 0.01478686791436049 0.00025
0.003517644657386413 0.01584355408410429 0.00075
0.004219696418185035 0.01558931177768745 0.00075
0.003958153451850199 0.01518808984602396 0.00075
0.003256101691051576 0.01544233215244081 0.00075
0.002815592896587791 0.01609779639052113 0.00075
0.003696610485515361 0.01478686791436049 0.00075
0.004020492664519666 0.007651946418430658 0.00025
0.003280316481345131 0.007853555450850652 0.0005
0.004020492664519666 0.007651946418430658 0.0005
0.003280316481345131 0.007853555450850652 0.00025
0.003620585187008498 0.007187659067501413 0.00025
0.004020492664519666 0.007651946418430658 0.00075
0.003280316481345131 0.007853555450850652 0.00075
0.003620585187008498 0.007187659067501413 0.00075
0.004798592717477798 0.01284545744601297 0.00025
0.005362679350811157 0.01305148463358591 0.00025
0.005312751075577436 0.01242639192133823 0.00025
0.004748664442244077 0.01222036473376529 0.0005
0.004798592717477798 0.01284545744601297 0.0005
0.005312751075577436 0.01242639192133823 0.0005
0.004748664442244077 0.01222036473376529 0.00025
0.004234506084144439 0.01263943025844003 0.00025
0.005262822800343715 0.01180129920909055 0.00025
0.004798592717477798 0.01284545744601297 0.00075
0.005362679350811157 0.01305148463358591 0.00075
0.005312751075577436 0.01242639192133823 0.00075
0.004748664442244077 0.01222036473376529 0.00075
0.004234506084144439 0.01263943025844003 0.00075
0.005262822800343715 0.01180129920909055 0.00075
0.01219300688397839 0.005656601368082662 0.00025
0.01188601376795678 0.005658009525165524 0.00025
0.01219300688397845 0.005954004762582762 0.00025
0.01219300688397839 0.005656601368082662 0.0005
0.01219300688397845 0.005954004762582762 0.0005
0.01219300688397839 0.005656601368082662 0.00075
0.01188601376795678 0.005658009525165524 0.00075
0.01219300688397845 0.005954004762582762 0.00075
0.01219300688397839 0.005329004762582763 0.00025
0.01219300688397839 0.005329004762582763 0.0005
0.01219300688397839 0.005329004762582763 0.00075
0.003061831743054511 0.01280908747716467 0.00025
0.002910374861583192 0.01210496112136595 0.00025
0.002254256583546757 0.01259662889477581 0.00025
0.002405713465018076 0.01330075525057454 0.0005
0.003061831743054511 0.01280908747716467 0.0005
0.002254256583546757 0.01259662889477581 0.0005
0.002405713465018076 0.01330075525057454 0.00025
0.00321328862452583 0.01351321383296339 0.00025
0.001598138305510321 0.01308829666818568 0.00025
0.003061831743054511 0.01280908747716467 0.00075
0.002910374861583192 0.01210496112136595 0.00075
0.002254256583546757 0.01259662889477581 0.00075
0.002405713465018076 0.01330075525057454 0.00075
0.00321328862452583 0.01351321383296339 0.00075
0.001598138305510321 0.01308829666818568 0.00075
0.00304529067458635 0.01468526636871088 0.00025
0.00304529067458635 0.01468526636871088 0.0005
0.002604781880122565 0.01534073060679121 0.0005
0.002604781880122565 0.01534073060679121 0.00025
0.002393970863657339 0.01458366482306128 0.00025
0.00304529067458635 0.01468526636871088 0.00075
0.002604781880122565 0.01534073060679121 0.00075
0.002393970863657339 0.01458366482306128 0.00075
0.00199605458458383 0.01383598074562348 0.00025
0.002803629744091585 0.01404843932801234 0.00025
0.00199605458458383 0.01383598074562348 0.0005
0.002803629744091585 0.01404843932801234 0.0005
0.00199605458458383 0.01383598074562348 0.00075
0.002803629744091585 0.01404843932801234 0.00075
0.007909236176968114 0.01717803365896291 0.00025
0.007909236176968114 0.01717803365896291 0.0005
0.007909236176968114 0.01717803365896291 0.00075
0.006397951086369161 0.0165306216499216 0.00025
0.006375353472753763 0.01694204743703647 0.00025
0.006785420717532911 0.01690706050889143 0.00025
0.006808018331148308 0.01649563472177656 0.0005
0.006397951086369161 0.0165306216499216 0.0005
0.006785420717532911 0.01690706050889143 0.0005
0.006808018331148308 0.01649563472177656 0.00025
0.006420548699984558 0.01611919586280674 0.00025
0.007195487962312059 0.01687207358074639 0.00025
0.006397951086369161 0.0165306216499216 0.00075
0.006375353472753763 0.01694204743703647 0.00075
0.006785420717532911 0.01690706050889143 0.00075
0.006808018331148308 0.01649563472177656 0.00075
0.006420548699984558 0.01611919586280674 0.00075
0.007195487962312059 0.01687207358074639 0.00075
0.007295387857039099 0.01648911837912141 0.00025
0.006907918225875349 0.01611267952015159 0.0005
0.007295387857039099 0.01648911837912141 0.0005
0.006907918225875349 0.01611267952015159 0.00025
0.007295387857039099 0.01648911837912141 0.00075
0.006907918225875349 0.01611267952015159 0.00075
0.001371768251271424 0.007171174192377366 0.00025
0.001350174777867415 0.007945978417157338 0.00025
0.001902034055667159 0.007599221832557486 0.00025
0.001923627529071167 0.006824417607777515 0.0005
0.001371768251271424 0.007171174192377366 0.0005
0.001902034055667159 0.007599221832557486 0.0005
0.001923627529071167 0.006824417607777515 0.00025
0.001393361724675432 0.006396369967597394 0.00025
0.002453893333466902 0.007252465247957636 0.00025
0.001371768251271424 0.007171174192377366 0.00075
0.001350174777867415 0.007945978417157338 0.00075
0.001902034055667159 0.007599221832557486 0.00075
0.001923627529071167 0.006824417607777515 0.00075
0.001393361724675432 0.006396369967597394 0.00075
0.002453893333466902 0.007252465247957636 0.00075
0.007082589441926627 0.005642918858728363 0.00025
0.00713405713580135 0.006285837717456724 0.00025
0.007516721145893186 0.006104381860783862 0.00025
0.007465253452018464 0.0054614630020555 0.0005
0.007082589441926627 0.005642918858728363 0.0005
0.007516721145893186 0.006104381860783862 0.0005
0.007465253452018464 0.0054614630020555 0.00025
0.007899385155985022 0.005922926004110998 0.00025
0.007082589441926627 0.005642918858728363 0.00075
0.00713405713580135 0.006285837717456724 0.00075
0.007516721145893186 0.006104381860783862 0.00075
0.007465253452018464 0.0054614630020555 0.00075
0.007899385155985022 0.005922926004110998 0.00075
0.004618358994677914 0.01160094719674297 0.00025
0.003973895189012113 0.01140059518439539 0.00025
0.004104200636578276 0.01202001272141771 0.00025
0.004618358994677914 0.01160094719674297 0.0005
0.004104200636578276 0.01202001272141771 0.0005
0.004618358994677914 0.01160094719674297 0.00075
0.003973895189012113 0.01140059518439539 0.00075
0.004104200636578276 0.01202001272141771 0.00075
0.008324715103895831 0.006227530148721629 0.00025
0.00785146320113388 0.006476315570731346 0.00025
0.008276793149044691 0.006780919715341977 0.0005
0.008324715103895831 0.006227530148721629 0.0005
0.00785146320113388 0.006476315570731346 0.0005
0.008276793149044691 0.006780919715341977 0.00025
0.00875004505180664 0.006532134293332261 0.00025
0.00780354124628274 0.007029705137351694 0.00025
0.008324715103895831 0.006227530148721629 0.00075
0.00785146320113388 0.006476315570731346 0.00075
0.008276793149044691 0.006780919715341977 0.00075
0.00875004505180664 0.006532134293332261 0.00075
0.00780354124628274 0.007029705137351694 0.00075
0.006799675225011757 0.00827845766953491 0.00025
0.006443295545227698 0.008661515284171934 0.00025
0.006953968509137102 0.008729564479215277 0.00025
0.007310348188921161 0.008346506864578255 0.0005
0.006799675225011757 0.00827845766953491 0.0005
0.006953968509137102 0.008729564479215277 0.0005
0.007310348188921161 0.008346506864578255 0.00025
0.007156054904795817 0.007895400054897887 0.00025
0.006799675225011757 0.00827845766953491 0.00075
0.006443295545227698 0.008661515284171934 0.00075
0.006953968509137102 0.008729564479215277 0.00075
0.007310348188921161 0.008346506864578255 0.00075
0.007156054904795817 0.007895400054897887 0.00075
0.008324550983567183 0.007229720740002163 0.00025
0.008797802886329134 0.006980935317992446 0.0005
0.008324550983567183 0.007229720740002163 0.0005
0.008797802886329134 0.006980935317992446 0.00025
0.008324550983567183 0.007229720740002163 0.00075
0.008797802886329134 0.006980935317992446 0.00075
0.00219306087820868 0.01161622914687966 0.00025
0.001475746894834167 0.01112749717239337 0.00025
0.001536942600172244 0.01210789692028953 0.00025
0.00219306087820868 0.01161622914687966 0.0005
0.001536942600172244 0.01210789692028953 0.0005
0.00219306087820868 0.01161622914687966 0.00075
0.001475746894834167 0.01112749717239337 0.00075
0.001536942600172244 0.01210789692028953 0.00075
0.0006750873889337077 0.007365846351435814 0.00025
0.0006966808623377159 0.006591042126655842 0.0005
0.0006750873889337077 0.007365846351435814 0.0005
0.0006966808623377159 0.006591042126655842 0.00025
0.0006750873889337077 0.007365846351435814 0.00075
0.0006966808623377159 0.006591042126655842 0.00075
0.008012141277213274 0.0054614630020555 0.00025
0.008012141277213274 0.0054614630020555 0.0005
0.008012141277213274 0.0054614630020555 0.00075
0.003344897455985246 0.01111785401822934 0.00025
0.002715899722958378 0.01083511285206329 0.00025
0.002813137292270785 0.01147003698671462 0.00025
0.003442135025297653 0.01175277815288067 0.0005
0.003344897455985246 0.01111785401822934 0.0005
0.002813137292270785 0.01147003698671462 0.0005
0.003442135025297653 0.01175277815288067 0.00025
0.003344897455985246 0.01111785401822934 0.00075
0.002715899722958378 0.01083511285206329 0.00075
0.002813137292270785 0.01147003698671462 0.00075
0.003442135025297653 0.01175277815288067 0.00075
0.006784995684036172 0.007758563575514714 0.00025
0.006413936463276528 0.00762172709613154 0.00025
0.006428616004252112 0.008141621190151736 0.00025
0.006784995684036172 0.007758563575514714 0.0005
0.006428616004252112 0.008141621190151736 0.0005
0.006784995684036172 0.007758563575514714 0.00075
0.006413936463276528 0.00762172709613154 0.00075
0.006428616004252112 0.008141621190151736 0.00075
0.003572440472863815 0.01237219568990299 0.00025
0.003572440472863815 0.01237219568990299 0.0005
0.003572440472863815 0.01237219568990299 0.00075
0.00575754691314698 0.01462704546242859 0.00025
0.005919900423024218 0.01509673615184172 0.00025
0.006227095402648472 0.01473014175511505 0.00025
0.006064741892771234 0.01426045106570192 0.0005
0.00575754691314698 0.01462704546242859 0.0005
0.006227095402648472 0.01473014175511505 0.0005
0.006064741892771234 0.01426045106570192 0.00025
0.005595193403269742 0.01415735477301546 0.00025
0.00575754691314698 0.01462704546242859 0.00075
0.005919900423024218 0.01509673615184172 0.00075
0.006227095402648472 0.01473014175511505 0.00075
0.006064741892771234 0.01426045106570192 0.00075
0.005595193403269742 0.01415735477301546 0.00075
0.004273319581481057 0.01606286950808703 0.00025
0.003571267820682435 0.01631711181450388 0.0005
0.004273319581481057 0.01606286950808703 0.0005
0.003571267820682435 0.01631711181450388 0.00025
0.004326942744777078 0.01653642723848662 0.00025
0.004273319581481057 0.01606286950808703 0.00075
0.003571267820682435 0.01631711181450388 0.00075
0.004326942744777078 0.01653642723848662 0.00075
0.009225632853428443 0.005795298946502206 0.00025
0.008740711060320202 0.005674276365074612 0.00025
0.008745378056063421 0.006103205329203436 0.00025
0.009230299849171661 0.00622422791063103 0.0005
0.009225632853428443 0.005795298946502206 0.0005
0.008745378056063421 0.006103205329203436 0.0005
0.009230299849171661 0.00622422791063103 0.00025
0.009710554646536683 0.0059163215279298 0.00025
0.009225632853428443 0.005795298946502206 0.00075
0.008740711060320202 0.005674276365074612 0.00075
0.008745378056063421 0.006103205329203436 0.00075
0.009230299849171661 0.00622422791063103 0.00075
0.009710554646536683 0.0059163215279298 0.00075
0.005799222545310441 0.01594987662360202 0.00025
0.005177896390636325 0.0157805573843973 0.00025
0.005343452410950931 0.01624976256301326 0.00025
0.005964778565625047 0.01641908180221797 0.0005
0.005799222545310441 0.01594987662360202 0.0005
0.005343452410950931 0.01624976256301326 0.0005
0.005964778565625047 0.01641908180221797 0.00025
0.005509008431265536 0.01671896774162921 0.00025
0.005799222545310441 0.01594987662360202 0.00075
0.005177896390636325 0.0157805573843973 0.00075
0.005343452410950931 0.01624976256301326 0.00075
0.005964778565625047 0.01641908180221797 0.00075
0.005509008431265536 0.01671896774162921 0.00075
0.008979692054575673 0.005337138182537306 0.00025
0.009464613847683913 0.0054581607639649 0.0005
0.008979692054575673 0.005337138182537306 0.0005
0.009464613847683913 0.0054581607639649 0.00025
0.008979692054575673 0.005337138182537306 0.00075
0.009464613847683913 0.0054581607639649 0.00075
0.0007378734474170834 0.01163517715762526 0.00025
0.0007990691527551604 0.01261557690552142 0.0005
0.0007378734474170834 0.01163517715762526 0.0005
0.0007990691527551604 0.01261557690552142 0.00025
0.0007378734474170834 0.01163517715762526 0.00075
0.0007990691527551604 0.01261557690552142 0.00075
0.003320968808823841 0.0105620635724297 0.00025
0.003949966541850708 0.01084480473859575 0.0005
0.003320968808823841 0.0105620635724297 0.0005
0.003949966541850708 0.01084480473859575 0.00025
0.003926037894689304 0.01028901429279612 0.00025
0.003320968808823841 0.0105620635724297 0.00075
0.003949966541850708 0.01084480473859575 0.00075
0.003926037894689304 0.01028901429279612 0.00075
0.005780416536391596 0.007395515719364225 0.00025
0.005910692861209967 0.006901584146859176 0.00025
0.005398946957910718 0.00694967108241067 0.00025
0.005268670633092347 0.007443602654915719 0.0005
0.005780416536391596 0.007395515719364225 0.0005
0.005398946957910718 0.00694967108241067 0.0005
0.005268670633092347 0.007443602654915719 0.00025
0.005650140211573225 0.007889447291869274 0.00025
0.004887201054611469 0.006997758017962163 0.00025
0.005780416536391596 0.007395515719364225 0.00075
0.005910692861209967 0.006901584146859176 0.00075
0.005398946957910718 0.00694967108241067 0.00075
0.005268670633092347 0.007443602654915719 0.00075
0.005650140211573225 0.007889447291869274 0.00075
0.004887201054611469 0.006997758017962163 0.00075
0.01170707823931443 0.00599201620538093 0.00025
0.01170707823931443 0.00599201620538093 0.0005
0.01170707823931443 0.00599201620538093 0.00075
0.005548898406830271 0.01543864676811951 0.00025
0.006170224561504388 0.01560796600732423 0.0005
0.005548898406830271 0.01543864676811951 0.0005
0.006170224561504388 0.01560796600732423 0.00025
0.005548898406830271 0.01543864676811951 0.00075
0.006170224561504388 0.01560796600732423 0.00075
0.01164611905878358 0.005329004762582763 0.00025
0.01164611905878358 0.005329004762582763 0.0005
0.01164611905878358 0.005329004762582763 0.00075
0.006748319536246775 0.006139421827642412 0.00025
0.006696851842372053 0.005496502968914051 0.0005
0.006748319536246775 0.006139421827642412 0.0005
0.006696851842372053 0.005496502968914051 0.00025
0.006362581936692201 0.005993005937828101 0.00025
0.006748319536246775 0.006139421827642412 0.00075
0.006696851842372053 0.005496502968914051 0.00075
0.006362581936692201 0.005993005937828101 0.00075
0.0006966808623377159 0.005698184983798697 0.00025
0.0006966808623377159 0.005698184983798697 0.0005
0.0006966808623377159 0.005698184983798697 0.00075
0.003723897354335134 0.01307632204570171 0.0005
0.003723897354335134 0.01307632204570171 0.00025
0.003723897354335134 0.01307632204570171 0.00075
0.006032038337424876 0.007755587194000407 0.00025
0.006046717878400462 0.008275481288020605 0.0005
0.006032038337424876 0.007755587194000407 0.0005
0.006046717878400462 0.008275481288020605 0.00025
0.006032038337424876 0.007755587194000407 0.00075
0.006046717878400462 0.008275481288020605 0.00075
0.003456017914351124 0.009434660580019953 0.00025
0.00283658148619342 0.009670145705596165 0.00025
0.003381309690441362 0.009979579999196141 0.00025
0.004000746118599066 0.009744094873619932 0.0005
0.003456017914351124 0.009434660580019953 0.0005
0.003381309690441362 0.009979579999196141 0.0005
0.004000746118599066 0.009744094873619932 0.00025
0.003456017914351124 0.009434660580019953 0.00075
0.00283658148619342 0.009670145705596165 0.00075
0.003381309690441362 0.009979579999196141 0.00075
0.004000746118599066 0.009744094873619932 0.00075
0.00580648036690177 0.0127460892890032 0.00025
0.00575655209166805 0.01212099657675551 0.0005
0.00580648036690177 0.0127460892890032 0.0005
0.00575655209166805 0.01212099657675551 0.00025
0.00580648036690177 0.0127460892890032 0.00075
0.00575655209166805 0.01212099657675551 0.00075
0.001617741234944067 0.005698184983798697 0.00025
0.001617741234944067 0.005698184983798697 0.0005
0.001617741234944067 0.005698184983798697 0.00075
0.003186469324817945 0.01679889819526057 0.00025
0.003942144248912588 0.01701821361924331 0.0005
0.003186469324817945 0.01679889819526057 0.0005
0.003942144248912588 0.01701821361924331 0.00025
0.003186469324817945 0.01679889819526057 0.00075
0.003942144248912588 0.01701821361924331 0.00075
0.005233289480273717 0.01451275436924287 0.00025
0.004871385557277693 0.01486815396547027 0.00025
0.005395642990150955 0.014982445058656 0.00025
0.005233289480273717 0.01451275436924287 0.0005
0.005395642990150955 0.014982445058656 0.0005
0.005233289480273717 0.01451275436924287 0.00075
0.004871385557277693 0.01486815396547027 0.00075
0.005395642990150955 0.014982445058656 0.00075
0.002888314630937592 0.009094798769898028 0.00025
0.002888314630937592 0.009094798769898028 0.0005
0.002888314630937592 0.009094798769898028 0.00075
0.002776240604575899 0.01025262927882973 0.00025
0.002201318898368226 0.009604674117212001 0.00025
0.002140978016750705 0.01018715769044556 0.0005
0.002776240604575899 0.01025262927882973 0.0005
0.002201318898368226 0.009604674117212001 0.0005
0.002140978016750705 0.01018715769044556 0.00025
0.001566056310543033 0.009539202528827836 0.00025
0.002776240604575899 0.01025262927882973 0.00075
0.002201318898368226 0.009604674117212001 0.00075
0.002140978016750705 0.01018715769044556 0.00075
0.001566056310543033 0.009539202528827836 0.00075
0.002356759522234808 0.01679889819526057 0.00025
0.002356759522234808 0.01679889819526057 0.0005
0.002356759522234808 0.01679889819526057 0.00075
0.004596507139326083 0.01701821361924331 0.0005
0.004596507139326083 0.01701821361924331 0.00025
0.004596507139326083 0.01701821361924331 0.00075
0.0015209016026886 0.0103333498506106 0.00025
0.0015209016026886 0.0103333498506106 0.0005
0.002095823308896272 0.01098130501222833 0.0005
0.002095823308896272 0.01098130501222833 0.00025
0.0015209016026886 0.0103333498506106 0.00075
0.002095823308896272 0.01098130501222833 0.00075
0.006696737416869183 0.009143573757685293 0.00025
0.006696737416869183 0.009143573757685293 0.0005
0.006696737416869183 0.009143573757685293 0.00075
0.007952570849569539 0.007544684702067197 0.00025
0.007952570849569539 0.007544684702067197 0.0005
0.007952570849569539 0.007544684702067197 0.00075
0.004939436431286606 0.01345419269592387 0.00025
0.004375349797953246 0.01324816550835093 0.0005
0.004939436431286606 0.01345419269592387 0.0005
0.004375349797953246 0.01324816550835093 0.00025
0.004516193511762054 0.01385690075826182 0.00025
0.004939436431286606 0.01345419269592387 0.00075
0.004375349797953246 0.01324816550835093 0.00075
0.004516193511762054 0.01385690075826182 0.00075
0.006408266006170659 0.01518263344554485 0.00025
0.006408266006170659 0.01518263344554485 0.0005
0.006408266006170659 0.01518263344554485 0.00075
0.006162314662243247 0.007261655621495357 0.00025
0.006162314662243247 0.007261655621495357 0.0005
0.006162314662243247 0.007261655621495357 0.00075
0.004757532219827713 0.006017051444636425 0.00025
0.005338101716211649 0.005979760288032737 0.00025
0.005075510055676082 0.005489880144016369 0.00025
0.004494940559292145 0.005527171300620057 0.0005
0.004757532219827713 0.006017051444636425 0.0005
0.005075510055676082 0.005489880144016369 0.0005
0.004494940559292145 0.005527171300620057 0.00025
0.004176962723443776 0.006054342601240112 0.00025
0.004757532219827713 0.006017051444636425 0.00075
0.005338101716211649 0.005979760288032737 0.00075
0.005075510055676082 0.005489880144016369 0.00075
0.004494940559292145 0.005527171300620057 0.00075
0.004176962723443776 0.006054342601240112 0.00075
0.004532081889027623 0.006526050309601138 0.00025
0.00511265138541156 0.00648875915299745 0.00025
0.004532081889027623 0.006526050309601138 0.0005
0.00511265138541156 0.00648875915299745 0.0005
0.004532081889027623 0.006526050309601138 0.00075
0.00511265138541156 0.00648875915299745 0.00075
0.0007990691527551604 0.01350843404837856 0.0005
0.0007990691527551604 0.01350843404837856 0.00025
0.0007990691527551604 0.01350843404837856 0.00075
0.01001150167287872 0.0054581607639649 0.00025
0.01001150167287872 0.0054581607639649 0.0005
0.01001150167287872 0.0054581607639649 0.00075
0.0007830281552715164 0.009948172692985351 0.00025
0.0007830281552715164 0.009055315550128208 0.00025
0.0007830281552715164 0.009948172692985351 0.0005
0.0007830281552715164 0.009055315550128208 0.0005
0.0007830281552715164 0.009948172692985351 0.00075
0.0007830281552715164 0.009055315550128208 0.00075
0.007606807931103588 0.0168640704493361 0.00025
0.007606807931103588 0.0168640704493361 0.0005
0.007606807931103588 0.0168640704493361 0.00075
0.003832430314823376 0.005527171300620057 0.0005
0.003832430314823376 0.005527171300620057 0.00025
0.003832430314823376 0.005527171300620057 0.00075
0.005199120070601471 0.01079960468093627 0.00025
0.004764396027571911 0.0108063151426306 0.00025
0.005013609413957813 0.01130380717586058 0.00025
0.005448333456987373 0.01129709671416624 0.0005
0.005199120070601471 0.01079960468093627 0.0005
0.005013609413957813 0.01130380717586058 0.0005
0.005448333456987373 0.01129709671416624 0.00025
0.005633844113631031 0.01079289421924193 0.00025
0.005199120070601471 0.01079960468093627 0.00075
0.004764396027571911 0.0108063151426306 0.00075
0.005013609413957813 0.01130380717586058 0.00075
0.005448333456987373 0.01129709671416624 0.00075
0.005633844113631031 0.01079289421924193 0.00075
0.009214234383404784 0.006727644327761951 0.00025
0.009214234383404784 0.006727644327761951 0.0005
0.009694489180769806 0.006419737945060721 0.0005
0.009694489180769806 0.006419737945060721 0.00025
0.009214234383404784 0.006727644327761951 0.00075
0.009694489180769806 0.006419737945060721 0.00075
0.006136637398951084 0.006447295042343638 0.00025
0.006357760835443278 0.006921021574021603 0.00025
0.006583705373184394 0.006466732469506065 0.0005
0.006136637398951084 0.006447295042343638 0.0005
0.006357760835443278 0.006921021574021603 0.0005
0.006583705373184394 0.006466732469506065 0.00025
0.006804828809676588 0.006940459001184031 0.00025
0.006136637398951084 0.006447295042343638 0.00075
0.006357760835443278 0.006921021574021603 0.00075
0.006583705373184394 0.006466732469506065 0.00075
0.006804828809676588 0.006940459001184031 0.00075
0.005187539982570312 0.01710948387081461 0.00025
0.004917975588021307 0.01662769749005791 0.00025
0.005187539982570312 0.01710948387081461 0.0005
0.004917975588021307 0.01662769749005791 0.0005
0.005187539982570312 0.01710948387081461 0.00075
0.004917975588021307 0.01662769749005791 0.00075
0.004253893120809983 0.007092708542731788 0.00025
0.003898773955226136 0.006621000834370763 0.0005
0.004253893120809983 0.007092708542731788 0.0005
0.003898773955226136 0.006621000834370763 0.00025
0.004253893120809983 0.007092708542731788 0.00075
0.003898773955226136 0.006621000834370763 0.00075
0.004653800598321152 0.007556995893661033 0.00025
0.004653800598321152 0.007556995893661033 0.0005
0.004653800598321152 0.007556995893661033 0.00075
0.006149964017177244 0.005496502968914051 0.0005
0.006149964017177244 0.005496502968914051 0.00025
0.006149964017177244 0.005496502968914051 0.00075
0.0007378734474170834 0.01074232001476812 0.0005
0.0007378734474170834 0.01074232001476812 0.00025
0.0007378734474170834 0.01074232001476812 0.00075
0.00214511127677459 0.008232715125678615 0.00025
0.001458115544205224 0.008742590472992588 0.00025
0.002253052043112399 0.009029327181513863 0.0005
0.00214511127677459 0.008232715125678615 0.0005
0.001458115544205224 0.008742590472992588 0.0005
0.002253052043112399 0.009029327181513863 0.00025
0.00214511127677459 0.008232715125678615 0.00075
0.001458115544205224 0.008742590472992588 0.00075
0.002253052043112399 0.009029327181513863 0.00075
0.002330615801101352 0.005569689663373715 0.00025
0.002819110856990001 0.006139379326747428 0.00025
0.003153504381596488 0.005569689663373715 0.00025
0.002330615801101352 0.005569689663373715 0.0005
0.003153504381596488 0.005569689663373715 0.0005
0.002330615801101352 0.005569689663373715 0.00075
0.002819110856990001 0.006139379326747428 0.00075
0.003153504381596488 0.005569689663373715 0.00075
0.00594218095200965 0.01683050758933284 0.00025
0.00594218095200965 0.01683050758933284 0.0005
0.00594218095200965 0.01683050758933284 0.00075
0.005808327968040628 0.01026944265601322 0.00025
0.006102286750407703 0.01065823534081822 0.00025
0.0062767706048173 0.01013478377758951 0.0005
0.005808327968040628 0.01026944265601322 0.0005
0.006102286750407703 0.01065823534081822 0.0005
0.0062767706048173 0.01013478377758951 0.00025
0.005982811822450225 0.009745991092784512 0.00025
0.005808327968040628 0.01026944265601322 0.00075
0.006102286750407703 0.01065823534081822 0.00075
0.0062767706048173 0.01013478377758951 0.00075
0.005982811822450225 0.009745991092784512 0.00075
0.005839879136582885 0.01323235674593652 0.00025
0.005839879136582885 0.01323235674593652 0.0005
0.005839879136582885 0.01323235674593652 0.00075
0.001930486705801189 0.01504724867844017 0.00025
0.001467002547945039 0.01551083253381906 0.00025
0.002141297722266415 0.0158043144621701 0.00025
0.001930486705801189 0.01504724867844017 0.0005
0.002141297722266415 0.0158043144621701 0.0005
0.001930486705801189 0.01504724867844017 0.00075
0.001467002547945039 0.01551083253381906 0.00075
0.002141297722266415 0.0158043144621701 0.00075
0.005637723906936968 0.005489880144016369 0.00025
0.005850341826451925 0.005986383112930419 0.00025
0.005637723906936968 0.005489880144016369 0.0005
0.005850341826451925 0.005986383112930419 0.0005
0.005637723906936968 0.005489880144016369 0.00075
0.005850341826451925 0.005986383112930419 0.00075
0.004369145608292012 0.01110345516351299 0.00025
0.004369145608292012 0.01110345516351299 0.0005
0.004369145608292012 0.01110345516351299 0.00075
0.005624397288710808 0.006440672217445957 0.00025
0.005624397288710808 0.006440672217445957 0.0005
0.005624397288710808 0.006440672217445957 0.00075
0.00530027838412547 0.01034289528344968 0.00025
0.005474762238535068 0.009819443720220967 0.0005
0.00530027838412547 0.01034289528344968 0.0005
0.005474762238535068 0.009819443720220967 0.00025
0.004966712654619909 0.009892896347657424 0.00025
0.00530027838412547 0.01034289528344968 0.00075
0.005474762238535068 0.009819443720220967 0.00075
0.004966712654619909 0.009892896347657424 0.00075
0.01029613509699739 0.005816581291163404 0.00025
0.01088171554745809 0.005716841054397008 0.00025
0.01059708212333943 0.005358420527198504 0.00025
0.01029613509699739 0.005816581291163404 0.0005
0.01059708212333943 0.005358420527198504 0.0005
0.01029613509699739 0.005816581291163404 0.00075
0.01088171554745809 0.005716841054397008 0.00075
0.01059708212333943 0.005358420527198504 0.00075
0.01073082182768467 0.006134541581729694 0.00025
0.01014524137722397 0.00623428181849609 0.0005
0.01073082182768467 0.006134541581729694 0.0005
0.01014524137722397 0.00623428181849609 0.00025
0.01073082182768467 0.006134541581729694 0.00075
0.01014524137722397 0.00623428181849609 0.00075
0.001260304466289553 0.016068633790976 0.00025
0.001053606384634067 0.01662643504813293 0.00025
0.001934599640610929 0.01636211571932703 0.00025
0.001260304466289553 0.016068633790976 0.0005
0.001934599640610929 0.01636211571932703 0.0005
0.001260304466289553 0.016068633790976 0.00075
0.001053606384634067 0.01662643504813293 0.00075
0.001934599640610929 0.01636211571932703 0.00075
0.005035270176802029 0.008002840530614588 0.00025
0.005035270176802029 0.008002840530614588 0.0005
0.005035270176802029 0.008002840530614588 0.00075
0.001396616652863379 0.01371969496347166 0.00025
0.001195095000216436 0.01435109325875764 0.00025
0.001794532931936888 0.01446737904090946 0.00025
0.001396616652863379 0.01371969496347166 0.0005
0.001794532931936888 0.01446737904090946 0.0005
0.001396616652863379 0.01371969496347166 0.00075
0.001195095000216436 0.01435109325875764 0.00075
0.001794532931936888 0.01446737904090946 0.00075
0.005705020896694803 0.01710948387081461 0.00025
0.005705020896694803 0.01710948387081461 0.0005
0.005705020896694803 0.01710948387081461 0.00075
0.006658590144650828 0.01569386330102736 0.0005
0.006658590144650828 0.01569386330102736 0.00025
0.006658590144650828 0.01569386330102736 0.00075
0.005799172784935765 0.01163545049861875 0.00025
0.005799172784935765 0.01163545049861875 0.0005
0.005984683441579423 0.01113124800369444 0.0005
0.005984683441579423 0.01113124800369444 0.00025
0.005799172784935765 0.01163545049861875 0.00075
0.005984683441579423 0.01113124800369444 0.00075
0.002696970554574334 0.007885958541078764 0.0005
0.002696970554574334 0.007885958541078764 0.00025
0.002696970554574334 0.007885958541078764 0.00075
0.001475766266257946 0.01706321752406647 0.00025
0.001475766266257946 0.01706321752406647 0.0005
0.001475766266257946 0.01706321752406647 0.00075
0.007304185027979663 0.006985082069267862 0.00025
0.006980441857236203 0.007417929528040958 0.00025
0.007479798075539278 0.007462552596124791 0.0005
0.007304185027979663 0.006985082069267862 0.0005
0.006980441857236203 0.007417929528040958 0.0005
0.007479798075539278 0.007462552596124791 0.00025
0.007304185027979663 0.006985082069267862 0.00075
0.006980441857236203 0.007417929528040958 0.00075
0.007479798075539278 0.007462552596124791 0.00075
0.007628827678826077 0.007977532160840293 0.0005
0.007628827678826077 0.007977532160840293 0.00025
0.007628827678826077 0.007977532160840293 0.00075
0.006466495555480446 0.009685811661991582 0.0005
0.006466495555480446 0.009685811661991582 0.00025
0.006466495555480446 0.009685811661991582 0.00075
0.005499556246187224 0.008396679121026103 0.00025
0.005896133913014461 0.008782713117177434 0.0005
0.005499556246187224 0.008396679121026103 0.0005
0.005896133913014461 0.008782713117177434 0.00025
0.005348972280801225 0.008903910950182933 0.00025
0.005499556246187224 0.008396679121026103 0.00075
0.005896133913014461 0.008782713117177434 0.00075
0.005348972280801225 0.008903910950182933 0.00075
0.006213053683838962 0.009203753188478223 0.00025
0.006213053683838962 0.009203753188478223 0.0005
0.006213053683838962 0.009203753188478223 0.00075
0.007497916208176586 0.0171860367903732 0.00025
0.007023088435197325 0.0171860367903732 0.00025
0.007497916208176586 0.0171860367903732 0.0005
0.007023088435197325 0.0171860367903732 0.0005
0.007497916208176586 0.0171860367903732 0.00075
0.007023088435197325 0.0171860367903732 0.00075
0.003864741068143942 0.01368505729561261 0.0005
0.003864741068143942 0.01368505729561261 0.00025
0.003864741068143942 0.01368505729561261 0.00075
0.004752419567706702 0.01615849231144196 0.00025
0.004752419567706702 0.01615849231144196 0.0005
0.004752419567706702 0.01615849231144196 0.00075
0.0005975475001082182 0.01503268948652168 0.00025
0.0005975475001082182 0.01413983234366454 0.00025
0.0005975475001082182 0.01503268948652168 0.0005
0.0005975475001082182 0.01413983234366454 0.0005
0.0005975475001082182 0.01503268948652168 0.00075
0.0005975475001082182 0.01413983234366454 0.00075
0.001331048774080737 0.01493096289628835 0.00025
0.0007335012739725193 0.01561255912405239 0.0005
0.001331048774080737 0.01493096289628835 0.0005
0.0007335012739725193 0.01561255912405239 0.00025
0.001331048774080737 0.01493096289628835 0.00075
0.0007335012739725193 0.01561255912405239 0.00075
0.007468799191042045 0.006657771427404209 0.00025
0.007468799191042045 0.006657771427404209 0.0005
0.007468799191042045 0.006657771427404209 0.00075
0.0006750873889337077 0.00825870349429296 0.00025
0.0006750873889337077 0.00825870349429296 0.0005
0.0006750873889337077 0.00825870349429296 0.00075
0.0030372392602377 0.007220062157729525 0.00025
0.0030372392602377 0.007220062157729525 0.0005
0.0030372392602377 0.007220062157729525 0.00075
0.005956136162812178 0.01378529181565129 0.0005
0.005956136162812178 0.01378529181565129 0.00025
0.005956136162812178 0.01378529181565129 0.00075
0.0005268031923170336 0.01706321752406647 0.00025
0.0005268031923170336 0.01706321752406647 0.0005
0.0005268031923170336 0.01706321752406647 0.00075
0.003498036790216888 0.00609686096399377 0.00025
0.003498036790216888 0.00609686096399377 0.0005
0.00321984802199925 0.006663519197124421 0.0005
0.00321984802199925 0.006663519197124421 0.00025
0.003498036790216888 0.00609686096399377 0.00075
0.00321984802199925 0.006663519197124421 0.00075
0.005478936377040449 0.01360441970330069 0.00025
0.005055693457515898 0.01400712776563864 0.0005
0.005478936377040449 0.01360441970330069 0.0005
0.005055693457515898 0.01400712776563864 0.00025
0.005478936377040449 0.01360441970330069 0.00075
0.005055693457515898 0.01400712776563864 0.00075
0.005665892051625725 0.009324951021483723 0.00025
0.005665892051625725 0.009324951021483723 0.0005
0.005665892051625725 0.009324951021483723 0.00075
0.004693789534519873 0.01436252736186605 0.00025
0.004693789534519873 0.01436252736186605 0.0005
0.004693789534519873 0.01436252736186605 0.00075
0.006138193417438917 0.01722102371851824 0.00025
0.006138193417438917 0.01722102371851824 0.0005
0.006138193417438917 0.01722102371851824 0.00075
0.00488468621141603 0.008510072359771418 0.00025
0.00488468621141603 0.008510072359771418 0.0005
0.00488468621141603 0.008510072359771418 0.00075
0.006969442972738969 0.006613148359320377 0.00025
0.006969442972738969 0.006613148359320377 0.0005
0.006969442972738969 0.006613148359320377 0.00075
0.002636502095228452 0.006695922287352532 0.0005
0.002636502095228452 0.006695922287352532 0.00025
0.002636502095228452 0.006695922287352532 0.00075
0.004345216961130607 0.01054766471771336 0.00025
0.004345216961130607 0.01054766471771336 0.0005
0.004345216961130607 0.01054766471771336 0.00075
0.004106401998638707 0.01432188433631115 0.00025
0.003454949555020596 0.01415004087366194 0.00025
0.004106401998638707 0.01432188433631115 0.0005
0.003454949555020596 0.01415004087366194 0.0005
0.004106401998638707 0.01432188433631115 0.00075
0.003454949555020596 0.01415004087366194 0.00075
0.004283998021396527 0.01482751093991538 0.00025
0.004283998021396527 0.01482751093991538 0.0005
0.004283998021396527 0.01482751093991538 0.00075
0.004446375274654607 0.01009095532022677 0.00025
0.004521083498564369 0.009546035901050583 0.0005
0.004446375274654607 0.01009095532022677 0.0005
0.004521083498564369 0.009546035901050583 0.00025
0.004446375274654607 0.01009095532022677 0.00075
0.004521083498564369 0.009546035901050583 0.00075
0.01120492912906509 0.006021431969996672 0.00025
0.01120492912906509 0.006021431969996672 0.0005
0.01120492912906509 0.006021431969996672 0.00075
0.005157842467710567 0.009398403648920178 0.0005
0.005157842467710567 0.009398403648920178 0.00025
0.005157842467710567 0.009398403648920178 0.00075
0.008320048108152612 0.005798601184592805 0.00025
0.008320048108152612 0.005798601184592805 0.0005
0.008320048108152612 0.005798601184592805 0.00075
0.008432804229380864 0.005337138182537306 0.00025
0.008432804229380864 0.005337138182537306 0.0005
0.008432804229380864 0.005337138182537306 0.00075
0.006609382636476558 0.007281093048657785 0.00025
0.006609382636476558 0.007281093048657785 0.0005
0.006609382636476558 0.007281093048657785 0.00075
0.01114396994853424 0.005358420527198504 0.00025
0.01114396994853424 0.005358420527198504 0.0005
0.01114396994853424 0.005358420527198504 0.00075
0.004712213311655026 0.009051543202313338 0.0005
0.004712213311655026 0.009051543202313338 0.00025
0.004712213311655026 0.009051543202313338 0.00075
0.006613021190418178 0.01722102371851824 0.00025
0.006613021190418178 0.01722102371851824 0.0005
0.006613021190418178 0.01722102371851824 0.00075
0.00486555434109591 0.01034960574514401 0.00025
0.00486555434109591 0.01034960574514401 0.0005
0.00486555434109591 0.01034960574514401 0.00075
0.005024640973957009 0.01532435567493378 0.00025
0.005024640973957009 0.01532435567493378 0.0005
0.005024640973957009 0.01532435567493378 0.00075
0.00469879640441068 0.01568493458104237 0.00025
0.00469879640441068 0.01568493458104237 0.0005
0.00469879640441068 0.01568493458104237 0.00075
0.0005268031923170336 0.01617036038120932 0.00025
0.0005268031923170336 0.01617036038120932 0.0005
0.0005268031923170336 0.01617036038120932 0.00075
0.01138386465770743 0.005687425289781266 0.00025
0.01138386465770743 0.005687425289781266 0.0005
0.01138386465770743 0.005687425289781266 0.00075
0.002106236290832716 0.006267874647172411 0.00025
0.002106236290832716 0.006267874647172411 0.0005
0.002106236290832716 0.006267874647172411 0.00075
0.004545540987731364 0.01522873287157886 0.00025
0.004545540987731364 0.01522873287157886 0.0005
0.004545540987731364 0.01522873287157886 0.00075
3 5 0 849
7436
7437
7438
7439
7440
7441
7442
7443
7444
7445
7446
7447
7448
7449
7450
7451
7452
7453
7454
7455
7456
7457
7458
7459
7460
7461
7462
7463
7464
7465
7466
7467
7468
7469
7470
7471
7472
7473
7474
7475
7476
7477
7478
7479
7480
7481
7482
7483
7484
7485
7486
7487
7488
7489
7490
7491
7492
7493
7494
7495
7496
7497
7498
7499
7500
7501
7502
7503
7504
7505
7506
7507
7508
7509
7510
7511
7512
7513
7514
7515
7516
7517
7518
7519
7520
7521
7522
7523
7524
7525
7526
7527
7528
7529
7530
7531
7532
7533
7534
7535
7536
7537
7538
7539
7540
7541
7542
7543
7544
7545
7546
7547
7548
7549
7550
7551
7552
7553
7554
7555
7556
7557
7558
7559
7560
7561
7562
7563
7564
7565
7566
7567
7568
7569
7570
7571
7572
7573
7574
7575
7576
7577
7578
7579
7580
7581
7582
7583
7584
7585
7586
7587
7588
7589
7590
7591
7592
7593
7594
7595
7596
7597
7598
7599
7600
7601
7602
7603
7604
7605
7606
7607
7608
7609
7610
7611
7612
7613
7614
7615
7616
7617
7618
7619
7620
7621
7622
7623
7624
7625
7626
7627
7628
7629
7630
7631
7632
7633
7634
7635
7636
7637
7638
7639
7640
7641
7642
7643
7644
7645
7646
7647
7648
7649
7650
7651
7652
7653
7654
7655
7656
7657
7658
7659
7660
7661
7662
7663
7664
7665
7666
7667
7668
7669
7670
7671
7672
7673
7674
7675
7676
7677
7678
7679
7680
7681
7682
7683
7684
7685
7686
7687
7688
7689
7690
7691
7692
7693
7694
7695
7696
7697
7698
7699
7700
7701
7702
7703
7704
7705
7706
7707
7708
7709
7710
7711
7712
7713
7714
7715
7716
7717
7718
7719
7720
7721
7722
7723
7724
7725
7726
7727
7728
7729
7730
7731
7732
7733
7734
7735
7736
7737
7738
7739
7740
7741
7742
7743
7744
7745
7746
7747
7748
7749
7750
7751
7752
7753
7754
7755
7756
7757
7758
7759
7760
7761
7762
7763
7764
7765
7766
7767
7768
7769
7770
7771
7772
7773
7774
7775
7776
7777
7778
7779
7780
7781
7782
7783
7784
7785
7786
7787
7788
7789
7790
7791
7792
7793
7794
7795
7796
7797
7798
7799
7800
7801
7802
7803
7804
7805
7806
7807
7808
7809
7810
7811
7812
7813
7814
7815
7816
7817
7818
7819
7820
7821
7822
7823
7824
7825
7826
7827
7828
7829
7830
7831
7832
7833
7834
7835
7836
7837
7838
7839
7840
7841
7842
7843
7844
7845
7846
7847
7848
7849
7850
7851
7852
7853
7854
7855
7856
7857
7858
7859
7860
7861
7862
7863
7864
7865
7866
7867
7868
7869
7870
7871
7872
7873
7874
7875
7876
7877
7878
7879
7880
7881
7882
7883
7884
7885
7886
7887
7888
7889
7890
7891
7892
7893
7894
7895
7896
7897
7898
7899
7900
7901
7902
7903
7904
7905
7906
7907
7908
7909
7910
7911
7912
7913
7914
7915
7916
7917
7918
7919
7920
7921
7922
7923
7924
7925
7926
7927
7928
7929
7930
7931
7932
7933
7934
7935
7936
7937
7938
7939
7940
7941
7942
7943
7944
7945
7946
7947
7948
7949
7950
7951
7952
7953
7954
7955
7956
7957
7958
7959
7960
7961
7962
7963
7964
7965
7966
7967
7968
7969
7970
7971
7972
7973
7974
7975
7976
7977
7978
7979
7980
7981
7982
7983
7984
7985
7986
7987
7988
7989
7990
7991
7992
7993
7994
7995
7996
7997
7998
7999
8000
8001
8002
8003
8004
8005
8006
8007
8008
8009
8010
8011
8012
8013
8014
8015
8016
8017
8018
8019
8020
8021
8022
8023
8024
8025
8026
8027
8028
8029
8030
8031
8032
8033
8034
8035
8036
8037
8038
8039
8040
8041
8042
8043
8044
8045
8046
8047
8048
8049
8050
8051
8052
8053
8054
8055
8056
8057
8058
8059
8060
8061
8062
8063
8064
8065
8066
8067
8068
8069
8070
8071
8072
8073
8074
8075
8076
8077
8078
8079
8080
8081
8082
8083
8084
8085
8086
8087
8088
8089
8090
8091
8092
8093
8094
8095
8096
8097
8098
8099
8100
8101
8102
8103
8104
8105
8106
8107
8108
8109
8110
8111
8112
8113
8114
8115
8116
8117
8118
8119
8120
8121
8122
8123
8124
8125
8126
8127
8128
8129
8130
8131
8132
8133
8134
8135
8136
8137
8138
8139
8140
8141
8142
8143
8144
8145
8146
8147
8148
8149
8150
8151
8152
8153
8154
8155
8156
8157
8158
8159
8160
8161
8162
8163
8164
8165
8166
8167
8168
8169
8170
8171
8172
8173
8174
8175
8176
8177
8178
8179
8180
8181
8182
8183
8184
8185
8186
8187
8188
8189
8190
8191
8192
8193
8194
8195
8196
8197
8198
8199
8200
8201
8202
8203
8204
8205
8206
8207
8208
8209
8210
8211
8212
8213
8214
8215
8216
8217
8218
8219
8220
8221
8222
8223
8224
8225
8226
8227
8228
8229
8230
8231
8232
8233
8234
8235
8236
8237
8238
8239
8240
8241
8242
8243
8244
8245
8246
8247
8248
8249
8250
8251
8252
8253
8254
8255
8256
8257
8258
8259
8260
8261
8262
8263
8264
8265
8266
8267
8268
8269
8270
8271
8272
8273
8274
8275
8276
8277
8278
8279
8280
8281
8282
8283
8284
-0.005987979264975547 0.02523629507372559 0.0005
-0.005625570887993388 0.0208746735872362 0.0005
-0.005448553912971658 0.0230549608426309 0.0005
-0.004163500219383182 0.02899541231291532 0.0005
-0.007154114724351587 0.02708155264788626 0.0005
-0.001509030840635481 0.02551000237421682 0.0005
-0.001341684852439198 0.02184878976996138 0.0005
-0.004244428928034546 0.01849639687980716 0.0005
-0.006410801406851873 0.02911167701969716 0.0005
-0.006441893004206152 0.018860992710096 0.0005
-0.008782556961583468 0.02847096637986492 0.0005
-0.006495744899545563 0.02618542636599873 0.0005
-0.00545809763923339 0.02617875551390283 0.0005
-0.004921305871106679 0.02514639237146637 0.0005
-0.004323575370062372 0.02614176380299675 0.0005
-0.003773093648813234 0.02501407501303738 0.0005
-0.004922605137281336 0.02715706797845605 0.0005
-0.003913706732060751 0.02725019567662074 0.0005
-0.007937511964817035 0.0278499415985145 0.0005
-0.005411674669935968 0.01837607742261501 0.0005
-0.004964780071875856 0.01934910141165988 0.0005
-0.003891076351235789 0.01952477837437436 0.0005
-0.005434285738507029 0.02190543399941866 0.0005
-0.004453387504281277 0.02247251874294838 0.0005
-0.004603105408169427 0.02132231844918635 0.0005
-0.003511272180786059 0.0217310917965596 0.0005
-0.003302573478235284 0.02296051840271522 0.0005
-0.004411669379117722 0.02382973614007179 0.0005
-0.001823304940728095 0.02357591165233482 0.0005
-0.002872174328178523 0.02887816642626677 0.0005
-0.007941636452303285 0.02885347803272757 0.0005
-0.001330600350413574 0.02030667376902912 0.0005
-0.001469426136469491 0.02711500265279664 0.0005
-0.005362145122992944 0.02907554388505288 0.0005
-0.005937649288692103 0.02816193958056079 0.0005
-0.00972683093931837 0.02909048775479916 0.0005
-0.005612065745900537 0.02417488516787583 0.0005
-0.006096114628071632 0.02715269506717732 0.0005
-0.00296062470462344 0.01860295274972795 0.0005
-0.005924479692633862 0.01983316875921063 0.0005
-0.006953092380597984 0.02821226563436718 0.0005
-0.004812429871651881 0.02816568692731321 0.0005
-0.007200210706638404 0.01812335716373581 0.0005
-0.00287676585613511 0.02619036991003486 0.0005
-0.001461745646036463 0.01882180852195277 0.0005
-0.002669884273723935 0.0248594470362927 0.0005
-0.0108711494801726 0.02928465069574824 0.0005
-0.001473471413346282 0.02865432087062007 0.0005
-0.003654203459546921 0.0206598666088436 0.0005
-0.002468946202501654 0.02103756874288432 0.0005
-0.002627866119059641 0.01982560812780202 0.0005
-0.01188327640388022 0.02934208493557801 0.0005
-0.002669864946106915 0.02771465084582776 0.0005
-0.006361100130197369 0.01807208545928937 0.0005
-0.004823508335168514 0.02027355824615696 0.0005
-0.008694466850161547 0.02934357959722248 0.0005
-0.005685706859662959 0.01910483507589538 0.0005
-0.003279919481193418 0.02402782593441655 0.0005
-0.002489556330938059 0.02223077607289107 0.0005
-0.003646565594186945 0.02818912500012458 0.0005
-0.007244069055297835 0.02925463092428814 0.0005
-0.00493011164604469 0.02344234849135134 0.00025
-0.004411669379117722 0.02382973614007179 0.00025
-0.0044325284416995 0.02315112744151009 0.00025
-0.004950970708626467 0.02276373979278964 0.0005
-0.00493011164604469 0.02344234849135134 0.0005
-0.0044325284416995 0.02315112744151009 0.0005
-0.004950970708626467 0.02276373979278964 0.00025
-0.005448553912971658 0.0230549608426309 0.00025
-0.004453387504281277 0.02247251874294838 0.00025
-0.00493011164604469 0.02344234849135134 0.00075
-0.004411669379117722 0.02382973614007179 0.00075
-0.0044325284416995 0.02315112744151009 0.00075
-0.004950970708626467 0.02276373979278964 0.00075
-0.005448553912971658 0.0230549608426309 0.00075
-0.004453387504281277 0.02247251874294838 0.00075
-0.003291246479714351 0.02349417216856588 0.00025
-0.003279919481193418 0.02402782593441655 0.00025
-0.002551612210960756 0.02380186879337568 0.00025
-0.002562939209481689 0.02326821502752502 0.0005
-0.003291246479714351 0.02349417216856588 0.0005
-0.002551612210960756 0.02380186879337568 0.0005
-0.002562939209481689 0.02326821502752502 0.00025
-0.003302573478235284 0.02296051840271522 0.00025
-0.001823304940728095 0.02357591165233482 0.00025
-0.003291246479714351 0.02349417216856588 0.00075
-0.003279919481193418 0.02402782593441655 0.00075
-0.002551612210960756 0.02380186879337568 0.00075
-0.002562939209481689 0.02326821502752502 0.00075
-0.003302573478235284 0.02296051840271522 0.00075
-0.001823304940728095 0.02357591165233482 0.00075
-0.002192898348385296 0.02585018614212584 0.00025
-0.00287676585613511 0.02619036991003486 0.00025
-0.002173095996302301 0.02665268628141575 0.00025
-0.001489228488552486 0.02631250251350673 0.0005
-0.002192898348385296 0.02585018614212584 0.0005
-0.002173095996302301 0.02665268628141575 0.0005
-0.001489228488552486 0.02631250251350673 0.00025
-0.001509030840635481 0.02551000237421682 0.00025
-0.001469426136469491 0.02711500265279664 0.00025
-0.002192898348385296 0.02585018614212584 0.00075
-0.00287676585613511 0.02619036991003486 0.00075
-0.002173095996302301 0.02665268628141575 0.00075
-0.001489228488552486 0.02631250251350673 0.00075
-0.001509030840635481 0.02551000237421682 0.00075
-0.001469426136469491 0.02711500265279664 0.00075
-0.01219163820194011 0.0293434458622891 0.00025
-0.01188327640388022 0.02934208493557801 0.00025
-0.01219163820194005 0.02904604246778901 0.00025
-0.01219163820194011 0.0293434458622891 0.0005
-0.01219163820194005 0.02904604246778901 0.0005
-0.01219163820194011 0.0293434458622891 0.00075
-0.01188327640388022 0.02934208493557801 0.00075
-0.01219163820194005 0.02904604246778901 0.00075
-0.005509359882676484 0.02715488152281668 0.00025
-0.006096114628071632 0.02715269506717732 0.00025
-0.006016881958381867 0.02765731732386906 0.00025
-0.005430127212986719 0.02765950377950842 0.0005
-0.005509359882676484 0.02715488152281668 0.0005
-0.006016881958381867 0.02765731732386906 0.0005
-0.005430127212986719 0.02765950377950842 0.00025
-0.004922605137281336 0.02715706797845605 0.00025
-0.005937649288692103 0.02816193958056079 0.00025
-0.005509359882676484 0.02715488152281668 0.00075
-0.006096114628071632 0.02715269506717732 0.00075
-0.006016881958381867 0.02765731732386906 0.00075
-0.005430127212986719 0.02765950377950842 0.00075
-0.004922605137281336 0.02715706797845605 0.00075
-0.005937649288692103 0.02816193958056079 0.00075
-0.003857121428676503 0.0233951272713935 0.00025
-0.00387798049125828 0.0227165185728318 0.0005
-0.003857121428676503 0.0233951272713935 0.0005
-0.00387798049125828 0.0227165185728318 0.00025
-0.003857121428676503 0.0233951272713935 0.00075
-0.00387798049125828 0.0227165185728318 0.00075
-0.01219163820194011 0.029671042467789 0.00025
-0.01219163820194011 0.029671042467789 0.0005
-0.01219163820194011 0.029671042467789 0.00075
-0.007053603552474785 0.02764690914112672 0.00025
-0.006953092380597984 0.02821226563436718 0.00025
-0.006524603504334808 0.02768248035077225 0.00025
-0.006625114676211609 0.0271171238575318 0.0005
-0.007053603552474785 0.02764690914112672 0.0005
-0.006524603504334808 0.02768248035077225 0.0005
-0.006625114676211609 0.0271171238575318 0.00025
-0.007154114724351587 0.02708155264788626 0.00025
-0.007053603552474785 0.02764690914112672 0.00075
-0.006953092380597984 0.02821226563436718 0.00075
-0.006524603504334808 0.02768248035077225 0.00075
-0.006625114676211609 0.0271171238575318 0.00075
-0.007154114724351587 0.02708155264788626 0.00075
-0.002156430635833077 0.02290334386261295 0.00025
-0.002489556330938059 0.02223077607289107 0.00025
-0.002896064904586671 0.02259564723780314 0.00025
-0.002156430635833077 0.02290334386261295 0.0005
-0.002896064904586671 0.02259564723780314 0.0005
-0.002156430635833077 0.02290334386261295 0.00075
-0.002489556330938059 0.02223077607289107 0.00075
-0.002896064904586671 0.02259564723780314 0.00075
-0.007912683578680201 0.01781842498443246 0.0005
-0.007912683578680201 0.01781842498443246 0.00025
-0.007912683578680201 0.01781842498443246 0.00075
-0.006445370834645043 0.02818710260746398 0.00025
-0.006445370834645043 0.02818710260746398 0.0005
-0.006445370834645043 0.02818710260746398 0.00075
-0.002773315401121012 0.02695251037793131 0.00025
-0.002669864946106915 0.02771465084582776 0.00025
-0.002069645541288203 0.0274148267493122 0.00025
-0.002773315401121012 0.02695251037793131 0.0005
-0.002069645541288203 0.0274148267493122 0.0005
-0.002773315401121012 0.02695251037793131 0.00075
-0.002669864946106915 0.02771465084582776 0.00075
-0.002069645541288203 0.0274148267493122 0.00075
-0.002974901877458676 0.02444363648535462 0.00025
-0.002246594607226015 0.02421767934431376 0.0005
-0.002974901877458676 0.02444363648535462 0.0005
-0.002246594607226015 0.02421767934431376 0.00025
-0.002669884273723935 0.0248594470362927 0.00025
-0.002974901877458676 0.02444363648535462 0.00075
-0.002246594607226015 0.02421767934431376 0.00075
-0.002669884273723935 0.0248594470362927 0.00075
-0.005530309829436098 0.02361492300525337 0.00025
-0.005612065745900537 0.02417488516787583 0.00025
-0.005011867562509129 0.02400231065397381 0.00025
-0.005530309829436098 0.02361492300525337 0.0005
-0.005011867562509129 0.02400231065397381 0.0005
-0.005530309829436098 0.02361492300525337 0.00075
-0.005612065745900537 0.02417488516787583 0.00075
-0.005011867562509129 0.02400231065397381 0.00075
-0.006821051855422278 0.01849217493691591 0.00025
-0.007200210706638404 0.01812335716373581 0.00025
-0.007303465201550455 0.01850053282920214 0.00025
-0.006924306350334329 0.01886935060238223 0.0005
-0.006821051855422278 0.01849217493691591 0.0005
-0.007303465201550455 0.01850053282920214 0.0005
-0.006924306350334329 0.01886935060238223 0.00025
-0.006441893004206152 0.018860992710096 0.00025
-0.006821051855422278 0.01849217493691591 0.00075
-0.007200210706638404 0.01812335716373581 0.00075
-0.007303465201550455 0.01850053282920214 0.00075
-0.006924306350334329 0.01886935060238223 0.00075
-0.006441893004206152 0.018860992710096 0.00075
-0.006401496567201761 0.01846653908469268 0.00025
-0.006361100130197369 0.01807208545928937 0.00025
-0.006780655418417887 0.01809772131151259 0.00025
-0.006401496567201761 0.01846653908469268 0.0005
-0.006780655418417887 0.01809772131151259 0.0005
-0.006401496567201761 0.01846653908469268 0.00075
-0.006361100130197369 0.01807208545928937 0.00075
-0.006780655418417887 0.01809772131151259 0.00075
-0.004867517504466608 0.02766137745288463 0.00025
-0.004812429871651881 0.02816568692731321 0.00025
-0.004363068301856315 0.02770794130196698 0.00025
-0.004418155934671044 0.02720363182753839 0.0005
-0.004867517504466608 0.02766137745288463 0.0005
-0.004363068301856315 0.02770794130196698 0.0005
-0.004418155934671044 0.02720363182753839 0.00025
-0.003913706732060751 0.02725019567662074 0.00025
-0.004867517504466608 0.02766137745288463 0.00075
-0.004812429871651881 0.02816568692731321 0.00075
-0.004363068301856315 0.02770794130196698 0.00075
-0.004418155934671044 0.02720363182753839 0.00075
-0.003913706732060751 0.02725019567662074 0.00075
-0.001679835896959105 0.01816090426097638 0.00025
-0.001461745646036463 0.01882180852195277 0.00025
-0.0007308728230182317 0.01816090426097638 0.00025
-0.001679835896959105 0.01816090426097638 0.0005
-0.0007308728230182317 0.01816090426097638 0.0005
-0.001679835896959105 0.01816090426097638 0.00075
-0.001461745646036463 0.01882180852195277 0.00075
-0.0007308728230182317 0.01816090426097638 0.00075
-0.005777106133652512 0.02666572529054008 0.00025
-0.005190351388257363 0.02666791174617944 0.0005
-0.005777106133652512 0.02666572529054008 0.0005
-0.005190351388257363 0.02666791174617944 0.00025
-0.00545809763923339 0.02617875551390283 0.00025
-0.005777106133652512 0.02666572529054008 0.00075
-0.005190351388257363 0.02666791174617944 0.00075
-0.00545809763923339 0.02617875551390283 0.00075
-0.01170278049868934 0.0290075685321488 0.00025
-0.01170278049868934 0.0290075685321488 0.0005
-0.01170278049868934 0.0290075685321488 0.00075
-0.01164475037674531 0.029671042467789 0.00025
-0.01164475037674531 0.029671042467789 0.0005
-0.01164475037674531 0.029671042467789 0.00075
-0.0009116524703640474 0.02410938439759599 0.00025
-0.001666167890681788 0.02454295701327582 0.00025
-0.0007545154203177406 0.02507642975853699 0.0005
-0.0009116524703640474 0.02410938439759599 0.0005
-0.001666167890681788 0.02454295701327582 0.0005
-0.0007545154203177406 0.02507642975853699 0.00025
-0.0009116524703640474 0.02410938439759599 0.00075
-0.001666167890681788 0.02454295701327582 0.00075
-0.0007545154203177406 0.02507642975853699 0.00075
-0.006295929763808597 0.02666906071658803 0.00025
-0.005976921269389476 0.02618209093995078 0.0005
-0.006295929763808597 0.02666906071658803 0.0005
-0.005976921269389476 0.02618209093995078 0.00025
-0.006495744899545563 0.02618542636599873 0.00025
-0.006295929763808597 0.02666906071658803 0.00075
-0.005976921269389476 0.02618209093995078 0.00075
-0.006495744899545563 0.02618542636599873 0.00075
-0.005375039580171992 0.028163813253937 0.00025
-0.005375039580171992 0.028163813253937 0.0005
-0.005375039580171992 0.028163813253937 0.00075
-0.0007308728230182317 0.01905376140383353 0.00025
-0.0007308728230182317 0.01905376140383353 0.0005
-0.0007308728230182317 0.01905376140383353 0.00075
-0.007447364416450634 0.02853287183354737 0.00025
-0.007445302172707509 0.02803110361644084 0.00025
-0.00793957420856016 0.02835170981562104 0.0005
-0.007447364416450634 0.02853287183354737 0.0005
-0.007445302172707509 0.02803110361644084 0.0005
-0.00793957420856016 0.02835170981562104 0.00025
-0.007941636452303285 0.02885347803272757 0.00025
-0.007937511964817035 0.0278499415985145 0.00025
-0.007447364416450634 0.02853287183354737 0.00075
-0.007445302172707509 0.02803110361644084 0.00075
-0.00793957420856016 0.02835170981562104 0.00075
-0.007941636452303285 0.02885347803272757 0.00075
-0.007937511964817035 0.0278499415985145 0.00075
-0.0007347130682347457 0.02677178704068404 0.00025
-0.0007545154203177406 0.02596928690139413 0.0005
-0.0007347130682347457 0.02677178704068404 0.0005
-0.0007545154203177406 0.02596928690139413 0.00025
-0.0007347130682347457 0.02677178704068404 0.00075
-0.0007545154203177406 0.02596928690139413 0.00075
-0.007545813344584311 0.02746574712320039 0.0005
-0.007545813344584311 0.02746574712320039 0.00025
-0.007545813344584311 0.02746574712320039 0.00075
-0.005441419825739344 0.02248019742102478 0.00025
-0.005434285738507029 0.02190543399941866 0.00025
-0.005842142869253514 0.02220271699970933 0.00025
-0.005849276956485829 0.02277748042131545 0.0005
-0.005441419825739344 0.02248019742102478 0.0005
-0.005842142869253514 0.02220271699970933 0.0005
-0.005849276956485829 0.02277748042131545 0.00025
-0.005441419825739344 0.02248019742102478 0.00075
-0.005434285738507029 0.02190543399941866 0.00075
-0.005842142869253514 0.02220271699970933 0.00075
-0.005849276956485829 0.02277748042131545 0.00075
-0.0007367357066731411 0.02932716043531004 0.00025
-0.001473471413346282 0.02865432087062007 0.00025
-0.001657796079279493 0.02932716043531004 0.00025
-0.0007367357066731411 0.02932716043531004 0.0005
-0.001657796079279493 0.02932716043531004 0.0005
-0.0007367357066731411 0.02932716043531004 0.00075
-0.001473471413346282 0.02865432087062007 0.00075
-0.001657796079279493 0.02932716043531004 0.00075
-0.002089457557179708 0.02518472470525476 0.00025
-0.002773325064929523 0.02552490847316378 0.00025
-0.002089457557179708 0.02518472470525476 0.0005
-0.002773325064929523 0.02552490847316378 0.0005
-0.002089457557179708 0.02518472470525476 0.00075
-0.002773325064929523 0.02552490847316378 0.00075
-0.005266685808503608 0.0246606387696711 0.00025
-0.005800022505438042 0.02470559012080071 0.00025
-0.005454642568041113 0.02519134372259598 0.0005
-0.005266685808503608 0.0246606387696711 0.0005
-0.005800022505438042 0.02470559012080071 0.0005
-0.005454642568041113 0.02519134372259598 0.00025
-0.004921305871106679 0.02514639237146637 0.00025
-0.005987979264975547 0.02523629507372559 0.00025
-0.005266685808503608 0.0246606387696711 0.00075
-0.005800022505438042 0.02470559012080071 0.00075
-0.005454642568041113 0.02519134372259598 0.00075
-0.004921305871106679 0.02514639237146637 0.00075
-0.005987979264975547 0.02523629507372559 0.00075
-0.004229497732919413 0.0281774059637189 0.00025
-0.003646565594186945 0.02818912500012458 0.00025
-0.003780136163123848 0.02771966033837266 0.00025
-0.004229497732919413 0.0281774059637189 0.0005
-0.003780136163123848 0.02771966033837266 0.0005
-0.004229497732919413 0.0281774059637189 0.00075
-0.003646565594186945 0.02818912500012458 0.00075
-0.003780136163123848 0.02771966033837266 0.00075
-0.008360034463200251 0.02816045398918971 0.00025
-0.008360034463200251 0.02816045398918971 0.0005
-0.008362096706943377 0.02866222220629625 0.0005
-0.008362096706943377 0.02866222220629625 0.00025
-0.008782556961583468 0.02847096637986492 0.00025
-0.008360034463200251 0.02816045398918971 0.00075
-0.008362096706943377 0.02866222220629625 0.00075
-0.008782556961583468 0.02847096637986492 0.00075
-0.0046664876251122 0.02448806425576908 0.0005
-0.0046664876251122 0.02448806425576908 0.00025
-0.0046664876251122 0.02448806425576908 0.00075
-0.00759285275380056 0.02905405447850785 0.00025
-0.007244069055297835 0.02925463092428814 0.00025
-0.00709858071794791 0.02873344827932766 0.00025
-0.00759285275380056 0.02905405447850785 0.0005
-0.00709858071794791 0.02873344827932766 0.0005
-0.00759285275380056 0.02905405447850785 0.00075
-0.007244069055297835 0.02925463092428814 0.00075
-0.00709858071794791 0.02873344827932766 0.00075
-0.006824929811948575 0.0266334895069425 0.0005
-0.006824929811948575 0.0266334895069425 0.00025
-0.006824929811948575 0.0266334895069425 0.00075
-0.0007367357066731411 0.02843430329245289 0.00025
-0.0007367357066731411 0.02843430329245289 0.0005
-0.0007367357066731411 0.02843430329245289 0.00075
-0.009210648894739958 0.02921703367601082 0.00025
-0.008694466850161547 0.02934357959722248 0.00025
-0.008738511905872506 0.0289072729885437 0.00025
-0.009254693950450919 0.02878072706733204 0.0005
-0.009210648894739958 0.02921703367601082 0.0005
-0.008738511905872506 0.0289072729885437 0.0005
-0.009254693950450919 0.02878072706733204 0.00025
-0.00972683093931837 0.02909048775479916 0.00025
-0.009210648894739958 0.02921703367601082 0.00075
-0.008694466850161547 0.02934357959722248 0.00075
-0.008738511905872506 0.0289072729885437 0.00075
-0.009254693950450919 0.02878072706733204 0.00075
-0.00972683093931837 0.02909048775479916 0.00075
-0.0006653001752067868 0.02068905117022885 0.00025
-0.001330600350413574 0.02030667376902912 0.00025
-0.001336142601426386 0.02107773176949525 0.00025
-0.0006708424262195992 0.02146010917069498 0.0005
-0.0006653001752067868 0.02068905117022885 0.0005
-0.001336142601426386 0.02107773176949525 0.0005
-0.0006708424262195992 0.02146010917069498 0.00025
-0.001341684852439198 0.02184878976996138 0.00025
-0.0006653001752067868 0.02068905117022885 0.00075
-0.001330600350413574 0.02030667376902912 0.00075
-0.001336142601426386 0.02107773176949525 0.00075
-0.0006708424262195992 0.02146010917069498 0.00075
-0.001341684852439198 0.02184878976996138 0.00075
-0.001582494896583647 0.0227123507111481 0.00025
-0.0009116524703640474 0.02321652725473885 0.00025
-0.0006708424262195992 0.02235296631355212 0.0005
-0.001582494896583647 0.0227123507111481 0.0005
-0.0009116524703640474 0.02321652725473885 0.0005
-0.0006708424262195992 0.02235296631355212 0.00025
-0.001582494896583647 0.0227123507111481 0.00075
-0.0009116524703640474 0.02321652725473885 0.00075
-0.0006708424262195992 0.02235296631355212 0.00075
-0.00455525023095474 0.01799819843990358 0.00025
-0.004244428928034546 0.01849639687980716 0.00025
-0.003900887340541258 0.01799819843990358 0.00025
-0.00455525023095474 0.01799819843990358 0.0005
-0.003900887340541258 0.01799819843990358 0.0005
-0.00455525023095474 0.01799819843990358 0.00075
-0.004244428928034546 0.01849639687980716 0.00075
-0.003900887340541258 0.01799819843990358 0.00075
-0.004528246456225352 0.02189741859606737 0.00025
-0.004603105408169427 0.02132231844918635 0.00025
-0.005018695573338228 0.02161387622430251 0.00025
-0.004943836621394153 0.02218897637118352 0.0005
-0.004528246456225352 0.02189741859606737 0.0005
-0.005018695573338228 0.02161387622430251 0.0005
-0.004943836621394153 0.02218897637118352 0.00025
-0.004528246456225352 0.02189741859606737 0.00075
-0.004603105408169427 0.02132231844918635 0.00075
-0.005018695573338228 0.02161387622430251 0.00075
-0.004943836621394153 0.02218897637118352 0.00075
-0.003221488961268584 0.02493676102466504 0.00025
-0.003324929752474172 0.02560222246153612 0.0005
-0.003221488961268584 0.02493676102466504 0.0005
-0.003324929752474172 0.02560222246153612 0.00025
-0.003773093648813234 0.02501407501303738 0.00025
-0.003221488961268584 0.02493676102466504 0.00075
-0.003324929752474172 0.02560222246153612 0.00075
-0.003773093648813234 0.02501407501303738 0.00075
-0.001915620591688628 0.02203978292142623 0.00025
-0.001915620591688628 0.02203978292142623 0.0005
-0.001915620591688628 0.02203978292142623 0.00075
-0.004057188794477743 0.02152670512287298 0.00025
-0.003982329842533668 0.02210180526975399 0.0005
-0.004057188794477743 0.02152670512287298 0.0005
-0.003982329842533668 0.02210180526975399 0.00025
-0.003511272180786059 0.0217310917965596 0.00025
-0.004057188794477743 0.02152670512287298 0.00075
-0.003982329842533668 0.02210180526975399 0.00075
-0.003511272180786059 0.0217310917965596 0.00075
-0.004762822671188063 0.0290354780989841 0.00025
-0.005362145122992944 0.02907554388505288 0.00025
-0.005087531759066731 0.02953777194252644 0.00025
-0.00448820930726185 0.02949770615645766 0.0005
-0.004762822671188063 0.0290354780989841 0.0005
-0.005087531759066731 0.02953777194252644 0.0005
-0.00448820930726185 0.02949770615645766 0.00025
-0.004163500219383182 0.02899541231291532 0.00025
-0.004762822671188063 0.0290354780989841 0.00075
-0.005362145122992944 0.02907554388505288 0.00075
-0.005087531759066731 0.02953777194252644 0.00075
-0.00448820930726185 0.02949770615645766 0.00075
-0.004163500219383182 0.02899541231291532 0.00075
-0.008381927068994512 0.02770314890667894 0.00025
-0.008804449567377727 0.02801366129735415 0.0005
-0.008381927068994512 0.02770314890667894 0.0005
-0.008804449567377727 0.02801366129735415 0.00025
-0.008381927068994512 0.02770314890667894 0.00075
-0.008804449567377727 0.02801366129735415 0.00075
-0.009222558169105614 0.02826987857802109 0.00025
-0.009222558169105614 0.02826987857802109 0.0005
-0.009694695157973065 0.02857963926548821 0.0005
-0.009694695157973065 0.02857963926548821 0.00025
-0.009222558169105614 0.02826987857802109 0.00075
-0.009694695157973065 0.02857963926548821 0.00075
-0.006459594244399116 0.02528686784854887 0.00025
-0.006241862082260555 0.02571086071986216 0.00025
-0.006459594244399116 0.02528686784854887 0.0005
-0.006713477061684125 0.02576143349468544 0.0005
-0.006241862082260555 0.02571086071986216 0.0005
-0.006713477061684125 0.02576143349468544 0.00025
-0.006459594244399116 0.02528686784854887 0.00075
-0.006241862082260555 0.02571086071986216 0.00075
-0.006713477061684125 0.02576143349468544 0.00075
-0.006969694342351058 0.02617954209641333 0.00025
-0.007298879254754071 0.02662760523735709 0.0005
-0.006969694342351058 0.02617954209641333 0.0005
-0.007298879254754071 0.02662760523735709 0.00025
-0.006969694342351058 0.02617954209641333 0.00075
-0.007298879254754071 0.02662760523735709 0.00075
-0.007617348670967813 0.02700048501515107 0.00025
-0.007617348670967813 0.02700048501515107 0.0005
-0.008009047291200538 0.02738467949046519 0.0005
-0.008009047291200538 0.02738467949046519 0.00025
-0.007617348670967813 0.02700048501515107 0.00075
-0.008009047291200538 0.02738467949046519 0.00075
-0.009472751994074761 0.02954524387739958 0.00025
-0.01001963981926957 0.02954524387739958 0.00025
-0.009472751994074761 0.02954524387739958 0.0005
-0.01001963981926957 0.02954524387739958 0.0005
-0.009472751994074761 0.02954524387739958 0.00075
-0.01001963981926957 0.02954524387739958 0.00075
-0.00384579443015557 0.02392878103724417 0.00025
-0.00384579443015557 0.02392878103724417 0.0005
-0.00384579443015557 0.02392878103724417 0.00075
-0.005886387400066669 0.01822408144095219 0.00025
-0.00592678383707106 0.0186185350663555 0.0005
-0.005886387400066669 0.01822408144095219 0.0005
-0.00592678383707106 0.0186185350663555 0.00025
-0.005411674669935968 0.01837607742261501 0.00025
-0.005886387400066669 0.01822408144095219 0.00075
-0.00592678383707106 0.0186185350663555 0.00075
-0.005411674669935968 0.01837607742261501 0.00075
-0.003825699062793077 0.02949770615645766 0.00025
-0.003825699062793077 0.02949770615645766 0.0005
-0.003825699062793077 0.02949770615645766 0.00075
-0.0007347130682347457 0.02766464418354118 0.00025
-0.0007347130682347457 0.02766464418354118 0.0005
-0.0007347130682347457 0.02766464418354118 0.00075
-0.005723038452104468 0.02570752529381421 0.00025
-0.005723038452104468 0.02570752529381421 0.0005
-0.005723038452104468 0.02570752529381421 0.00075
-0.005138873101905451 0.01793803871130751 0.00025
-0.004828051798985256 0.01843623715121109 0.00025
-0.005138873101905451 0.01793803871130751 0.0005
-0.004828051798985256 0.01843623715121109 0.0005
-0.005138873101905451 0.01793803871130751 0.00075
-0.004828051798985256 0.01843623715121109 0.00075
-0.007612616704978954 0.01813010356630036 0.00025
-0.007612616704978954 0.01813010356630036 0.0005
-0.007612616704978954 0.01813010356630036 0.00075
-0.006174073752257084 0.02955583850984858 0.00025
-0.006410801406851873 0.02911167701969716 0.00025
-0.006720961577451894 0.02955583850984858 0.00025
-0.006174073752257084 0.02955583850984858 0.0005
-0.006720961577451894 0.02955583850984858 0.0005
-0.006174073752257084 0.02955583850984858 0.00075
-0.006410801406851873 0.02911167701969716 0.00075
-0.006720961577451894 0.02955583850984858 0.00075
-0.006083981259527911 0.02430312069135962 0.00025
-0.006271938019065415 0.0248338256442845 0.0005
-0.006083981259527911 0.02430312069135962 0.0005
-0.006271938019065415 0.0248338256442845 0.00025
-0.006083981259527911 0.02430312069135962 0.00075
-0.006271938019065415 0.0248338256442845 0.00075
-0.006417154874442123 0.01976904189366809 0.00025
-0.005924479692633862 0.01983316875921063 0.00025
-0.006183186348420007 0.01934708073465331 0.00025
-0.006675861530228268 0.01928295386911077 0.0005
-0.006417154874442123 0.01976904189366809 0.0005
-0.006183186348420007 0.01934708073465331 0.0005
-0.006675861530228268 0.01928295386911077 0.00025
-0.006417154874442123 0.01976904189366809 0.00075
-0.005924479692633862 0.01983316875921063 0.00075
-0.006183186348420007 0.01934708073465331 0.00075
-0.006675861530228268 0.01928295386911077 0.00075
-0.0006653001752067868 0.01979619402737171 0.00025
-0.0006653001752067868 0.01979619402737171 0.0005
-0.0006653001752067868 0.01979619402737171 0.00075
-0.003258985228835705 0.01805147637486397 0.00025
-0.00296062470462344 0.01860295274972795 0.00025
-0.002429275426252593 0.01805147637486397 0.00025
-0.003258985228835705 0.01805147637486397 0.0005
-0.002429275426252593 0.01805147637486397 0.0005
-0.003258985228835705 0.01805147637486397 0.00075
-0.00296062470462344 0.01860295274972795 0.00075
-0.002429275426252593 0.01805147637486397 0.00075
-0.004357292343202151 0.01989916831026566 0.00025
-0.004823508335168514 0.02027355824615696 0.00025
-0.004238855897357717 0.02046671242750028 0.00025
-0.003772639905391355 0.02009232249160898 0.0005
-0.004357292343202151 0.01989916831026566 0.0005
-0.004238855897357717 0.02046671242750028 0.0005
-0.003772639905391355 0.02009232249160898 0.00025
-0.003891076351235789 0.01952477837437436 0.00025
-0.003654203459546921 0.0206598666088436 0.00025
-0.004357292343202151 0.01989916831026566 0.00075
-0.004823508335168514 0.02027355824615696 0.00075
-0.004238855897357717 0.02046671242750028 0.00075
-0.003772639905391355 0.02009232249160898 0.00075
-0.003891076351235789 0.01952477837437436 0.00075
-0.003654203459546921 0.0206598666088436 0.00075
-0.007684483226869684 0.02962731546214407 0.00025
-0.00803326692537241 0.02942673901636379 0.0005
-0.007684483226869684 0.02962731546214407 0.0005
-0.00803326692537241 0.02942673901636379 0.00025
-0.007684483226869684 0.02962731546214407 0.00075
-0.00803326692537241 0.02942673901636379 0.00075
-0.005649897205842524 0.02861874173280683 0.00025
-0.006174225347771988 0.02863680830012898 0.00025
-0.005886473264922408 0.02909361045237502 0.0005
-0.005649897205842524 0.02861874173280683 0.0005
-0.006174225347771988 0.02863680830012898 0.0005
-0.005886473264922408 0.02909361045237502 0.00025
-0.005649897205842524 0.02861874173280683 0.00075
-0.006174225347771988 0.02863680830012898 0.00075
-0.005886473264922408 0.02909361045237502 0.00075
-0.008956569949496351 0.02967178979861124 0.00025
-0.008956569949496351 0.02967178979861124 0.0005
-0.008956569949496351 0.02967178979861124 0.00075
-0.005188227370905912 0.01886258941713745 0.00025
-0.004964780071875856 0.01934910141165988 0.00025
-0.0046046044999552 0.01892274914573353 0.00025
-0.005188227370905912 0.01886258941713745 0.0005
-0.0046046044999552 0.01892274914573353 0.0005
-0.005188227370905912 0.01886258941713745 0.00075
-0.004964780071875856 0.01934910141165988 0.00075
-0.0046046044999552 0.01892274914573353 0.00075
-0.003291785839083833 0.02748242326122425 0.00025
-0.00339523629409793 0.0267202827933278 0.0005
-0.003291785839083833 0.02748242326122425 0.0005
-0.00339523629409793 0.0267202827933278 0.00025
-0.003291785839083833 0.02748242326122425 0.00075
-0.00339523629409793 0.0267202827933278 0.00075
-0.006681946893724929 0.02866197132703217 0.00025
-0.006681946893724929 0.02866197132703217 0.0005
-0.006681946893724929 0.02866197132703217 0.00075
-0.002357147536695614 0.02943908321313338 0.00025
-0.002872174328178523 0.02887816642626677 0.00025
-0.003180036117190747 0.02943908321313338 0.00025
-0.002357147536695614 0.02943908321313338 0.0005
-0.003180036117190747 0.02943908321313338 0.0005
-0.002357147536695614 0.02943908321313338 0.00075
-0.002872174328178523 0.02887816642626677 0.00075
-0.003180036117190747 0.02943908321313338 0.00075
-0.005879389667795283 0.02172167109037797 0.00025
-0.005879389667795283 0.02172167109037797 0.0005
-0.005879389667795283 0.02172167109037797 0.00075
-0.005775025290313625 0.02035392117322341 0.00025
-0.006235339153122971 0.02021595970979008 0.00025
-0.006085884750802734 0.02073671212380287 0.0005
-0.005775025290313625 0.02035392117322341 0.0005
-0.006235339153122971 0.02021595970979008 0.0005
-0.006085884750802734 0.02073671212380287 0.00025
-0.005625570887993388 0.0208746735872362 0.00025
-0.005775025290313625 0.02035392117322341 0.00075
-0.006235339153122971 0.02021595970979008 0.00075
-0.006085884750802734 0.02073671212380287 0.00075
-0.005625570887993388 0.0208746735872362 0.00075
-0.005649745610327619 0.02953777194252644 0.0005
-0.005649745610327619 0.02953777194252644 0.00025
-0.005649745610327619 0.02953777194252644 0.00075
-0.01029899020974549 0.0291875692252737 0.00025
-0.0108711494801726 0.02928465069574824 0.00025
-0.01059179908969669 0.02964232534787412 0.00025
-0.01029899020974549 0.0291875692252737 0.0005
-0.01059179908969669 0.02964232534787412 0.0005
-0.01029899020974549 0.0291875692252737 0.00075
-0.0108711494801726 0.02928465069574824 0.00075
-0.01059179908969669 0.02964232534787412 0.00075
-0.01071989663266455 0.02886437696129646 0.00025
-0.01014773736223743 0.02876729549082192 0.0005
-0.01071989663266455 0.02886437696129646 0.0005
-0.01014773736223743 0.02876729549082192 0.00025
-0.01071989663266455 0.02886437696129646 0.00075
-0.01014773736223743 0.02876729549082192 0.00075
-0.004894144203522185 0.01981132982890842 0.00025
-0.004427928211555823 0.01943693989301712 0.0005
-0.004894144203522185 0.01981132982890842 0.0005
-0.004427928211555823 0.01943693989301712 0.00025
-0.004894144203522185 0.01981132982890842 0.00075
-0.004427928211555823 0.01943693989301712 0.00075
-0.006827435231074853 0.02918315397199265 0.00025
-0.006827435231074853 0.02918315397199265 0.0005
-0.006827435231074853 0.02918315397199265 0.00075
-0.005656354016029942 0.01793803871130751 0.00025
-0.005656354016029942 0.01793803871130751 0.0005
-0.005656354016029942 0.01793803871130751 0.00075
-0.005969506808590462 0.02382630028718864 0.00025
-0.005887750892126023 0.02326633812456617 0.0005
-0.005969506808590462 0.02382630028718864 0.0005
-0.005887750892126023 0.02326633812456617 0.00025
-0.005969506808590462 0.02382630028718864 0.00075
-0.005887750892126023 0.02326633812456617 0.00075
-0.006063799931934555 0.01898291389299569 0.00025
-0.005685706859662959 0.01910483507589538 0.00025
-0.005548690764799464 0.0187404562492552 0.00025
-0.006063799931934555 0.01898291389299569 0.0005
-0.005548690764799464 0.0187404562492552 0.0005
-0.006063799931934555 0.01898291389299569 0.00075
-0.005685706859662959 0.01910483507589538 0.00075
-0.005548690764799464 0.0187404562492552 0.00075
-0.007500277580339653 0.01781167858186791 0.00025
-0.007025449807360406 0.01781167858186791 0.00025
-0.007500277580339653 0.01781167858186791 0.0005
-0.007025449807360406 0.01781167858186791 0.0005
-0.007500277580339653 0.01781167858186791 0.00075
-0.007025449807360406 0.01781167858186791 0.00075
-0.004347199759959956 0.02508023369225187 0.00025
-0.004347199759959956 0.02508023369225187 0.0005
-0.004092381513965478 0.02442190557655458 0.0005
-0.004092381513965478 0.02442190557655458 0.00025
-0.004347199759959956 0.02508023369225187 0.00075
-0.004092381513965478 0.02442190557655458 0.00075
-0.007137595401674874 0.02962731546214407 0.00025
-0.007137595401674874 0.02962731546214407 0.0005
-0.007137595401674874 0.02962731546214407 0.00075
-0.001396172998225018 0.01956424114549095 0.00025
-0.001396172998225018 0.01956424114549095 0.0005
-0.001396172998225018 0.01956424114549095 0.00075
-0.005975032242538462 0.02120629088428674 0.0005
-0.005975032242538462 0.02120629088428674 0.00025
-0.005975032242538462 0.02120629088428674 0.00075
-0.004623090253671854 0.0266494158907264 0.00025
-0.004890836504647882 0.02616025965844979 0.0005
-0.004623090253671854 0.0266494158907264 0.0005
-0.004890836504647882 0.02616025965844979 0.00025
-0.004323575370062372 0.02614176380299675 0.00025
-0.004623090253671854 0.0266494158907264 0.00075
-0.004890836504647882 0.02616025965844979 0.00075
-0.004323575370062372 0.02614176380299675 0.00075
-0.005224539611580951 0.02057411591669658 0.00025
-0.005373994013901187 0.0200533635026838 0.00025
-0.005224539611580951 0.02057411591669658 0.0005
-0.005373994013901187 0.0200533635026838 0.0005
-0.005224539611580951 0.02057411591669658 0.00075
-0.005373994013901187 0.0200533635026838 0.00075
-0.003406922829510672 0.02234580509963741 0.00025
-0.003406922829510672 0.02234580509963741 0.0005
-0.003406922829510672 0.02234580509963741 0.00075
-0.001899773276457614 0.02067212125595672 0.00025
-0.002468946202501654 0.02103756874288432 0.00025
-0.001905315527470426 0.02144317925642285 0.00025
-0.001899773276457614 0.02067212125595672 0.0005
-0.001905315527470426 0.02144317925642285 0.0005
-0.001899773276457614 0.02067212125595672 0.00075
-0.002468946202501654 0.02103756874288432 0.00075
-0.001905315527470426 0.02144317925642285 0.00075
-0.004487965045517532 0.02858054962011427 0.00025
-0.005087287497322413 0.02862061540618305 0.00025
-0.004487965045517532 0.02858054962011427 0.0005
-0.005087287497322413 0.02862061540618305 0.0005
-0.004487965045517532 0.02858054962011427 0.00075
-0.005087287497322413 0.02862061540618305 0.00075
-0.006131066746160642 0.01778604272964468 0.00025
-0.006131066746160642 0.01778604272964468 0.0005
-0.006131066746160642 0.01778604272964468 0.00075
-0.004067752639635167 0.01901058762709076 0.00025
-0.004067752639635167 0.01901058762709076 0.0005
-0.004067752639635167 0.01901058762709076 0.00075
-0.001471448774907887 0.02788466176170835 0.00025
-0.001471448774907887 0.02788466176170835 0.0005
-0.001471448774907887 0.02788466176170835 0.00075
-0.008318051651232415 0.02909852881497503 0.00025
-0.008409682124301539 0.02967178979861124 0.00025
-0.008318051651232415 0.02909852881497503 0.0005
-0.008409682124301539 0.02967178979861124 0.0005
-0.008318051651232415 0.02909852881497503 0.00075
-0.008409682124301539 0.02967178979861124 0.00075
-0.00471330687166897 0.02079793834767166 0.00025
-0.004128654433858174 0.02099109252901498 0.0005
-0.00471330687166897 0.02079793834767166 0.0005
-0.004128654433858174 0.02099109252901498 0.00025
-0.00471330687166897 0.02079793834767166 0.00075
-0.004128654433858174 0.02099109252901498 0.00075
-0.004118641051061561 0.02669597973980875 0.00025
-0.004118641051061561 0.02669597973980875 0.0005
-0.004118641051061561 0.02669597973980875 0.00075
-0.005529928313250209 0.02139005379332743 0.00025
-0.005529928313250209 0.02139005379332743 0.0005
-0.005529928313250209 0.02139005379332743 0.00075
-0.005444629882254859 0.01959113508543526 0.0005
-0.005444629882254859 0.01959113508543526 0.00025
-0.005444629882254859 0.01959113508543526 0.00075
-0.005189701755170035 0.0256625739426846 0.0005
-0.005189701755170035 0.0256625739426846 0.00025
-0.005189701755170035 0.0256625739426846 0.00075
-0.002548406160780647 0.02043158843534317 0.00025
-0.002627866119059641 0.01982560812780202 0.00025
-0.003141034789303281 0.02024273736832281 0.00025
-0.003061574831024288 0.02084871767586396 0.0005
-0.002548406160780647 0.02043158843534317 0.0005
-0.003141034789303281 0.02024273736832281 0.0005
-0.003061574831024288 0.02084871767586396 0.00025
-0.002548406160780647 0.02043158843534317 0.00075
-0.002627866119059641 0.01982560812780202 0.00075
-0.003141034789303281 0.02024273736832281 0.00075
-0.003061574831024288 0.02084871767586396 0.00075
-0.003517837273780853 0.02893678936959104 0.00025
-0.003517837273780853 0.02893678936959104 0.0005
-0.003517837273780853 0.02893678936959104 0.00075
-0.00580509327614841 0.01946900191755301 0.00025
-0.00580509327614841 0.01946900191755301 0.0005
-0.00580509327614841 0.01946900191755301 0.00075
-0.003905032906785064 0.02859226865651995 0.00025
-0.003905032906785064 0.02859226865651995 0.0005
-0.003905032906785064 0.02859226865651995 0.00075
-0.003425850527929614 0.01906386556205115 0.00025
-0.003602526816328993 0.01854967481476755 0.00025
-0.003425850527929614 0.01906386556205115 0.0005
-0.003602526816328993 0.01854967481476755 0.0005
-0.003425850527929614 0.01906386556205115 0.00075
-0.003602526816328993 0.01854967481476755 0.00075
-0.01119671703683553 0.02897885141223392 0.00025
-0.01119671703683553 0.02897885141223392 0.0005
-0.01119671703683553 0.02897885141223392 0.00075
-0.003259471235147715 0.01967519325108819 0.00025
-0.003259471235147715 0.01967519325108819 0.0005
-0.003259471235147715 0.01967519325108819 0.00075
-0.004622440620584525 0.02564407808723156 0.00025
-0.004622440620584525 0.02564407808723156 0.0005
-0.004048334509437803 0.02557791940801707 0.0005
-0.004048334509437803 0.02557791940801707 0.00025
-0.004622440620584525 0.02564407808723156 0.00075
-0.004048334509437803 0.02557791940801707 0.00075
-0.005114338148081408 0.02109849601821127 0.00025
-0.005114338148081408 0.02109849601821127 0.0005
-0.005114338148081408 0.02109849601821127 0.00075
-0.005325243465769408 0.01922696824377763 0.00025
-0.005325243465769408 0.01922696824377763 0.0005
-0.005325243465769408 0.01922696824377763 0.00075
-0.0111386869148915 0.02964232534787412 0.00025
-0.0111386869148915 0.02964232534787412 0.0005
-0.0111386869148915 0.02964232534787412 0.00075
-0.002211185175329952 0.01871238063584036 0.00025
-0.002211185175329952 0.01871238063584036 0.0005
-0.002211185175329952 0.01871238063584036 0.00075
-0.003600170613098741 0.0261660668565158 0.00025
-0.003600170613098741 0.0261660668565158 0.0005
-0.003600170613098741 0.0261660668565158 0.00075
-0.006605894519139888 0.01778604272964468 0.00025
-0.006605894519139888 0.01778604272964468 0.0005
-0.006605894519139888 0.01778604272964468 0.00075
-0.002172822870762403 0.02876624364844342 0.00025
-0.002172822870762403 0.02876624364844342 0.0005
-0.002172822870762403 0.02876624364844342 0.00075
-0.00358273782016649 0.0211954792027016 0.0005
-0.00358273782016649 0.0211954792027016 0.00025
-0.00358273782016649 0.0211954792027016 0.00075
-0.002071668179726599 0.02818448585822391 0.00025
-0.002771019637142719 0.02829640863604727 0.00025
-0.002071668179726599 0.02818448585822391 0.0005
-0.002771019637142719 0.02829640863604727 0.0005
-0.002071668179726599 0.02818448585822391 0.00075
-0.002771019637142719 0.02829640863604727 0.00075
-0.003526506565003326 0.02452095047372696 0.00025
-0.003526506565003326 0.02452095047372696 0.0005
-0.003526506565003326 0.02452095047372696 0.00075
-0.00279424541184154 0.01921428043876498 0.00025
-0.00279424541184154 0.01921428043876498 0.0005
-0.00279424541184154 0.01921428043876498 0.00075
-0.002990109191643857 0.02138433026972196 0.0005
-0.002990109191643857 0.02138433026972196 0.00025
-0.002990109191643857 0.02138433026972196 0.00075
-0.01137721294202641 0.02931336781566312 0.00025
-0.01137721294202641 0.02931336781566312 0.0005
-0.01137721294202641 0.02931336781566312 0.00075
-0.002044805882548052 0.0193237083248774 0.00025
-0.002044805882548052 0.0193237083248774 0.0005
-0.002044805882548052 0.0193237083248774 0.00075
-0.001979233234736607 0.02006614094841557 0.00025
-0.001979233234736607 0.02006614094841557 0.0005
-0.001979233234736607 0.02006614094841557 0.00075
-0.003259369961182734 0.02853364571319567 0.00025
-0.003259369961182734 0.02853364571319567 0.0005
-0.003259369961182734 0.02853364571319567 0.00075
-0.003000414255862059 0.02198093393472533 0.00025
-0.003000414255862059 0.02198093393472533 0.0005
-0.003000414255862059 0.02198093393472533 0.00075
-0.002479251266719856 0.02163417240788769 0.00025
-0.002479251266719856 0.02163417240788769 0.0005
-0.002479251266719856 0.02163417240788769 0.00075
-0.00315821527014693 0.02795188792297617 0.00025
-0.00315821527014693 0.02795188792297617 0.0005
-0.00315821527014693 0.02795188792297617 0.00075
3 6 0 978
8285
8286
8287
8288
8289
8290
8291
8292
8293
8294
8295
8296
8297
8298
8299
8300
8301
8302
8303
8304
8305
8306
8307
8308
8309
8310
8311
8312
8313
8314
8315
8316
8317
8318
8319
8320
8321
8322
8323
8324
8325
8326
8327
8328
8329
8330
8331
8332
8333
8334
8335
8336
8337
8338
8339
8340
8341
8342
8343
8344
8345
8346
8347
8348
8349
8350
8351
8352
8353
8354
8355
8356
8357
8358
8359
8360
8361
8362
8363
8364
8365
8366
8367
8368
8369
8370
8371
8372
8373
8374
8375
8376
8377
8378
8379
8380
8381
8382
8383
8384
8385
8386
8387
8388
8389
8390
8391
8392
8393
8394
8395
8396
8397
8398
8399
8400
8401
8402
8403
8404
8405
8406
8407
8408
8409
8410
8411
8412
8413
8414
8415
8416
8417
8418
8419
8420
8421
8422
8423
8424
8425
8426
8427
8428
8429
8430
8431
8432
8433
8434
8435
8436
8437
8438
8439
8440
8441
8442
8443
8444
8445
8446
8447
8448
8449
8450
8451
8452
8453
8454
8455
8456
8457
8458
8459
8460
8461
8462
8463
8464
8465
8466
8467
8468
8469
8470
8471
8472
8473
8474
8475
8476
8477
8478
8479
8480
8481
8482
8483
8484
8485
8486
8487
8488
8489
8490
8491
8492
8493
8494
8495
8496
8497
8498
8499
8500
8501
8502
8503
8504
8505
8506
8507
8508
8509
8510
8511
8512
8513
8514
8515
8516
8517
8518
8519
8520
8521
8522
8523
8524
8525
8526
8527
8528
8529
8530
8531
8532
8533
8534
8535
8536
8537
8538
8539
8540
8541
8542
8543
8544
8545
8546
8547
8548
8549
8550
8551
8552
8553
8554
8555
8556
8557
8558
8559
8560
8561
8562
8563
8564
8565
8566
8567
8568
8569
8570
8571
8572
8573
8574
8575
8576
8577
8578
8579
8580
8581
8582
8583
8584
8585
8586
8587
8588
8589
8590
8591
8592
8593
8594
8595
8596
8597
8598
8599
8600
8601
8602
8603
8604
8605
8606
8607
8608
8609
8610
8611
8612
8613
8614
8615
8616
8617
8618
8619
8620
8621
8622
8623
8624
8625
8626
8627
8628
8629
8630
8631
8632
8633
8634
8635
8636
8637
8638
8639
8640
8641
8642
8643
8644
8645
8646
8647
8648
8649
8650
8651
8652
8653
8654
8655
8656
8657
8658
8659
8660
8661
8662
8663
8664
8665
8666
8667
8668
8669
8670
8671
8672
8673
8674
8675
8676
8677
8678
8679
8680
8681
8682
8683
8684
8685
8686
8687
8688
8689
8690
8691
8692
8693
8694
8695
8696
8697
8698
8699
8700
8701
8702
8703
8704
8705
8706
8707
8708
8709
8710
8711
8712
8713
8714
8715
8716
8717
8718
8719
8720
8721
8722
8723
8724
8725
8726
8727
8728
8729
8730
8731
8732
8733
8734
8735
8736
8737
8738
8739
8740
8741
8742
8743
8744
8745
8746
8747
8748
8749
8750
8751
8752
8753
8754
8755
8756
8757
8758
8759
8760
8761
8762
8763
8764
8765
8766
8767
8768
8769
8770
8771
8772
8773
8774
8775
8776
8777
8778
8779
8780
8781
8782
8783
8784
8785
8786
8787
8788
8789
8790
8791
8792
8793
8794
8795
8796
8797
8798
8799
8800
8801
8802
8803
8804
8805
8806
8807
8808
8809
8810
8811
8812
8813
8814
8815
8816
8817
8818
8819
8820
8821
8822
8823
8824
8825
8826
8827
8828
8829
8830
8831
8832
8833
8834
8835
8836
8837
8838
8839
8840
8841
8842
8843
8844
8845
8846
8847
8848
8849
8850
8851
8852
8853
8854
8855
8856
8857
8858
8859
8860
8861
8862
8863
8864
8865
8866
8867
8868
8869
8870
8871
8872
8873
8874
8875
8876
8877
8878
8879
8880
8881
8882
8883
8884
8885
8886
8887
8888
8889
8890
8891
8892
8893
8894
8895
8896
8897
8898
8899
8900
8901
8902
8903
8904
8905
8906
8907
8908
8909
8910
8911
8912
8913
8914
8915
8916
8917
8918
8919
8920
8921
8922
8923
8924
8925
8926
8927
8928
8929
8930
8931
8932
8933
8934
8935
8936
8937
8938
8939
8940
8941
8942
8943
8944
8945
8946
8947
8948
8949
8950
8951
8952
8953
8954
8955
8956
8957
8958
8959
8960
8961
8962
8963
8964
8965
8966
8967
8968
8969
8970
8971
8972
8973
8974
8975
8976
8977
8978
8979
8980
8981
8982
8983
8984
8985
8986
8987
8988
8989
8990
8991
8992
8993
8994
8995
8996
8997
8998
8999
9000
9001
9002
9003
9004
9005
9006
9007
9008
9009
9010
9011
9012
9013
9014
9015
9016
9017
9018
9019
9020
9021
9022
9023
9024
9025
9026
9027
9028
9029
9030
9031
9032
9033
9034
9035
9036
9037
9038
9039
9040
9041
9042
9043
9044
9045
9046
9047
9048
9049
9050
9051
9052
9053
9054
9055
9056
9057
9058
9059
9060
9061
9062
9063
9064
9065
9066
9067
9068
9069
9070
9071
9072
9073
9074
9075
9076
9077
9078
9079
9080
9081
9082
9083
9084
9085
9086
9087
9088
9089
9090
9091
9092
9093
9094
9095
9096
9097
9098
9099
9100
9101
9102
9103
9104
9105
9106
9107
9108
9109
9110
9111
9112
9113
9114
9115
9116
9117
9118
9119
9120
9121
9122
9123
9124
9125
9126
9127
9128
9129
9130
9131
9132
9133
9134
9135
9136
9137
9138
9139
9140
9141
9142
9143
9144
9145
9146
9147
9148
9149
9150
9151
9152
9153
9154
9155
9156
9157
9158
9159
9160
9161
9162
9163
9164
9165
9166
9167
9168
9169
9170
9171
9172
9173
9174
9175
9176
9177
9178
9179
9180
9181
9182
9183
9184
9185
9186
9187
9188
9189
9190
9191
9192
9193
9194
9195
9196
9197
9198
9199
9200
9201
9202
9203
9204
9205
9206
9207
9208
9209
9210
9211
9212
9213
9214
9215
9216
9217
9218
9219
9220
9221
9222
9223
9224
9225
9226
9227
9228
9229
9230
9231
9232
9233
9234
9235
9236
9237
9238
9239
9240
9241
9242
9243
9244
9245
9246
9247
9248
9249
9250
9251
9252
9253
9254
9255
9256
9257
9258
9259
9260
9261
9262
0.007301783488451605 0.01827739537855683 0.0005
0.006249999999999993 0.02845352606467065 0.0005
0.01101710549312446 0.02323481524129345 0.0005
0.004244867770142385 0.01850594084819111 0.0005
0.001428792722290269 0.02370969736983351 0.0005
0.009494716377670818 0.01876336652964489 0.0005
0.01155378317837375 0.02023865758633859 0.0005
0.01069423398617581 0.02714751747942235 0.0005
0.001420094592424715 0.02031120685256689 0.0005
0.001442991831865096 0.02743646267103581 0.0005
0.005437820268322384 0.01840675260333641 0.0005
0.005008813317431723 0.01945524668778295 0.0005
0.003754358067943738 0.01961294316997628 0.0005
0.004457377800576182 0.02066148534056165 0.0005
0.005779956284815294 0.02037060723463932 0.0005
0.005354545733633652 0.02162131819783539 0.0005
0.006714538420791651 0.02134025545307293 0.0005
0.006251107170124114 0.02265222694550362 0.0005
0.007606723709922605 0.0223656132421992 0.0005
0.007176879095924903 0.02375025331186841 0.0005
0.005730916946357545 0.02402218510546324 0.0005
0.00807109038664724 0.02105523812927169 0.0005
0.00670108668058486 0.02518482532876193 0.0005
0.005163231691490632 0.02546469988059599 0.0005
0.008191035508405171 0.02487230519214933 0.0005
0.004060071550102986 0.02186386253839025 0.0005
0.007730451005709522 0.02632410849035559 0.0005
0.008957218519531733 0.02204950412086619 0.0005
0.009528521223183248 0.02075016332611266 0.0005
0.004333654826361093 0.0242601481515455 0.0005
0.003589391232060979 0.02566635344906657 0.0005
0.008502837930907194 0.01998501365469162 0.0005
0.004611514265476993 0.0270152247076254 0.0005
0.007163308605529713 0.02002356759721653 0.0005
0.0102762611751332 0.02188528349320451 0.0005
0.006131301720592364 0.01925899538155797 0.0005
0.01030058768281625 0.01910611235382836 0.0005
0.008701450286561623 0.01841607949985273 0.0005
0.01114408960176292 0.01932769685753016 0.0005
0.01048334882963755 0.02000378826037033 0.0005
0.001401262978450333 0.02196615621677373 0.0005
0.01094617229472785 0.02523018351945575 0.0005
0.007998577467605964 0.02851364674153859 0.0005
0.001763695830715507 0.02565724206393665 0.0005
0.002980220066751005 0.01864622920785922 0.0005
0.009533856670961575 0.01965765447750836 0.0005
0.009327160458004973 0.02588999098377477 0.0005
0.006180067248019993 0.02668696809087882 0.0005
0.002711426561307548 0.02268112051155808 0.0005
0.002916310136896973 0.02097616136979757 0.0005
0.009710846715264773 0.02860132732916011 0.0005
0.008567353527232941 0.02341006324862186 0.0005
0.01148616362029937 0.02147812429229201 0.0005
0.006440779743320793 0.01832410772152646 0.0005
0.002616758064277976 0.02865638785184659 0.0005
0.00493136124978129 0.02289122991679619 0.0005
0.004464285714285709 0.02863752458426543 0.0005
0.009650046828412483 0.02426309620970316 0.0005
0.007935985286376132 0.01900192335102091 0.0005
0.001484636702421807 0.01882991755081609 0.0005
0.003109135954472055 0.02717050069639676 0.0005
0.002947472074140624 0.02415036668466325 0.0005
0.009738698988770547 0.02296074292279097 0.0005
0.008769093416997362 0.02733211193685607 0.0005
0.002511123913287648 0.01967529163020321 0.0005
0.01117735281601938 0.0286670608240659 0.0005
0.01187914302739644 0.01934811357705388 0.0005
0.001298141543848312 0.02870185845615169 0.0005
0.01066561560532543 0.02087120339166362 0.0005
0.00721377268889292 0.02750202178492514 0.0005
0.008833769310495468 0.0191648075025437 0.0005
0.00701491333638922 0.01899517615403224 0.0005
0.008059995432377088 0.01815686418820214 0.0005
0.003814246972272891 0.02310028641814737 0.0005
0.006647305163061039 0.01964128148938725 0.00025
0.006131301720592364 0.01925899538155797 0.00025
0.005955629002703829 0.01981480130809865 0.00025
0.006471632445172504 0.02019708741592792 0.0005
0.006647305163061039 0.01964128148938725 0.0005
0.005955629002703829 0.01981480130809865 0.0005
0.006471632445172504 0.02019708741592792 0.00025
0.007163308605529713 0.02002356759721653 0.00025
0.005779956284815294 0.02037060723463932 0.00025
0.006647305163061039 0.01964128148938725 0.00075
0.006131301720592364 0.01925899538155797 0.00075
0.005955629002703829 0.01981480130809865 0.00075
0.006471632445172504 0.02019708741592792 0.00075
0.007163308605529713 0.02002356759721653 0.00075
0.005779956284815294 0.02037060723463932 0.00075
0.003335334102420355 0.02029455226988693 0.00025
0.002916310136896973 0.02097616136979757 0.00025
0.003686843968736577 0.02081882335517961 0.00025
0.00410586793425996 0.02013721425526897 0.0005
0.003335334102420355 0.02029455226988693 0.0005
0.003686843968736577 0.02081882335517961 0.0005
0.00410586793425996 0.02013721425526897 0.00025
0.003754358067943738 0.01961294316997628 0.00025
0.004457377800576182 0.02066148534056165 0.00025
0.003335334102420355 0.02029455226988693 0.00075
0.002916310136896973 0.02097616136979757 0.00075
0.003686843968736577 0.02081882335517961 0.00075
0.00410586793425996 0.02013721425526897 0.00075
0.003754358067943738 0.01961294316997628 0.00075
0.004457377800576182 0.02066148534056165 0.00075
0.01125163455671192 0.02235646976679273 0.00025
0.01148616362029937 0.02147812429229201 0.00025
0.01088121239771629 0.02168170389274826 0.00025
0.01064668333412883 0.02256004936724898 0.0005
0.01125163455671192 0.02235646976679273 0.0005
0.01088121239771629 0.02168170389274826 0.0005
0.01064668333412883 0.02256004936724898 0.00025
0.01101710549312446 0.02323481524129345 0.00025
0.0102762611751332 0.02188528349320451 0.00025
0.01125163455671192 0.02235646976679273 0.00075
0.01148616362029937 0.02147812429229201 0.00075
0.01088121239771629 0.02168170389274826 0.00075
0.01064668333412883 0.02256004936724898 0.00075
0.01101710549312446 0.02323481524129345 0.00075
0.0102762611751332 0.02188528349320451 0.00075
0.005570057519012043 0.01935712103467046 0.00025
0.005784560994457373 0.01883287399244719 0.00025
0.005223316792877053 0.01893099964555968 0.0005
0.005570057519012043 0.01935712103467046 0.0005
0.005784560994457373 0.01883287399244719 0.0005
0.005223316792877053 0.01893099964555968 0.00025
0.005008813317431723 0.01945524668778295 0.00025
0.005437820268322384 0.01840675260333641 0.00025
0.005570057519012043 0.01935712103467046 0.00075
0.005784560994457373 0.01883287399244719 0.00075
0.005223316792877053 0.01893099964555968 0.00075
0.005008813317431723 0.01945524668778295 0.00075
0.005437820268322384 0.01840675260333641 0.00075
0.002436415892593781 0.0264138713801667 0.00025
0.003109135954472055 0.02717050069639676 0.00025
0.003349263593266517 0.02641842707273167 0.00025
0.002676543531388243 0.02566179775650161 0.0005
0.002436415892593781 0.0264138713801667 0.0005
0.003349263593266517 0.02641842707273167 0.0005
0.002676543531388243 0.02566179775650161 0.00025
0.001763695830715507 0.02565724206393665 0.00025
0.003589391232060979 0.02566635344906657 0.00025
0.002436415892593781 0.0264138713801667 0.00075
0.003109135954472055 0.02717050069639676 0.00075
0.003349263593266517 0.02641842707273167 0.00075
0.002676543531388243 0.02566179775650161 0.00075
0.001763695830715507 0.02565724206393665 0.00075
0.003589391232060979 0.02566635344906657 0.00075
0.01199308181014969 0.02196210063540126 0.00025
0.01175855274656223 0.02284044610990198 0.0005
0.01199308181014969 0.02196210063540126 0.0005
0.01175855274656223 0.02284044610990198 0.00025
0.01199308181014969 0.02196210063540126 0.00075
0.01175855274656223 0.02284044610990198 0.00075
0.006215033624009993 0.02757024707777474 0.00025
0.006180067248019993 0.02668696809087882 0.00025
0.005395790756748493 0.02685109639925211 0.00025
0.005430757132738493 0.02773437538614802 0.0005
0.006215033624009993 0.02757024707777474 0.0005
0.005395790756748493 0.02685109639925211 0.0005
0.005430757132738493 0.02773437538614802 0.00025
0.006249999999999993 0.02845352606467065 0.00025
0.004611514265476993 0.0270152247076254 0.00025
0.006215033624009993 0.02757024707777474 0.00075
0.006180067248019993 0.02668696809087882 0.00075
0.005395790756748493 0.02685109639925211 0.00075
0.005430757132738493 0.02773437538614802 0.00075
0.006249999999999993 0.02845352606467065 0.00075
0.004611514265476993 0.0270152247076254 0.00075
0.005394384801123508 0.01991292696121114 0.0005
0.005394384801123508 0.01991292696121114 0.00025
0.005394384801123508 0.01991292696121114 0.00075
0.002276063893168576 0.02730348168371628 0.00025
0.001603343831290301 0.02654685236748623 0.0005
0.002276063893168576 0.02730348168371628 0.0005
0.001603343831290301 0.02654685236748623 0.00025
0.001442991831865096 0.02743646267103581 0.00025
0.002276063893168576 0.02730348168371628 0.00075
0.001603343831290301 0.02654685236748623 0.00075
0.001442991831865096 0.02743646267103581 0.00075
0.004537899989881351 0.02782637464594541 0.00025
0.004464285714285709 0.02863752458426543 0.00025
0.00535714285714285 0.02854552532446804 0.00025
0.004537899989881351 0.02782637464594541 0.0005
0.00535714285714285 0.02854552532446804 0.0005
0.004537899989881351 0.02782637464594541 0.00075
0.004464285714285709 0.02863752458426543 0.00075
0.00535714285714285 0.02854552532446804 0.00075
0.006247247352803473 0.02085543134385612 0.00025
0.006247247352803473 0.02085543134385612 0.0005
0.006938923513160682 0.02068191152514473 0.0005
0.006938923513160682 0.02068191152514473 0.00025
0.006714538420791651 0.02134025545307293 0.00025
0.006247247352803473 0.02085543134385612 0.00075
0.006938923513160682 0.02068191152514473 0.00075
0.006714538420791651 0.02134025545307293 0.00075
0.003488190843499979 0.02142001195409391 0.00025
0.004258724675339584 0.02126267393947595 0.0005
0.003488190843499979 0.02142001195409391 0.0005
0.004258724675339584 0.02126267393947595 0.00025
0.004060071550102986 0.02186386253839025 0.00025
0.003488190843499979 0.02142001195409391 0.00075
0.004258724675339584 0.02126267393947595 0.00075
0.004060071550102986 0.02186386253839025 0.00075
0.0007423183512109037 0.01816495877540805 0.00025
0.001484636702421807 0.01882991755081609 0.00025
0.001691281425151816 0.01816495877540805 0.00025
0.0007423183512109037 0.01816495877540805 0.0005
0.001691281425151816 0.01816495877540805 0.0005
0.0007423183512109037 0.01816495877540805 0.00075
0.001484636702421807 0.01882991755081609 0.00075
0.001691281425151816 0.01816495877540805 0.00075
0.0007423183512109037 0.01905781591826519 0.00025
0.0007423183512109037 0.01905781591826519 0.0005
0.0007423183512109037 0.01905781591826519 0.00075
0.008384877298435799 0.01908336542678231 0.00025
0.008833769310495468 0.0191648075025437 0.00025
0.008767609798528544 0.01879044350119822 0.00025
0.008318717786468878 0.01870900142543682 0.0005
0.008384877298435799 0.01908336542678231 0.0005
0.008767609798528544 0.01879044350119822 0.0005
0.008318717786468878 0.01870900142543682 0.00025
0.007935985286376132 0.01900192335102091 0.00025
0.008701450286561623 0.01841607949985273 0.00025
0.008384877298435799 0.01908336542678231 0.00075
0.008833769310495468 0.0191648075025437 0.00075
0.008767609798528544 0.01879044350119822 0.00075
0.008318717786468878 0.01870900142543682 0.00075
0.007935985286376132 0.01900192335102091 0.00075
0.008701450286561623 0.01841607949985273 0.00075
0.009015679577045221 0.02036758849040214 0.00025
0.008502837930907194 0.01998501365469162 0.00025
0.008286964158777218 0.02052012589198166 0.00025
0.008799805804915243 0.02090270072769217 0.0005
0.009015679577045221 0.02036758849040214 0.0005
0.008286964158777218 0.02052012589198166 0.0005
0.008799805804915243 0.02090270072769217 0.00025
0.009528521223183248 0.02075016332611266 0.00025
0.00807109038664724 0.02105523812927169 0.00025
0.009015679577045221 0.02036758849040214 0.00075
0.008502837930907194 0.01998501365469162 0.00075
0.008286964158777218 0.02052012589198166 0.00075
0.008799805804915243 0.02090270072769217 0.00075
0.009528521223183248 0.02075016332611266 0.00075
0.00807109038664724 0.02105523812927169 0.00075
0.008380722859469355 0.01828647184402744 0.00025
0.008059995432377088 0.01815686418820214 0.00025
0.00799799035937661 0.01857939376961153 0.00025
0.008380722859469355 0.01828647184402744 0.0005
0.00799799035937661 0.01857939376961153 0.0005
0.008380722859469355 0.01828647184402744 0.00075
0.008059995432377088 0.01815686418820214 0.00075
0.00799799035937661 0.01857939376961153 0.00075
0.01009706841425434 0.02081068335888814 0.00025
0.01066561560532543 0.02087120339166362 0.00025
0.01057448221748149 0.02043749582601697 0.00025
0.0100059350264104 0.02037697579324149 0.0005
0.01009706841425434 0.02081068335888814 0.0005
0.01057448221748149 0.02043749582601697 0.0005
0.0100059350264104 0.02037697579324149 0.00025
0.01048334882963755 0.02000378826037033 0.00025
0.01009706841425434 0.02081068335888814 0.00075
0.01066561560532543 0.02087120339166362 0.00075
0.01057448221748149 0.02043749582601697 0.00075
0.0100059350264104 0.02037697579324149 0.00075
0.01048334882963755 0.02000378826037033 0.00075
0.006286040731956578 0.01879155155154222 0.00025
0.006440779743320793 0.01832410772152646 0.00025
0.005939300005821588 0.01836543016243143 0.00025
0.006286040731956578 0.01879155155154222 0.0005
0.005939300005821588 0.01836543016243143 0.0005
0.006286040731956578 0.01879155155154222 0.00075
0.006440779743320793 0.01832410772152646 0.00075
0.005939300005821588 0.01836543016243143 0.00075
0.007617199496088477 0.02053940286324411 0.00025
0.007392814403719446 0.02119774679117231 0.0005
0.007617199496088477 0.02053940286324411 0.0005
0.007392814403719446 0.02119774679117231 0.00025
0.007617199496088477 0.02053940286324411 0.00075
0.007392814403719446 0.02119774679117231 0.00075
0.003380859523206757 0.02362532655140531 0.00025
0.003814246972272891 0.02310028641814737 0.00025
0.003262836766790219 0.02289070346485273 0.00025
0.002829449317724086 0.02341574359811066 0.0005
0.003380859523206757 0.02362532655140531 0.0005
0.003262836766790219 0.02289070346485273 0.0005
0.002829449317724086 0.02341574359811066 0.00025
0.002947472074140624 0.02415036668466325 0.00025
0.002711426561307548 0.02268112051155808 0.00025
0.003380859523206757 0.02362532655140531 0.00075
0.003814246972272891 0.02310028641814737 0.00075
0.003262836766790219 0.02289070346485273 0.00075
0.002829449317724086 0.02341574359811066 0.00075
0.002947472074140624 0.02415036668466325 0.00075
0.002711426561307548 0.02268112051155808 0.00075
0.003901106761595242 0.01800297042409556 0.00025
0.004244867770142385 0.01850594084819111 0.00025
0.004555469652008736 0.01800297042409556 0.00025
0.003901106761595242 0.01800297042409556 0.0005
0.004555469652008736 0.01800297042409556 0.0005
0.003901106761595242 0.01800297042409556 0.00075
0.004244867770142385 0.01850594084819111 0.00075
0.004555469652008736 0.01800297042409556 0.00075
0.00281386834910226 0.02182864094067783 0.00025
0.003385749055705267 0.02227249152497417 0.0005
0.00281386834910226 0.02182864094067783 0.0005
0.003385749055705267 0.02227249152497417 0.00025
0.00281386834910226 0.02182864094067783 0.00075
0.003385749055705267 0.02227249152497417 0.00075
0.003132740990615693 0.01964411740008975 0.00025
0.002511123913287648 0.01967529163020321 0.00025
0.00271371702509231 0.02032572650000039 0.00025
0.003132740990615693 0.01964411740008975 0.0005
0.00271371702509231 0.02032572650000039 0.0005
0.003132740990615693 0.01964411740008975 0.00075
0.002511123913287648 0.01967529163020321 0.00075
0.00271371702509231 0.02032572650000039 0.00075
0.001415027850370301 0.02283792679330362 0.00025
0.001401262978450333 0.02196615621677373 0.00025
0.0007006314892251666 0.0224116495369583 0.00025
0.0007143963611451346 0.02328342011348819 0.0005
0.001415027850370301 0.02283792679330362 0.0005
0.0007006314892251666 0.0224116495369583 0.0005
0.0007143963611451346 0.02328342011348819 0.00025
0.001428792722290269 0.02370969736983351 0.00025
0.001415027850370301 0.02283792679330362 0.00075
0.001401262978450333 0.02196615621677373 0.00075
0.0007006314892251666 0.0224116495369583 0.00075
0.0007143963611451346 0.02328342011348819 0.00075
0.001428792722290269 0.02370969736983351 0.00075
0.01175855274656223 0.02376844098295506 0.00025
0.01175855274656223 0.02376844098295506 0.0005
0.01175855274656223 0.02376844098295506 0.00075
0.009048126937501167 0.02661105146031542 0.00025
0.008769093416997362 0.02733211193685607 0.00025
0.009731663701586584 0.02723981470813921 0.00025
0.01001069722209039 0.02651875423159856 0.0005
0.009048126937501167 0.02661105146031542 0.0005
0.009731663701586584 0.02723981470813921 0.0005
0.01001069722209039 0.02651875423159856 0.00025
0.009327160458004973 0.02588999098377477 0.00025
0.01069423398617581 0.02714751747942235 0.00025
0.009048126937501167 0.02661105146031542 0.00075
0.008769093416997362 0.02733211193685607 0.00075
0.009731663701586584 0.02723981470813921 0.00075
0.01001069722209039 0.02651875423159856 0.00075
0.009327160458004973 0.02588999098377477 0.00075
0.01069423398617581 0.02714751747942235 0.00075
0.01098163889392616 0.0242324993803746 0.00025
0.01094617229472785 0.02523018351945575 0.00025
0.01172308614736393 0.02476612512203621 0.00025
0.01098163889392616 0.0242324993803746 0.0005
0.01172308614736393 0.02476612512203621 0.0005
0.01098163889392616 0.0242324993803746 0.00075
0.01094617229472785 0.02523018351945575 0.00075
0.01172308614736393 0.02476612512203621 0.00075
0.004073950899316992 0.02368021728484643 0.00025
0.003640563450250859 0.02420525741810437 0.0005
0.004073950899316992 0.02368021728484643 0.0005
0.003640563450250859 0.02420525741810437 0.00025
0.004333654826361093 0.0242601481515455 0.00025
0.004073950899316992 0.02368021728484643 0.00075
0.003640563450250859 0.02420525741810437 0.00075
0.004333654826361093 0.0242601481515455 0.00075
0.0007100472962123577 0.02069131771199774 0.00025
0.001420094592424715 0.02031120685256689 0.00025
0.0007100472962123577 0.01979846056914059 0.00025
0.0007100472962123577 0.02069131771199774 0.0005
0.0007100472962123577 0.01979846056914059 0.0005
0.0007100472962123577 0.02069131771199774 0.00075
0.001420094592424715 0.02031120685256689 0.00075
0.0007100472962123577 0.01979846056914059 0.00075
0.007833073268218454 0.02000429062595407 0.00025
0.007833073268218454 0.02000429062595407 0.0005
0.007833073268218454 0.02000429062595407 0.00075
0.0007006314892251666 0.02151879239410116 0.00025
0.001410678785437524 0.02113868153467031 0.00025
0.0007006314892251666 0.02151879239410116 0.0005
0.001410678785437524 0.02113868153467031 0.0005
0.0007006314892251666 0.02151879239410116 0.00075
0.001410678785437524 0.02113868153467031 0.00075
0.01202689158918688 0.01998228066474024 0.00025
0.01155378317837375 0.02023865758633859 0.00025
0.01202689158918688 0.02058197508625287 0.00025
0.01202689158918688 0.01998228066474024 0.0005
0.01202689158918688 0.02058197508625287 0.0005
0.01202689158918688 0.01998228066474024 0.00075
0.01155378317837375 0.02023865758633859 0.00075
0.01202689158918688 0.02058197508625287 0.00075
0.008514154453089486 0.02155237112506894 0.00025
0.008514154453089486 0.02155237112506894 0.0005
0.00924286987135749 0.02139983372348942 0.0005
0.00924286987135749 0.02139983372348942 0.00025
0.008957218519531733 0.02204950412086619 0.00025
0.008514154453089486 0.02155237112506894 0.00075
0.00924286987135749 0.02139983372348942 0.00075
0.008957218519531733 0.02204950412086619 0.00075
0.01000860275029956 0.01983072136893934 0.00025
0.009533856670961575 0.01965765447750836 0.00025
0.009531188947072411 0.02020390890181051 0.00025
0.01000860275029956 0.01983072136893934 0.0005
0.009531188947072411 0.02020390890181051 0.0005
0.01000860275029956 0.01983072136893934 0.00075
0.009533856670961575 0.01965765447750836 0.00075
0.009531188947072411 0.02020390890181051 0.00075
0.003268431653100801 0.02490836006686491 0.00025
0.002355583952428065 0.02490380437429995 0.00025
0.003268431653100801 0.02490836006686491 0.0005
0.002355583952428065 0.02490380437429995 0.0005
0.003268431653100801 0.02490836006686491 0.00075
0.002355583952428065 0.02490380437429995 0.00075
0.002439073107316415 0.01807311460392961 0.00025
0.002980220066751005 0.01864622920785922 0.00025
0.003268782909899552 0.01807311460392961 0.00025
0.002439073107316415 0.01807311460392961 0.0005
0.003268782909899552 0.01807311460392961 0.0005
0.002439073107316415 0.01807311460392961 0.00075
0.002980220066751005 0.01864622920785922 0.00075
0.003268782909899552 0.01807311460392961 0.00075
0.004841344019232384 0.01845634672576376 0.00025
0.005151945901098735 0.0179533763016682 0.00025
0.004841344019232384 0.01845634672576376 0.0005
0.005151945901098735 0.0179533763016682 0.0005
0.004841344019232384 0.01845634672576376 0.00075
0.005151945901098735 0.0179533763016682 0.00075
0.007089110970959467 0.01950937187562438 0.00025
0.00701491333638922 0.01899517615403224 0.00025
0.006573107528490792 0.01912708576779511 0.00025
0.007089110970959467 0.01950937187562438 0.0005
0.006573107528490792 0.01912708576779511 0.0005
0.007089110970959467 0.01950937187562438 0.00075
0.00701491333638922 0.01899517615403224 0.00075
0.006573107528490792 0.01912708576779511 0.00075
0.01082020314045183 0.02618885049943905 0.00025
0.01082020314045183 0.02618885049943905 0.0005
0.01013666637636641 0.02556008725161526 0.0005
0.01013666637636641 0.02556008725161526 0.00025
0.01082020314045183 0.02618885049943905 0.00075
0.01013666637636641 0.02556008725161526 0.00075
0.01172308614736393 0.02571578066793343 0.00025
0.01172308614736393 0.02571578066793343 0.0005
0.01172308614736393 0.02571578066793343 0.00075
0.0115971169930879 0.02667444764791673 0.00025
0.0115971169930879 0.02667444764791673 0.0005
0.0115971169930879 0.02667444764791673 0.00075
0.01033357616076847 0.0237489557254983 0.00025
0.009650046828412483 0.02426309620970316 0.00025
0.01029810956157017 0.02474663986457945 0.00025
0.01033357616076847 0.0237489557254983 0.0005
0.01029810956157017 0.02474663986457945 0.0005
0.01033357616076847 0.0237489557254983 0.00075
0.009650046828412483 0.02426309620970316 0.00075
0.01029810956157017 0.02474663986457945 0.00075
0.009239970066131068 0.02796671963300809 0.00025
0.01020254035072029 0.02787442240429123 0.0005
0.009239970066131068 0.02796671963300809 0.0005
0.01020254035072029 0.02787442240429123 0.00025
0.009710846715264773 0.02860132732916011 0.00025
0.009239970066131068 0.02796671963300809 0.00075
0.01020254035072029 0.02787442240429123 0.00075
0.009710846715264773 0.02860132732916011 0.00075
0.01199308181014969 0.02120170843922958 0.00025
0.01199308181014969 0.02120170843922958 0.0005
0.01199308181014969 0.02120170843922958 0.00075
0.002070109641798909 0.0231954089406958 0.00025
0.002056344769878941 0.02232363836416591 0.00025
0.002070109641798909 0.0231954089406958 0.0005
0.002056344769878941 0.02232363836416591 0.0005
0.002070109641798909 0.0231954089406958 0.00075
0.002056344769878941 0.02232363836416591 0.00075
0.003786710834378882 0.02790401264033109 0.00025
0.002862947009375015 0.02791344427412167 0.00025
0.003540521889281842 0.02864695621805601 0.0005
0.003786710834378882 0.02790401264033109 0.0005
0.002862947009375015 0.02791344427412167 0.0005
0.003540521889281842 0.02864695621805601 0.00025
0.002616758064277976 0.02865638785184659 0.00025
0.003786710834378882 0.02790401264033109 0.00075
0.002862947009375015 0.02791344427412167 0.00075
0.003540521889281842 0.02864695621805601 0.00075
0.002616758064277976 0.02865638785184659 0.00075
0.007160631065357128 0.02185293434763606 0.00025
0.007160631065357128 0.02185293434763606 0.0005
0.007838907048284922 0.02171042568573545 0.0005
0.007838907048284922 0.02171042568573545 0.00025
0.007606723709922605 0.0223656132421992 0.00025
0.007160631065357128 0.02185293434763606 0.00075
0.007838907048284922 0.02171042568573545 0.00075
0.007606723709922605 0.0223656132421992 0.00075
0.0008818479153577534 0.0251500496033969 0.00025
0.001596244276502888 0.02468346971688508 0.00025
0.0007143963611451346 0.02417627725634533 0.0005
0.0008818479153577534 0.0251500496033969 0.0005
0.001596244276502888 0.02468346971688508 0.0005
0.0007143963611451346 0.02417627725634533 0.00025
0.0008818479153577534 0.0251500496033969 0.00075
0.001596244276502888 0.02468346971688508 0.00075
0.0007143963611451346 0.02417627725634533 0.00075
0.006696428571428563 0.02922676303233532 0.00025
0.005803571428571422 0.02922676303233532 0.00025
0.006696428571428563 0.02922676303233532 0.0005
0.005803571428571422 0.02922676303233532 0.0005
0.006696428571428563 0.02922676303233532 0.00075
0.005803571428571422 0.02922676303233532 0.00075
0.003860325109974524 0.02709286270201108 0.00025
0.003860325109974524 0.02709286270201108 0.0005
0.003860325109974524 0.02709286270201108 0.00075
0.002158786557673653 0.02147115879328565 0.00025
0.002158786557673653 0.02147115879328565 0.0005
0.002158786557673653 0.02147115879328565 0.00075
0.007570717305231549 0.0292568233707693 0.00025
0.007998577467605964 0.02851364674153859 0.00025
0.007124288733802978 0.02848358640310462 0.00025
0.007570717305231549 0.0292568233707693 0.0005
0.007124288733802978 0.02848358640310462 0.0005
0.007570717305231549 0.0292568233707693 0.00075
0.007998577467605964 0.02851364674153859 0.00075
0.007124288733802978 0.02848358640310462 0.00075
0.0115971169930879 0.02762410319381395 0.00025
0.0115971169930879 0.02762410319381395 0.0005
0.0115971169930879 0.02762410319381395 0.00075
0.002168202364660844 0.02064368411118223 0.00025
0.002168202364660844 0.02064368411118223 0.0005
0.002168202364660844 0.02064368411118223 0.00075
0.0008818479153577534 0.02604290674625404 0.00025
0.0007214959159325481 0.02693251704980362 0.0005
0.0008818479153577534 0.02604290674625404 0.0005
0.0007214959159325481 0.02693251704980362 0.00025
0.0008818479153577534 0.02604290674625404 0.00075
0.0007214959159325481 0.02693251704980362 0.00075
0.01047093839022931 0.02137824344243406 0.00025
0.009902391199158225 0.02131772340965858 0.0005
0.01047093839022931 0.02137824344243406 0.0005
0.009902391199158225 0.02131772340965858 0.00025
0.01047093839022931 0.02137824344243406 0.00075
0.009902391199158225 0.02131772340965858 0.00075
0.008463574448088693 0.0292568233707693 0.00025
0.008463574448088693 0.0292568233707693 0.0005
0.008463574448088693 0.0292568233707693 0.00075
0.0007214959159325481 0.02782537419266077 0.0005
0.0007214959159325481 0.02782537419266077 0.00025
0.0007214959159325481 0.02782537419266077 0.00075
0.008725725143280627 0.0179580397499263 0.00025
0.009062095291064876 0.01817801092217617 0.00025
0.008725725143280627 0.0179580397499263 0.0005
0.009062095291064876 0.01817801092217617 0.0005
0.008725725143280627 0.0179580397499263 0.00075
0.009062095291064876 0.01817801092217617 0.00075
0.00491071428571428 0.02931876229213271 0.00025
0.00491071428571428 0.02931876229213271 0.0005
0.00491071428571428 0.02931876229213271 0.00075
0.00828197111472717 0.02220755868153269 0.0005
0.00828197111472717 0.02220755868153269 0.00025
0.00828197111472717 0.02220755868153269 0.00075
0.009018347300934385 0.01982133406609999 0.00025
0.009018347300934385 0.01982133406609999 0.0005
0.009018347300934385 0.01982133406609999 0.00075
0.009616739847332467 0.02196739380703535 0.0005
0.009616739847332467 0.02196739380703535 0.00025
0.009616739847332467 0.02196739380703535 0.00075
0.004733095559003952 0.0200583660141723 0.00025
0.004733095559003952 0.0200583660141723 0.0005
0.005118667042695738 0.02051604628760048 0.0005
0.005118667042695738 0.02051604628760048 0.00025
0.004733095559003952 0.0200583660141723 0.00075
0.005118667042695738 0.02051604628760048 0.00075
0.01000748008195187 0.02242301320799774 0.00025
0.009738698988770547 0.02296074292279097 0.00025
0.01037790224094751 0.02309777908204221 0.00025
0.01000748008195187 0.02242301320799774 0.0005
0.01037790224094751 0.02309777908204221 0.0005
0.01000748008195187 0.02242301320799774 0.00075
0.009738698988770547 0.02296074292279097 0.00075
0.01037790224094751 0.02309777908204221 0.00075
0.01021256621477524 0.02930066366458006 0.00025
0.009319709071918095 0.02930066366458006 0.00025
0.01021256621477524 0.02930066366458006 0.0005
0.009319709071918095 0.02930066366458006 0.0005
0.01021256621477524 0.02930066366458006 0.00075
0.009319709071918095 0.02930066366458006 0.00075
0.004626840543787054 0.01898059376798703 0.0005
0.004626840543787054 0.01898059376798703 0.00025
0.004626840543787054 0.01898059376798703 0.00075
0.001452365647423261 0.01957056220169149 0.00025
0.001452365647423261 0.01957056220169149 0.0005
0.001452365647423261 0.01957056220169149 0.00075
0.0079301699432091 0.01782843209410107 0.00025
0.008404997716188359 0.017828432094101 0.00025
0.0079301699432091 0.01782843209410107 0.0005
0.008404997716188359 0.017828432094101 0.0005
0.0079301699432091 0.01782843209410107 0.00075
0.008404997716188359 0.017828432094101 0.00075
0.005669426815223227 0.0179533763016682 0.00025
0.005669426815223227 0.0179533763016682 0.0005
0.005669426815223227 0.0179533763016682 0.00075
0.008854712091435369 0.02855748703534935 0.00025
0.008854712091435369 0.02855748703534935 0.0005
0.008854712091435369 0.02855748703534935 0.00075
0.004100452748768986 0.02634078907834599 0.00025
0.004887372978483812 0.02623996229411069 0.00025
0.004376311461775806 0.02556552666483128 0.0005
0.004100452748768986 0.02634078907834599 0.0005
0.004887372978483812 0.02623996229411069 0.0005
0.004376311461775806 0.02556552666483128 0.00025
0.005163231691490632 0.02546469988059599 0.00025
0.004100452748768986 0.02634078907834599 0.00075
0.004887372978483812 0.02623996229411069 0.00075
0.004376311461775806 0.02556552666483128 0.00075
0.005163231691490632 0.02546469988059599 0.00075
0.007076236198267099 0.01788869768927841 0.00025
0.007301783488451605 0.01827739537855683 0.00025
0.007551063971246358 0.01788869768927841 0.00025
0.007076236198267099 0.01788869768927841 0.0005
0.007551063971246358 0.01788869768927841 0.0005
0.007076236198267099 0.01788869768927841 0.00075
0.007301783488451605 0.01827739537855683 0.00075
0.007551063971246358 0.01788869768927841 0.00075
0.01081371921570023 0.01966574255895024 0.00025
0.01101856600400565 0.02012122292335446 0.00025
0.01134893639006834 0.01978317722193437 0.0005
0.01081371921570023 0.01966574255895024 0.0005
0.01101856600400565 0.02012122292335446 0.0005
0.01134893639006834 0.01978317722193437 0.00025
0.01114408960176292 0.01932769685753016 0.00025
0.01081371921570023 0.01966574255895024 0.00075
0.01101856600400565 0.02012122292335446 0.00075
0.01134893639006834 0.01978317722193437 0.00075
0.01114408960176292 0.01932769685753016 0.00075
0.005447074318924088 0.02474344249302961 0.00025
0.004748443258925863 0.02486242401607074 0.00025
0.005447074318924088 0.02474344249302961 0.0005
0.005032285886359319 0.02414116662850437 0.0005
0.004748443258925863 0.02486242401607074 0.0005
0.005032285886359319 0.02414116662850437 0.00025
0.005730916946357545 0.02402218510546324 0.00025
0.005447074318924088 0.02474344249302961 0.00075
0.004748443258925863 0.02486242401607074 0.00075
0.005032285886359319 0.02414116662850437 0.00075
0.005730916946357545 0.02402218510546324 0.00075
0.007446061094495016 0.02502856526045563 0.00025
0.008191035508405171 0.02487230519214933 0.00025
0.007683957302165038 0.02431127925200887 0.00025
0.006938982888254882 0.02446753932031517 0.0005
0.007446061094495016 0.02502856526045563 0.0005
0.007683957302165038 0.02431127925200887 0.0005
0.006938982888254882 0.02446753932031517 0.00025
0.00670108668058486 0.02518482532876193 0.00025
0.007176879095924903 0.02375025331186841 0.00025
0.007446061094495016 0.02502856526045563 0.00075
0.008191035508405171 0.02487230519214933 0.00075
0.007683957302165038 0.02431127925200887 0.00075
0.006938982888254882 0.02446753932031517 0.00075
0.00670108668058486 0.02518482532876193 0.00075
0.007176879095924903 0.02375025331186841 0.00075
0.003961523029211036 0.02496325080030604 0.0005
0.003961523029211036 0.02496325080030604 0.00025
0.003961523029211036 0.02496325080030604 0.00075
0.005567251009224472 0.02099596271623736 0.00025
0.005567251009224472 0.02099596271623736 0.0005
0.006034542077212652 0.02148078682545416 0.0005
0.006034542077212652 0.02148078682545416 0.00025
0.005354545733633652 0.02162131819783539 0.00025
0.005567251009224472 0.02099596271623736 0.00075
0.006034542077212652 0.02148078682545416 0.00075
0.005354545733633652 0.02162131819783539 0.00075
0.004905961767104916 0.02114140176919852 0.0005
0.004905961767104916 0.02114140176919852 0.00025
0.004905961767104916 0.02114140176919852 0.00075
0.005331139098069418 0.02345670751112972 0.00025
0.00493136124978129 0.02289122991679619 0.00025
0.004632508038071192 0.02357568903417085 0.00025
0.005331139098069418 0.02345670751112972 0.0005
0.004632508038071192 0.02357568903417085 0.0005
0.005331139098069418 0.02345670751112972 0.00075
0.00493136124978129 0.02289122991679619 0.00075
0.004632508038071192 0.02357568903417085 0.00075
0.008219411608641664 0.01949346850285627 0.00025
0.007549646945952923 0.01951274547411872 0.00025
0.008219411608641664 0.01949346850285627 0.0005
0.007549646945952923 0.01951274547411872 0.0005
0.008219411608641664 0.01949346850285627 0.00075
0.007549646945952923 0.01951274547411872 0.00075
0.005932159186037746 0.02532476260467896 0.00025
0.006216001813471202 0.02460350521711259 0.0005
0.005932159186037746 0.02532476260467896 0.0005
0.006216001813471202 0.02460350521711259 0.00025
0.005932159186037746 0.02532476260467896 0.00075
0.006216001813471202 0.02460350521711259 0.00075
0.005671649469755312 0.0260758339857374 0.00025
0.006440576964302426 0.02593589670982038 0.00025
0.005671649469755312 0.0260758339857374 0.0005
0.006440576964302426 0.02593589670982038 0.0005
0.005671649469755312 0.0260758339857374 0.00075
0.006440576964302426 0.02593589670982038 0.00075
0.01218957151369832 0.01904905678852694 0.00025
0.01187914302739644 0.01934811357705388 0.00025
0.01218957151369822 0.01953700866009788 0.00025
0.01218957151369832 0.01904905678852694 0.0005
0.01218957151369822 0.01953700866009788 0.0005
0.01218957151369832 0.01904905678852694 0.00075
0.01187914302739644 0.01934811357705388 0.00075
0.01218957151369822 0.01953700866009788 0.00075
0.009514286524316197 0.01921051050357662 0.00025
0.009917222176888913 0.01938188341566836 0.00025
0.009897652030243533 0.01893473944173663 0.0005
0.009514286524316197 0.01921051050357662 0.0005
0.009917222176888913 0.01938188341566836 0.0005
0.009897652030243533 0.01893473944173663 0.00025
0.009494716377670818 0.01876336652964489 0.00025
0.01030058768281625 0.01910611235382836 0.00025
0.009514286524316197 0.01921051050357662 0.00075
0.009917222176888913 0.01938188341566836 0.00075
0.009897652030243533 0.01893473944173663 0.00075
0.009494716377670818 0.01876336652964489 0.00075
0.01030058768281625 0.01910611235382836 0.00075
0.007215768843147192 0.02575446690955876 0.00025
0.007730451005709522 0.02632410849035559 0.00025
0.007960743257057347 0.02559820684125246 0.00025
0.007215768843147192 0.02575446690955876 0.0005
0.007960743257057347 0.02559820684125246 0.0005
0.007215768843147192 0.02575446690955876 0.00075
0.007730451005709522 0.02632410849035559 0.00075
0.007960743257057347 0.02559820684125246 0.00075
0.006955259126864758 0.02650553829061721 0.00025
0.006955259126864758 0.02650553829061721 0.0005
0.006955259126864758 0.02650553829061721 0.00075
0.01183867640800969 0.02838387486613573 0.00025
0.01117735281601938 0.0286670608240659 0.00025
0.01183867640800969 0.02933353041203295 0.00025
0.01183867640800969 0.02838387486613573 0.0005
0.01183867640800969 0.02933353041203295 0.0005
0.01183867640800969 0.02838387486613573 0.00075
0.01117735281601938 0.0286670608240659 0.00075
0.01183867640800969 0.02933353041203295 0.00075
0.006453898021141224 0.02388621920866583 0.00025
0.006453898021141224 0.02388621920866583 0.0005
0.006453898021141224 0.02388621920866583 0.00075
0.006170906552722432 0.01791205386076323 0.00025
0.006645734325701692 0.01791205386076323 0.00025
0.006170906552722432 0.01791205386076323 0.0005
0.006645734325701692 0.01791205386076323 0.0005
0.006170906552722432 0.01791205386076323 0.00075
0.006645734325701692 0.01791205386076323 0.00075
0.002188132398215446 0.02393003202724838 0.0005
0.002188132398215446 0.02393003202724838 0.00025
0.002188132398215446 0.02393003202724838 0.00075
0.01094581926515254 0.02933353041203295 0.00025
0.01094581926515254 0.02933353041203295 0.0005
0.01094581926515254 0.02933353041203295 0.00075
0.008528805731857249 0.02610704973706518 0.00025
0.008759097983205073 0.02538114808796205 0.00025
0.008528805731857249 0.02610704973706518 0.0005
0.008759097983205073 0.02538114808796205 0.0005
0.008528805731857249 0.02610704973706518 0.00075
0.008759097983205073 0.02538114808796205 0.00075
0.006482822795457883 0.02199624119928827 0.00025
0.006482822795457883 0.02199624119928827 0.0005
0.00692891544002336 0.02250892009385141 0.0005
0.00692891544002336 0.02250892009385141 0.00025
0.006251107170124114 0.02265222694550362 0.00025
0.006482822795457883 0.02199624119928827 0.00075
0.00692891544002336 0.02250892009385141 0.00075
0.006251107170124114 0.02265222694550362 0.00075
0.0117164631028851 0.01979338558169624 0.00025
0.0117164631028851 0.01979338558169624 0.0005
0.0117164631028851 0.01979338558169624 0.00075
0.003094093317853271 0.0293281939259233 0.00025
0.002201236174996129 0.0293281939259233 0.00025
0.003094093317853271 0.0293281939259233 0.0005
0.002201236174996129 0.0293281939259233 0.0005
0.003094093317853271 0.0293281939259233 0.00075
0.002201236174996129 0.0293281939259233 0.00075
0.005802826451878883 0.02213677257166951 0.0005
0.005802826451878883 0.02213677257166951 0.00025
0.005802826451878883 0.02213677257166951 0.00075
0.006713993133024509 0.02320124012868601 0.00025
0.006713993133024509 0.02320124012868601 0.0005
0.005991012058240829 0.02333720602548343 0.0005
0.005991012058240829 0.02333720602548343 0.00025
0.006713993133024509 0.02320124012868601 0.00075
0.005991012058240829 0.02333720602548343 0.00075
0.007391801402923754 0.02305793327703381 0.00025
0.007391801402923754 0.02305793327703381 0.0005
0.007391801402923754 0.02305793327703381 0.00075
0.004017857142857138 0.02931876229213271 0.0005
0.004017857142857138 0.02931876229213271 0.00025
0.004017857142857138 0.02931876229213271 0.00075
0.01151161631457968 0.01933790521729202 0.00025
0.01151161631457968 0.01933790521729202 0.0005
0.01151161631457968 0.01933790521729202 0.00075
0.006871281615886199 0.01830075155004164 0.00025
0.006871281615886199 0.01830075155004164 0.0005
0.006871281615886199 0.01830075155004164 0.00075
0.011788492692121 0.01902321163765634 0.00025
0.011788492692121 0.01902321163765634 0.0005
0.011788492692121 0.01902321163765634 0.00075
0.004707308641868319 0.02174259036811282 0.00025
0.004707308641868319 0.02174259036811282 0.0005
0.004707308641868319 0.02174259036811282 0.00075
0.009694372908591514 0.02361191956624707 0.00025
0.009694372908591514 0.02361191956624707 0.0005
0.009694372908591514 0.02361191956624707 0.00075
0.008379194517819056 0.02414118422038559 0.00025
0.008567353527232941 0.02341006324862186 0.00025
0.007872116311578923 0.02358015828024514 0.00025
0.008379194517819056 0.02414118422038559 0.0005
0.007872116311578923 0.02358015828024514 0.0005
0.008379194517819056 0.02414118422038559 0.00075
0.008567353527232941 0.02341006324862186 0.00075
0.007872116311578923 0.02358015828024514 0.00075
0.008087038618577774 0.02288783824541053 0.00025
0.008762286023382337 0.02272978368474403 0.00025
0.008087038618577774 0.02288783824541053 0.0005
0.008762286023382337 0.02272978368474403 0.0005
0.008087038618577774 0.02288783824541053 0.00075
0.008762286023382337 0.02272978368474403 0.00075
0.00438158569268773 0.01953409492887961 0.00025
0.00438158569268773 0.01953409492887961 0.0005
0.00438158569268773 0.01953409492887961 0.00075
0.001541927914781297 0.02935092922807585 0.00025
0.001298141543848312 0.02870185845615169 0.00025
0.000649070771924156 0.02935092922807585 0.00025
0.001541927914781297 0.02935092922807585 0.0005
0.000649070771924156 0.02935092922807585 0.0005
0.001541927914781297 0.02935092922807585 0.00075
0.001298141543848312 0.02870185845615169 0.00075
0.000649070771924156 0.02935092922807585 0.00075
0.000649070771924156 0.0284580720852187 0.00025
0.000649070771924156 0.0284580720852187 0.0005
0.000649070771924156 0.0284580720852187 0.00075
0.009488603643208728 0.02507654359673896 0.00025
0.008920541168408827 0.02456770070092625 0.00025
0.009488603643208728 0.02507654359673896 0.0005
0.008920541168408827 0.02456770070092625 0.0005
0.009488603643208728 0.02507654359673896 0.00075
0.008920541168408827 0.02456770070092625 0.00075
0.003612543918446695 0.01857608502802517 0.00025
0.003612543918446695 0.01857608502802517 0.0005
0.003612543918446695 0.01857608502802517 0.00075
0.003999612919043062 0.01905944200908369 0.0005
0.003999612919043062 0.01905944200908369 0.00025
0.003999612919043062 0.01905944200908369 0.00075
0.009458728336619473 0.01835165443707225 0.00025
0.009820548801629006 0.01852663484752342 0.00025
0.009458728336619473 0.01835165443707225 0.0005
0.009820548801629006 0.01852663484752342 0.0005
0.009458728336619473 0.01835165443707225 0.00075
0.009820548801629006 0.01852663484752342 0.00075
0.01102652136102591 0.01893589532724968 0.00025
0.01142096597930424 0.01901300327789447 0.00025
0.01102652136102591 0.01893589532724968 0.0005
0.01142096597930424 0.01901300327789447 0.0005
0.01102652136102591 0.01893589532724968 0.00075
0.01142096597930424 0.01901300327789447 0.00075
0.01022348445420172 0.01869800775961515 0.00025
0.01060477040155257 0.01882510307539878 0.00025
0.01022348445420172 0.01869800775961515 0.0005
0.01060477040155257 0.01882510307539878 0.0005
0.01022348445420172 0.01869800775961515 0.00075
0.01060477040155257 0.01882510307539878 0.00075
0.007680889460414346 0.01821712978337948 0.00025
0.007618884387413869 0.01863965936478887 0.0005
0.007680889460414346 0.01821712978337948 0.0005
0.007618884387413869 0.01863965936478887 0.00025
0.007680889460414346 0.01821712978337948 0.00075
0.007618884387413869 0.01863965936478887 0.00075
0.0103919682562269 0.01955495030709934 0.0005
0.0103919682562269 0.01955495030709934 0.00025
0.0103919682562269 0.01955495030709934 0.00075
0.01151997339933656 0.0208583909393153 0.00025
0.01151997339933656 0.0208583909393153 0.0005
0.01151997339933656 0.0208583909393153 0.00075
0.005591234209952702 0.02277172843114991 0.00025
0.005591234209952702 0.02277172843114991 0.0005
0.005591234209952702 0.02277172843114991 0.00075
0.00909808333211622 0.01858972301474882 0.00025
0.00909808333211622 0.01858972301474882 0.0005
0.00909808333211622 0.01858972301474882 0.00075
0.00514295349170747 0.02225627405731579 0.00025
0.00514295349170747 0.02225627405731579 0.0005
0.00514295349170747 0.02225627405731579 0.00075
0.008668303620701331 0.01957491057861766 0.00025
0.008668303620701331 0.01957491057861766 0.0005
0.008668303620701331 0.01957491057861766 0.00075
0.009108700177822712 0.02383657972916251 0.00025
0.009108700177822712 0.02383657972916251 0.0005
0.009108700177822712 0.02383657972916251 0.00075
0.01072233864228958 0.01921690460567926 0.00025
0.01072233864228958 0.01921690460567926 0.0005
0.01072233864228958 0.01921690460567926 0.00075
0.009153026258001743 0.02318540308570641 0.00025
0.009153026258001743 0.02318540308570641 0.0005
0.009153026258001743 0.02318540308570641 0.00075
0.003367289067347371 0.01912958618891775 0.00025
0.003367289067347371 0.01912958618891775 0.0005
0.003367289067347371 0.01912958618891775 0.00075
0.004495716399942138 0.02237754622759322 0.00025
0.004495716399942138 0.02237754622759322 0.0005
0.004495716399942138 0.02237754622759322 0.00075
0.002232428384586406 0.01873807337933766 0.00025
0.002232428384586406 0.01873807337933766 0.0005
0.002232428384586406 0.01873807337933766 0.00075
0.006731886344446456 0.0279777739247979 0.00025
0.00721377268889292 0.02750202178492514 0.00025
0.006696919968456456 0.02709449493790198 0.00025
0.006731886344446456 0.0279777739247979 0.0005
0.006696919968456456 0.02709449493790198 0.0005
0.006731886344446456 0.0279777739247979 0.00075
0.00721377268889292 0.02750202178492514 0.00075
0.006696919968456456 0.02709449493790198 0.00075
0.002029874948071536 0.0280464252614412 0.0005
0.002029874948071536 0.0280464252614412 0.00025
0.002029874948071536 0.0280464252614412 0.00075
0.001965609252856181 0.01999324924138505 0.00025
0.001965609252856181 0.01999324924138505 0.0005
0.001965609252856181 0.01999324924138505 0.00075
0.006727846539855006 0.01865964193777935 0.00025
0.007158348412420412 0.01863628576629454 0.00025
0.006727846539855006 0.01865964193777935 0.0005
0.007158348412420412 0.01863628576629454 0.0005
0.006727846539855006 0.01865964193777935 0.00075
0.007158348412420412 0.01863628576629454 0.00075
0.01093579340109759 0.02790728915174412 0.00025
0.01093579340109759 0.02790728915174412 0.0005
0.01093579340109759 0.02790728915174412 0.00075
0.009347958754151141 0.02250512352182858 0.00025
0.009347958754151141 0.02250512352182858 0.0005
0.009347958754151141 0.02250512352182858 0.00075
0.007475449311382676 0.01899854975252658 0.00025
0.007475449311382676 0.01899854975252658 0.0005
0.007475449311382676 0.01899854975252658 0.00075
0.009164242844083143 0.0189640870160943 0.00025
0.009183812990728521 0.01941123099002603 0.00025
0.009164242844083143 0.0189640870160943 0.0005
0.009183812990728521 0.01941123099002603 0.0005
0.009164242844083143 0.0189640870160943 0.00075
0.009183812990728521 0.01941123099002603 0.00075
0.007606175078249441 0.02800783426323187 0.00025
0.007606175078249441 0.02800783426323187 0.0005
0.007606175078249441 0.02800783426323187 0.00075
0.008383835442301663 0.02792287933919733 0.00025
0.008383835442301663 0.02792287933919733 0.0005
0.008383835442301663 0.02792287933919733 0.00075
0.00437280411102709 0.02299575816747178 0.00025
0.00437280411102709 0.02299575816747178 0.0005
0.00437280411102709 0.02299575816747178 0.00075
0.003937159261187938 0.02248207447826881 0.00025
0.003937159261187938 0.02248207447826881 0.0005
0.003937159261187938 0.02248207447826881 0.00075
0.01044409976564207 0.02863419407661301 0.00025
0.01044409976564207 0.02863419407661301 0.0005
0.01044409976564207 0.02863419407661301 0.00075
0.001370566687856704 0.02806916056359375 0.00025
0.001370566687856704 0.02806916056359375 0.0005
0.001370566687856704 0.02806916056359375 0.00075
0.008249772211353442 0.02682811021360583 0.00025
0.008249772211353442 0.02682811021360583 0.0005
0.008249772211353442 0.02682811021360583 0.00075
0.007472111847301221 0.02691306513764036 0.00025
0.007991433052945141 0.02741706686089061 0.00025
0.007472111847301221 0.02691306513764036 0.0005
0.007991433052945141 0.02741706686089061 0.0005
0.007472111847301221 0.02691306513764036 0.00075
0.007991433052945141 0.02741706686089061 0.00075
0.001957449804063144 0.02867912315399914 0.00025
0.001957449804063144 0.02867912315399914 0.0005
0.001957449804063144 0.02867912315399914 0.00075
0.001997880307854727 0.01925260459050965 0.00025
0.002745671990019327 0.01916076041903122 0.00025
0.001997880307854727 0.01925260459050965 0.0005
0.002745671990019327 0.01916076041903122 0.0005
0.001997880307854727 0.01925260459050965 0.00075
0.002745671990019327 0.01916076041903122 0.00075
0.01110969939184959 0.02055493048900111 0.00025
0.01110969939184959 0.02055493048900111 0.0005
0.01110969939184959 0.02055493048900111 0.00075
0.0110758896128124 0.02117466384197782 0.00025
0.0110758896128124 0.02117466384197782 0.0005
0.0110758896128124 0.02117466384197782 0.00075
3 7 0 372
9263
9264
9265
9266
9267
9268
9269
9270
9271
9272
9273
9274
9275
9276
9277
9278
9279
9280
9281
9282
9283
9284
9285
9286
9287
9288
9289
9290
9291
9292
9293
9294
9295
9296
9297
9298
9299
9300
9301
9302
9303
9304
9305
9306
9307
9308
9309
9310
9311
9312
9313
9314
9315
9316
9317
9318
9319
9320
9321
9322
9323
9324
9325
9326
9327
9328
9329
9330
9331
9332
9333
9334
9335
9336
9337
9338
9339
9340
9341
9342
9343
9344
9345
9346
9347
9348
9349
9350
9351
9352
9353
9354
9355
9356
9357
9358
9359
9360
9361
9362
9363
9364
9365
9366
9367
9368
9369
9370
9371
9372
9373
9374
9375
9376
9377
9378
9379
9380
9381
9382
9383
9384
9385
9386
9387
9388
9389
9390
9391
9392
9393
9394
9395
9396
9397
9398
9399
9400
9401
9402
9403
9404
9405
9406
9407
9408
9409
9410
9411
9412
9413
9414
9415
9416
9417
9418
9419
9420
9421
9422
9423
9424
9425
9426
9427
9428
9429
9430
9431
9432
9433
9434
9435
9436
9437
9438
9439
9440
9441
9442
9443
9444
9445
9446
9447
9448
9449
9450
9451
9452
9453
9454
9455
9456
9457
9458
9459
9460
9461
9462
9463
9464
9465
9466
9467
9468
9469
9470
9471
9472
9473
9474
9475
9476
9477
9478
9479
9480
9481
9482
9483
9484
9485
9486
9487
9488
9489
9490
9491
9492
9493
9494
9495
9496
9497
9498
9499
9500
9501
9502
9503
9504
9505
9506
9507
9508
9509
9510
9511
9512
9513
9514
9515
9516
9517
9518
9519
9520
9521
9522
9523
9524
9525
9526
9527
9528
9529
9530
9531
9532
9533
9534
9535
9536
9537
9538
9539
9540
9541
9542
9543
9544
9545
9546
9547
9548
9549
9550
9551
9552
9553
9554
9555
9556
9557
9558
9559
9560
9561
9562
9563
9564
9565
9566
9567
9568
9569
9570
9571
9572
9573
9574
9575
9576
9577
9578
9579
9580
9581
9582
9583
9584
9585
9586
9587
9588
9589
9590
9591
9592
9593
9594
9595
9596
9597
9598
9599
9600
9601
9602
9603
9604
9605
9606
9607
9608
9609
9610
9611
9612
9613
9614
9615
9616
9617
9618
9619
9620
9621
9622
9623
9624
9625
9626
9627
9628
9629
9630
9631
9632
9633
9634
-0.009765560874025962 0.03094723749927826 0.0005
-0.006521489340185841 0.03096027928168028 0.0005
-0.004209089030061416 0.0311110021962405 0.0005
-0.001350492543094425 0.03259855204590352 0.0005
-0.008074740313652025 0.03354196965829569 0.0005
-0.004468075821897073 0.03357763733468713 0.0005
-0.01127190250300134 0.03215002447574069 0.0005
-0.006319915979510989 0.03333144275624141 0.0005
-0.005140380906608601 0.03219015574033016 0.0005
-0.00282692495114788 0.03116017317855672 0.0005
-0.009883930234063143 0.03336257868438162 0.0005
-0.008956214012817185 0.03218705753744119 0.0005
-0.007444817243097049 0.03208595740800785 0.0005
-0.002679223573742289 0.03351657397806304 0.0005
-0.005503153810933721 0.03104269819828916 0.0005
-0.01083558172168564 0.03095500357129111 0.0005
-0.007558822190682536 0.03079869483779328 0.0005
-0.008671785223636343 0.03094723749927826 0.0005
-0.003636064413563176 0.03231002213376699 0.0005
-0.01121376877667592 0.03357683090347763 0.0005
-0.001418705072896135 0.03128833037764189 0.0005
-0.01005567147368413 0.03204956395947887 0.0005
-0.001232979517865171 0.03380224983630092 0.0005
-0.006289664585802631 0.03195768804568083 0.0005
-0.01170274171485947 0.03088678947772286 0.0005
-0.002492692197921797 0.03230459037472441 0.0005
-0.006882366611304019 0.03270870008212463 0.00025
-0.007444817243097049 0.03208595740800785 0.00025
-0.007759778778374537 0.03281396353315177 0.00025
-0.007197328146581507 0.03343670620726855 0.0005
-0.006882366611304019 0.03270870008212463 0.0005
-0.007759778778374537 0.03281396353315177 0.0005
-0.007197328146581507 0.03343670620726855 0.00025
-0.006319915979510989 0.03333144275624141 0.00025
-0.008074740313652025 0.03354196965829569 0.00025
-0.006882366611304019 0.03270870008212463 0.00075
-0.007444817243097049 0.03208595740800785 0.00075
-0.007759778778374537 0.03281396353315177 0.00075
-0.007197328146581507 0.03343670620726855 0.00075
-0.006319915979510989 0.03333144275624141 0.00075
-0.008074740313652025 0.03354196965829569 0.00075
-0.004388222660085889 0.03225008893704857 0.00025
-0.003636064413563176 0.03231002213376699 0.00025
-0.003922576721812296 0.03171051216500374 0.00025
-0.004674734968335008 0.03165057896828533 0.0005
-0.004388222660085889 0.03225008893704857 0.0005
-0.003922576721812296 0.03171051216500374 0.0005
-0.004674734968335008 0.03165057896828533 0.00025
-0.005140380906608601 0.03219015574033016 0.00025
-0.004209089030061416 0.0311110021962405 0.00025
-0.004388222660085889 0.03225008893704857 0.00075
-0.003636064413563176 0.03231002213376699 0.00075
-0.003922576721812296 0.03171051216500374 0.00075
-0.004674734968335008 0.03165057896828533 0.00075
-0.005140380906608601 0.03219015574033016 0.00075
-0.004209089030061416 0.0311110021962405 0.00075
-0.008115303707159439 0.03087296616853577 0.00025
-0.008671785223636343 0.03094723749927826 0.00025
-0.008058301233366696 0.03151659745364305 0.00025
-0.007501819716889792 0.03144232612290056 0.0005
-0.008115303707159439 0.03087296616853577 0.0005
-0.008058301233366696 0.03151659745364305 0.0005
-0.007501819716889792 0.03144232612290056 0.00025
-0.007558822190682536 0.03079869483779328 0.00025
-0.008115303707159439 0.03087296616853577 0.00075
-0.008671785223636343 0.03094723749927826 0.00075
-0.008058301233366696 0.03151659745364305 0.00075
-0.007501819716889792 0.03144232612290056 0.00075
-0.007558822190682536 0.03079869483779328 0.00075
-0.008813999618226764 0.03156714751835973 0.00025
-0.008200515627957117 0.03213650747272452 0.0005
-0.008813999618226764 0.03156714751835973 0.0005
-0.008200515627957117 0.03213650747272452 0.00025
-0.008956214012817185 0.03218705753744119 0.00025
-0.008813999618226764 0.03156714751835973 0.00075
-0.008200515627957117 0.03213650747272452 0.00075
-0.008956214012817185 0.03218705753744119 0.00075
-0.006304790282656811 0.03264456540096111 0.00025
-0.006289664585802631 0.03195768804568083 0.00025
-0.00686724091444984 0.03202182272684434 0.00025
-0.006304790282656811 0.03264456540096111 0.0005
-0.00686724091444984 0.03202182272684434 0.0005
-0.006304790282656811 0.03264456540096111 0.00075
-0.006289664585802631 0.03195768804568083 0.00075
-0.00686724091444984 0.03202182272684434 0.00075
-0.01126916171827256 0.03092089652450698 0.00025
-0.01170274171485947 0.03088678947772286 0.00025
-0.01148732210893041 0.03151840697673178 0.00025
-0.01105374211234349 0.0315525140235159 0.0005
-0.01126916171827256 0.03092089652450698 0.0005
-0.01148732210893041 0.03151840697673178 0.0005
-0.01105374211234349 0.0315525140235159 0.00025
-0.01083558172168564 0.03095500357129111 0.00025
-0.01127190250300134 0.03215002447574069 0.00025
-0.01126916171827256 0.03092089652450698 0.00075
-0.01170274171485947 0.03088678947772286 0.00075
-0.01148732210893041 0.03151840697673178 0.00075
-0.01105374211234349 0.0315525140235159 0.00075
-0.01083558172168564 0.03095500357129111 0.00075
-0.01127190250300134 0.03215002447574069 0.00075
-0.01210137085742974 0.03110785440965268 0.00025
-0.01188595125150067 0.0317394719086616 0.0005
-0.01210137085742974 0.03110785440965268 0.0005
-0.01188595125150067 0.0317394719086616 0.00025
-0.01210137085742974 0.03110785440965268 0.00075
-0.01188595125150067 0.0317394719086616 0.00075
-0.007608798728254588 0.03427098482914784 0.00025
-0.007608798728254588 0.03427098482914784 0.0005
-0.00673138656118407 0.0341657213781207 0.0005
-0.00673138656118407 0.0341657213781207 0.00025
-0.007608798728254588 0.03427098482914784 0.00075
-0.00673138656118407 0.0341657213781207 0.00075
-0.004052070117730125 0.03294382973422706 0.00025
-0.004804228364252837 0.03288389653750864 0.0005
-0.004052070117730125 0.03294382973422706 0.0005
-0.004804228364252837 0.03288389653750864 0.00025
-0.004468075821897073 0.03357763733468713 0.00025
-0.004052070117730125 0.03294382973422706 0.00075
-0.004804228364252837 0.03288389653750864 0.00075
-0.004468075821897073 0.03357763733468713 0.00075
-0.008979335273857584 0.03345227417133866 0.00025
-0.009883930234063143 0.03336257868438162 0.00025
-0.009406250831317287 0.03418128934219081 0.00025
-0.008501655871111728 0.03427098482914784 0.0005
-0.008979335273857584 0.03345227417133866 0.0005
-0.009406250831317287 0.03418128934219081 0.0005
-0.008501655871111728 0.03427098482914784 0.00025
-0.008979335273857584 0.03345227417133866 0.00075
-0.009883930234063143 0.03336257868438162 0.00075
-0.009406250831317287 0.03418128934219081 0.00075
-0.008501655871111728 0.03427098482914784 0.00075
-0.009969800853873638 0.03270607132193025 0.00025
-0.01005567147368413 0.03204956395947887 0.00025
-0.01066378698834274 0.03209979421760978 0.00025
-0.01057791636853224 0.03275630158006115 0.0005
-0.009969800853873638 0.03270607132193025 0.0005
-0.01066378698834274 0.03209979421760978 0.0005
-0.01057791636853224 0.03275630158006115 0.00025
-0.009969800853873638 0.03270607132193025 0.00075
-0.01005567147368413 0.03204956395947887 0.00075
-0.01066378698834274 0.03209979421760978 0.00075
-0.01057791636853224 0.03275630158006115 0.00075
-0.01188595125150067 0.03258982918332317 0.0005
-0.01188595125150067 0.03258982918332317 0.00025
-0.01188595125150067 0.03258982918332317 0.00075
-0.008515477163234605 0.03286451359786844 0.00025
-0.009420072123440164 0.0327748181109114 0.00025
-0.008515477163234605 0.03286451359786844 0.0005
-0.009420072123440164 0.0327748181109114 0.0005
-0.008515477163234605 0.03286451359786844 0.00075
-0.009420072123440164 0.0327748181109114 0.00075
-0.005730148443059795 0.03276079924828578 0.00025
-0.005393995900704031 0.03345454004546426 0.0005
-0.005730148443059795 0.03276079924828578 0.0005
-0.005393995900704031 0.03345454004546426 0.00025
-0.005730148443059795 0.03276079924828578 0.00075
-0.005393995900704031 0.03345454004546426 0.00075
-0.005838529418326928 0.0341657213781207 0.00025
-0.00491260933951997 0.03428881866734357 0.0005
-0.005838529418326928 0.0341657213781207 0.0005
-0.00491260933951997 0.03428881866734357 0.00025
-0.005838529418326928 0.0341657213781207 0.00075
-0.00491260933951997 0.03428881866734357 0.00075
-0.009218673048831153 0.03094723749927826 0.00025
-0.009360887443421574 0.03156714751835973 0.0005
-0.009218673048831153 0.03094723749927826 0.0005
-0.009360887443421574 0.03156714751835973 0.00025
-0.009765560874025962 0.03094723749927826 0.00025
-0.009218673048831153 0.03094723749927826 0.00075
-0.009360887443421574 0.03156714751835973 0.00075
-0.009765560874025962 0.03094723749927826 0.00075
-0.01185688438833796 0.03428841545173882 0.00025
-0.01121376877667592 0.03357683090347763 0.00025
-0.01185688438833796 0.03330323239719164 0.00025
-0.01185688438833796 0.03428841545173882 0.0005
-0.01185688438833796 0.03330323239719164 0.0005
-0.01185688438833796 0.03428841545173882 0.00075
-0.01121376877667592 0.03357683090347763 0.00075
-0.01185688438833796 0.03330323239719164 0.00075
-0.003157411428675426 0.03058008658927836 0.00025
-0.00282692495114788 0.03116017317855672 0.00025
-0.002334522848180292 0.03058008658927836 0.00025
-0.003157411428675426 0.03058008658927836 0.0005
-0.002334522848180292 0.03058008658927836 0.0005
-0.003157411428675426 0.03058008658927836 0.00075
-0.00282692495114788 0.03116017317855672 0.00075
-0.002334522848180292 0.03058008658927836 0.00075
-0.004856121420497569 0.03107685019726483 0.00025
-0.005503153810933721 0.03104269819828916 0.00025
-0.005321767358771161 0.03161642696930966 0.00025
-0.004856121420497569 0.03107685019726483 0.0005
-0.005321767358771161 0.03161642696930966 0.0005
-0.004856121420497569 0.03107685019726483 0.00075
-0.005503153810933721 0.03104269819828916 0.00075
-0.005321767358771161 0.03161642696930966 0.00075
-0.003518006990604648 0.03113558768739861 0.00025
-0.003848493468132194 0.03055550109812025 0.0005
-0.003518006990604648 0.03113558768739861 0.0005
-0.003848493468132194 0.03055550109812025 0.00025
-0.003518006990604648 0.03113558768739861 0.00075
-0.003848493468132194 0.03055550109812025 0.00075
-0.01029910797417443 0.03418128934219081 0.00025
-0.01029910797417443 0.03418128934219081 0.0005
-0.01029910797417443 0.03418128934219081 0.00075
-0.004019752196662827 0.03428881866734357 0.0005
-0.004019752196662827 0.03428881866734357 0.00025
-0.004019752196662827 0.03428881866734357 0.00075
-0.001630412909054419 0.03064416518882095 0.00025
-0.001418705072896135 0.03128833037764189 0.00025
-0.0007093525364480673 0.03064416518882095 0.00025
-0.001630412909054419 0.03064416518882095 0.0005
-0.0007093525364480673 0.03064416518882095 0.0005
-0.001630412909054419 0.03064416518882095 0.00075
-0.001418705072896135 0.03128833037764189 0.00075
-0.0007093525364480673 0.03064416518882095 0.00075
-0.003125326072585435 0.03425828698903152 0.00025
-0.002679223573742289 0.03351657397806304 0.00025
-0.003573649697819681 0.03354710565637509 0.00025
-0.003125326072585435 0.03425828698903152 0.0005
-0.003573649697819681 0.03354710565637509 0.0005
-0.003125326072585435 0.03425828698903152 0.00075
-0.002679223573742289 0.03351657397806304 0.00075
-0.003573649697819681 0.03354710565637509 0.00075
-0.0006752462715472127 0.03213260935628509 0.00025
-0.001350492543094425 0.03259855204590352 0.00025
-0.0006752462715472127 0.03296594268961843 0.00025
-0.0006752462715472127 0.03213260935628509 0.0005
-0.0006752462715472127 0.03296594268961843 0.0005
-0.0006752462715472127 0.03213260935628509 0.00075
-0.001350492543094425 0.03259855204590352 0.00075
-0.0006752462715472127 0.03296594268961843 0.00075
-0.01124283563983863 0.03286342768960916 0.00025
-0.01054884950536953 0.03346970479392962 0.00025
-0.01124283563983863 0.03286342768960916 0.0005
-0.01054884950536953 0.03346970479392962 0.0005
-0.01124283563983863 0.03286342768960916 0.00075
-0.01054884950536953 0.03346970479392962 0.00075
-0.006983153291641444 0.03152311834484407 0.00025
-0.006983153291641444 0.03152311834484407 0.0005
-0.007040155765434188 0.03087948705973678 0.0005
-0.007040155765434188 0.03087948705973678 0.00025
-0.006521489340185841 0.03096027928168028 0.00025
-0.006983153291641444 0.03152311834484407 0.00075
-0.007040155765434188 0.03087948705973678 0.00075
-0.006521489340185841 0.03096027928168028 0.00075
-0.004511003712600966 0.03055550109812025 0.0005
-0.004511003712600966 0.03055550109812025 0.00025
-0.004511003712600966 0.03055550109812025 0.00075
-0.0007093525364480673 0.03147749852215428 0.00025
-0.0007093525364480673 0.03147749852215428 0.0005
-0.0007093525364480673 0.03147749852215428 0.00075
-0.00223246892972829 0.03425828698903152 0.00025
-0.00223246892972829 0.03425828698903152 0.0005
-0.00223246892972829 0.03425828698903152 0.00075
-0.003231494682355529 0.03173509765616186 0.00025
-0.003231494682355529 0.03173509765616186 0.0005
-0.003231494682355529 0.03173509765616186 0.00075
-0.01096402724548082 0.03428841545173882 0.00025
-0.01096402724548082 0.03428841545173882 0.0005
-0.01096402724548082 0.03428841545173882 0.00075
-0.009910616173855047 0.03149840072937857 0.00025
-0.009505942743250659 0.03211831074846003 0.00025
-0.009910616173855047 0.03149840072937857 0.0005
-0.009505942743250659 0.03211831074846003 0.0005
-0.009910616173855047 0.03149840072937857 0.00075
-0.009505942743250659 0.03211831074846003 0.00075
-0.006405576962994236 0.03145898366368055 0.00025
-0.005896409198368176 0.03150019312198499 0.00025
-0.006012321575559781 0.03100148873998472 0.0005
-0.006405576962994236 0.03145898366368055 0.0005
-0.005896409198368176 0.03150019312198499 0.0005
-0.006012321575559781 0.03100148873998472 0.00025
-0.006405576962994236 0.03145898366368055 0.00075
-0.005896409198368176 0.03150019312198499 0.00075
-0.006012321575559781 0.03100148873998472 0.00075
-0.005715022746205616 0.03207392189300549 0.00025
-0.005715022746205616 0.03207392189300549 0.0005
-0.005715022746205616 0.03207392189300549 0.00075
-0.005158036103037119 0.03052134909914458 0.00025
-0.005158036103037119 0.03052134909914458 0.0005
-0.005158036103037119 0.03052134909914458 0.00075
-0.003157643993652732 0.03291329805591502 0.00025
-0.003157643993652732 0.03291329805591502 0.0005
-0.003157643993652732 0.03291329805591502 0.00075
-0.01210137085742974 0.03044339473886143 0.00025
-0.01210137085742974 0.03044339473886143 0.0005
-0.01210137085742974 0.03044339473886143 0.00075
-0.005720249954298009 0.03052134909914458 0.00025
-0.005720249954298009 0.03052134909914458 0.0005
-0.005720249954298009 0.03052134909914458 0.00075
-0.006776305544118877 0.03048013964084014 0.00025
-0.006229417718924068 0.03048013964084014 0.00025
-0.006776305544118877 0.03048013964084014 0.0005
-0.006229417718924068 0.03048013964084014 0.0005
-0.006776305544118877 0.03048013964084014 0.00075
-0.006229417718924068 0.03048013964084014 0.00075
-0.01003900478662337 0.03047361874963913 0.00025
-0.009492116961428557 0.03047361874963913 0.00025
-0.01003900478662337 0.03047361874963913 0.0005
-0.009492116961428557 0.03047361874963913 0.0005
-0.01003900478662337 0.03047361874963913 0.00075
-0.009492116961428557 0.03047361874963913 0.00075
-0.008945229136233749 0.03047361874963913 0.00025
-0.008398341311038938 0.03047361874963913 0.00025
-0.008945229136233749 0.03047361874963913 0.0005
-0.008398341311038938 0.03047361874963913 0.0005
-0.008945229136233749 0.03047361874963913 0.00075
-0.008398341311038938 0.03047361874963913 0.00075
-0.007841859794562036 0.03039934741889664 0.00025
-0.007294971969367225 0.03039934741889664 0.00025
-0.007841859794562036 0.03039934741889664 0.0005
-0.007294971969367225 0.03039934741889664 0.0005
-0.007841859794562036 0.03039934741889664 0.00075
-0.007294971969367225 0.03039934741889664 0.00075
-0.0006164897589325856 0.03440112491815046 0.00025
-0.001232979517865171 0.03380224983630092 0.00025
-0.001509346901789731 0.03440112491815046 0.00025
-0.0006164897589325856 0.03440112491815046 0.0005
-0.001509346901789731 0.03440112491815046 0.0005
-0.0006164897589325856 0.03440112491815046 0.00075
-0.001232979517865171 0.03380224983630092 0.00075
-0.001509346901789731 0.03440112491815046 0.00075
-0.01112090303564802 0.03047750178564555 0.00025
-0.01057401521045321 0.03047750178564555 0.00025
-0.01112090303564802 0.03047750178564555 0.0005
-0.01057401521045321 0.03047750178564555 0.0005
-0.01112090303564802 0.03047750178564555 0.00075
-0.01057401521045321 0.03047750178564555 0.00075
-0.00195610154580373 0.03365941190718198 0.00025
-0.001291736030479798 0.03320040094110222 0.00025
-0.002014858058418357 0.03305756301198328 0.0005
-0.00195610154580373 0.03365941190718198 0.0005
-0.001291736030479798 0.03320040094110222 0.0005
-0.002014858058418357 0.03305756301198328 0.00025
-0.00195610154580373 0.03365941190718198 0.00075
-0.001291736030479798 0.03320040094110222 0.00075
-0.002014858058418357 0.03305756301198328 0.00075
-0.0006164897589325856 0.03356779158481713 0.00025
-0.0006164897589325856 0.03356779158481713 0.0005
-0.0006164897589325856 0.03356779158481713 0.00075
-0.01044562659768489 0.03150228376538499 0.00025
-0.0103005712978558 0.03095112053528468 0.0005
-0.01044562659768489 0.03150228376538499 0.0005
-0.0103005712978558 0.03095112053528468 0.00025
-0.01044562659768489 0.03150228376538499 0.00075
-0.0103005712978558 0.03095112053528468 0.00075
-0.001921592370508111 0.03245157121031396 0.00025
-0.002492692197921797 0.03230459037472441 0.00025
-0.002585957885832043 0.03291058217639373 0.00025
-0.001921592370508111 0.03245157121031396 0.0005
-0.002585957885832043 0.03291058217639373 0.0005
-0.001921592370508111 0.03245157121031396 0.00075
-0.002492692197921797 0.03230459037472441 0.00075
-0.002585957885832043 0.03291058217639373 0.00075
-0.00138459880799528 0.0319434412117727 0.00025
-0.00138459880799528 0.0319434412117727 0.0005
-0.00138459880799528 0.0319434412117727 0.00075
-0.002659808574534839 0.03173238177664056 0.00025
-0.001955698635408966 0.03179646037618315 0.00025
-0.002122815012022008 0.03122425177809931 0.0005
-0.002659808574534839 0.03173238177664056 0.0005
-0.001955698635408966 0.03179646037618315 0.0005
-0.002122815012022008 0.03122425177809931 0.00025
-0.002659808574534839 0.03173238177664056 0.00075
-0.001955698635408966 0.03179646037618315 0.00075
-0.002122815012022008 0.03122425177809931 0.00075
-0.01155448303223493 0.03044339473886143 0.00025
-0.01155448303223493 0.03044339473886143 0.0005
-0.01155448303223493 0.03044339473886143 0.00075
-0.003064378305742486 0.0323073062542457 0.00025
-0.003064378305742486 0.0323073062542457 0.0005
-0.003064378305742486 0.0323073062542457 0.00075
3 8 0 291
9635
9636
9637
9638
9639
9640
9641
9642
9643
9644
9645
9646
9647
9648
9649
9650
9651
9652
9653
9654
9655
9656
9657
9658
9659
9660
9661
9662
9663
9664
9665
9666
9667
9668
9669
9670
9671
9672
9673
9674
9675
9676
9677
9678
9679
9680
9681
9682
9683
9684
9685
9686
9687
9688
9689
9690
9691
9692
9693
9694
9695
9696
9697
9698
9699
9700
9701
9702
9703
9704
9705
9706
9707
9708
9709
9710
9711
9712
9713
9714
9715
9716
9717
9718
9719
9720
9721
9722
9723
9724
9725
9726
9727
9728
9729
9730
9731
9732
9733
9734
9735
9736
9737
9738
9739
9740
9741
9742
9743
9744
9745
9746
9747
9748
9749
9750
9751
9752
9753
9754
9755
9756
9757
9758
9759
9760
9761
9762
9763
9764
9765
9766
9767
9768
9769
9770
9771
9772
9773
9774
9775
9776
9777
9778
9779
9780
9781
9782
9783
9784
9785
9786
9787
9788
9789
9790
9791
9792
9793
9794
9795
9796
9797
9798
9799
9800
9801
9802
9803
9804
9805
9806
9807
9808
9809
9810
9811
9812
9813
9814
9815
9816
9817
9818
9819
9820
9821
9822
9823
9824
9825
9826
9827
9828
9829
9830
9831
9832
9833
9834
9835
9836
9837
9838
9839
9840
9841
9842
9843
9844
9845
9846
9847
9848
9849
9850
9851
9852
9853
9854
9855
9856
9857
9858
9859
9860
9861
9862
9863
9864
9865
9866
9867
9868
9869
9870
9871
9872
9873
9874
9875
9876
9877
9878
9879
9880
9881
9882
9883
9884
9885
9886
9887
9888
9889
9890
9891
9892
9893
9894
9895
9896
9897
9898
9899
9900
9901
9902
9903
9904
9905
9906
9907
9908
9909
9910
9911
9912
9913
9914
9915
9916
9917
9918
9919
9920
9921
9922
9923
9924
9925
0.001443375672974063 0.0325 0.0005
0.01105662432702594 0.0325 0.0005
0.004469605718690128 0.03350761937281858 0.0005
0.008030394281309857 0.03149238062718143 0.0005
0.008030394281309857 0.03350761937281858 0.0005
0.004469605718690128 0.03149238062718143 0.0005
0.006249999999999992 0.03350966944059098 0.0005
0.006249999999999993 0.03149033055940902 0.0005
0.009803467465686805 0.03339934425289712 0.0005
0.009815978693429022 0.03158421072053966 0.0005
0.002696532534313187 0.03339934425289712 0.0005
0.00268402130657097 0.03158421072053966 0.0005
0.001208563691709628 0.03382484457147703 0.0005
0.01129143630829037 0.03382484457147703 0.0005
0.01131737774694813 0.03115017547744127 0.0005
0.001182622253051864 0.03115017547744127 0.0005
0.005359500364148943 0.0325 0.0005
0.007139837288644567 0.0325 0.0005
0.003678928370696332 0.03249914384493111 0.0005
0.008821037146421186 0.03249914384493111 0.0005
0.002690276920442079 0.03249177748671839 0.00025
0.00268402130657097 0.03158421072053966 0.00025
0.002063698489772516 0.03204210536026983 0.00025
0.002069954103643625 0.03294967212644856 0.0005
0.002690276920442079 0.03249177748671839 0.0005
0.002063698489772516 0.03204210536026983 0.0005
0.002069954103643625 0.03294967212644856 0.00025
0.002696532534313187 0.03339934425289712 0.00025
0.001443375672974063 0.0325 0.00025
0.002690276920442079 0.03249177748671839 0.00075
0.00268402130657097 0.03158421072053966 0.00075
0.002063698489772516 0.03204210536026983 0.00075
0.002069954103643625 0.03294967212644856 0.00075
0.002696532534313187 0.03339934425289712 0.00075
0.001443375672974063 0.0325 0.00075
0.01043630151022748 0.03204210536026983 0.00025
0.009815978693429022 0.03158421072053966 0.00025
0.009809723079557913 0.03249177748671839 0.00025
0.01043004589635637 0.03294967212644856 0.0005
0.01043630151022748 0.03204210536026983 0.0005
0.009809723079557913 0.03249177748671839 0.0005
0.01043004589635637 0.03294967212644856 0.00025
0.01105662432702594 0.0325 0.00025
0.009803467465686805 0.03339934425289712 0.00025
0.01043630151022748 0.03204210536026983 0.00075
0.009815978693429022 0.03158421072053966 0.00075
0.009809723079557913 0.03249177748671839 0.00075
0.01043004589635637 0.03294967212644856 0.00075
0.01105662432702594 0.0325 0.00075
0.009803467465686805 0.03339934425289712 0.00075
0.009318507919925105 0.03204167728273539 0.00025
0.008821037146421186 0.03249914384493111 0.00025
0.009312252306053995 0.03294924404891412 0.00025
0.009318507919925105 0.03204167728273539 0.0005
0.009312252306053995 0.03294924404891412 0.0005
0.009318507919925105 0.03204167728273539 0.00075
0.008821037146421186 0.03249914384493111 0.00075
0.009312252306053995 0.03294924404891412 0.00075
0.00318773045250476 0.03294924404891412 0.00025
0.003678928370696332 0.03249914384493111 0.00025
0.00318147483863365 0.03204167728273539 0.00025
0.00318773045250476 0.03294924404891412 0.0005
0.00318147483863365 0.03204167728273539 0.0005
0.00318773045250476 0.03294924404891412 0.00075
0.003678928370696332 0.03249914384493111 0.00075
0.00318147483863365 0.03204167728273539 0.00075
0.005803571428571421 0.03425483472029549 0.00025
0.006249999999999992 0.03350966944059098 0.00025
0.00535980285934506 0.03350864440670478 0.00025
0.004913374287916489 0.03425380968640929 0.0005
0.005803571428571421 0.03425483472029549 0.0005
0.00535980285934506 0.03350864440670478 0.0005
0.004913374287916489 0.03425380968640929 0.00025
0.004469605718690128 0.03350761937281858 0.00025
0.005803571428571421 0.03425483472029549 0.00075
0.006249999999999992 0.03350966944059098 0.00075
0.00535980285934506 0.03350864440670478 0.00075
0.004913374287916489 0.03425380968640929 0.00075
0.004469605718690128 0.03350761937281858 0.00075
0.005359802859345061 0.03149135559329523 0.00025
0.006249999999999993 0.03149033055940902 0.00025
0.005803571428571422 0.03074516527970451 0.00025
0.004913374287916489 0.03074619031359072 0.0005
0.005359802859345061 0.03149135559329523 0.0005
0.005803571428571422 0.03074516527970451 0.0005
0.004913374287916489 0.03074619031359072 0.00025
0.004469605718690128 0.03149238062718143 0.00025
0.005359802859345061 0.03149135559329523 0.00075
0.006249999999999993 0.03149033055940902 0.00075
0.005803571428571422 0.03074516527970451 0.00075
0.004913374287916489 0.03074619031359072 0.00075
0.004469605718690128 0.03149238062718143 0.00075
0.007140197140654924 0.03350864440670478 0.00025
0.006696428571428563 0.03425483472029549 0.00025
0.007586625712083496 0.03425380968640929 0.0005
0.007140197140654924 0.03350864440670478 0.0005
0.006696428571428563 0.03425483472029549 0.0005
0.007586625712083496 0.03425380968640929 0.00025
0.008030394281309857 0.03350761937281858 0.00025
0.007140197140654924 0.03350864440670478 0.00075
0.006696428571428563 0.03425483472029549 0.00075
0.007586625712083496 0.03425380968640929 0.00075
0.008030394281309857 0.03350761937281858 0.00075
0.006696428571428563 0.03074516527970451 0.00025
0.006696428571428563 0.03074516527970451 0.0005
0.006696428571428563 0.03074516527970451 0.00075
0.004020517145059348 0.03074619031359072 0.0005
0.004020517145059348 0.03074619031359072 0.00025
0.004020517145059348 0.03074619031359072 0.00075
0.004020517145059348 0.03425380968640929 0.00025
0.004020517145059348 0.03425380968640929 0.0005
0.004020517145059348 0.03425380968640929 0.00075
0.008479482854940639 0.03425380968640929 0.0005
0.008479482854940639 0.03425380968640929 0.00025
0.008479482854940639 0.03425380968640929 0.00075
0.007586625712083496 0.03074619031359072 0.00025
0.008030394281309857 0.03149238062718143 0.00025
0.008479482854940639 0.03074619031359072 0.00025
0.007586625712083496 0.03074619031359072 0.0005
0.008479482854940639 0.03074619031359072 0.0005
0.007586625712083496 0.03074619031359072 0.00075
0.008030394281309857 0.03149238062718143 0.00075
0.008479482854940639 0.03074619031359072 0.00075
0.007140197140654924 0.03149135559329523 0.00025
0.007140197140654924 0.03149135559329523 0.0005
0.007140197140654924 0.03149135559329523 0.00075
0.002234867796142626 0.03079210536026983 0.00025
0.003127724938999769 0.03079210536026983 0.00025
0.002234867796142626 0.03079210536026983 0.0005
0.003127724938999769 0.03079210536026983 0.0005
0.002234867796142626 0.03079210536026983 0.00075
0.003127724938999769 0.03079210536026983 0.00075
0.003133980552870877 0.03419967212644856 0.00025
0.002241123410013735 0.03419967212644856 0.00025
0.003133980552870877 0.03419967212644856 0.0005
0.002241123410013735 0.03419967212644856 0.0005
0.003133980552870877 0.03419967212644856 0.00075
0.002241123410013735 0.03419967212644856 0.00075
0.009372275061000222 0.03079210536026983 0.00025
0.01026513220385737 0.03079210536026983 0.00025
0.009372275061000222 0.03079210536026983 0.0005
0.01026513220385737 0.03079210536026983 0.0005
0.009372275061000222 0.03079210536026983 0.00075
0.01026513220385737 0.03079210536026983 0.00075
0.01025887658998626 0.03419967212644856 0.00025
0.009366019447129111 0.03419967212644856 0.00025
0.01025887658998626 0.03419967212644856 0.0005
0.009366019447129111 0.03419967212644856 0.0005
0.01025887658998626 0.03419967212644856 0.00075
0.009366019447129111 0.03419967212644856 0.00075
0.0007216878364870315 0.03291666666666667 0.00025
0.0007216878364870315 0.03208333333333334 0.00025
0.0007216878364870315 0.03291666666666667 0.0005
0.0007216878364870315 0.03208333333333334 0.0005
0.0007216878364870315 0.03291666666666667 0.00075
0.0007216878364870315 0.03208333333333334 0.00075
0.01177831216351297 0.03208333333333334 0.00025
0.01177831216351297 0.03291666666666667 0.00025
0.01177831216351297 0.03208333333333334 0.0005
0.01177831216351297 0.03291666666666667 0.0005
0.01177831216351297 0.03208333333333334 0.00075
0.01177831216351297 0.03291666666666667 0.00075
0.00892318648736944 0.03153829567386054 0.00025
0.00892318648736944 0.03153829567386054 0.0005
0.00892318648736944 0.03153829567386054 0.00075
0.003583069126501658 0.03345348181285785 0.00025
0.003583069126501658 0.03345348181285785 0.0005
0.003583069126501658 0.03345348181285785 0.00075
0.003576813512630549 0.03153829567386054 0.00025
0.003576813512630549 0.03153829567386054 0.0005
0.003576813512630549 0.03153829567386054 0.00075
0.008916930873498331 0.03345348181285785 0.00025
0.008916930873498331 0.03345348181285785 0.0005
0.008916930873498331 0.03345348181285785 0.00075
0.01189571815414519 0.03441242228573851 0.00025
0.01129143630829037 0.03382484457147703 0.00025
0.01100286101128804 0.03441242228573851 0.00025
0.01189571815414519 0.03441242228573851 0.0005
0.01100286101128804 0.03441242228573851 0.0005
0.01189571815414519 0.03441242228573851 0.00075
0.01129143630829037 0.03382484457147703 0.00075
0.01100286101128804 0.03441242228573851 0.00075
0.0005913111265259318 0.03057508773872063 0.00025
0.001182622253051864 0.03115017547744127 0.00025
0.001484168269383073 0.03057508773872063 0.00025
0.0005913111265259318 0.03057508773872063 0.0005
0.001484168269383073 0.03057508773872063 0.0005
0.0005913111265259318 0.03057508773872063 0.00075
0.001182622253051864 0.03115017547744127 0.00075
0.001484168269383073 0.03057508773872063 0.00075
0.001497138988711955 0.03441242228573851 0.00025
0.001208563691709628 0.03382484457147703 0.00025
0.0006042818458548141 0.03441242228573851 0.00025
0.001497138988711955 0.03441242228573851 0.0005
0.0006042818458548141 0.03441242228573851 0.0005
0.001497138988711955 0.03441242228573851 0.00075
0.001208563691709628 0.03382484457147703 0.00075
0.0006042818458548141 0.03441242228573851 0.00075
0.01101583173061692 0.03057508773872063 0.00025
0.01131737774694813 0.03115017547744127 0.00025
0.01190868887347407 0.03057508773872063 0.00025
0.01101583173061692 0.03057508773872063 0.0005
0.01190868887347407 0.03057508773872063 0.0005
0.01101583173061692 0.03057508773872063 0.00075
0.01131737774694813 0.03115017547744127 0.00075
0.01190868887347407 0.03057508773872063 0.00075
0.0005913111265259318 0.03140842107205397 0.00025
0.0005913111265259318 0.03140842107205397 0.0005
0.0005913111265259318 0.03140842107205397 0.00075
0.01190868887347407 0.03140842107205397 0.00025
0.01190868887347407 0.03140842107205397 0.0005
0.01190868887347407 0.03140842107205397 0.00075
0.0006042818458548141 0.03357908895240519 0.00025
0.0006042818458548141 0.03357908895240519 0.0005
0.0006042818458548141 0.03357908895240519 0.00075
0.01189571815414519 0.03357908895240519 0.00025
0.01189571815414519 0.03357908895240519 0.0005
0.01189571815414519 0.03357908895240519 0.00075
0.01056667822018858 0.03136719309899047 0.00025
0.01056667822018858 0.03136719309899047 0.0005
0.01056667822018858 0.03136719309899047 0.00075
0.001952548113011408 0.03361209441218708 0.00025
0.001952548113011408 0.03361209441218708 0.0005
0.001952548113011408 0.03361209441218708 0.00075
0.001933321779811417 0.03136719309899047 0.00025
0.001933321779811417 0.03136719309899047 0.0005
0.001933321779811417 0.03136719309899047 0.00075
0.01054745188698859 0.03361209441218708 0.00025
0.01054745188698859 0.03361209441218708 0.0005
0.01054745188698859 0.03361209441218708 0.00075
0.001325969682341846 0.03316242228573851 0.00025
0.001325969682341846 0.03316242228573851 0.0005
0.001325969682341846 0.03316242228573851 0.00075
0.01118700103698704 0.03182508773872064 0.00025
0.01118700103698704 0.03182508773872064 0.0005
0.01118700103698704 0.03182508773872064 0.00075
0.01117403031765815 0.03316242228573851 0.00025
0.01117403031765815 0.03316242228573851 0.0005
0.01117403031765815 0.03316242228573851 0.00075
0.001312998963012963 0.03182508773872064 0.00025
0.001312998963012963 0.03182508773872064 0.0005
0.001312998963012963 0.03182508773872064 0.00075
0.00669491864432228 0.03199516527970452 0.00025
0.007139837288644567 0.0325 0.00025
0.007585115784977212 0.03199619031359072 0.00025
0.00669491864432228 0.03199516527970452 0.0005
0.007585115784977212 0.03199619031359072 0.0005
0.00669491864432228 0.03199516527970452 0.00075
0.007139837288644567 0.0325 0.00075
0.007585115784977212 0.03199619031359072 0.00075
0.007585115784977212 0.03300380968640929 0.00025
0.006694918644322279 0.03300483472029549 0.00025
0.007585115784977212 0.03300380968640929 0.0005
0.006694918644322279 0.03300483472029549 0.0005
0.007585115784977212 0.03300380968640929 0.00075
0.006694918644322279 0.03300483472029549 0.00075
0.005804750182074467 0.03300483472029549 0.00025
0.005359500364148943 0.0325 0.00025
0.004914553041419536 0.03300380968640929 0.00025
0.005804750182074467 0.03300483472029549 0.0005
0.004914553041419536 0.03300380968640929 0.0005
0.005804750182074467 0.03300483472029549 0.00075
0.005359500364148943 0.0325 0.00075
0.004914553041419536 0.03300380968640929 0.00075
0.004914553041419536 0.03199619031359072 0.00025
0.005804750182074467 0.03199516527970452 0.00025
0.004914553041419536 0.03199619031359072 0.0005
0.005804750182074467 0.03199516527970452 0.0005
0.004914553041419536 0.03199619031359072 0.00075
0.005804750182074467 0.03199516527970452 0.00075
0.006249668826396755 0.0325 0.00025
0.006249668826396755 0.0325 0.0005
0.006249668826396755 0.0325 0.00075
0.007980437217532877 0.03249957192246555 0.00025
0.008425715713865523 0.03199576223605627 0.00025
0.007980437217532877 0.03249957192246555 0.0005
0.008425715713865523 0.03199576223605627 0.0005
0.007980437217532877 0.03249957192246555 0.00075
0.008425715713865523 0.03199576223605627 0.00075
0.008425715713865523 0.03300338160887484 0.00025
0.008425715713865523 0.03300338160887484 0.0005
0.008425715713865523 0.03300338160887484 0.00075
0.004074267044693229 0.03199576223605627 0.00025
0.004519214367422638 0.03249957192246555 0.00025
0.004074267044693229 0.03199576223605627 0.0005
0.004519214367422638 0.03249957192246555 0.0005
0.004074267044693229 0.03199576223605627 0.00075
0.004519214367422638 0.03249957192246555 0.00075
0.004074267044693229 0.03300338160887484 0.00025
0.004074267044693229 0.03300338160887484 0.0005
0.004074267044693229 0.03300338160887484 0.00075
$EndNodes
$Elements
32 7652 1 7652
0 2 15 1
1 2 
0 13 15 1
2 11 
0 24 15 1
3 22 
0 40 15 1
4 38 
2 1 9 58
5 727 729 720 739 740 741 
6 728 730 719 742 743 744 
7 728 738 730 745 746 742 
8 727 737 729 747 748 739 
9 61 726 724 749 750 751 
10 43 725 723 752 753 754 
11 722 725 44 755 756 757 
12 61 724 60 751 758 67 
13 43 723 42 754 759 49 
14 44 725 43 756 752 50 
15 721 726 62 760 761 762 
16 45 722 44 763 757 51 
17 63 721 62 764 762 69 
18 62 726 61 761 749 68 
19 42 728 41 765 766 48 
20 60 727 59 767 768 66 
21 46 729 45 769 770 52 
22 64 730 63 771 772 70 
23 55 720 54 773 774 57 
24 73 719 72 775 776 75 
25 724 727 60 777 767 758 
26 723 728 42 778 765 759 
27 45 729 722 770 779 763 
28 63 730 721 772 780 764 
29 41 732 1 781 782 47 
30 2 731 46 783 784 53 
31 59 733 3 785 786 65 
32 4 734 64 787 788 71 
33 72 734 4 789 787 74 
34 54 731 2 790 783 56 
35 1 732 73 782 791 76 
36 3 733 55 786 792 58 
37 727 733 59 793 785 768 
38 728 732 41 794 781 766 
39 46 731 729 784 795 769 
40 64 734 730 788 796 771 
41 720 733 727 797 793 741 
42 719 732 728 798 794 744 
43 729 731 720 795 799 740 
44 730 734 719 796 800 743 
45 726 736 735 801 802 803 
46 726 735 724 803 804 750 
47 735 736 725 802 805 806 
48 722 735 725 807 806 755 
49 721 736 726 808 801 760 
50 725 736 723 805 809 753 
51 721 738 736 810 811 808 
52 736 738 723 811 812 809 
53 735 737 724 813 814 804 
54 722 737 735 815 813 807 
55 55 733 720 792 797 773 
56 719 734 72 800 789 776 
57 720 731 54 799 790 774 
58 73 732 719 791 798 775 
59 724 737 727 814 747 777 
60 723 738 728 812 745 778 
61 730 738 721 746 810 780 
62 729 737 722 748 815 779 
2 5 9 73
63 820 828 823 842 843 844 
64 818 834 824 845 846 847 
65 828 833 832 848 849 850 
66 827 833 828 851 848 852 
67 828 839 823 853 854 843 
68 822 840 831 855 856 857 
69 91 840 822 858 855 859 
70 820 823 80 844 860 861 
71 824 834 821 846 862 863 
72 81 826 820 864 865 866 
73 822 837 826 867 868 869 
74 91 822 90 859 870 93 
75 826 827 820 871 872 865 
76 823 824 821 873 863 874 
77 79 823 821 875 874 876 
78 816 833 827 877 851 878 
79 90 835 5 879 880 92 
80 103 825 102 881 882 112 
81 824 830 818 883 884 847 
82 81 820 80 866 861 87 
83 102 825 818 882 885 886 
84 82 826 81 887 864 88 
85 79 821 78 876 888 85 
86 3 836 103 889 890 113 
87 827 828 820 852 842 872 
88 821 829 78 891 892 888 
89 80 823 79 860 875 86 
90 54 819 55 893 894 57 
91 826 835 822 895 896 869 
92 828 832 817 850 897 898 
93 102 818 101 886 899 111 
94 55 836 3 900 889 58 
95 78 829 77 892 901 84 
96 825 834 818 902 845 885 
97 5 835 82 880 903 89 
98 827 837 816 904 905 878 
99 830 839 817 906 907 908 
100 823 839 824 854 909 873 
101 818 830 101 884 910 899 
102 821 834 829 862 911 891 
103 817 839 828 907 853 898 
104 6 840 91 912 858 94 
105 101 830 100 910 913 110 
106 100 817 99 914 915 109 
107 97 816 96 916 917 106 
108 98 833 97 918 919 107 
109 99 832 98 920 921 108 
110 77 838 2 922 923 83 
111 96 831 95 924 925 105 
112 819 838 829 926 927 928 
113 2 838 54 923 929 56 
114 82 835 826 903 895 887 
115 826 837 827 868 904 871 
116 829 838 77 927 922 901 
117 816 837 831 905 930 931 
118 824 839 830 909 906 883 
119 829 841 819 932 933 928 
120 819 836 55 934 900 894 
121 100 830 817 913 908 914 
122 97 833 816 919 877 916 
123 817 832 99 897 920 915 
124 832 833 98 849 918 921 
125 816 831 96 931 924 917 
126 831 837 822 930 867 857 
127 54 838 819 929 926 893 
128 822 835 90 896 879 870 
129 836 841 825 935 936 937 
130 831 840 95 856 938 925 
131 819 841 836 933 935 934 
132 103 836 825 890 937 881 
133 95 840 6 938 912 104 
134 825 841 834 936 939 902 
135 834 841 829 939 932 911 
2 9 9 179
136 954 975 973 1014 1015 1016 
137 953 989 952 1017 1018 1019 
138 970 1002 984 1020 1021 1022 
139 974 993 942 1023 1024 1025 
140 950 975 951 1026 1027 1028 
141 942 993 215 1024 1029 1030 
142 984 1002 992 1021 1031 1032 
143 951 975 954 1027 1014 1033 
144 972 987 941 1034 1035 1036 
145 954 973 956 1016 1037 1038 
146 941 996 972 1039 1040 1036 
147 965 989 953 1041 1017 1042 
148 235 999 7 1043 1044 241 
149 7 999 119 1044 1045 126 
150 977 1010 998 1046 1047 1048 
151 961 971 968 1049 1050 1051 
152 998 1012 977 1052 1053 1048 
153 979 1008 968 1054 1055 1056 
154 950 994 975 1057 1058 1026 
155 956 973 961 1037 1059 1060 
156 988 1013 1000 1061 1062 1063 
157 237 943 236 1064 1065 243 
158 988 989 965 1066 1041 1067 
159 989 1004 952 1068 1069 1018 
160 117 980 944 1070 1071 1072 
161 216 942 215 1073 1030 222 
162 947 1003 986 1074 1075 1076 
163 216 981 942 1077 1078 1073 
164 1000 1013 969 1062 1079 1080 
165 119 948 118 1081 1082 125 
166 961 973 971 1059 1083 1049 
167 948 980 118 1084 1085 1082 
168 214 946 213 1086 1087 220 
169 961 968 967 1051 1088 1089 
170 984 1000 970 1090 1091 1022 
171 968 985 979 1092 1093 1056 
172 236 983 235 1094 1095 242 
173 237 950 943 1096 1097 1064 
174 975 1011 973 1098 1099 1015 
175 947 986 981 1076 1100 1101 
176 217 981 216 1102 1077 223 
177 947 981 217 1101 1102 1103 
178 981 997 942 1104 1105 1078 
179 990 1003 947 1106 1074 1107 
180 215 993 214 1029 1108 221 
181 980 988 944 1109 1110 1071 
182 956 961 958 1060 1111 1112 
183 61 941 62 1113 1114 68 
184 949 1002 996 1115 1116 1117 
185 980 989 988 1118 1066 1109 
186 941 982 62 1119 1120 1114 
187 118 980 117 1085 1070 124 
188 944 984 116 1121 1122 1123 
189 117 944 116 1072 1123 123 
190 996 1002 972 1116 1124 1040 
191 218 947 217 1125 1103 224 
192 948 989 980 1126 1118 1084 
193 968 1008 974 1055 1127 1128 
194 62 982 63 1120 1129 69 
195 116 984 115 1122 1130 122 
196 59 949 60 1131 1132 66 
197 229 977 15 1133 1134 234 
198 61 996 941 1135 1039 1113 
199 961 967 958 1089 1136 1111 
200 971 985 968 1137 1092 1050 
201 968 974 967 1128 1138 1088 
202 951 954 953 1033 1139 1140 
203 942 1001 974 1141 1142 1025 
204 63 990 64 1143 1144 70 
205 115 992 114 1145 1146 121 
206 950 951 943 1028 1147 1097 
207 119 999 948 1045 1148 1081 
208 15 1012 240 1149 1150 247 
209 238 950 237 1151 1096 244 
210 982 990 63 1152 1143 1129 
211 949 996 60 1117 1153 1132 
212 240 940 239 1154 1155 246 
213 963 972 970 1156 1157 1158 
214 946 979 978 1159 1160 1161 
215 984 992 115 1032 1145 1130 
216 963 969 960 1162 1163 1164 
217 959 964 962 1165 1166 1167 
218 954 956 955 1038 1168 1169 
219 954 955 953 1169 1170 1139 
220 969 995 960 1171 1172 1163 
221 963 970 969 1158 1173 1162 
222 973 998 971 1174 1175 1083 
223 962 963 960 1176 1164 1177 
224 962 987 963 1178 1179 1176 
225 213 1007 14 1180 1181 219 
226 977 1012 15 1053 1149 1134 
227 976 985 945 1182 1183 1184 
228 964 966 962 1185 1186 1166 
229 963 987 972 1179 1034 1156 
230 966 987 962 1187 1178 1186 
231 4 1005 218 1188 1189 225 
232 959 962 960 1167 1177 1190 
233 239 994 238 1191 1192 245 
234 64 1005 4 1193 1188 71 
235 964 986 966 1194 1195 1185 
236 988 1000 944 1063 1196 1110 
237 956 958 957 1112 1197 1198 
238 946 1007 213 1199 1180 1087 
239 956 957 955 1198 1200 1168 
240 959 960 957 1190 1201 1202 
241 958 959 957 1203 1202 1197 
242 238 994 950 1192 1057 1151 
243 978 1007 946 1204 1199 1161 
244 940 994 239 1205 1191 1155 
245 14 1007 226 1181 1206 230 
246 955 965 953 1207 1042 1170 
247 959 991 964 1208 1209 1165 
248 997 1001 942 1210 1141 1105 
249 3 1006 59 1211 1212 65 
250 114 1006 3 1213 1211 120 
251 967 991 958 1214 1215 1136 
252 951 953 952 1140 1019 1216 
253 60 996 61 1153 1135 67 
254 964 997 986 1217 1218 1194 
255 958 991 959 1215 1208 1203 
256 943 983 236 1219 1094 1065 
257 986 997 981 1218 1104 1100 
258 951 952 943 1216 1220 1147 
259 228 945 229 1221 1222 233 
260 226 978 227 1223 1224 231 
261 227 976 228 1225 1226 232 
262 940 1012 998 1227 1052 1228 
263 979 985 976 1093 1182 1229 
264 214 993 946 1108 1230 1086 
265 945 977 229 1231 1133 1222 
266 960 995 957 1172 1232 1201 
267 944 1000 984 1196 1090 1121 
268 957 995 955 1232 1233 1200 
269 998 1010 971 1047 1234 1175 
270 991 997 964 1235 1217 1209 
271 228 976 945 1226 1184 1221 
272 227 978 976 1224 1236 1225 
273 991 1001 997 1237 1210 1235 
274 952 983 943 1238 1219 1220 
275 955 995 965 1233 1239 1207 
276 978 979 976 1160 1229 1236 
277 992 1002 949 1031 1115 1240 
278 983 999 235 1241 1043 1095 
279 987 1009 941 1242 1243 1035 
280 970 1000 969 1091 1080 1173 
281 992 1006 114 1244 1213 1146 
282 948 1004 989 1245 1068 1126 
283 940 1011 994 1246 1247 1205 
284 218 1005 947 1189 1248 1125 
285 967 1001 991 1249 1237 1214 
286 973 1011 998 1099 1250 1174 
287 985 1010 945 1251 1252 1183 
288 941 1009 982 1243 1253 1119 
289 982 1003 990 1254 1106 1152 
290 969 1013 995 1079 1255 1171 
291 965 1013 988 1256 1061 1067 
292 990 1005 64 1257 1193 1144 
293 972 1002 970 1124 1020 1157 
294 994 1011 975 1247 1098 1058 
295 59 1006 949 1212 1258 1131 
296 974 1001 967 1142 1249 1138 
297 971 1010 985 1234 1251 1137 
298 949 1006 992 1258 1244 1240 
299 986 1003 966 1075 1259 1195 
300 947 1005 990 1248 1257 1107 
301 1003 1009 966 1260 1261 1259 
302 982 1009 1003 1253 1260 1254 
303 983 1004 999 1262 1263 1241 
304 946 1008 979 1264 1054 1159 
305 998 1011 940 1250 1246 1228 
306 240 1012 940 1150 1227 1154 
307 966 1009 987 1261 1242 1187 
308 999 1004 948 1263 1245 1148 
309 952 1004 983 1069 1262 1238 
310 226 1007 978 1206 1204 1223 
311 993 1008 946 1265 1264 1230 
312 974 1008 993 1127 1265 1023 
313 945 1010 977 1252 1046 1231 
314 995 1013 965 1255 1256 1239 
2 13 9 160
315 1303 1310 1284 1326 1327 1328 
316 1280 1318 1294 1329 1330 1331 
317 1297 1310 1303 1332 1326 1333 
318 1268 1292 1291 1334 1335 1336 
319 17 1315 292 1337 1338 294 
320 292 1315 6 1338 1339 293 
321 1272 1290 1288 1340 1341 1342 
322 1280 1294 1289 1331 1343 1344 
323 1288 1289 1272 1345 1346 1342 
324 248 261 16 1347 276 254 
325 1308 1316 1275 1348 1349 1350 
326 262 1308 1275 1351 1350 1352 
327 1298 1319 1317 1353 1354 1355 
328 1299 1323 99 1356 1357 1358 
329 1291 1295 1268 1359 1360 1336 
330 1287 1299 1276 1361 1362 1363 
331 270 1281 1270 1364 1365 1366 
332 272 1287 1276 1367 1363 1368 
333 1272 1300 1290 1369 1370 1340 
334 1317 1319 114 1354 1371 1372 
335 98 1299 99 1373 1358 108 
336 1290 1311 1295 1374 1375 1376 
337 1281 1322 1270 1377 1378 1365 
338 1290 1295 1291 1376 1359 1379 
339 264 1277 1267 1380 1381 1382 
340 1294 1318 1273 1330 1383 1384 
341 1276 1321 1304 1385 1386 1387 
342 1293 1313 1275 1388 1389 1390 
343 1304 1321 97 1386 1391 1392 
344 117 1300 1272 1393 1369 1394 
345 1295 1311 1285 1375 1395 1396 
346 1302 1309 1286 1397 1398 1399 
347 275 1315 17 1400 1337 291 
348 1275 1313 1277 1389 1401 1402 
349 6 1315 95 1339 1403 104 
350 99 1323 1274 1357 1404 1405 
351 3 1317 114 1406 1372 120 
352 1290 1291 1288 1379 1407 1341 
353 1286 1322 1281 1408 1377 1409 
354 1285 1314 1284 1410 1411 1412 
355 266 1292 1268 1413 1334 1414 
356 103 1317 3 1415 1406 113 
357 252 1294 1273 1416 1384 1417 
358 1277 1278 1267 1418 1419 1381 
359 1284 1314 1303 1411 1420 1328 
360 1271 1314 1311 1421 1422 1423 
361 253 1294 252 1424 1416 259 
362 252 1273 251 1417 1425 258 
363 1271 1311 1300 1423 1426 1427 
364 269 1281 270 1428 1364 285 
365 271 1287 272 1429 1367 287 
366 1291 1292 1279 1335 1430 1431 
367 263 1277 264 1432 1380 279 
368 1309 1322 1286 1433 1408 1398 
369 101 1301 1269 1434 1435 1436 
370 1301 1302 1269 1437 1438 1435 
371 117 1272 118 1394 1439 124 
372 96 1304 97 1440 1392 106 
373 115 1271 116 1441 1442 122 
374 261 1308 262 1443 1351 277 
375 101 1269 102 1436 1444 111 
376 1268 1325 1306 1445 1446 1447 
377 1276 1304 273 1387 1448 1449 
378 1305 1309 1274 1450 1451 1452 
379 1273 1293 251 1453 1454 1425 
380 1269 1302 1297 1438 1455 1456 
381 1302 1310 1297 1457 1332 1455 
382 99 1274 100 1405 1458 109 
383 1271 1300 116 1427 1459 1442 
384 1271 1319 1303 1460 1461 1462 
385 102 1296 103 1463 1464 112 
386 1275 1316 1293 1349 1465 1390 
387 268 1306 1266 1466 1467 1468 
388 265 1292 266 1469 1413 281 
389 116 1300 117 1459 1393 123 
390 1294 1307 1289 1470 1471 1343 
391 1274 1301 100 1472 1473 1458 
392 1295 1325 1268 1474 1445 1360 
393 1274 1309 1301 1451 1475 1472 
394 1266 1306 1283 1467 1476 1477 
395 96 1312 1304 1478 1479 1440 
396 1304 1312 274 1479 1480 1481 
397 1294 1324 1307 1482 1483 1470 
398 1286 1310 1302 1484 1457 1399 
399 1289 1320 1272 1485 1486 1346 
400 251 1293 250 1454 1487 257 
401 100 1301 101 1473 1434 110 
402 262 1275 263 1352 1488 278 
403 1268 1306 267 1447 1489 1490 
404 1303 1319 1298 1461 1353 1491 
405 253 1324 1294 1492 1482 1424 
406 1270 1305 1287 1493 1494 1495 
407 272 1276 273 1368 1449 288 
408 270 1270 271 1366 1496 286 
409 268 1266 269 1468 1497 284 
410 273 1304 274 1448 1481 289 
411 1282 1286 1281 1498 1409 1499 
412 1266 1281 269 1500 1428 1497 
413 1270 1287 271 1495 1429 1496 
414 249 1308 248 1501 1502 255 
415 1288 1291 1279 1407 1431 1503 
416 1273 1313 1293 1504 1388 1453 
417 1301 1309 1302 1475 1397 1437 
418 1275 1277 263 1402 1432 1488 
419 118 1320 119 1505 1506 125 
420 119 1320 1307 1506 1507 1508 
421 267 1306 268 1489 1466 283 
422 1287 1323 1299 1509 1356 1361 
423 114 1319 115 1371 1510 121 
424 1297 1303 1298 1333 1491 1511 
425 264 1267 265 1382 1512 280 
426 7 1324 253 1513 1492 260 
427 1269 1297 1296 1456 1514 1515 
428 1300 1311 1290 1426 1374 1370 
429 1303 1314 1271 1420 1421 1462 
430 1279 1292 1267 1430 1516 1517 
431 266 1268 267 1414 1490 282 
432 1266 1282 1281 1518 1499 1500 
433 1278 1279 1267 1519 1517 1419 
434 1293 1316 250 1465 1520 1487 
435 1282 1310 1286 1521 1484 1498 
436 1305 1323 1287 1522 1509 1494 
437 1267 1292 265 1516 1469 1512 
438 1269 1296 102 1515 1463 1444 
439 1297 1298 1296 1511 1523 1514 
440 1285 1325 1295 1524 1474 1396 
441 1280 1288 1279 1525 1503 1526 
442 1278 1280 1279 1527 1526 1519 
443 1283 1285 1284 1528 1412 1529 
444 248 1308 261 1502 1443 1347 
445 274 1312 275 1480 1530 290 
446 1266 1283 1282 1477 1531 1518 
447 1280 1289 1288 1344 1345 1525 
448 1272 1320 118 1486 1505 1439 
449 1299 1321 1276 1532 1385 1362 
450 115 1319 1271 1510 1460 1441 
451 98 1321 1299 1533 1532 1373 
452 1305 1322 1309 1534 1433 1450 
453 95 1312 96 1535 1478 105 
454 97 1321 98 1391 1533 107 
455 1283 1284 1282 1529 1536 1531 
456 1284 1310 1282 1327 1521 1536 
457 1274 1323 1305 1404 1522 1452 
458 249 1316 1308 1537 1348 1501 
459 1283 1325 1285 1538 1524 1528 
460 1277 1313 1278 1401 1539 1418 
461 250 1316 249 1520 1537 256 
462 1273 1318 1313 1383 1540 1504 
463 119 1324 7 1541 1513 126 
464 1270 1322 1305 1378 1534 1493 
465 1312 1315 275 1542 1400 1530 
466 1296 1317 103 1543 1415 1464 
467 1307 1320 1289 1507 1485 1471 
468 1311 1314 1285 1422 1410 1395 
469 1306 1325 1283 1446 1538 1476 
470 1278 1318 1280 1544 1329 1527 
471 1298 1317 1296 1355 1543 1523 
472 95 1315 1312 1403 1542 1535 
473 1307 1324 119 1483 1541 1508 
474 1313 1318 1278 1540 1544 1539 
2 17 9 162
475 1568 1572 1547 1606 1607 1608 
476 1573 1602 1571 1609 1610 1611 
477 1577 1588 1550 1612 1613 1614 
478 19 1596 325 1615 1616 327 
479 1579 1582 1561 1617 1618 1619 
480 1571 1572 1568 1620 1606 1621 
481 325 1596 9 1616 1622 326 
482 1582 1585 1549 1623 1624 1625 
483 1571 1603 1573 1626 1627 1611 
484 295 15 240 300 247 1628 
485 1579 1585 1582 1629 1623 1617 
486 1577 1597 1588 1630 1631 1612 
487 1590 1602 1573 1632 1609 1633 
488 1572 1581 1547 1634 1635 1607 
489 296 1587 1554 1636 1637 1638 
490 1587 1598 1554 1639 1640 1637 
491 1562 1586 1561 1641 1642 1643 
492 7 1589 235 1644 1645 241 
493 1561 1582 1557 1618 1646 1647 
494 314 1596 19 1648 1615 324 
495 9 1596 148 1622 1649 158 
496 1550 1573 130 1650 1651 1652 
497 1557 1582 1556 1646 1653 1654 
498 1561 1586 1579 1642 1655 1619 
499 127 1589 7 1656 1644 133 
500 1563 1585 1575 1657 1658 1659 
501 131 1577 1550 1660 1614 1661 
502 1549 1585 1563 1624 1657 1662 
503 18 1567 1547 1663 1664 1665 
504 140 1592 8 1666 1667 149 
505 1588 1590 1550 1668 1669 1613 
506 1545 1581 1558 1670 1671 1672 
507 1562 1604 1586 1673 1674 1641 
508 1563 1575 1555 1659 1675 1676 
509 1558 1581 1572 1671 1634 1677 
510 1585 1605 1575 1678 1679 1658 
511 1556 1582 1549 1653 1625 1680 
512 8 1592 132 1667 1681 139 
513 1555 1600 1580 1682 1683 1684 
514 1551 1576 128 1685 1686 1687 
515 129 1573 1551 1688 1689 1690 
516 236 1552 237 1691 1692 243 
517 1567 1569 1568 1693 1694 1695 
518 1560 1590 1588 1696 1668 1697 
519 1573 1603 1551 1627 1698 1689 
520 1569 1570 1568 1699 1700 1694 
521 142 1578 1548 1701 1702 1703 
522 129 1551 128 1690 1687 135 
523 311 1563 1555 1704 1676 1705 
524 1555 1580 312 1684 1706 1707 
525 1545 1556 308 1708 1709 1710 
526 309 1556 1549 1711 1680 1712 
527 1549 1563 310 1662 1713 1714 
528 147 1580 146 1715 1716 156 
529 1571 1602 1572 1610 1717 1620 
530 131 1550 130 1661 1652 137 
531 1554 1598 1564 1640 1718 1719 
532 142 1548 141 1703 1720 151 
533 132 1577 131 1721 1660 138 
534 1550 1590 1573 1669 1633 1650 
535 1545 1557 1556 1722 1654 1708 
536 1552 1564 237 1723 1724 1692 
537 295 1587 296 1725 1636 301 
538 144 1553 143 1726 1727 153 
539 1567 1568 1547 1695 1608 1664 
540 307 1581 1545 1728 1670 1729 
541 1554 1584 297 1730 1731 1732 
542 128 1576 127 1686 1733 134 
543 235 1583 236 1734 1735 242 
544 1593 1599 1566 1736 1737 1738 
545 1575 1605 145 1679 1739 1740 
546 130 1573 129 1651 1688 136 
547 1553 1579 1578 1741 1742 1743 
548 1580 1600 146 1683 1744 1716 
549 1552 1565 1564 1745 1746 1723 
550 1588 1597 1562 1631 1747 1748 
551 1553 1585 1579 1749 1629 1741 
552 141 1574 140 1750 1751 150 
553 299 1567 18 1752 1663 305 
554 298 1584 1546 1753 1754 1755 
555 1553 1578 143 1743 1756 1727 
556 147 1591 1580 1757 1758 1715 
557 1580 1591 313 1758 1759 1760 
558 1566 1599 1565 1737 1761 1762 
559 1553 1605 1585 1763 1678 1749 
560 237 1564 238 1724 1764 244 
561 143 1578 142 1756 1701 152 
562 1547 1581 306 1635 1765 1766 
563 296 1554 297 1638 1732 302 
564 1564 1601 1554 1767 1768 1719 
565 308 1556 309 1709 1711 318 
566 309 1549 310 1712 1714 319 
567 311 1555 312 1705 1707 321 
568 312 1580 313 1706 1760 322 
569 307 1545 308 1729 1710 317 
570 310 1563 311 1713 1704 320 
571 239 1587 240 1769 1770 246 
572 297 1584 298 1731 1753 303 
573 1558 1572 1560 1677 1771 1772 
574 145 1605 144 1739 1773 154 
575 306 1581 307 1765 1728 316 
576 1576 1589 127 1774 1656 1733 
577 298 1546 299 1755 1775 304 
578 1559 1561 1557 1776 1647 1777 
579 1584 1599 1546 1778 1779 1754 
580 18 1547 306 1665 1766 315 
581 1570 1571 1568 1780 1621 1700 
582 1551 1594 1576 1781 1782 1685 
583 1578 1586 1548 1783 1784 1702 
584 1564 1598 238 1718 1785 1764 
585 1552 1566 1565 1786 1762 1745 
586 132 1592 1577 1681 1787 1721 
587 145 1600 1575 1788 1789 1740 
588 1569 1599 1593 1790 1736 1791 
589 1559 1562 1561 1792 1643 1776 
590 1546 1567 299 1793 1752 1775 
591 1565 1599 1584 1761 1778 1794 
592 1545 1558 1557 1672 1795 1722 
593 1593 1595 1594 1796 1797 1798 
594 1579 1586 1578 1655 1783 1742 
595 1548 1574 141 1799 1750 1720 
596 1554 1601 1584 1768 1800 1730 
597 1586 1604 1548 1674 1801 1784 
598 240 1587 295 1770 1725 1628 
599 1552 1583 1566 1802 1803 1786 
600 1575 1600 1555 1789 1682 1675 
601 313 1591 314 1759 1804 323 
602 236 1583 1552 1735 1802 1691 
603 1566 1595 1593 1805 1796 1738 
604 1558 1560 1559 1772 1806 1807 
605 1546 1569 1567 1808 1693 1793 
606 1565 1601 1564 1809 1767 1746 
607 148 1591 147 1810 1757 157 
608 144 1605 1553 1773 1763 1726 
609 1558 1559 1557 1807 1777 1795 
610 235 1589 1583 1645 1811 1734 
611 1559 1588 1562 1812 1748 1792 
612 239 1598 1587 1813 1639 1769 
613 1560 1588 1559 1697 1812 1806 
614 1584 1601 1565 1800 1809 1794 
615 1574 1592 140 1814 1666 1751 
616 146 1600 145 1744 1788 155 
617 1569 1593 1570 1791 1815 1699 
618 238 1598 239 1785 1813 245 
619 1574 1597 1592 1816 1817 1814 
620 1572 1602 1560 1717 1818 1771 
621 1583 1595 1566 1819 1805 1803 
622 1593 1594 1570 1798 1820 1815 
623 1591 1596 314 1821 1648 1804 
624 1589 1595 1583 1822 1819 1811 
625 1560 1602 1590 1818 1632 1696 
626 1592 1597 1577 1817 1630 1787 
627 1546 1599 1569 1779 1790 1808 
628 1576 1595 1589 1823 1822 1774 
629 148 1596 1591 1649 1821 1810 
630 1594 1595 1576 1797 1823 1782 
631 1548 1604 1574 1801 1824 1799 
632 1570 1603 1571 1825 1626 1780 
633 1594 1603 1570 1826 1825 1820 
634 1551 1603 1594 1698 1826 1781 
635 1597 1604 1562 1827 1673 1747 
636 1574 1604 1597 1824 1827 1816 
2 21 9 179
637 1842 1863 1861 1902 1903 1904 
638 1841 1877 1840 1905 1906 1907 
639 1862 1880 1830 1908 1909 1910 
640 1838 1863 1839 1911 1912 1913 
641 1858 1888 1871 1914 1915 1916 
642 1830 1880 330 1909 1917 1918 
643 1860 1875 1829 1919 1920 1921 
644 1839 1863 1842 1912 1902 1922 
645 1871 1888 1837 1915 1923 1924 
646 1829 1884 1860 1925 1926 1921 
647 1842 1861 1844 1904 1927 1928 
648 1853 1877 1841 1929 1905 1930 
649 253 1887 7 1931 1932 260 
650 7 1887 127 1932 1933 133 
651 1865 1898 1886 1934 1935 1936 
652 1849 1859 1856 1937 1938 1939 
653 1886 1900 1865 1940 1941 1936 
654 1867 1896 1856 1942 1943 1944 
655 1838 1881 1863 1945 1946 1911 
656 1844 1861 1849 1927 1947 1948 
657 1876 1901 1889 1949 1950 1951 
658 251 1831 252 1952 1953 258 
659 1876 1877 1853 1954 1929 1955 
660 1877 1892 1840 1956 1957 1906 
661 129 1868 1832 1958 1959 1960 
662 331 1830 330 1961 1918 337 
663 1835 1891 1874 1962 1963 1964 
664 331 1869 1830 1965 1966 1961 
665 1889 1901 1857 1950 1967 1968 
666 127 1836 128 1969 1970 134 
667 1849 1861 1859 1947 1971 1937 
668 1836 1868 128 1972 1973 1970 
669 329 1834 328 1974 1975 335 
670 1849 1856 1855 1939 1976 1977 
671 1856 1873 1867 1978 1979 1944 
672 1871 1889 1858 1980 1981 1916 
673 252 1872 253 1982 1983 259 
674 251 1838 1831 1984 1985 1952 
675 1863 1899 1861 1986 1987 1903 
676 1835 1874 1869 1964 1988 1989 
677 332 1869 331 1990 1965 338 
678 1835 1869 332 1989 1990 1991 
679 1869 1885 1830 1992 1993 1966 
680 1878 1891 1835 1994 1962 1995 
681 330 1880 329 1917 1996 336 
682 1868 1876 1832 1997 1998 1959 
683 1882 1888 1884 1999 2000 2001 
684 1844 1849 1846 1948 2002 2003 
685 1832 1871 130 2004 2005 2006 
686 162 1829 161 2007 2008 168 
687 1884 1888 1860 2000 2009 1926 
688 1868 1877 1876 2010 1954 1997 
689 1829 1870 161 2011 2012 2008 
690 128 1868 129 1973 1958 135 
691 129 1832 130 1960 2006 136 
692 333 1835 332 2013 1991 339 
693 1836 1877 1868 2014 2010 1972 
694 131 1871 1837 2015 1924 2016 
695 1856 1896 1862 1943 2017 2018 
696 130 1871 131 2005 2015 137 
697 161 1870 160 2012 2019 167 
698 131 1837 132 2016 2020 138 
699 344 1865 16 2021 2022 349 
700 162 1884 1829 2023 1925 2007 
701 1849 1855 1846 1977 2024 2002 
702 1859 1873 1856 2025 1978 1938 
703 1856 1862 1855 2018 2026 1976 
704 1839 1842 1841 1922 2027 2028 
705 1830 1890 1862 2029 2030 1910 
706 160 1878 159 2031 2032 166 
707 1838 1839 1831 1913 2033 1985 
708 127 1887 1836 1933 2034 1969 
709 16 1900 248 2035 2036 254 
710 250 1838 251 2037 1984 257 
711 1870 1878 160 2038 2031 2019 
712 1851 1860 1858 2039 2040 2041 
713 248 1828 249 2042 2043 255 
714 1834 1867 1866 2044 2045 2046 
715 1851 1857 1848 2047 2048 2049 
716 1847 1852 1850 2050 2051 2052 
717 1851 1858 1857 2041 2053 2047 
718 1842 1844 1843 1928 2054 2055 
719 1842 1843 1841 2055 2056 2027 
720 1857 1883 1848 2057 2058 2048 
721 1861 1886 1859 2059 2060 1971 
722 1850 1851 1848 2061 2049 2062 
723 1850 1875 1851 2063 2064 2061 
724 328 1894 20 2065 2066 334 
725 1865 1900 16 1941 2035 2022 
726 1851 1875 1860 2064 1919 2039 
727 1864 1873 1833 2067 2068 2069 
728 1852 1854 1850 2070 2071 2051 
729 1854 1875 1850 2072 2063 2071 
730 10 1893 333 2073 2074 340 
731 1847 1850 1848 2052 2062 2075 
732 249 1881 250 2076 2077 256 
733 1876 1889 1832 1951 2078 1998 
734 159 1893 10 2079 2073 165 
735 1852 1874 1854 2080 2081 2070 
736 1844 1846 1845 2003 2082 2083 
737 1834 1894 328 2084 2065 1975 
738 164 1882 163 2085 2086 170 
739 1844 1845 1843 2083 2087 2054 
740 1847 1848 1845 2075 2088 2089 
741 1846 1847 1845 2090 2089 2082 
742 1882 1884 163 2001 2091 2086 
743 250 1881 1838 2077 1945 2037 
744 1866 1894 1834 2092 2084 2046 
745 1828 1881 249 2093 2076 2043 
746 20 1894 341 2066 2094 345 
747 1843 1853 1841 2095 1930 2056 
748 1885 1890 1830 2096 2029 1993 
749 1847 1879 1852 2097 2098 2050 
750 163 1884 162 2091 2023 169 
751 1855 1879 1846 2099 2100 2024 
752 1839 1841 1840 2028 1907 2101 
753 8 1895 164 2102 2103 171 
754 132 1895 8 2104 2102 139 
755 1852 1885 1874 2105 2106 2080 
756 1846 1879 1847 2100 2097 2090 
757 1831 1872 252 2107 1982 1953 
758 1874 1885 1869 2106 1992 1988 
759 1839 1840 1831 2101 2108 2033 
760 343 1833 344 2109 2110 348 
761 341 1866 342 2111 2112 346 
762 1832 1889 1871 2078 1980 2004 
763 342 1864 343 2113 2114 347 
764 1828 1900 1886 2115 1940 2116 
765 1867 1873 1864 1979 2067 2117 
766 329 1880 1834 1996 2118 1974 
767 1848 1883 1845 2058 2119 2088 
768 1833 1865 344 2120 2021 2110 
769 1845 1883 1843 2119 2121 2087 
770 1886 1898 1859 1935 2122 2060 
771 1879 1885 1852 2123 2105 2098 
772 343 1864 1833 2114 2069 2109 
773 342 1866 1864 2112 2124 2113 
774 1879 1890 1885 2125 2096 2123 
775 1840 1872 1831 2126 2107 2108 
776 1843 1883 1853 2121 2127 2095 
777 1866 1867 1864 2045 2117 2124 
778 1872 1887 253 2128 1931 1983 
779 1875 1897 1829 2129 2130 1920 
780 1837 1888 1882 1923 1999 2131 
781 1860 1888 1858 2009 1914 2040 
782 1858 1889 1857 1981 1968 2053 
783 1836 1892 1877 2132 1956 2014 
784 1828 1899 1881 2133 2134 2093 
785 333 1893 1835 2074 2135 2013 
786 1855 1890 1879 2136 2125 2099 
787 1861 1899 1886 1987 2137 2059 
788 1873 1898 1833 2138 2139 2068 
789 1829 1897 1870 2130 2140 2011 
790 1870 1891 1878 2141 1994 2038 
791 1857 1901 1883 1967 2142 2057 
792 1853 1901 1876 2143 1949 1955 
793 1878 1893 159 2144 2079 2032 
794 1881 1899 1863 2134 1986 1946 
795 1837 1895 132 2145 2104 2020 
796 1862 1890 1855 2030 2136 2026 
797 1859 1898 1873 2122 2138 2025 
798 1874 1891 1854 1963 2146 2081 
799 1835 1893 1878 2135 2144 1995 
800 1891 1897 1854 2147 2148 2146 
801 1882 1895 1837 2149 2145 2131 
802 164 1895 1882 2103 2149 2085 
803 1870 1897 1891 2140 2147 2141 
804 1872 1892 1887 2150 2151 2128 
805 1834 1896 1867 2152 1942 2044 
806 1886 1899 1828 2137 2133 2116 
807 248 1900 1828 2036 2115 2042 
808 1854 1897 1875 2148 2129 2072 
809 1887 1892 1836 2151 2132 2034 
810 1840 1892 1872 1957 2150 2126 
811 341 1894 1866 2094 2092 2111 
812 1880 1896 1834 2153 2152 2118 
813 1862 1896 1880 2017 2153 1908 
814 1833 1898 1865 2139 1934 2120 
815 1883 1901 1853 2142 2143 2127 
2 25 9 73
816 2158 2166 2161 2180 2181 2182 
817 2156 2172 2162 2183 2184 2185 
818 2166 2171 2170 2186 2187 2188 
819 2165 2171 2166 2189 2186 2190 
820 2166 2177 2161 2191 2192 2181 
821 2160 2178 2169 2193 2194 2195 
822 191 2178 2160 2196 2193 2197 
823 2158 2161 180 2182 2198 2199 
824 2162 2172 2159 2184 2200 2201 
825 181 2164 2158 2202 2203 2204 
826 2160 2175 2164 2205 2206 2207 
827 191 2160 190 2197 2208 193 
828 2164 2165 2158 2209 2210 2203 
829 2161 2162 2159 2211 2201 2212 
830 179 2161 2159 2213 2212 2214 
831 2154 2171 2165 2215 2189 2216 
832 190 2173 12 2217 2218 192 
833 140 2163 141 2219 2220 150 
834 2162 2168 2156 2221 2222 2185 
835 181 2158 180 2204 2199 187 
836 141 2163 2156 2220 2223 2224 
837 182 2164 181 2225 2202 188 
838 179 2159 178 2214 2226 185 
839 8 2174 140 2227 2228 149 
840 2165 2166 2158 2190 2180 2210 
841 2159 2167 178 2229 2230 2226 
842 180 2161 179 2198 2213 186 
843 173 2157 172 2231 2232 175 
844 2164 2173 2160 2233 2234 2207 
845 2166 2170 2155 2188 2235 2236 
846 141 2156 142 2224 2237 151 
847 172 2174 8 2238 2227 174 
848 178 2167 177 2230 2239 184 
849 2163 2172 2156 2240 2183 2223 
850 12 2173 182 2218 2241 189 
851 2165 2175 2154 2242 2243 2216 
852 2168 2177 2155 2244 2245 2246 
853 2161 2177 2162 2192 2247 2211 
854 2156 2168 142 2222 2248 2237 
855 2159 2172 2167 2200 2249 2229 
856 2155 2177 2166 2245 2191 2236 
857 9 2178 191 2250 2196 194 
858 142 2168 143 2248 2251 152 
859 143 2155 144 2252 2253 153 
860 146 2154 147 2254 2255 156 
861 145 2171 146 2256 2257 155 
862 144 2170 145 2258 2259 154 
863 177 2176 11 2260 2261 183 
864 147 2169 148 2262 2263 157 
865 2157 2176 2167 2264 2265 2266 
866 11 2176 173 2261 2267 176 
867 182 2173 2164 2241 2233 2225 
868 2164 2175 2165 2206 2242 2209 
869 2167 2176 177 2265 2260 2239 
870 2154 2175 2169 2243 2268 2269 
871 2162 2177 2168 2247 2244 2221 
872 2167 2179 2157 2270 2271 2266 
873 2157 2174 172 2272 2238 2232 
874 143 2168 2155 2251 2246 2252 
875 146 2171 2154 2257 2215 2254 
876 2155 2170 144 2235 2258 2253 
877 2170 2171 145 2187 2256 2259 
878 2154 2169 147 2269 2262 2255 
879 2169 2175 2160 2268 2205 2195 
880 173 2176 2157 2267 2264 2231 
881 2160 2173 190 2234 2217 2208 
882 2174 2179 2163 2273 2274 2275 
883 2169 2178 148 2194 2276 2263 
884 2157 2179 2174 2271 2273 2272 
885 140 2174 2163 2228 2275 2219 
886 148 2178 9 2276 2250 158 
887 2163 2179 2172 2274 2277 2240 
888 2172 2179 2167 2277 2270 2249 
2 29 9 58
889 2278 2289 2288 2298 2299 2300 
890 2286 2287 2279 2301 2302 2303 
891 2286 2297 2287 2304 2305 2301 
892 2289 2296 2288 2306 2307 2299 
893 2280 2284 203 2308 2309 2310 
894 162 2285 2283 2311 2312 2313 
895 202 2284 2282 2314 2315 2316 
896 161 2285 162 2317 2311 168 
897 162 2283 163 2313 2318 169 
898 204 2280 203 2319 2310 210 
899 202 2282 201 2316 2320 208 
900 203 2284 202 2309 2314 209 
901 160 2281 161 2321 2322 167 
902 2281 2285 161 2323 2317 2322 
903 163 2289 164 2324 2325 170 
904 205 2288 204 2326 2327 211 
905 159 2287 160 2328 2329 166 
906 201 2286 200 2330 2331 207 
907 172 2278 173 2332 2333 175 
908 196 2279 195 2334 2335 198 
909 160 2287 2281 2329 2336 2321 
910 204 2288 2280 2327 2337 2319 
911 2283 2289 163 2338 2324 2318 
912 2282 2286 201 2339 2330 2320 
913 200 2291 13 2340 2341 206 
914 164 2293 8 2342 2343 171 
915 11 2290 205 2344 2345 212 
916 10 2292 159 2346 2347 165 
917 8 2293 172 2343 2348 174 
918 195 2292 10 2349 2346 197 
919 173 2290 11 2350 2344 176 
920 13 2291 196 2341 2351 199 
921 159 2292 2287 2347 2352 2328 
922 205 2290 2288 2345 2353 2326 
923 2289 2293 164 2354 2342 2325 
924 2286 2291 200 2355 2340 2331 
925 2288 2290 2278 2353 2356 2300 
926 2287 2292 2279 2352 2357 2302 
927 2279 2291 2286 2358 2355 2303 
928 2278 2293 2289 2359 2354 2298 
929 2281 2295 2285 2360 2361 2323 
930 2284 2295 2282 2362 2363 2315 
931 2280 2294 2284 2364 2365 2308 
932 2285 2294 2283 2366 2367 2312 
933 2294 2295 2284 2368 2362 2365 
934 2285 2295 2294 2361 2368 2366 
935 2281 2297 2295 2369 2370 2360 
936 2295 2297 2282 2370 2371 2363 
937 2294 2296 2283 2372 2373 2367 
938 2280 2296 2294 2374 2372 2364 
939 2278 2290 173 2356 2350 2333 
940 196 2291 2279 2351 2358 2334 
941 172 2293 2278 2348 2359 2332 
942 2279 2292 195 2357 2349 2335 
943 2282 2297 2286 2371 2304 2339 
944 2287 2297 2281 2305 2369 2336 
945 2288 2296 2280 2307 2374 2337 
946 2283 2296 2289 2373 2306 2338 
2 30 9 28
947 350 1 2375 351 2381 2382 
948 1 41 2375 47 2383 2381 
949 21 350 356 352 2384 362 
950 350 2375 356 2382 2385 2384 
951 2375 41 2376 2383 2386 2387 
952 41 42 2376 48 2388 2386 
953 356 2375 357 2385 2389 363 
954 2375 2376 357 2387 2390 2389 
955 2376 42 2377 2388 2391 2392 
956 42 43 2377 49 2393 2391 
957 357 2376 358 2390 2394 364 
958 2376 2377 358 2392 2395 2394 
959 2377 43 2378 2393 2396 2397 
960 43 44 2378 50 2398 2396 
961 358 2377 359 2395 2399 365 
962 2377 2378 359 2397 2400 2399 
963 2378 44 2379 2398 2401 2402 
964 44 45 2379 51 2403 2401 
965 359 2378 360 2400 2404 366 
966 2378 2379 360 2402 2405 2404 
967 2379 45 2380 2403 2406 2407 
968 45 46 2380 52 2408 2406 
969 360 2379 361 2405 2409 367 
970 2379 2380 361 2407 2410 2409 
971 2380 46 353 2408 2411 2412 
972 46 2 353 53 354 2411 
973 361 2380 22 2410 2413 368 
974 2380 353 22 2412 355 2413 
2 34 9 58
975 2491 2493 2484 2503 2504 2505 
976 2492 2494 2483 2506 2507 2508 
977 2492 2502 2494 2509 2510 2506 
978 2491 2501 2493 2511 2512 2503 
979 382 2490 2488 2513 2514 2515 
980 358 2489 2487 2516 2517 2518 
981 2486 2489 359 2519 2520 2521 
982 382 2488 381 2515 2522 388 
983 358 2487 357 2518 2523 364 
984 359 2489 358 2520 2516 365 
985 2485 2490 383 2524 2525 2526 
986 360 2486 359 2527 2521 366 
987 384 2485 383 2528 2526 390 
988 383 2490 382 2525 2513 389 
989 357 2492 356 2529 2530 363 
990 381 2491 380 2531 2532 387 
991 361 2493 360 2533 2534 367 
992 385 2494 384 2535 2536 391 
993 373 2484 372 2537 2538 375 
994 394 2483 393 2539 2540 396 
995 2488 2491 381 2541 2531 2522 
996 2487 2492 357 2542 2529 2523 
997 360 2493 2486 2534 2543 2527 
998 384 2494 2485 2536 2544 2528 
999 356 2496 21 2545 2546 362 
1000 22 2495 361 2547 2548 368 
1001 380 2497 23 2549 2550 386 
1002 24 2498 385 2551 2552 392 
1003 393 2498 24 2553 2551 395 
1004 372 2495 22 2554 2547 374 
1005 21 2496 394 2546 2555 397 
1006 23 2497 373 2550 2556 376 
1007 2491 2497 380 2557 2549 2532 
1008 2492 2496 356 2558 2545 2530 
1009 361 2495 2493 2548 2559 2533 
1010 385 2498 2494 2552 2560 2535 
1011 2484 2497 2491 2561 2557 2505 
1012 2483 2496 2492 2562 2558 2508 
1013 2493 2495 2484 2559 2563 2504 
1014 2494 2498 2483 2560 2564 2507 
1015 2490 2500 2499 2565 2566 2567 
1016 2490 2499 2488 2567 2568 2514 
1017 2499 2500 2489 2566 2569 2570 
1018 2486 2499 2489 2571 2570 2519 
1019 2485 2500 2490 2572 2565 2524 
1020 2489 2500 2487 2569 2573 2517 
1021 2485 2502 2500 2574 2575 2572 
1022 2500 2502 2487 2575 2576 2573 
1023 2499 2501 2488 2577 2578 2568 
1024 2486 2501 2499 2579 2577 2571 
1025 373 2497 2484 2556 2561 2537 
1026 2483 2498 393 2564 2553 2540 
1027 2484 2495 372 2563 2554 2538 
1028 394 2496 2483 2555 2562 2539 
1029 2488 2501 2491 2578 2511 2541 
1030 2487 2502 2492 2576 2509 2542 
1031 2494 2502 2485 2510 2574 2544 
1032 2493 2501 2486 2512 2579 2543 
2 35 9 28
1033 353 2 2580 354 2586 2587 
1034 2 77 2580 83 2588 2586 
1035 22 353 401 355 2589 407 
1036 353 2580 401 2587 2590 2589 
1037 2580 77 2581 2588 2591 2592 
1038 77 78 2581 84 2593 2591 
1039 401 2580 402 2590 2594 408 
1040 2580 2581 402 2592 2595 2594 
1041 2581 78 2582 2593 2596 2597 
1042 78 79 2582 85 2598 2596 
1043 402 2581 403 2595 2599 409 
1044 2581 2582 403 2597 2600 2599 
1045 2582 79 2583 2598 2601 2602 
1046 79 80 2583 86 2603 2601 
1047 403 2582 404 2600 2604 410 
1048 2582 2583 404 2602 2605 2604 
1049 2583 80 2584 2603 2606 2607 
1050 80 81 2584 87 2608 2606 
1051 404 2583 405 2605 2609 411 
1052 2583 2584 405 2607 2610 2609 
1053 2584 81 2585 2608 2611 2612 
1054 81 82 2585 88 2613 2611 
1055 405 2584 406 2610 2614 412 
1056 2584 2585 406 2612 2615 2614 
1057 2585 82 398 2613 2616 2617 
1058 82 5 398 89 399 2616 
1059 406 2585 25 2615 2618 413 
1060 2585 398 25 2617 400 2618 
2 38 9 73
1061 2695 2703 2698 2717 2718 2719 
1062 2693 2709 2699 2720 2721 2722 
1063 2703 2708 2707 2723 2724 2725 
1064 2702 2708 2703 2726 2723 2727 
1065 2703 2714 2698 2728 2729 2718 
1066 2697 2715 2706 2730 2731 2732 
1067 418 2715 2697 2733 2730 2734 
1068 2695 2698 404 2719 2735 2736 
1069 2699 2709 2696 2721 2737 2738 
1070 405 2701 2695 2739 2740 2741 
1071 2697 2712 2701 2742 2743 2744 
1072 418 2697 417 2734 2745 420 
1073 2701 2702 2695 2746 2747 2740 
1074 2698 2699 2696 2748 2738 2749 
1075 403 2698 2696 2750 2749 2751 
1076 2691 2708 2702 2752 2726 2753 
1077 417 2710 25 2754 2755 419 
1078 430 2700 429 2756 2757 439 
1079 2699 2705 2693 2758 2759 2722 
1080 405 2695 404 2741 2736 411 
1081 429 2700 2693 2757 2760 2761 
1082 406 2701 405 2762 2739 412 
1083 403 2696 402 2751 2763 409 
1084 23 2711 430 2764 2765 440 
1085 2702 2703 2695 2727 2717 2747 
1086 2696 2704 402 2766 2767 2763 
1087 404 2698 403 2735 2750 410 
1088 372 2694 373 2768 2769 375 
1089 2701 2710 2697 2770 2771 2744 
1090 2703 2707 2692 2725 2772 2773 
1091 429 2693 428 2761 2774 438 
1092 373 2711 23 2775 2764 376 
1093 402 2704 401 2767 2776 408 
1094 2700 2709 2693 2777 2720 2760 
1095 25 2710 406 2755 2778 413 
1096 2702 2712 2691 2779 2780 2753 
1097 2705 2714 2692 2781 2782 2783 
1098 2698 2714 2699 2729 2784 2748 
1099 2693 2705 428 2759 2785 2774 
1100 2696 2709 2704 2737 2786 2766 
1101 2692 2714 2703 2782 2728 2773 
1102 26 2715 418 2787 2733 421 
1103 428 2705 427 2785 2788 437 
1104 427 2692 426 2789 2790 436 
1105 424 2691 423 2791 2792 433 
1106 425 2708 424 2793 2794 434 
1107 426 2707 425 2795 2796 435 
1108 401 2713 22 2797 2798 407 
1109 423 2706 422 2799 2800 432 
1110 2694 2713 2704 2801 2802 2803 
1111 22 2713 372 2798 2804 374 
1112 406 2710 2701 2778 2770 2762 
1113 2701 2712 2702 2743 2779 2746 
1114 2704 2713 401 2802 2797 2776 
1115 2691 2712 2706 2780 2805 2806 
1116 2699 2714 2705 2784 2781 2758 
1117 2704 2716 2694 2807 2808 2803 
1118 2694 2711 373 2809 2775 2769 
1119 427 2705 2692 2788 2783 2789 
1120 424 2708 2691 2794 2752 2791 
1121 2692 2707 426 2772 2795 2790 
1122 2707 2708 425 2724 2793 2796 
1123 2691 2706 423 2806 2799 2792 
1124 2706 2712 2697 2805 2742 2732 
1125 372 2713 2694 2804 2801 2768 
1126 2697 2710 417 2771 2754 2745 
1127 2711 2716 2700 2810 2811 2812 
1128 2706 2715 422 2731 2813 2800 
1129 2694 2716 2711 2808 2810 2809 
1130 430 2711 2700 2765 2812 2756 
1131 422 2715 26 2813 2787 431 
1132 2700 2716 2709 2811 2814 2777 
1133 2709 2716 2704 2814 2807 2786 
2 43 9 179
1134 2973 2994 2992 3033 3034 3035 
1135 2972 3008 2971 3036 3037 3038 
1136 2989 3021 3003 3039 3040 3041 
1137 2993 3012 2961 3042 3043 3044 
1138 2969 2994 2970 3045 3046 3047 
1139 2961 3012 446 3043 3048 3049 
1140 3003 3021 3011 3040 3050 3051 
1141 2970 2994 2973 3046 3033 3052 
1142 2991 3006 2960 3053 3054 3055 
1143 2973 2992 2975 3035 3056 3057 
1144 2960 3015 2991 3058 3059 3055 
1145 2984 3008 2972 3060 3036 3061 
1146 472 3018 29 3062 3063 478 
1147 29 3018 490 3063 3064 497 
1148 2996 3029 3017 3065 3066 3067 
1149 2980 2990 2987 3068 3069 3070 
1150 3017 3031 2996 3071 3072 3067 
1151 2998 3027 2987 3073 3074 3075 
1152 2969 3013 2994 3076 3077 3045 
1153 2975 2992 2980 3056 3078 3079 
1154 3007 3032 3019 3080 3081 3082 
1155 474 2962 473 3083 3084 480 
1156 3007 3008 2984 3085 3060 3086 
1157 3008 3023 2971 3087 3088 3037 
1158 488 2999 2963 3089 3090 3091 
1159 447 2961 446 3092 3049 453 
1160 2966 3022 3005 3093 3094 3095 
1161 447 3000 2961 3096 3097 3092 
1162 3019 3032 2988 3081 3098 3099 
1163 490 2967 489 3100 3101 496 
1164 2980 2992 2990 3078 3102 3068 
1165 2967 2999 489 3103 3104 3101 
1166 445 2965 444 3105 3106 451 
1167 2980 2987 2986 3070 3107 3108 
1168 3003 3019 2989 3109 3110 3041 
1169 2987 3004 2998 3111 3112 3075 
1170 473 3002 472 3113 3114 479 
1171 474 2969 2962 3115 3116 3083 
1172 2994 3030 2992 3117 3118 3034 
1173 2966 3005 3000 3095 3119 3120 
1174 448 3000 447 3121 3096 454 
1175 2966 3000 448 3120 3121 3122 
1176 3000 3016 2961 3123 3124 3097 
1177 3009 3022 2966 3125 3093 3126 
1178 446 3012 445 3048 3127 452 
1179 2999 3007 2963 3128 3129 3090 
1180 2975 2980 2977 3079 3130 3131 
1181 382 2960 383 3132 3133 389 
1182 2968 3021 3015 3134 3135 3136 
1183 2999 3008 3007 3137 3085 3128 
1184 2960 3001 383 3138 3139 3133 
1185 489 2999 488 3104 3089 495 
1186 2963 3003 487 3140 3141 3142 
1187 488 2963 487 3091 3142 494 
1188 3015 3021 2991 3135 3143 3059 
1189 449 2966 448 3144 3122 455 
1190 2967 3008 2999 3145 3137 3103 
1191 2987 3027 2993 3074 3146 3147 
1192 383 3001 384 3139 3148 390 
1193 487 3003 486 3141 3149 493 
1194 380 2968 381 3150 3151 387 
1195 463 2996 28 3152 3153 468 
1196 382 3015 2960 3154 3058 3132 
1197 2980 2986 2977 3108 3155 3130 
1198 2990 3004 2987 3156 3111 3069 
1199 2987 2993 2986 3147 3157 3107 
1200 2970 2973 2972 3052 3158 3159 
1201 2961 3020 2993 3160 3161 3044 
1202 384 3009 385 3162 3163 391 
1203 486 3011 485 3164 3165 492 
1204 2969 2970 2962 3047 3166 3116 
1205 490 3018 2967 3064 3167 3100 
1206 28 3031 477 3168 3169 484 
1207 475 2969 474 3170 3115 481 
1208 3001 3009 384 3171 3162 3148 
1209 2968 3015 381 3136 3172 3151 
1210 477 2959 476 3173 3174 483 
1211 2982 2991 2989 3175 3176 3177 
1212 2965 2998 2997 3178 3179 3180 
1213 3003 3011 486 3051 3164 3149 
1214 2982 2988 2979 3181 3182 3183 
1215 2978 2983 2981 3184 3185 3186 
1216 2973 2975 2974 3057 3187 3188 
1217 2973 2974 2972 3188 3189 3158 
1218 2988 3014 2979 3190 3191 3182 
1219 2982 2989 2988 3177 3192 3181 
1220 2992 3017 2990 3193 3194 3102 
1221 2981 2982 2979 3195 3183 3196 
1222 2981 3006 2982 3197 3198 3195 
1223 444 3026 27 3199 3200 450 
1224 2996 3031 28 3072 3168 3153 
1225 2995 3004 2964 3201 3202 3203 
1226 2983 2985 2981 3204 3205 3185 
1227 2982 3006 2991 3198 3053 3175 
1228 2985 3006 2981 3206 3197 3205 
1229 24 3024 449 3207 3208 456 
1230 2978 2981 2979 3186 3196 3209 
1231 476 3013 475 3210 3211 482 
1232 385 3024 24 3212 3207 392 
1233 2983 3005 2985 3213 3214 3204 
1234 3007 3019 2963 3082 3215 3129 
1235 2975 2977 2976 3131 3216 3217 
1236 2965 3026 444 3218 3199 3106 
1237 2975 2976 2974 3217 3219 3187 
1238 2978 2979 2976 3209 3220 3221 
1239 2977 2978 2976 3222 3221 3216 
1240 475 3013 2969 3211 3076 3170 
1241 2997 3026 2965 3223 3218 3180 
1242 2959 3013 476 3224 3210 3174 
1243 27 3026 460 3200 3225 464 
1244 2974 2984 2972 3226 3061 3189 
1245 2978 3010 2983 3227 3228 3184 
1246 3016 3020 2961 3229 3160 3124 
1247 23 3025 380 3230 3231 386 
1248 485 3025 23 3232 3230 491 
1249 2986 3010 2977 3233 3234 3155 
1250 2970 2972 2971 3159 3038 3235 
1251 381 3015 382 3172 3154 388 
1252 2983 3016 3005 3236 3237 3213 
1253 2977 3010 2978 3234 3227 3222 
1254 2962 3002 473 3238 3113 3084 
1255 3005 3016 3000 3237 3123 3119 
1256 2970 2971 2962 3235 3239 3166 
1257 462 2964 463 3240 3241 467 
1258 460 2997 461 3242 3243 465 
1259 461 2995 462 3244 3245 466 
1260 2959 3031 3017 3246 3071 3247 
1261 2998 3004 2995 3112 3201 3248 
1262 445 3012 2965 3127 3249 3105 
1263 2964 2996 463 3250 3152 3241 
1264 2979 3014 2976 3191 3251 3220 
1265 2963 3019 3003 3215 3109 3140 
1266 2976 3014 2974 3251 3252 3219 
1267 3017 3029 2990 3066 3253 3194 
1268 3010 3016 2983 3254 3236 3228 
1269 462 2995 2964 3245 3203 3240 
1270 461 2997 2995 3243 3255 3244 
1271 3010 3020 3016 3256 3229 3254 
1272 2971 3002 2962 3257 3238 3239 
1273 2974 3014 2984 3252 3258 3226 
1274 2997 2998 2995 3179 3248 3255 
1275 3011 3021 2968 3050 3134 3259 
1276 3002 3018 472 3260 3062 3114 
1277 3006 3028 2960 3261 3262 3054 
1278 2989 3019 2988 3110 3099 3192 
1279 3011 3025 485 3263 3232 3165 
1280 2967 3023 3008 3264 3087 3145 
1281 2959 3030 3013 3265 3266 3224 
1282 449 3024 2966 3208 3267 3144 
1283 2986 3020 3010 3268 3256 3233 
1284 2992 3030 3017 3118 3269 3193 
1285 3004 3029 2964 3270 3271 3202 
1286 2960 3028 3001 3262 3272 3138 
1287 3001 3022 3009 3273 3125 3171 
1288 2988 3032 3014 3098 3274 3190 
1289 2984 3032 3007 3275 3080 3086 
1290 3009 3024 385 3276 3212 3163 
1291 2991 3021 2989 3143 3039 3176 
1292 3013 3030 2994 3266 3117 3077 
1293 380 3025 2968 3231 3277 3150 
1294 2993 3020 2986 3161 3268 3157 
1295 2990 3029 3004 3253 3270 3156 
1296 2968 3025 3011 3277 3263 3259 
1297 3005 3022 2985 3094 3278 3214 
1298 2966 3024 3009 3267 3276 3126 
1299 3022 3028 2985 3279 3280 3278 
1300 3001 3028 3022 3272 3279 3273 
1301 3002 3023 3018 3281 3282 3260 
1302 2965 3027 2998 3283 3073 3178 
1303 3017 3030 2959 3269 3265 3247 
1304 477 3031 2959 3169 3246 3173 
1305 2985 3028 3006 3280 3261 3206 
1306 3018 3023 2967 3282 3264 3167 
1307 2971 3023 3002 3088 3281 3257 
1308 460 3026 2997 3225 3223 3242 
1309 3012 3027 2965 3284 3283 3249 
1310 2993 3027 3012 3146 3284 3042 
1311 2964 3029 2996 3271 3065 3250 
1312 3014 3032 2984 3274 3275 3258 
2 47 9 160
1313 3463 3470 3444 3486 3487 3488 
1314 3440 3478 3454 3489 3490 3491 
1315 3457 3470 3463 3492 3486 3493 
1316 3428 3452 3451 3494 3495 3496 
1317 31 3475 548 3497 3498 550 
1318 548 3475 26 3498 3499 549 
1319 3432 3450 3448 3500 3501 3502 
1320 3440 3454 3449 3491 3503 3504 
1321 3448 3449 3432 3505 3506 3502 
1322 501 517 30 3507 532 507 
1323 3468 3476 3435 3508 3509 3510 
1324 518 3468 3435 3511 3510 3512 
1325 3458 3479 3477 3513 3514 3515 
1326 3459 3483 426 3516 3517 3518 
1327 3451 3455 3428 3519 3520 3496 
1328 3447 3459 3436 3521 3522 3523 
1329 526 3441 3430 3524 3525 3526 
1330 528 3447 3436 3527 3523 3528 
1331 3432 3460 3450 3529 3530 3500 
1332 3477 3479 485 3514 3531 3532 
1333 425 3459 426 3533 3518 435 
1334 3450 3471 3455 3534 3535 3536 
1335 3441 3482 3430 3537 3538 3525 
1336 3450 3455 3451 3536 3519 3539 
1337 520 3437 3427 3540 3541 3542 
1338 3454 3478 3433 3490 3543 3544 
1339 3436 3481 3464 3545 3546 3547 
1340 3453 3473 3435 3548 3549 3550 
1341 3464 3481 424 3546 3551 3552 
1342 488 3460 3432 3553 3529 3554 
1343 3455 3471 3445 3535 3555 3556 
1344 3462 3469 3446 3557 3558 3559 
1345 531 3475 31 3560 3497 547 
1346 3435 3473 3437 3549 3561 3562 
1347 26 3475 422 3499 3563 431 
1348 426 3483 3434 3517 3564 3565 
1349 23 3477 485 3566 3532 491 
1350 3450 3451 3448 3539 3567 3501 
1351 3446 3482 3441 3568 3537 3569 
1352 3445 3474 3444 3570 3571 3572 
1353 522 3452 3428 3573 3494 3574 
1354 430 3477 23 3575 3566 440 
1355 505 3454 3433 3576 3544 3577 
1356 3437 3438 3427 3578 3579 3541 
1357 3444 3474 3463 3571 3580 3488 
1358 3431 3474 3471 3581 3582 3583 
1359 506 3454 505 3584 3576 512 
1360 505 3433 504 3577 3585 511 
1361 3431 3471 3460 3583 3586 3587 
1362 525 3441 526 3588 3524 541 
1363 527 3447 528 3589 3527 543 
1364 3451 3452 3439 3495 3590 3591 
1365 519 3437 520 3592 3540 535 
1366 3469 3482 3446 3593 3568 3558 
1367 428 3461 3429 3594 3595 3596 
1368 3461 3462 3429 3597 3598 3595 
1369 488 3432 489 3554 3599 495 
1370 423 3464 424 3600 3552 433 
1371 486 3431 487 3601 3602 493 
1372 517 3468 518 3603 3511 533 
1373 428 3429 429 3596 3604 438 
1374 3428 3485 3466 3605 3606 3607 
1375 3436 3464 529 3547 3608 3609 
1376 3465 3469 3434 3610 3611 3612 
1377 3433 3453 504 3613 3614 3585 
1378 3429 3462 3457 3598 3615 3616 
1379 3462 3470 3457 3617 3492 3615 
1380 426 3434 427 3565 3618 436 
1381 3431 3460 487 3587 3619 3602 
1382 3431 3479 3463 3620 3621 3622 
1383 429 3456 430 3623 3624 439 
1384 3435 3476 3453 3509 3625 3550 
1385 524 3466 3426 3626 3627 3628 
1386 521 3452 522 3629 3573 537 
1387 487 3460 488 3619 3553 494 
1388 3454 3467 3449 3630 3631 3503 
1389 3434 3461 427 3632 3633 3618 
1390 3455 3485 3428 3634 3605 3520 
1391 3434 3469 3461 3611 3635 3632 
1392 3426 3466 3443 3627 3636 3637 
1393 423 3472 3464 3638 3639 3600 
1394 3464 3472 530 3639 3640 3641 
1395 3454 3484 3467 3642 3643 3630 
1396 3446 3470 3462 3644 3617 3559 
1397 3449 3480 3432 3645 3646 3506 
1398 504 3453 503 3614 3647 510 
1399 427 3461 428 3633 3594 437 
1400 518 3435 519 3512 3648 534 
1401 3428 3466 523 3607 3649 3650 
1402 3463 3479 3458 3621 3513 3651 
1403 506 3484 3454 3652 3642 3584 
1404 3430 3465 3447 3653 3654 3655 
1405 528 3436 529 3528 3609 544 
1406 526 3430 527 3526 3656 542 
1407 524 3426 525 3628 3657 540 
1408 529 3464 530 3608 3641 545 
1409 3442 3446 3441 3658 3569 3659 
1410 3426 3441 525 3660 3588 3657 
1411 3430 3447 527 3655 3589 3656 
1412 502 3468 501 3661 3662 508 
1413 3448 3451 3439 3567 3591 3663 
1414 3433 3473 3453 3664 3548 3613 
1415 3461 3469 3462 3635 3557 3597 
1416 3435 3437 519 3562 3592 3648 
1417 489 3480 490 3665 3666 496 
1418 490 3480 3467 3666 3667 3668 
1419 523 3466 524 3649 3626 539 
1420 3447 3483 3459 3669 3516 3521 
1421 485 3479 486 3531 3670 492 
1422 3457 3463 3458 3493 3651 3671 
1423 520 3427 521 3542 3672 536 
1424 29 3484 506 3673 3652 513 
1425 3429 3457 3456 3616 3674 3675 
1426 3460 3471 3450 3586 3534 3530 
1427 3463 3474 3431 3580 3581 3622 
1428 3439 3452 3427 3590 3676 3677 
1429 522 3428 523 3574 3650 538 
1430 3426 3442 3441 3678 3659 3660 
1431 3438 3439 3427 3679 3677 3579 
1432 3453 3476 503 3625 3680 3647 
1433 3442 3470 3446 3681 3644 3658 
1434 3465 3483 3447 3682 3669 3654 
1435 3427 3452 521 3676 3629 3672 
1436 3429 3456 429 3675 3623 3604 
1437 3457 3458 3456 3671 3683 3674 
1438 3445 3485 3455 3684 3634 3556 
1439 3440 3448 3439 3685 3663 3686 
1440 3438 3440 3439 3687 3686 3679 
1441 3443 3445 3444 3688 3572 3689 
1442 501 3468 517 3662 3603 3507 
1443 530 3472 531 3640 3690 546 
1444 3426 3443 3442 3637 3691 3678 
1445 3440 3449 3448 3504 3505 3685 
1446 3432 3480 489 3646 3665 3599 
1447 3459 3481 3436 3692 3545 3522 
1448 486 3479 3431 3670 3620 3601 
1449 425 3481 3459 3693 3692 3533 
1450 3465 3482 3469 3694 3593 3610 
1451 422 3472 423 3695 3638 432 
1452 424 3481 425 3551 3693 434 
1453 3443 3444 3442 3689 3696 3691 
1454 3444 3470 3442 3487 3681 3696 
1455 3434 3483 3465 3564 3682 3612 
1456 502 3476 3468 3697 3508 3661 
1457 3443 3485 3445 3698 3684 3688 
1458 3437 3473 3438 3561 3699 3578 
1459 503 3476 502 3680 3697 509 
1460 3433 3478 3473 3543 3700 3664 
1461 490 3484 29 3701 3673 497 
1462 3430 3482 3465 3538 3694 3653 
1463 3472 3475 531 3702 3560 3690 
1464 3456 3477 430 3703 3575 3624 
1465 3467 3480 3449 3667 3645 3631 
1466 3471 3474 3445 3582 3570 3555 
1467 3466 3485 3443 3606 3698 3636 
1468 3438 3478 3440 3704 3489 3687 
1469 3458 3477 3456 3515 3703 3683 
1470 422 3475 3472 3563 3702 3695 
1471 3467 3484 490 3643 3701 3668 
1472 3473 3478 3438 3700 3704 3699 
2 53 9 162
1473 3923 3927 3902 3961 3962 3963 
1474 3928 3957 3926 3964 3965 3966 
1475 3932 3943 3905 3967 3968 3969 
1476 33 3951 590 3970 3971 592 
1477 3934 3937 3916 3972 3973 3974 
1478 3926 3927 3923 3975 3961 3976 
1479 590 3951 34 3971 3977 591 
1480 3937 3940 3904 3978 3979 3980 
1481 3926 3958 3928 3981 3982 3966 
1482 554 28 477 559 484 3983 
1483 3934 3940 3937 3984 3978 3972 
1484 3932 3952 3943 3985 3986 3967 
1485 3945 3957 3928 3987 3964 3988 
1486 3927 3936 3902 3989 3990 3962 
1487 555 3942 3909 3991 3992 3993 
1488 3942 3953 3909 3994 3995 3992 
1489 3917 3941 3916 3996 3997 3998 
1490 29 3944 472 3999 4000 478 
1491 3916 3937 3912 3973 4001 4002 
1492 576 3951 33 4003 3970 586 
1493 34 3951 604 3977 4004 614 
1494 3905 3928 618 4005 4006 4007 
1495 3912 3937 3911 4001 4008 4009 
1496 3916 3941 3934 3997 4010 3974 
1497 615 3944 29 4011 3999 621 
1498 3918 3940 3930 4012 4013 4014 
1499 619 3932 3905 4015 3969 4016 
1500 3904 3940 3918 3979 4012 4017 
1501 32 3922 3902 4018 4019 4020 
1502 596 3947 35 4021 4022 605 
1503 3943 3945 3905 4023 4024 3968 
1504 3900 3936 3913 4025 4026 4027 
1505 3917 3959 3941 4028 4029 3996 
1506 3918 3930 3910 4014 4030 4031 
1507 3913 3936 3927 4026 3989 4032 
1508 3940 3960 3930 4033 4034 4013 
1509 3911 3937 3904 4008 3980 4035 
1510 35 3947 620 4022 4036 627 
1511 3910 3955 3935 4037 4038 4039 
1512 3906 3931 616 4040 4041 4042 
1513 617 3928 3906 4043 4044 4045 
1514 473 3907 474 4046 4047 480 
1515 3922 3924 3923 4048 4049 4050 
1516 3915 3945 3943 4051 4023 4052 
1517 3928 3958 3906 3982 4053 4044 
1518 3924 3925 3923 4054 4055 4049 
1519 598 3933 3903 4056 4057 4058 
1520 617 3906 616 4045 4042 623 
1521 573 3918 3910 4059 4031 4060 
1522 3910 3935 574 4039 4061 4062 
1523 3900 3911 570 4063 4064 4065 
1524 571 3911 3904 4066 4035 4067 
1525 3904 3918 572 4017 4068 4069 
1526 603 3935 602 4070 4071 612 
1527 3926 3957 3927 3965 4072 3975 
1528 619 3905 618 4016 4007 625 
1529 3909 3953 3919 3995 4073 4074 
1530 598 3903 597 4058 4075 607 
1531 620 3932 619 4076 4015 626 
1532 3905 3945 3928 4024 3988 4005 
1533 3900 3912 3911 4077 4009 4063 
1534 3907 3919 474 4078 4079 4047 
1535 554 3942 555 4080 3991 560 
1536 600 3908 599 4081 4082 609 
1537 3922 3923 3902 4050 3963 4019 
1538 569 3936 3900 4083 4025 4084 
1539 3909 3939 556 4085 4086 4087 
1540 616 3931 615 4041 4088 622 
1541 472 3938 473 4089 4090 479 
1542 3948 3954 3921 4091 4092 4093 
1543 3930 3960 601 4034 4094 4095 
1544 618 3928 617 4006 4043 624 
1545 3908 3934 3933 4096 4097 4098 
1546 3935 3955 602 4038 4099 4071 
1547 3907 3920 3919 4100 4101 4078 
1548 3943 3952 3917 3986 4102 4103 
1549 3908 3940 3934 4104 3984 4096 
1550 597 3929 596 4105 4106 606 
1551 558 3922 32 4107 4018 564 
1552 557 3939 3901 4108 4109 4110 
1553 3908 3933 599 4098 4111 4082 
1554 603 3946 3935 4112 4113 4070 
1555 3935 3946 575 4113 4114 4115 
1556 3921 3954 3920 4092 4116 4117 
1557 3908 3960 3940 4118 4033 4104 
1558 474 3919 475 4079 4119 481 
1559 599 3933 598 4111 4056 608 
1560 3902 3936 568 3990 4120 4121 
1561 555 3909 556 3993 4087 561 
1562 3919 3956 3909 4122 4123 4074 
1563 570 3911 571 4064 4066 580 
1564 571 3904 572 4067 4069 581 
1565 573 3910 574 4060 4062 583 
1566 574 3935 575 4061 4115 584 
1567 569 3900 570 4084 4065 579 
1568 572 3918 573 4068 4059 582 
1569 476 3942 477 4124 4125 483 
1570 556 3939 557 4086 4108 562 
1571 3913 3927 3915 4032 4126 4127 
1572 601 3960 600 4094 4128 610 
1573 568 3936 569 4120 4083 578 
1574 3931 3944 615 4129 4011 4088 
1575 557 3901 558 4110 4130 563 
1576 3914 3916 3912 4131 4002 4132 
1577 3939 3954 3901 4133 4134 4109 
1578 32 3902 568 4020 4121 577 
1579 3925 3926 3923 4135 3976 4055 
1580 3906 3949 3931 4136 4137 4040 
1581 3933 3941 3903 4138 4139 4057 
1582 3919 3953 475 4073 4140 4119 
1583 3907 3921 3920 4141 4117 4100 
1584 620 3947 3932 4036 4142 4076 
1585 601 3955 3930 4143 4144 4095 
1586 3924 3954 3948 4145 4091 4146 
1587 3914 3917 3916 4147 3998 4131 
1588 3901 3922 558 4148 4107 4130 
1589 3920 3954 3939 4116 4133 4149 
1590 3900 3913 3912 4027 4150 4077 
1591 3948 3950 3949 4151 4152 4153 
1592 3934 3941 3933 4010 4138 4097 
1593 3903 3929 597 4154 4105 4075 
1594 3909 3956 3939 4123 4155 4085 
1595 3941 3959 3903 4029 4156 4139 
1596 477 3942 554 4125 4080 3983 
1597 3907 3938 3921 4157 4158 4141 
1598 3930 3955 3910 4144 4037 4030 
1599 575 3946 576 4114 4159 585 
1600 473 3938 3907 4090 4157 4046 
1601 3921 3950 3948 4160 4151 4093 
1602 3913 3915 3914 4127 4161 4162 
1603 3901 3924 3922 4163 4048 4148 
1604 3920 3956 3919 4164 4122 4101 
1605 604 3946 603 4165 4112 613 
1606 600 3960 3908 4128 4118 4081 
1607 3913 3914 3912 4162 4132 4150 
1608 472 3944 3938 4000 4166 4089 
1609 3914 3943 3917 4167 4103 4147 
1610 476 3953 3942 4168 3994 4124 
1611 3915 3943 3914 4052 4167 4161 
1612 3939 3956 3920 4155 4164 4149 
1613 3929 3947 596 4169 4021 4106 
1614 602 3955 601 4099 4143 611 
1615 3924 3948 3925 4146 4170 4054 
1616 475 3953 476 4140 4168 482 
1617 3929 3952 3947 4171 4172 4169 
1618 3927 3957 3915 4072 4173 4126 
1619 3938 3950 3921 4174 4160 4158 
1620 3948 3949 3925 4153 4175 4170 
1621 3946 3951 576 4176 4003 4159 
1622 3944 3950 3938 4177 4174 4166 
1623 3915 3957 3945 4173 3987 4051 
1624 3947 3952 3932 4172 3985 4142 
1625 3901 3954 3924 4134 4145 4163 
1626 3931 3950 3944 4178 4177 4129 
1627 604 3951 3946 4004 4176 4165 
1628 3949 3950 3931 4152 4178 4137 
1629 3903 3959 3929 4156 4179 4154 
1630 3925 3958 3926 4180 3981 4135 
1631 3949 3958 3925 4181 4180 4175 
1632 3906 3958 3949 4053 4181 4136 
1633 3952 3959 3917 4182 4028 4102 
1634 3929 3959 3952 4179 4182 4171 
2 57 9 179
1635 4302 4323 4321 4362 4363 4364 
1636 4301 4337 4300 4365 4366 4367 
1637 4322 4340 4290 4368 4369 4370 
1638 4298 4323 4299 4371 4372 4373 
1639 4318 4348 4331 4374 4375 4376 
1640 4290 4340 649 4369 4377 4378 
1641 4320 4335 4289 4379 4380 4381 
1642 4299 4323 4302 4372 4362 4382 
1643 4331 4348 4297 4375 4383 4384 
1644 4289 4344 4320 4385 4386 4381 
1645 4302 4321 4304 4364 4387 4388 
1646 4313 4337 4301 4389 4365 4390 
1647 506 4347 29 4391 4392 513 
1648 29 4347 615 4392 4393 621 
1649 4325 4358 4346 4394 4395 4396 
1650 4309 4319 4316 4397 4398 4399 
1651 4346 4360 4325 4400 4401 4396 
1652 4327 4356 4316 4402 4403 4404 
1653 4298 4341 4323 4405 4406 4371 
1654 4304 4321 4309 4387 4407 4408 
1655 4336 4361 4349 4409 4410 4411 
1656 504 4291 505 4412 4413 511 
1657 4336 4337 4313 4414 4389 4415 
1658 4337 4352 4300 4416 4417 4366 
1659 617 4328 4292 4418 4419 4420 
1660 650 4290 649 4421 4378 656 
1661 4295 4351 4334 4422 4423 4424 
1662 650 4329 4290 4425 4426 4421 
1663 4349 4361 4317 4410 4427 4428 
1664 615 4296 616 4429 4430 622 
1665 4309 4321 4319 4407 4431 4397 
1666 4296 4328 616 4432 4433 4430 
1667 648 4294 647 4434 4435 654 
1668 4309 4316 4315 4399 4436 4437 
1669 4316 4333 4327 4438 4439 4404 
1670 4331 4349 4318 4440 4441 4376 
1671 505 4332 506 4442 4443 512 
1672 504 4298 4291 4444 4445 4412 
1673 4323 4359 4321 4446 4447 4363 
1674 4295 4334 4329 4424 4448 4449 
1675 651 4329 650 4450 4425 657 
1676 4295 4329 651 4449 4450 4451 
1677 4329 4345 4290 4452 4453 4426 
1678 4338 4351 4295 4454 4422 4455 
1679 649 4340 648 4377 4456 655 
1680 4328 4336 4292 4457 4458 4419 
1681 4342 4348 4344 4459 4460 4461 
1682 4304 4309 4306 4408 4462 4463 
1683 4292 4331 618 4464 4465 4466 
1684 634 4289 633 4467 4468 640 
1685 4344 4348 4320 4460 4469 4386 
1686 4328 4337 4336 4470 4414 4457 
1687 4289 4330 633 4471 4472 4468 
1688 616 4328 617 4433 4418 623 
1689 617 4292 618 4420 4466 624 
1690 652 4295 651 4473 4451 658 
1691 4296 4337 4328 4474 4470 4432 
1692 619 4331 4297 4475 4384 4476 
1693 4316 4356 4322 4403 4477 4478 
1694 618 4331 619 4465 4475 625 
1695 633 4330 632 4472 4479 639 
1696 619 4297 620 4476 4480 626 
1697 663 4325 30 4481 4482 668 
1698 634 4344 4289 4483 4385 4467 
1699 4309 4315 4306 4437 4484 4462 
1700 4319 4333 4316 4485 4438 4398 
1701 4316 4322 4315 4478 4486 4436 
1702 4299 4302 4301 4382 4487 4488 
1703 4290 4350 4322 4489 4490 4370 
1704 632 4338 631 4491 4492 638 
1705 4298 4299 4291 4373 4493 4445 
1706 615 4347 4296 4393 4494 4429 
1707 30 4360 501 4495 4496 507 
1708 503 4298 504 4497 4444 510 
1709 4330 4338 632 4498 4491 4479 
1710 4311 4320 4318 4499 4500 4501 
1711 501 4288 502 4502 4503 508 
1712 4294 4327 4326 4504 4505 4506 
1713 4311 4317 4308 4507 4508 4509 
1714 4307 4312 4310 4510 4511 4512 
1715 4311 4318 4317 4501 4513 4507 
1716 4302 4304 4303 4388 4514 4515 
1717 4302 4303 4301 4515 4516 4487 
1718 4317 4343 4308 4517 4518 4508 
1719 4321 4346 4319 4519 4520 4431 
1720 4310 4311 4308 4521 4509 4522 
1721 4310 4335 4311 4523 4524 4521 
1722 647 4354 37 4525 4526 653 
1723 4325 4360 30 4401 4495 4482 
1724 4311 4335 4320 4524 4379 4499 
1725 4324 4333 4293 4527 4528 4529 
1726 4312 4314 4310 4530 4531 4511 
1727 4314 4335 4310 4532 4523 4531 
1728 36 4353 652 4533 4534 659 
1729 4307 4310 4308 4512 4522 4535 
1730 502 4341 503 4536 4537 509 
1731 4336 4349 4292 4411 4538 4458 
1732 631 4353 36 4539 4533 637 
1733 4312 4334 4314 4540 4541 4530 
1734 4304 4306 4305 4463 4542 4543 
1735 4294 4354 647 4544 4525 4435 
1736 636 4342 635 4545 4546 642 
1737 4304 4305 4303 4543 4547 4514 
1738 4307 4308 4305 4535 4548 4549 
1739 4306 4307 4305 4550 4549 4542 
1740 4342 4344 635 4461 4551 4546 
1741 503 4341 4298 4537 4405 4497 
1742 4326 4354 4294 4552 4544 4506 
1743 4288 4341 502 4553 4536 4503 
1744 37 4354 660 4526 4554 664 
1745 4303 4313 4301 4555 4390 4516 
1746 4345 4350 4290 4556 4489 4453 
1747 4307 4339 4312 4557 4558 4510 
1748 635 4344 634 4551 4483 641 
1749 4315 4339 4306 4559 4560 4484 
1750 4299 4301 4300 4488 4367 4561 
1751 35 4355 636 4562 4563 643 
1752 620 4355 35 4564 4562 627 
1753 4312 4345 4334 4565 4566 4540 
1754 4306 4339 4307 4560 4557 4550 
1755 4291 4332 505 4567 4442 4413 
1756 4334 4345 4329 4566 4452 4448 
1757 4299 4300 4291 4561 4568 4493 
1758 662 4293 663 4569 4570 667 
1759 660 4326 661 4571 4572 665 
1760 4292 4349 4331 4538 4440 4464 
1761 661 4324 662 4573 4574 666 
1762 4288 4360 4346 4575 4400 4576 
1763 4327 4333 4324 4439 4527 4577 
1764 648 4340 4294 4456 4578 4434 
1765 4308 4343 4305 4518 4579 4548 
1766 4293 4325 663 4580 4481 4570 
1767 4305 4343 4303 4579 4581 4547 
1768 4346 4358 4319 4395 4582 4520 
1769 4339 4345 4312 4583 4565 4558 
1770 662 4324 4293 4574 4529 4569 
1771 661 4326 4324 4572 4584 4573 
1772 4339 4350 4345 4585 4556 4583 
1773 4300 4332 4291 4586 4567 4568 
1774 4303 4343 4313 4581 4587 4555 
1775 4326 4327 4324 4505 4577 4584 
1776 4332 4347 506 4588 4391 4443 
1777 4335 4357 4289 4589 4590 4380 
1778 4297 4348 4342 4383 4459 4591 
1779 4320 4348 4318 4469 4374 4500 
1780 4318 4349 4317 4441 4428 4513 
1781 4296 4352 4337 4592 4416 4474 
1782 4288 4359 4341 4593 4594 4553 
1783 652 4353 4295 4534 4595 4473 
1784 4315 4350 4339 4596 4585 4559 
1785 4321 4359 4346 4447 4597 4519 
1786 4333 4358 4293 4598 4599 4528 
1787 4289 4357 4330 4590 4600 4471 
1788 4330 4351 4338 4601 4454 4498 
1789 4317 4361 4343 4427 4602 4517 
1790 4313 4361 4336 4603 4409 4415 
1791 4338 4353 631 4604 4539 4492 
1792 4341 4359 4323 4594 4446 4406 
1793 4297 4355 620 4605 4564 4480 
1794 4322 4350 4315 4490 4596 4486 
1795 4319 4358 4333 4582 4598 4485 
1796 4334 4351 4314 4423 4606 4541 
1797 4295 4353 4338 4595 4604 4455 
1798 4351 4357 4314 4607 4608 4606 
1799 4342 4355 4297 4609 4605 4591 
1800 636 4355 4342 4563 4609 4545 
1801 4330 4357 4351 4600 4607 4601 
1802 4332 4352 4347 4610 4611 4588 
1803 4294 4356 4327 4612 4402 4504 
1804 4346 4359 4288 4597 4593 4576 
1805 501 4360 4288 4496 4575 4502 
1806 4314 4357 4335 4608 4589 4532 
1807 4347 4352 4296 4611 4592 4494 
1808 4300 4352 4332 4417 4610 4586 
1809 660 4354 4326 4554 4552 4571 
1810 4340 4356 4294 4613 4612 4578 
1811 4322 4356 4340 4477 4613 4368 
1812 4293 4358 4325 4599 4394 4580 
1813 4343 4361 4313 4602 4603 4587 
2 59 9 28
1814 669 11 4629 670 4635 4636 
1815 11 177 4629 183 4637 4635 
1816 38 669 680 671 4638 686 
1817 669 4629 680 4636 4639 4638 
1818 4629 177 4630 4637 4640 4641 
1819 177 178 4630 184 4642 4640 
1820 680 4629 681 4639 4643 687 
1821 4629 4630 681 4641 4644 4643 
1822 4630 178 4631 4642 4645 4646 
1823 178 179 4631 185 4647 4645 
1824 681 4630 682 4644 4648 688 
1825 4630 4631 682 4646 4649 4648 
1826 4631 179 4632 4647 4650 4651 
1827 179 180 4632 186 4652 4650 
1828 682 4631 683 4649 4653 689 
1829 4631 4632 683 4651 4654 4653 
1830 4632 180 4633 4652 4655 4656 
1831 180 181 4633 187 4657 4655 
1832 683 4632 684 4654 4658 690 
1833 4632 4633 684 4656 4659 4658 
1834 4633 181 4634 4657 4660 4661 
1835 181 182 4634 188 4662 4660 
1836 684 4633 685 4659 4663 691 
1837 4633 4634 685 4661 4664 4663 
1838 4634 182 677 4662 4665 4666 
1839 182 12 677 189 678 4665 
1840 685 4634 39 4664 4667 692 
1841 4634 677 39 4666 679 4667 
2 61 9 73
1842 4687 4695 4690 4709 4710 4711 
1843 4685 4701 4691 4712 4713 4714 
1844 4695 4700 4699 4715 4716 4717 
1845 4694 4700 4695 4718 4715 4719 
1846 4695 4706 4690 4720 4721 4710 
1847 4689 4707 4698 4722 4723 4724 
1848 694 4707 4689 4725 4722 4726 
1849 4687 4690 683 4711 4727 4728 
1850 4691 4701 4688 4713 4729 4730 
1851 684 4693 4687 4731 4732 4733 
1852 4689 4704 4693 4734 4735 4736 
1853 694 4689 693 4726 4737 696 
1854 4693 4694 4687 4738 4739 4732 
1855 4690 4691 4688 4740 4730 4741 
1856 682 4690 4688 4742 4741 4743 
1857 4683 4700 4694 4744 4718 4745 
1858 693 4702 39 4746 4747 695 
1859 596 4692 597 4748 4749 606 
1860 4691 4697 4685 4750 4751 4714 
1861 684 4687 683 4733 4728 690 
1862 597 4692 4685 4749 4752 4753 
1863 685 4693 684 4754 4731 691 
1864 682 4688 681 4743 4755 688 
1865 35 4703 596 4756 4757 605 
1866 4694 4695 4687 4719 4709 4739 
1867 4688 4696 681 4758 4759 4755 
1868 683 4690 682 4727 4742 689 
1869 673 4686 672 4760 4761 675 
1870 4693 4702 4689 4762 4763 4736 
1871 4695 4699 4684 4717 4764 4765 
1872 597 4685 598 4753 4766 607 
1873 672 4703 35 4767 4756 674 
1874 681 4696 680 4759 4768 687 
1875 4692 4701 4685 4769 4712 4752 
1876 39 4702 685 4747 4770 692 
1877 4694 4704 4683 4771 4772 4745 
1878 4697 4706 4684 4773 4774 4775 
1879 4690 4706 4691 4721 4776 4740 
1880 4685 4697 598 4751 4777 4766 
1881 4688 4701 4696 4729 4778 4758 
1882 4684 4706 4695 4774 4720 4765 
1883 34 4707 694 4779 4725 697 
1884 598 4697 599 4777 4780 608 
1885 599 4684 600 4781 4782 609 
1886 602 4683 603 4783 4784 612 
1887 601 4700 602 4785 4786 611 
1888 600 4699 601 4787 4788 610 
1889 680 4705 38 4789 4790 686 
1890 603 4698 604 4791 4792 613 
1891 4686 4705 4696 4793 4794 4795 
1892 38 4705 673 4790 4796 676 
1893 685 4702 4693 4770 4762 4754 
1894 4693 4704 4694 4735 4771 4738 
1895 4696 4705 680 4794 4789 4768 
1896 4683 4704 4698 4772 4797 4798 
1897 4691 4706 4697 4776 4773 4750 
1898 4696 4708 4686 4799 4800 4795 
1899 4686 4703 672 4801 4767 4761 
1900 599 4697 4684 4780 4775 4781 
1901 602 4700 4683 4786 4744 4783 
1902 4684 4699 600 4764 4787 4782 
1903 4699 4700 601 4716 4785 4788 
1904 4683 4698 603 4798 4791 4784 
1905 4698 4704 4689 4797 4734 4724 
1906 673 4705 4686 4796 4793 4760 
1907 4689 4702 693 4763 4746 4737 
1908 4703 4708 4692 4802 4803 4804 
1909 4698 4707 604 4723 4805 4792 
1910 4686 4708 4703 4800 4802 4801 
1911 596 4703 4692 4757 4804 4748 
1912 604 4707 34 4805 4779 614 
1913 4692 4708 4701 4803 4806 4769 
1914 4701 4708 4696 4806 4799 4778 
2 63 9 28
1915 698 13 4822 699 4828 4829 
1916 13 200 4822 206 4830 4828 
1917 40 698 706 700 4831 712 
1918 698 4822 706 4829 4832 4831 
1919 4822 200 4823 4830 4833 4834 
1920 200 201 4823 207 4835 4833 
1921 706 4822 707 4832 4836 713 
1922 4822 4823 707 4834 4837 4836 
1923 4823 201 4824 4835 4838 4839 
1924 201 202 4824 208 4840 4838 
1925 707 4823 708 4837 4841 714 
1926 4823 4824 708 4839 4842 4841 
1927 4824 202 4825 4840 4843 4844 
1928 202 203 4825 209 4845 4843 
1929 708 4824 709 4842 4846 715 
1930 4824 4825 709 4844 4847 4846 
1931 4825 203 4826 4845 4848 4849 
1932 203 204 4826 210 4850 4848 
1933 709 4825 710 4847 4851 716 
1934 4825 4826 710 4849 4852 4851 
1935 4826 204 4827 4850 4853 4854 
1936 204 205 4827 211 4855 4853 
1937 710 4826 711 4852 4856 717 
1938 4826 4827 711 4854 4857 4856 
1939 4827 205 669 4855 4858 4859 
1940 205 11 669 212 670 4858 
1941 711 4827 38 4857 4860 718 
1942 4827 669 38 4859 671 4860 
2 64 9 58
1943 4861 4872 4871 4881 4882 4883 
1944 4869 4870 4862 4884 4885 4886 
1945 4869 4880 4870 4887 4888 4884 
1946 4872 4879 4871 4889 4890 4882 
1947 4863 4867 709 4891 4892 4893 
1948 634 4868 4866 4894 4895 4896 
1949 708 4867 4865 4897 4898 4899 
1950 633 4868 634 4900 4894 640 
1951 634 4866 635 4896 4901 641 
1952 710 4863 709 4902 4893 716 
1953 708 4865 707 4899 4903 714 
1954 709 4867 708 4892 4897 715 
1955 632 4864 633 4904 4905 639 
1956 4864 4868 633 4906 4900 4905 
1957 635 4872 636 4907 4908 642 
1958 711 4871 710 4909 4910 717 
1959 631 4870 632 4911 4912 638 
1960 707 4869 706 4913 4914 713 
1961 672 4861 673 4915 4916 675 
1962 702 4862 701 4917 4918 704 
1963 632 4870 4864 4912 4919 4904 
1964 710 4871 4863 4910 4920 4902 
1965 4866 4872 635 4921 4907 4901 
1966 4865 4869 707 4922 4913 4903 
1967 706 4874 40 4923 4924 712 
1968 636 4876 35 4925 4926 643 
1969 38 4873 711 4927 4928 718 
1970 36 4875 631 4929 4930 637 
1971 35 4876 672 4926 4931 674 
1972 701 4875 36 4932 4929 703 
1973 673 4873 38 4933 4927 676 
1974 40 4874 702 4924 4934 705 
1975 631 4875 4870 4930 4935 4911 
1976 711 4873 4871 4928 4936 4909 
1977 4872 4876 636 4937 4925 4908 
1978 4869 4874 706 4938 4923 4914 
1979 4871 4873 4861 4936 4939 4883 
1980 4870 4875 4862 4935 4940 4885 
1981 4862 4874 4869 4941 4938 4886 
1982 4861 4876 4872 4942 4937 4881 
1983 4864 4878 4868 4943 4944 4906 
1984 4867 4878 4865 4945 4946 4898 
1985 4863 4877 4867 4947 4948 4891 
1986 4868 4877 4866 4949 4950 4895 
1987 4877 4878 4867 4951 4945 4948 
1988 4868 4878 4877 4944 4951 4949 
1989 4864 4880 4878 4952 4953 4943 
1990 4878 4880 4865 4953 4954 4946 
1991 4877 4879 4866 4955 4956 4950 
1992 4863 4879 4877 4957 4955 4947 
1993 4861 4873 673 4939 4933 4916 
1994 702 4874 4862 4934 4941 4917 
1995 672 4876 4861 4931 4942 4915 
1996 4862 4875 701 4940 4932 4918 
1997 4865 4880 4869 4954 4887 4922 
1998 4870 4880 4864 4888 4952 4919 
1999 4871 4879 4863 4890 4957 4920 
2000 4866 4879 4872 4956 4889 4921 
3 1 11 348
2001 720 727 729 4968 741 739 740 4978 4979 4980 
2002 4966 4959 4968 720 4981 4982 4983 4984 4978 4985 
2003 4966 720 4968 727 4984 4978 4983 4986 4980 741 
2004 4959 4966 4968 2493 4981 4983 4982 4987 4988 4989 
2005 2491 2484 2493 4959 2505 2504 2503 4990 4987 4991 
2006 2491 4959 2493 4966 4990 4987 2503 4992 4989 4981 
2007 719 728 730 4969 744 742 743 4993 4994 4995 
2008 4967 4958 4969 719 4996 4997 4998 4999 4993 5000 
2009 4967 719 4969 728 4999 4993 4998 5001 4995 744 
2010 4958 4967 4969 2494 4996 4998 4997 5002 5003 5004 
2011 2492 2483 2494 4958 2508 2507 2506 5005 5002 5006 
2012 2492 4958 2494 4967 5005 5002 2506 5007 5004 4996 
2013 730 728 738 4977 742 745 746 5008 5009 5010 
2014 4967 4969 4977 728 4998 5011 5012 5001 5010 4995 
2015 728 730 4969 4977 742 4994 4995 5010 5011 5008 
2016 4969 4967 4977 2502 4998 5012 5011 5013 5014 5015 
2017 2492 2494 2502 4967 2506 2510 2509 5007 5015 5004 
2018 4967 4969 2494 2502 4998 5003 5004 5015 2510 5013 
2019 729 727 737 4976 739 747 748 5016 5017 5018 
2020 4966 4968 4976 727 4983 5019 5020 4986 5018 4980 
2021 727 729 4968 4976 739 4979 4980 5018 5019 5016 
2022 4968 4966 4976 2501 4983 5020 5019 5021 5022 5023 
2023 2491 2493 2501 4966 2503 2512 2511 4992 5023 4989 
2024 4966 4968 2493 2501 4983 4988 4989 5023 2512 5021 
2025 724 61 726 4965 751 749 750 5024 5025 5026 
2026 2431 4963 4965 724 5027 5028 5029 5030 5024 5031 
2027 2431 724 4965 61 5030 5024 5029 2447 5026 751 
2028 4963 2431 4965 2490 5027 5029 5028 5032 5033 5034 
2029 382 2488 2490 4963 2515 2514 2513 5035 5032 5036 
2030 382 4963 2490 2431 5035 5032 2513 2449 5034 5027 
2031 723 43 725 4964 754 752 753 5037 5038 5039 
2032 2377 4962 4964 723 5040 5041 5042 5043 5037 5044 
2033 2377 723 4964 43 5043 5037 5042 2393 5039 754 
2034 4962 2377 4964 2489 5040 5042 5041 5045 5046 5047 
2035 358 2487 2489 4962 2518 2517 2516 5048 5045 5049 
2036 358 4962 2489 2377 5048 5045 2516 2395 5047 5040 
2037 44 722 725 4964 757 755 756 5050 5038 5051 
2038 4961 2378 4964 44 5052 5053 5054 5055 5050 2398 
2039 4961 44 4964 722 5055 5050 5054 5056 5051 757 
2040 2378 4961 4964 2489 5052 5054 5053 5057 5046 5058 
2041 2486 359 2489 2378 2521 2520 2519 5059 5057 2400 
2042 2486 2378 2489 4961 5059 5057 2519 5060 5058 5052 
2043 60 61 724 2431 67 751 758 2445 5030 2447 
2044 2431 2430 4963 60 2446 5061 5027 2445 5062 2442 
2045 2431 60 4963 724 2445 5062 5027 5030 5031 758 
2046 2430 2431 4963 382 2446 5027 5061 2448 5035 2449 
2047 382 381 2488 2430 388 2522 2515 2448 5063 2444 
2048 382 2430 2488 4963 2448 5063 2515 5035 5036 5061 
2049 42 43 723 2377 49 754 759 2391 5043 2393 
2050 2377 2376 4962 42 2392 5064 5040 2391 5065 2388 
2051 2377 42 4962 723 2391 5065 5040 5043 5044 759 
2052 2376 2377 4962 358 2392 5040 5064 2394 5048 2395 
2053 358 357 2487 2376 364 2523 2518 2394 5066 2390 
2054 358 2376 2487 4962 2394 5066 2518 5048 5049 5064 
2055 43 44 725 4964 50 756 752 5039 5038 5050 
2056 2378 2377 4964 43 2397 5042 5053 2396 5039 2393 
2057 2378 43 4964 44 2396 5039 5053 2398 5050 50 
2058 2377 2378 4964 2489 2397 5053 5042 5047 5046 5057 
2059 359 358 2489 2377 365 2516 2520 2399 5047 2395 
2060 359 2377 2489 2378 2399 5047 2520 2400 5057 2397 
2061 62 721 726 4965 762 760 761 5067 5025 5068 
2062 4960 2432 4965 62 5069 5070 5071 5072 5067 2452 
2063 4960 62 4965 721 5072 5067 5071 5073 5068 762 
2064 2432 4960 4965 2490 5069 5071 5070 5074 5033 5075 
2065 2485 383 2490 2432 2526 2525 2524 5076 5074 2454 
2066 2485 2432 2490 4960 5076 5074 2524 5077 5075 5069 
2067 44 45 722 4961 51 763 757 5055 5056 5078 
2068 2379 2378 4961 44 2402 5052 5079 2401 5055 2398 
2069 2379 44 4961 45 2401 5055 5079 2403 5078 51 
2070 2378 2379 4961 2486 2402 5079 5052 5059 5060 5080 
2071 360 359 2486 2378 366 2521 2527 2404 5059 2400 
2072 360 2378 2486 2379 2404 5059 2527 2405 5080 2402 
2073 62 63 721 4960 69 764 762 5072 5073 5081 
2074 2433 2432 4960 62 2456 5069 5082 2455 5072 2452 
2075 2433 62 4960 63 2455 5072 5082 2457 5081 69 
2076 2432 2433 4960 2485 2456 5082 5069 5076 5077 5083 
2077 384 383 2485 2432 390 2526 2528 2458 5076 2454 
2078 384 2432 2485 2433 2458 5076 2528 2459 5083 2456 
2079 61 62 726 4965 68 761 749 5026 5025 5067 
2080 2432 2431 4965 61 2451 5029 5070 2450 5026 2447 
2081 2432 61 4965 62 2450 5026 5070 2452 5067 68 
2082 2431 2432 4965 2490 2451 5070 5029 5034 5033 5074 
2083 383 382 2490 2431 389 2513 2525 2453 5034 2449 
2084 383 2431 2490 2432 2453 5034 2525 2454 5074 2451 
2085 41 42 728 4967 48 765 766 5084 5001 5085 
2086 2376 2375 4967 41 2387 5086 5087 2386 5084 2383 
2087 2376 41 4967 42 2386 5084 5087 2388 5085 48 
2088 2375 2376 4967 2492 2387 5087 5086 5088 5007 5089 
2089 357 356 2492 2375 363 2530 2529 2389 5088 2385 
2090 357 2375 2492 2376 2389 5088 2529 2390 5089 2387 
2091 59 60 727 4966 66 767 768 5090 4986 5091 
2092 2430 2429 4966 59 2441 5092 5093 2440 5090 2437 
2093 2430 59 4966 60 2440 5090 5093 2442 5091 66 
2094 2429 2430 4966 2491 2441 5093 5092 5094 4992 5095 
2095 381 380 2491 2429 387 2532 2531 2443 5094 2439 
2096 381 2429 2491 2430 2443 5094 2531 2444 5095 2441 
2097 45 46 729 4968 52 769 770 5096 4979 5097 
2098 2380 2379 4968 45 2407 5098 5099 2406 5096 2403 
2099 2380 45 4968 46 2406 5096 5099 2408 5097 52 
2100 2379 2380 4968 2493 2407 5099 5098 5100 4988 5101 
2101 361 360 2493 2379 367 2534 2533 2409 5100 2405 
2102 361 2379 2493 2380 2409 5100 2533 2410 5101 2407 
2103 63 64 730 4969 70 771 772 5102 4994 5103 
2104 2434 2433 4969 63 2461 5104 5105 2460 5102 2457 
2105 2434 63 4969 64 2460 5102 5105 2462 5103 70 
2106 2433 2434 4969 2494 2461 5105 5104 5106 5003 5107 
2107 385 384 2494 2433 391 2536 2535 2463 5106 2459 
2108 385 2433 2494 2434 2463 5106 2535 2464 5107 2461 
2109 54 55 720 4959 57 773 774 5108 4985 5109 
2110 2415 2414 4959 54 2422 5110 5111 2421 5108 2418 
2111 2415 54 4959 55 2421 5108 5111 2423 5109 57 
2112 2414 2415 4959 2484 2422 5111 5110 5112 4991 5113 
2113 373 372 2484 2414 375 2538 2537 2424 5112 2420 
2114 373 2414 2484 2415 2424 5112 2537 2425 5113 2422 
2115 72 73 719 4958 75 775 776 5114 5000 5115 
2116 2469 2468 4958 72 2476 5116 5117 2475 5114 2472 
2117 2469 72 4958 73 2475 5114 5117 2477 5115 75 
2118 2468 2469 4958 2483 2476 5117 5116 5118 5006 5119 
2119 394 393 2483 2468 396 2540 2539 2478 5118 2474 
2120 394 2468 2483 2469 2478 5118 2539 2479 5119 2476 
2121 60 724 727 4966 758 777 767 5091 4986 5120 
2122 4963 2430 4966 60 5061 5093 5121 5062 5091 2442 
2123 4963 60 4966 724 5062 5091 5121 5031 5120 758 
2124 2430 4963 4966 2491 5061 5121 5093 5095 4992 5122 
2125 2488 381 2491 2430 2522 2531 2541 5063 5095 2444 
2126 2488 2430 2491 4963 5063 5095 2541 5036 5122 5061 
2127 42 723 728 4967 759 778 765 5085 5001 5123 
2128 4962 2376 4967 42 5064 5087 5124 5065 5085 2388 
2129 4962 42 4967 723 5065 5085 5124 5044 5123 759 
2130 2376 4962 4967 2492 5064 5124 5087 5089 5007 5125 
2131 2487 357 2492 2376 2523 2529 2542 5066 5089 2390 
2132 2487 2376 2492 4962 5066 5089 2542 5049 5125 5064 
2133 722 45 729 4968 763 770 779 5126 4979 5096 
2134 2379 4961 4968 45 5079 5127 5098 2403 5096 5078 
2135 45 722 4961 4968 763 5056 5078 5096 5127 5126 
2136 4961 2379 4968 2493 5079 5098 5127 5128 4988 5100 
2137 360 2486 2493 2379 2527 2543 2534 2405 5100 5080 
2138 2379 4961 2486 2493 5079 5060 5080 5100 2543 5128 
2139 721 63 730 4969 764 772 780 5129 4994 5102 
2140 2433 4960 4969 63 5082 5130 5104 2457 5102 5081 
2141 63 721 4960 4969 764 5073 5081 5102 5130 5129 
2142 4960 2433 4969 2494 5082 5104 5130 5131 5003 5106 
2143 384 2485 2494 2433 2528 2544 2536 2459 5106 5083 
2144 2433 4960 2485 2494 5082 5077 5083 5106 2544 5131 
2145 1 41 732 4971 47 781 782 5132 5133 5134 
2146 2375 350 4971 1 2382 5135 5136 2381 5132 351 
2147 2375 1 4971 41 2381 5132 5136 2383 5134 47 
2148 350 2375 4971 2496 2382 5136 5135 5137 5138 5139 
2149 356 21 2496 350 362 2546 2545 2384 5137 352 
2150 356 350 2496 2375 2384 5137 2545 2385 5139 2382 
2151 46 2 731 4970 53 783 784 5140 5141 5142 
2152 353 2380 4970 46 2412 5143 5144 2411 5140 2408 
2153 353 46 4970 2 2411 5140 5144 354 5142 53 
2154 2380 353 4970 2495 2412 5144 5143 5145 5146 5147 
2155 22 361 2495 2380 368 2548 2547 2413 5145 2410 
2156 22 2380 2495 353 2413 5145 2547 355 5147 2412 
2157 3 59 733 4972 65 785 786 5148 5149 5150 
2158 2429 369 4972 3 2436 5151 5152 2435 5148 370 
2159 2429 3 4972 59 2435 5148 5152 2437 5150 65 
2160 369 2429 4972 2497 2436 5152 5151 5153 5154 5155 
2161 380 23 2497 369 386 2550 2549 2438 5153 371 
2162 380 369 2497 2429 2438 5153 2549 2439 5155 2436 
2163 64 4 734 4973 71 787 788 5156 5157 5158 
2164 377 2434 4973 64 2466 5159 5160 2465 5156 2462 
2165 377 64 4973 4 2465 5156 5160 378 5158 71 
2166 2434 377 4973 2498 2466 5160 5159 5161 5162 5163 
2167 24 385 2498 2434 392 2552 2551 2467 5161 2464 
2168 24 2434 2498 377 2467 5161 2551 379 5163 2466 
2169 4 72 734 4973 74 789 787 5158 5157 5164 
2170 2468 377 4973 4 2471 5160 5165 2470 5158 378 
2171 2468 4 4973 72 2470 5158 5165 2472 5164 74 
2172 377 2468 4973 2498 2471 5165 5160 5163 5162 5166 
2173 393 24 2498 377 395 2551 2553 2473 5163 379 
2174 393 377 2498 2468 2473 5163 2553 2474 5166 2471 
2175 2 54 731 4970 56 790 783 5142 5141 5167 
2176 2414 353 4970 2 2417 5144 5168 2416 5142 354 
2177 2414 2 4970 54 2416 5142 5168 2418 5167 56 
2178 353 2414 4970 2495 2417 5168 5144 5147 5146 5169 
2179 372 22 2495 353 374 2547 2554 2419 5147 355 
2180 372 353 2495 2414 2419 5147 2554 2420 5169 2417 
2181 73 1 732 4971 76 782 791 5170 5133 5132 
2182 350 2469 4971 73 2481 5171 5135 2480 5170 2477 
2183 350 73 4971 1 2480 5170 5135 351 5132 76 
2184 2469 350 4971 2496 2481 5135 5171 5172 5138 5137 
2185 21 394 2496 2469 397 2555 2546 2482 5172 2479 
2186 21 2469 2496 350 2482 5172 2546 352 5137 2481 
2187 55 3 733 4972 58 786 792 5173 5149 5148 
2188 369 2415 4972 55 2427 5174 5151 2426 5173 2423 
2189 369 55 4972 3 2426 5173 5151 370 5148 58 
2190 2415 369 4972 2497 2427 5151 5174 5175 5154 5153 
2191 23 373 2497 2415 376 2556 2550 2428 5175 2425 
2192 23 2415 2497 369 2428 5175 2550 371 5153 2427 
2193 59 727 733 4972 768 793 785 5150 5149 5176 
2194 4966 2429 4972 59 5092 5152 5177 5090 5150 2437 
2195 4966 59 4972 727 5090 5150 5177 4986 5176 768 
2196 2429 4966 4972 2497 5092 5177 5152 5155 5154 5178 
2197 2491 380 2497 2429 2532 2549 2557 5094 5155 2439 
2198 2491 2429 2497 4966 5094 5155 2557 4992 5178 5092 
2199 41 728 732 4971 766 794 781 5134 5133 5179 
2200 4967 2375 4971 41 5086 5136 5180 5084 5134 2383 
2201 4967 41 4971 728 5084 5134 5180 5001 5179 766 
2202 2375 4967 4971 2496 5086 5180 5136 5139 5138 5181 
2203 2492 356 2496 2375 2530 2545 2558 5088 5139 2385 
2204 2492 2375 2496 4967 5088 5139 2558 5007 5181 5086 
2205 729 46 731 4970 769 784 795 5182 5141 5140 
2206 2380 4968 4970 46 5099 5183 5143 2408 5140 5097 
2207 46 729 4968 4970 769 4979 5097 5140 5183 5182 
2208 4968 2380 4970 2495 5099 5143 5183 5184 5146 5145 
2209 361 2493 2495 2380 2533 2559 2548 2410 5145 5101 
2210 2380 4968 2493 2495 5099 4988 5101 5145 2559 5184 
2211 730 64 734 4973 771 788 796 5185 5157 5156 
2212 2434 4969 4973 64 5105 5186 5159 2462 5156 5103 
2213 64 730 4969 4973 771 4994 5103 5156 5186 5185 
2214 4969 2434 4973 2498 5105 5159 5186 5187 5162 5161 
2215 385 2494 2498 2434 2535 2560 2552 2464 5161 5107 
2216 2434 4969 2494 2498 5105 5003 5107 5161 2560 5187 
2217 727 720 733 4972 741 797 793 5176 5149 5188 
2218 4959 4966 4972 720 4981 5177 5189 4985 5188 4984 
2219 720 727 4966 4972 741 4986 4984 5188 5177 5176 
2220 4966 4959 4972 2497 4981 5189 5177 5178 5154 5190 
2221 2484 2491 2497 4959 2505 2557 2561 4991 5190 4990 
2222 4959 4966 2491 2497 4981 4992 4990 5190 2557 5178 
2223 728 719 732 4971 744 798 794 5179 5133 5191 
2224 4958 4967 4971 719 4996 5180 5192 5000 5191 4999 
2225 719 728 4967 4971 744 5001 4999 5191 5180 5179 
2226 4967 4958 4971 2496 4996 5192 5180 5181 5138 5193 
2227 2483 2492 2496 4958 2508 2558 2562 5006 5193 5005 
2228 4958 4967 2492 2496 4996 5007 5005 5193 2558 5181 
2229 720 729 731 4970 740 795 799 5194 5141 5182 
2230 4968 4959 4970 720 4982 5195 5183 4978 5194 4985 
2231 4968 720 4970 729 4978 5194 5183 4979 5182 740 
2232 4959 4968 4970 2495 4982 5183 5195 5196 5146 5184 
2233 2493 2484 2495 4959 2504 2563 2559 4987 5196 4991 
2234 2493 4959 2495 4968 4987 5196 2559 4988 5184 4982 
2235 719 730 734 4973 743 796 800 5197 5157 5185 
2236 4969 4958 4973 719 4997 5198 5186 4993 5197 5000 
2237 4969 719 4973 730 4993 5197 5186 4994 5185 743 
2238 4958 4969 4973 2498 4997 5186 5198 5199 5162 5187 
2239 2494 2483 2498 4958 2507 2564 2560 5002 5199 5006 
2240 2494 4958 2498 4969 5002 5199 2560 5003 5187 4997 
2241 735 726 736 4975 803 801 802 5200 5201 5202 
2242 4965 4974 4975 735 5203 5204 5205 5206 5200 5207 
2243 4965 735 4975 726 5206 5200 5205 5025 5202 803 
2244 4974 4965 4975 2500 5203 5205 5204 5208 5209 5210 
2245 2490 2499 2500 4974 2567 2566 2565 5211 5208 5212 
2246 2490 4974 2500 4965 5211 5208 2565 5033 5210 5203 
2247 724 726 735 4965 750 803 804 5024 5206 5025 
2248 4965 4963 4974 724 5028 5213 5203 5024 5214 5031 
2249 4965 724 4974 735 5024 5214 5203 5206 5207 804 
2250 4963 4965 4974 2490 5028 5203 5213 5032 5211 5033 
2251 2490 2488 2499 4963 2514 2568 2567 5032 5215 5036 
2252 2490 4963 2499 4974 5032 5215 2567 5211 5212 5213 
2253 725 735 736 4975 806 802 805 5216 5201 5200 
2254 4974 4964 4975 725 5217 5218 5204 5219 5216 5038 
2255 4974 725 4975 735 5219 5216 5204 5207 5200 806 
2256 4964 4974 4975 2500 5217 5204 5218 5220 5209 5208 
2257 2499 2489 2500 4964 2570 2569 2566 5221 5220 5046 
2258 2499 4964 2500 4974 5221 5220 2566 5212 5208 5217 
2259 725 722 735 4974 755 807 806 5219 5207 5222 
2260 4961 4964 4974 722 5054 5217 5223 5056 5222 5051 
2261 722 725 4964 4974 755 5038 5051 5222 5217 5219 
2262 4964 4961 4974 2499 5054 5223 5217 5221 5212 5224 
2263 2486 2489 2499 4961 2519 2570 2571 5060 5224 5058 
2264 4961 4964 2489 2499 5054 5046 5058 5224 2570 5221 
2265 726 721 736 4975 760 808 801 5202 5201 5225 
2266 4960 4965 4975 721 5071 5205 5226 5073 5225 5068 
2267 721 726 4965 4975 760 5025 5068 5225 5205 5202 
2268 4965 4960 4975 2500 5071 5226 5205 5210 5209 5227 
2269 2485 2490 2500 4960 2524 2565 2572 5077 5227 5075 
2270 4960 4965 2490 2500 5071 5033 5075 5227 2565 5210 
2271 723 725 736 4975 753 805 809 5228 5201 5216 
2272 4964 4962 4975 723 5041 5229 5218 5037 5228 5044 
2273 4964 723 4975 725 5037 5228 5218 5038 5216 753 
2274 4962 4964 4975 2500 5041 5218 5229 5230 5209 5220 
2275 2489 2487 2500 4962 2517 2573 2569 5045 5230 5049 
2276 2489 4962 2500 4964 5045 5230 2569 5046 5220 5041 
2277 736 721 738 4977 808 810 811 5231 5009 5232 
2278 4960 4975 4977 721 5226 5233 5234 5073 5232 5225 
2279 721 736 4975 4977 808 5201 5225 5232 5233 5231 
2280 4975 4960 4977 2502 5226 5234 5233 5235 5014 5236 
2281 2485 2500 2502 4960 2572 2575 2574 5077 5236 5227 
2282 4960 4975 2500 2502 5226 5209 5227 5236 2575 5235 
2283 723 736 738 4977 809 811 812 5237 5009 5231 
2284 4975 4962 4977 723 5229 5238 5233 5228 5237 5044 
2285 4975 723 4977 736 5228 5237 5233 5201 5231 809 
2286 4962 4975 4977 2502 5229 5233 5238 5239 5014 5235 
2287 2500 2487 2502 4962 2573 2576 2575 5230 5239 5049 
2288 2500 4962 2502 4975 5230 5239 2575 5209 5235 5229 
2289 724 735 737 4976 804 813 814 5240 5017 5241 
2290 4974 4963 4976 724 5213 5242 5243 5214 5240 5031 
2291 4974 724 4976 735 5214 5240 5243 5207 5241 804 
2292 4963 4974 4976 2501 5213 5243 5242 5244 5022 5245 
2293 2499 2488 2501 4963 2568 2578 2577 5215 5244 5036 
2294 2499 4963 2501 4974 5215 5244 2577 5212 5245 5213 
2295 735 722 737 4976 807 815 813 5241 5017 5246 
2296 4961 4974 4976 722 5223 5243 5247 5056 5246 5222 
2297 722 735 4974 4976 807 5207 5222 5246 5243 5241 
2298 4974 4961 4976 2501 5223 5247 5243 5245 5022 5248 
2299 2486 2499 2501 4961 2571 2577 2579 5060 5248 5224 
2300 4961 4974 2499 2501 5223 5212 5224 5248 2577 5245 
2301 720 55 733 4972 773 792 797 5188 5149 5173 
2302 2415 4959 4972 55 5111 5189 5174 2423 5173 5109 
2303 55 720 4959 4972 773 4985 5109 5173 5189 5188 
2304 4959 2415 4972 2497 5111 5174 5189 5190 5154 5175 
2305 373 2484 2497 2415 2537 2561 2556 2425 5175 5113 
2306 2415 4959 2484 2497 5111 4991 5113 5175 2561 5190 
2307 72 719 734 4973 776 800 789 5164 5157 5197 
2308 4958 2468 4973 72 5116 5165 5198 5114 5164 2472 
2309 4958 72 4973 719 5114 5164 5198 5000 5197 776 
2310 2468 4958 4973 2498 5116 5198 5165 5166 5162 5199 
2311 2483 393 2498 2468 2540 2553 2564 5118 5166 2474 
2312 2483 2468 2498 4958 5118 5166 2564 5006 5199 5116 
2313 54 720 731 4970 774 799 790 5167 5141 5194 
2314 4959 2414 4970 54 5110 5168 5195 5108 5167 2418 
2315 4959 54 4970 720 5108 5167 5195 4985 5194 774 
2316 2414 4959 4970 2495 5110 5195 5168 5169 5146 5196 
2317 2484 372 2495 2414 2538 2554 2563 5112 5169 2420 
2318 2484 2414 2495 4959 5112 5169 2563 4991 5196 5110 
2319 719 73 732 4971 775 791 798 5191 5133 5170 
2320 2469 4958 4971 73 5117 5192 5171 2477 5170 5115 
2321 73 719 4958 4971 775 5000 5115 5170 5192 5191 
2322 4958 2469 4971 2496 5117 5171 5192 5193 5138 5172 
2323 394 2483 2496 2469 2539 2562 2555 2479 5172 5119 
2324 2469 4958 2483 2496 5117 5006 5119 5172 2562 5193 
2325 727 724 737 4976 777 814 747 5018 5017 5240 
2326 4963 4966 4976 724 5121 5020 5242 5031 5240 5120 
2327 724 727 4966 4976 777 4986 5120 5240 5020 5018 
2328 4966 4963 4976 2501 5121 5242 5020 5023 5022 5244 
2329 2488 2491 2501 4963 2541 2511 2578 5036 5244 5122 
2330 4963 4966 2491 2501 5121 4992 5122 5244 2511 5023 
2331 728 723 738 4977 778 812 745 5010 5009 5237 
2332 4962 4967 4977 723 5124 5012 5238 5044 5237 5123 
2333 723 728 4967 4977 778 5001 5123 5237 5012 5010 
2334 4967 4962 4977 2502 5124 5238 5012 5015 5014 5239 
2335 2487 2492 2502 4962 2542 2509 2576 5049 5239 5125 
2336 4962 4967 2492 2502 5124 5007 5125 5239 2509 5015 
2337 721 730 738 4977 780 746 810 5232 5009 5008 
2338 4969 4960 4977 721 5130 5234 5011 5129 5232 5073 
2339 4969 721 4977 730 5129 5232 5011 4994 5008 780 
2340 4960 4969 4977 2502 5130 5011 5234 5236 5014 5013 
2341 2494 2485 2502 4960 2544 2574 2510 5131 5236 5077 
2342 2494 4960 2502 4969 5131 5236 2510 5003 5013 5130 
2343 722 729 737 4976 779 748 815 5246 5017 5016 
2344 4968 4961 4976 722 5127 5247 5019 5126 5246 5056 
2345 4968 722 4976 729 5126 5246 5019 4979 5016 779 
2346 4961 4968 4976 2501 5127 5019 5247 5248 5022 5021 
2347 2493 2486 2501 4961 2543 2579 2512 5128 5248 5060 
2348 2493 4961 2501 4968 5128 5248 2512 4988 5021 5127 
3 2 11 438
2349 823 820 828 5261 844 842 843 5275 5276 5277 
2350 5253 5256 5261 823 5278 5279 5280 5281 5275 5282 
2351 5253 823 5261 820 5281 5275 5280 5283 5277 844 
2352 5256 5253 5261 2703 5278 5280 5279 5284 5285 5286 
2353 2695 2698 2703 5256 2719 2718 2717 5287 5284 5288 
2354 2695 5256 2703 5253 5287 5284 2717 5289 5286 5278 
2355 824 818 834 5267 847 845 846 5290 5291 5292 
2356 5251 5257 5267 824 5293 5294 5295 5296 5290 5297 
2357 5251 824 5267 818 5296 5290 5295 5298 5292 847 
2358 5257 5251 5267 2709 5293 5295 5294 5299 5300 5301 
2359 2693 2699 2709 5257 2722 2721 2720 5302 5299 5303 
2360 2693 5257 2709 5251 5302 5299 2720 5304 5301 5293 
2361 832 828 833 5266 850 848 849 5305 5306 5307 
2362 5261 5265 5266 832 5308 5309 5310 5311 5305 5312 
2363 5261 832 5266 828 5311 5305 5310 5276 5307 850 
2364 5265 5261 5266 2708 5308 5310 5309 5313 5314 5315 
2365 2703 2707 2708 5265 2725 2724 2723 5316 5313 5317 
2366 2703 5265 2708 5261 5316 5313 2723 5285 5315 5308 
2367 828 827 833 5266 852 851 848 5307 5306 5318 
2368 5260 5261 5266 828 5319 5310 5320 5321 5307 5276 
2369 5260 828 5266 827 5321 5307 5320 5322 5318 852 
2370 5261 5260 5266 2708 5319 5320 5310 5315 5314 5323 
2371 2702 2703 2708 5261 2727 2723 2726 5324 5315 5285 
2372 2702 5261 2708 5260 5324 5315 2726 5325 5323 5319 
2373 823 828 839 5272 843 853 854 5326 5327 5328 
2374 5261 5256 5272 823 5279 5329 5330 5275 5326 5282 
2375 5261 823 5272 828 5275 5326 5330 5276 5328 843 
2376 5256 5261 5272 2714 5279 5330 5329 5331 5332 5333 
2377 2703 2698 2714 5256 2718 2729 2728 5284 5331 5288 
2378 2703 5256 2714 5261 5284 5331 2728 5285 5333 5279 
2379 831 822 840 5273 857 855 856 5334 5335 5336 
2380 5255 5264 5273 831 5337 5338 5339 5340 5334 5341 
2381 5255 831 5273 822 5340 5334 5339 5342 5336 857 
2382 5264 5255 5273 2715 5337 5339 5338 5343 5344 5345 
2383 2697 2706 2715 5264 2732 2731 2730 5346 5343 5347 
2384 2697 5264 2715 5255 5346 5343 2730 5348 5345 5337 
2385 822 91 840 5273 859 858 855 5336 5335 5349 
2386 2620 5255 5273 822 5350 5339 5351 5352 5336 5342 
2387 2620 822 5273 91 5352 5336 5351 2628 5349 859 
2388 5255 2620 5273 2715 5350 5351 5339 5345 5344 5353 
2389 418 2697 2715 5255 2734 2730 2733 5354 5345 5348 
2390 418 5255 2715 2620 5354 5345 2733 2630 5353 5350 
2391 80 820 823 5253 861 844 860 5355 5281 5283 
2392 5253 2583 5256 80 5356 5357 5278 5355 5358 2603 
2393 5253 80 5256 823 5355 5358 5278 5281 5282 860 
2394 2583 5253 5256 2695 5356 5278 5357 5359 5287 5289 
2395 2695 404 2698 2583 2736 2735 2719 5359 5360 2605 
2396 2695 2583 2698 5256 5359 5360 2719 5287 5288 5357 
2397 821 824 834 5267 863 846 862 5361 5291 5290 
2398 5257 5254 5267 821 5362 5363 5294 5364 5361 5365 
2399 5257 821 5267 824 5364 5361 5294 5297 5290 863 
2400 5254 5257 5267 2709 5362 5294 5363 5366 5300 5299 
2401 2699 2696 2709 5254 2738 2737 2721 5367 5366 5368 
2402 2699 5254 2709 5257 5367 5366 2721 5303 5299 5362 
2403 820 81 826 5259 866 864 865 5369 5370 5371 
2404 2584 5253 5259 820 5372 5373 5374 5375 5369 5283 
2405 2584 820 5259 81 5375 5369 5374 2608 5371 866 
2406 5253 2584 5259 2701 5372 5374 5373 5376 5377 5378 
2407 405 2695 2701 5253 2741 2740 2739 5379 5376 5289 
2408 405 5253 2701 2584 5379 5376 2739 2610 5378 5372 
2409 826 822 837 5270 869 867 868 5380 5381 5382 
2410 5255 5259 5270 826 5383 5384 5385 5386 5380 5370 
2411 5255 826 5270 822 5386 5380 5385 5342 5382 869 
2412 5259 5255 5270 2712 5383 5385 5384 5387 5388 5389 
2413 2697 2701 2712 5259 2744 2743 2742 5390 5387 5377 
2414 2697 5259 2712 5255 5390 5387 2742 5348 5389 5383 
2415 90 91 822 2620 93 859 870 2626 5352 2628 
2416 2620 2619 5255 90 2627 5391 5350 2626 5392 2623 
2417 2620 90 5255 822 2626 5392 5350 5352 5342 870 
2418 2619 2620 5255 418 2627 5350 5391 2629 5354 2630 
2419 418 417 2697 2619 420 2745 2734 2629 5393 2625 
2420 418 2619 2697 5255 2629 5393 2734 5354 5348 5391 
2421 820 826 827 5260 865 871 872 5394 5322 5395 
2422 5259 5253 5260 820 5373 5396 5397 5369 5394 5283 
2423 5259 820 5260 826 5369 5394 5397 5370 5395 865 
2424 5253 5259 5260 2702 5373 5397 5396 5398 5325 5399 
2425 2701 2695 2702 5253 2740 2747 2746 5376 5398 5289 
2426 2701 5253 2702 5259 5376 5398 2746 5377 5399 5373 
2427 821 823 824 5257 874 873 863 5364 5297 5400 
2428 5256 5254 5257 821 5401 5362 5402 5403 5364 5365 
2429 5256 821 5257 823 5403 5364 5402 5282 5400 874 
2430 5254 5256 5257 2699 5401 5402 5362 5367 5303 5404 
2431 2698 2696 2699 5254 2749 2738 2748 5405 5367 5368 
2432 2698 5254 2699 5256 5405 5367 2748 5288 5404 5401 
2433 821 79 823 5256 876 875 874 5403 5282 5406 
2434 2582 5254 5256 821 5407 5401 5408 5409 5403 5365 
2435 2582 821 5256 79 5409 5403 5408 2598 5406 876 
2436 5254 2582 5256 2698 5407 5408 5401 5405 5288 5410 
2437 403 2696 2698 5254 2751 2749 2750 5411 5405 5368 
2438 403 5254 2698 2582 5411 5405 2750 2600 5410 5407 
2439 827 816 833 5266 878 877 851 5318 5306 5412 
2440 5249 5260 5266 827 5413 5320 5414 5415 5318 5322 
2441 5249 827 5266 816 5415 5318 5414 5416 5412 878 
2442 5260 5249 5266 2708 5413 5414 5320 5323 5314 5417 
2443 2691 2702 2708 5260 2753 2726 2752 5418 5323 5325 
2444 2691 5260 2708 5249 5418 5323 2752 5419 5417 5413 
2445 5 90 835 5268 92 879 880 5420 5421 5422 
2446 2619 398 5268 5 2622 5423 5424 2621 5420 399 
2447 2619 5 5268 90 2621 5420 5424 2623 5422 92 
2448 398 2619 5268 2710 2622 5424 5423 5425 5426 5427 
2449 417 25 2710 398 419 2755 2754 2624 5425 400 
2450 417 398 2710 2619 2624 5425 2754 2625 5427 2622 
2451 102 103 825 5258 112 881 882 5428 5429 5430 
2452 2642 2641 5258 102 2684 5431 5432 2683 5428 2679 
2453 2642 102 5258 103 2683 5428 5432 2685 5430 112 
2454 2641 2642 5258 2700 2684 5432 5431 5433 5434 5435 
2455 430 429 2700 2641 439 2757 2756 2686 5433 2682 
2456 430 2641 2700 2642 2686 5433 2756 2687 5435 2684 
2457 818 824 830 5263 847 883 884 5436 5437 5438 
2458 5257 5251 5263 824 5293 5439 5440 5297 5438 5296 
2459 824 818 5251 5263 847 5298 5296 5438 5439 5436 
2460 5251 5257 5263 2705 5293 5440 5439 5441 5442 5443 
2461 2699 2693 2705 5257 2722 2759 2758 5303 5443 5302 
2462 5257 5251 2693 2705 5293 5304 5302 5443 2759 5441 
2463 80 81 820 2584 87 866 861 2606 5375 2608 
2464 2584 2583 5253 80 2607 5356 5372 2606 5355 2603 
2465 2584 80 5253 820 2606 5355 5372 5375 5283 861 
2466 2583 2584 5253 405 2607 5372 5356 2609 5379 2610 
2467 405 404 2695 2583 411 2736 2741 2609 5359 2605 
2468 405 2583 2695 5253 2609 5359 2741 5379 5289 5356 
2469 818 102 825 5258 886 882 885 5444 5429 5428 
2470 2641 5251 5258 818 5445 5446 5431 5447 5444 5298 
2471 2641 818 5258 102 5447 5444 5431 2679 5428 886 
2472 5251 2641 5258 2700 5445 5431 5446 5448 5434 5433 
2473 429 2693 2700 5251 2761 2760 2757 5449 5448 5304 
2474 429 5251 2700 2641 5449 5448 2757 2682 5433 5445 
2475 81 82 826 5259 88 887 864 5371 5370 5450 
2476 2585 2584 5259 81 2612 5374 5451 2611 5371 2608 
2477 2585 81 5259 82 2611 5371 5451 2613 5450 88 
2478 2584 2585 5259 2701 2612 5451 5374 5378 5377 5452 
2479 406 405 2701 2584 412 2739 2762 2614 5378 2610 
2480 406 2584 2701 2585 2614 5378 2762 2615 5452 2612 
2481 78 79 821 2582 85 876 888 2596 5409 2598 
2482 2582 2581 5254 78 2597 5453 5407 2596 5454 2593 
2483 2582 78 5254 821 2596 5454 5407 5409 5365 888 
2484 2581 2582 5254 403 2597 5407 5453 2599 5411 2600 
2485 403 402 2696 2581 409 2763 2751 2599 5455 2595 
2486 403 2581 2696 5254 2599 5455 2751 5411 5368 5453 
2487 103 3 836 5269 113 889 890 5456 5457 5458 
2488 369 2642 5269 103 2689 5459 5460 2688 5456 2685 
2489 369 103 5269 3 2688 5456 5460 370 5458 113 
2490 2642 369 5269 2711 2689 5460 5459 5461 5462 5463 
2491 23 430 2711 2642 440 2765 2764 2690 5461 2687 
2492 23 2642 2711 369 2690 5461 2764 371 5463 2689 
2493 820 827 828 5260 872 852 842 5394 5321 5322 
2494 5260 5253 5261 820 5396 5280 5319 5394 5277 5283 
2495 5260 820 5261 828 5394 5277 5319 5321 5276 842 
2496 5253 5260 5261 2702 5396 5319 5280 5398 5324 5325 
2497 2702 2695 2703 5253 2747 2717 2727 5398 5286 5289 
2498 2702 5253 2703 5261 5398 5286 2727 5324 5285 5280 
2499 78 821 829 5262 888 891 892 5464 5465 5466 
2500 5254 2581 5262 78 5453 5467 5468 5454 5464 2593 
2501 5254 78 5262 821 5454 5464 5468 5365 5466 888 
2502 2581 5254 5262 2704 5453 5468 5467 5469 5470 5471 
2503 2696 402 2704 2581 2763 2767 2766 5455 5469 2595 
2504 2696 2581 2704 5254 5455 5469 2766 5368 5471 5453 
2505 79 80 823 5256 86 860 875 5406 5282 5358 
2506 2583 2582 5256 79 2602 5408 5357 2601 5406 2598 
2507 2583 79 5256 80 2601 5406 5357 2603 5358 86 
2508 2582 2583 5256 2698 2602 5357 5408 5410 5288 5360 
2509 404 403 2698 2582 410 2750 2735 2604 5410 2600 
2510 404 2582 2698 2583 2604 5410 2735 2605 5360 2602 
2511 55 54 819 5252 57 893 894 5472 5473 5474 
2512 2414 2415 5252 54 2422 5475 5476 2418 5474 2421 
2513 54 55 2415 5252 57 2423 2421 5474 5475 5472 
2514 2415 2414 5252 2694 2422 5476 5475 5477 5478 5479 
2515 372 373 2694 2414 375 2769 2768 2420 5479 2424 
2516 2414 2415 373 2694 2422 2425 2424 5479 2769 5477 
2517 822 826 835 5268 869 895 896 5480 5421 5481 
2518 5259 5255 5268 826 5383 5482 5483 5370 5481 5386 
2519 826 822 5255 5268 869 5342 5386 5481 5482 5480 
2520 5255 5259 5268 2710 5383 5483 5482 5484 5426 5485 
2521 2701 2697 2710 5259 2744 2771 2770 5377 5485 5390 
2522 5259 5255 2697 2710 5383 5348 5390 5485 2771 5484 
2523 817 828 832 5261 898 850 897 5486 5311 5276 
2524 5261 5250 5265 817 5487 5488 5308 5486 5489 5490 
2525 5261 817 5265 832 5486 5489 5308 5311 5312 897 
2526 5250 5261 5265 2703 5487 5308 5488 5491 5316 5285 
2527 2703 2692 2707 5250 2773 2772 2725 5491 5492 5493 
2528 2703 5250 2707 5265 5491 5492 2725 5316 5317 5488 
2529 101 102 818 2640 111 886 899 2675 5494 2678 
2530 2641 2640 5251 818 2680 5495 5445 5447 5298 5494 
2531 2641 102 2640 818 2679 2678 2680 5447 5494 886 
2532 2640 2641 5251 428 2680 5445 5495 2677 5496 2681 
2533 429 428 2693 5251 438 2774 2761 5449 5304 5496 
2534 429 2641 428 5251 2682 2681 438 5449 5496 5445 
2535 3 55 836 5269 58 900 889 5458 5457 5497 
2536 2415 369 5269 55 2427 5460 5498 2423 5497 2426 
2537 55 3 369 5269 58 370 2426 5497 5460 5458 
2538 369 2415 5269 2711 2427 5498 5460 5463 5462 5499 
2539 373 23 2711 2415 376 2764 2775 2425 5499 2428 
2540 2415 369 23 2711 2427 371 2428 5499 2764 5463 
2541 77 78 829 5262 84 892 901 5500 5465 5464 
2542 2581 2580 5262 77 2592 5501 5467 2591 5500 2588 
2543 2581 77 5262 78 2591 5500 5467 2593 5464 84 
2544 2580 2581 5262 2704 2592 5467 5501 5502 5470 5469 
2545 402 401 2704 2580 408 2776 2767 2594 5502 2590 
2546 402 2580 2704 2581 2594 5502 2767 2595 5469 2592 
2547 818 825 834 5267 885 902 845 5292 5291 5503 
2548 5258 5251 5267 818 5446 5295 5504 5444 5292 5298 
2549 5258 818 5267 825 5444 5292 5504 5429 5503 885 
2550 5251 5258 5267 2709 5446 5504 5295 5301 5300 5505 
2551 2700 2693 2709 5251 2760 2720 2777 5448 5301 5304 
2552 2700 5251 2709 5258 5448 5301 2777 5434 5505 5446 
2553 82 5 835 5268 89 880 903 5506 5421 5420 
2554 398 2585 5268 82 2617 5507 5423 2616 5506 2613 
2555 398 82 5268 5 2616 5506 5423 399 5420 89 
2556 2585 398 5268 2710 2617 5423 5507 5508 5426 5425 
2557 25 406 2710 2585 413 2778 2755 2618 5508 2615 
2558 25 2585 2710 398 2618 5508 2755 400 5425 2617 
2559 816 827 837 5270 878 904 905 5509 5381 5510 
2560 5260 5249 5270 827 5413 5511 5512 5322 5510 5415 
2561 827 816 5249 5270 878 5416 5415 5510 5511 5509 
2562 5249 5260 5270 2712 5413 5512 5511 5513 5388 5514 
2563 2702 2691 2712 5260 2753 2780 2779 5325 5514 5418 
2564 5260 5249 2691 2712 5413 5419 5418 5514 2780 5513 
2565 817 830 839 5272 908 906 907 5515 5327 5516 
2566 5263 5250 5272 817 5517 5518 5519 5520 5515 5490 
2567 5263 817 5272 830 5520 5515 5519 5437 5516 908 
2568 5250 5263 5272 2714 5517 5519 5518 5521 5332 5522 
2569 2705 2692 2714 5250 2783 2782 2781 5523 5521 5493 
2570 2705 5250 2714 5263 5523 5521 2781 5442 5522 5517 
2571 824 823 839 5272 873 854 909 5524 5327 5326 
2572 5256 5257 5272 823 5402 5525 5329 5282 5326 5400 
2573 823 824 5257 5272 873 5297 5400 5326 5525 5524 
2574 5257 5256 5272 2714 5402 5329 5525 5526 5332 5331 
2575 2698 2699 2714 5256 2748 2784 2729 5288 5331 5404 
2576 5256 5257 2699 2714 5402 5303 5404 5331 2784 5526 
2577 101 818 830 5263 899 884 910 5527 5437 5436 
2578 5251 2640 5263 818 5495 5528 5439 5298 5436 5494 
2579 818 101 2640 5263 899 2675 5494 5436 5528 5527 
2580 2640 5251 5263 2705 5495 5439 5528 5529 5442 5441 
2581 2693 428 2705 5251 2774 2785 2759 5304 5441 5496 
2582 5251 2640 428 2705 5495 2677 5496 5441 2785 5529 
2583 829 821 834 5267 891 862 911 5530 5291 5361 
2584 5254 5262 5267 821 5468 5531 5363 5365 5361 5466 
2585 821 829 5262 5267 891 5465 5466 5361 5531 5530 
2586 5262 5254 5267 2709 5468 5363 5531 5532 5300 5366 
2587 2696 2704 2709 5254 2766 2786 2737 5368 5366 5471 
2588 5254 5262 2704 2709 5468 5470 5471 5366 2786 5532 
2589 828 817 839 5272 898 907 853 5328 5327 5515 
2590 5250 5261 5272 817 5487 5330 5518 5490 5515 5486 
2591 817 828 5261 5272 898 5276 5486 5515 5330 5328 
2592 5261 5250 5272 2714 5487 5518 5330 5333 5332 5521 
2593 2692 2703 2714 5250 2773 2728 2782 5493 5521 5491 
2594 5250 5261 2703 2714 5487 5285 5491 5521 2728 5333 
2595 91 6 840 5273 94 912 858 5349 5335 5533 
2596 414 2620 5273 91 2632 5351 5534 2631 5349 2628 
2597 414 91 5273 6 2631 5349 5534 415 5533 94 
2598 2620 414 5273 2715 2632 5534 5351 5353 5344 5535 
2599 26 418 2715 2620 421 2733 2787 2633 5353 2630 
2600 26 2620 2715 414 2633 5353 2787 416 5535 2632 
2601 100 101 830 5263 110 910 913 5536 5437 5527 
2602 2640 2639 5263 100 2674 5537 5528 2673 5536 2669 
2603 2640 100 5263 101 2673 5536 5528 2675 5527 110 
2604 2639 2640 5263 2705 2674 5528 5537 5538 5442 5529 
2605 428 427 2705 2639 437 2788 2785 2676 5538 2672 
2606 428 2639 2705 2640 2676 5538 2785 2677 5529 2674 
2607 99 100 817 5250 109 914 915 5539 5490 5540 
2608 2639 2638 5250 100 2670 5541 5542 2669 5540 2668 
2609 100 99 2638 5250 109 2665 2668 5540 5541 5539 
2610 2638 2639 5250 2692 2670 5542 5541 5543 5493 5544 
2611 427 426 2692 2639 436 2790 2789 2672 5544 2671 
2612 2639 2638 426 2692 2670 2667 2671 5544 2790 5543 
2613 96 97 816 5249 106 916 917 5545 5416 5546 
2614 2636 2635 5249 96 2654 5547 5548 2653 5545 2650 
2615 2636 96 5249 97 2653 5545 5548 2655 5546 106 
2616 2635 2636 5249 2691 2654 5548 5547 5549 5419 5550 
2617 424 423 2691 2635 433 2792 2791 2656 5549 2652 
2618 424 2635 2691 2636 2656 5549 2791 2657 5550 2654 
2619 97 98 833 5266 107 918 919 5551 5306 5552 
2620 2637 2636 5266 97 2659 5553 5554 2658 5551 2655 
2621 2637 97 5266 98 2658 5551 5554 2660 5552 107 
2622 2636 2637 5266 2708 2659 5554 5553 5555 5314 5556 
2623 425 424 2708 2636 434 2794 2793 2661 5555 2657 
2624 425 2636 2708 2637 2661 5555 2793 2662 5556 2659 
2625 98 99 832 5265 108 920 921 5557 5312 5558 
2626 2638 2637 5265 98 2664 5559 5560 2663 5557 2660 
2627 2638 98 5265 99 2663 5557 5560 2665 5558 108 
2628 2637 2638 5265 2707 2664 5560 5559 5561 5317 5562 
2629 426 425 2707 2637 435 2796 2795 2666 5561 2662 
2630 426 2637 2707 2638 2666 5561 2795 2667 5562 2664 
2631 2 77 838 5271 83 922 923 5563 5564 5565 
2632 2580 353 5271 2 2587 5566 5567 2586 5563 354 
2633 2580 2 5271 77 2586 5563 5567 2588 5565 83 
2634 353 2580 5271 2713 2587 5567 5566 5568 5569 5570 
2635 401 22 2713 353 407 2798 2797 2589 5568 355 
2636 401 353 2713 2580 2589 5568 2797 2590 5570 2587 
2637 95 96 831 5264 105 924 925 5571 5341 5572 
2638 2635 2634 5264 95 2649 5573 5574 2648 5571 2645 
2639 2635 95 5264 96 2648 5571 5574 2650 5572 105 
2640 2634 2635 5264 2706 2649 5574 5573 5575 5347 5576 
2641 423 422 2706 2634 432 2800 2799 2651 5575 2647 
2642 423 2634 2706 2635 2651 5575 2799 2652 5576 2649 
2643 829 819 838 5271 928 926 927 5577 5564 5578 
2644 5252 5262 5271 829 5579 5580 5581 5582 5577 5465 
2645 5252 829 5271 819 5582 5577 5581 5473 5578 928 
2646 5262 5252 5271 2713 5579 5581 5580 5583 5569 5584 
2647 2694 2704 2713 5262 2803 2802 2801 5585 5583 5470 
2648 2694 5262 2713 5252 5585 5583 2801 5478 5584 5579 
2649 54 2 838 5271 56 923 929 5586 5564 5563 
2650 353 2414 5271 2 2417 5587 5566 354 5563 2416 
2651 2 54 2414 5271 56 2418 2416 5563 5587 5586 
2652 2414 353 5271 2713 2417 5566 5587 5588 5569 5568 
2653 22 372 2713 353 374 2804 2798 355 5568 2419 
2654 353 2414 372 2713 2417 2420 2419 5568 2804 5588 
2655 826 82 835 5268 887 903 895 5481 5421 5506 
2656 2585 5259 5268 82 5451 5483 5507 2613 5506 5450 
2657 82 826 5259 5268 887 5370 5450 5506 5483 5481 
2658 5259 2585 5268 2710 5451 5507 5483 5485 5426 5508 
2659 406 2701 2710 2585 2762 2770 2778 2615 5508 5452 
2660 2585 5259 2701 2710 5451 5377 5452 5508 2770 5485 
2661 827 826 837 5270 871 868 904 5510 5381 5380 
2662 5259 5260 5270 826 5397 5512 5384 5370 5380 5395 
2663 826 827 5260 5270 871 5322 5395 5380 5512 5510 
2664 5260 5259 5270 2712 5397 5384 5512 5514 5388 5387 
2665 2701 2702 2712 5259 2746 2779 2743 5377 5387 5399 
2666 5259 5260 2702 2712 5397 5325 5399 5387 2779 5514 
2667 77 829 838 5271 901 927 922 5565 5564 5577 
2668 5262 2580 5271 77 5501 5567 5580 5500 5565 2588 
2669 5262 77 5271 829 5500 5565 5580 5465 5577 901 
2670 2580 5262 5271 2713 5501 5580 5567 5570 5569 5583 
2671 2704 401 2713 2580 2776 2797 2802 5502 5570 2590 
2672 2704 2580 2713 5262 5502 5570 2802 5470 5583 5501 
2673 831 816 837 5270 931 905 930 5589 5381 5509 
2674 5249 5264 5270 831 5590 5591 5511 5592 5589 5341 
2675 5249 831 5270 816 5592 5589 5511 5416 5509 931 
2676 5264 5249 5270 2712 5590 5511 5591 5593 5388 5513 
2677 2691 2706 2712 5264 2806 2805 2780 5594 5593 5347 
2678 2691 5264 2712 5249 5594 5593 2780 5419 5513 5590 
2679 830 824 839 5272 883 909 906 5516 5327 5524 
2680 5257 5263 5272 824 5440 5519 5525 5297 5524 5438 
2681 824 830 5263 5272 883 5437 5438 5524 5519 5516 
2682 5263 5257 5272 2714 5440 5525 5519 5522 5332 5526 
2683 2699 2705 2714 5257 2758 2781 2784 5303 5526 5443 
2684 5257 5263 2705 2714 5440 5442 5443 5526 2781 5522 
2685 819 829 841 5274 928 932 933 5595 5596 5597 
2686 5262 5252 5274 829 5579 5598 5599 5465 5597 5582 
2687 829 819 5252 5274 928 5473 5582 5597 5598 5595 
2688 5252 5262 5274 2716 5579 5599 5598 5600 5601 5602 
2689 2704 2694 2716 5262 2803 2808 2807 5470 5602 5585 
2690 5262 5252 2694 2716 5579 5478 5585 5602 2808 5600 
2691 55 819 836 5269 894 934 900 5497 5457 5603 
2692 5252 2415 5269 55 5475 5498 5604 5472 5497 2423 
2693 5252 55 5269 819 5472 5497 5604 5473 5603 894 
2694 2415 5252 5269 2711 5475 5604 5498 5499 5462 5605 
2695 2694 373 2711 2415 2769 2775 2809 5477 5499 2425 
2696 2694 2415 2711 5252 5477 5499 2809 5478 5605 5475 
2697 817 100 830 5263 914 913 908 5520 5437 5536 
2698 2639 5250 5263 100 5542 5517 5537 2669 5536 5540 
2699 100 817 5250 5263 914 5490 5540 5536 5517 5520 
2700 5250 2639 5263 2705 5542 5537 5517 5523 5442 5538 
2701 427 2692 2705 2639 2789 2783 2788 2672 5538 5544 
2702 2639 5250 2692 2705 5542 5493 5544 5538 2783 5523 
2703 816 97 833 5266 916 919 877 5412 5306 5551 
2704 2636 5249 5266 97 5548 5414 5553 2655 5551 5546 
2705 97 816 5249 5266 916 5416 5546 5551 5414 5412 
2706 5249 2636 5266 2708 5548 5553 5414 5417 5314 5555 
2707 424 2691 2708 2636 2791 2752 2794 2657 5555 5550 
2708 2636 5249 2691 2708 5548 5419 5550 5555 2752 5417 
2709 99 817 832 5265 915 897 920 5558 5312 5489 
2710 5250 2638 5265 99 5541 5560 5488 5539 5558 2665 
2711 5250 99 5265 817 5539 5558 5488 5490 5489 915 
2712 2638 5250 5265 2707 5541 5488 5560 5562 5317 5492 
2713 2692 426 2707 2638 2790 2795 2772 5543 5562 2667 
2714 2692 2638 2707 5250 5543 5562 2772 5493 5492 5541 
2715 98 832 833 5266 921 849 918 5552 5306 5305 
2716 5265 2637 5266 98 5559 5554 5309 5557 5552 2660 
2717 5265 98 5266 832 5557 5552 5309 5312 5305 921 
2718 2637 5265 5266 2708 5559 5309 5554 5556 5314 5313 
2719 2707 425 2708 2637 2796 2793 2724 5561 5556 2662 
2720 2707 2637 2708 5265 5561 5556 2724 5317 5313 5559 
2721 96 816 831 5249 917 931 924 5545 5592 5416 
2722 5249 2635 5264 96 5547 5574 5590 5545 5572 2650 
2723 5249 96 5264 831 5545 5572 5590 5592 5341 924 
2724 2635 5249 5264 2691 5547 5590 5574 5549 5594 5419 
2725 2691 423 2706 2635 2792 2799 2806 5549 5576 2652 
2726 2691 2635 2706 5264 5549 5576 2806 5594 5347 5574 
2727 822 831 837 5270 857 930 867 5382 5381 5589 
2728 5264 5255 5270 831 5337 5385 5591 5341 5589 5340 
2729 831 822 5255 5270 857 5342 5340 5589 5385 5382 
2730 5255 5264 5270 2712 5337 5591 5385 5389 5388 5593 
2731 2706 2697 2712 5264 2732 2742 2805 5347 5593 5346 
2732 5264 5255 2697 2712 5337 5348 5346 5593 2742 5389 
2733 819 54 838 5271 893 929 926 5578 5564 5586 
2734 2414 5252 5271 54 5476 5581 5587 2418 5586 5474 
2735 54 819 5252 5271 893 5473 5474 5586 5581 5578 
2736 5252 2414 5271 2713 5476 5587 5581 5584 5569 5588 
2737 372 2694 2713 2414 2768 2801 2804 2420 5588 5479 
2738 2414 5252 2694 2713 5476 5478 5479 5588 2801 5584 
2739 90 822 835 5268 870 896 879 5422 5421 5480 
2740 5255 2619 5268 90 5391 5424 5482 5392 5422 2623 
2741 5255 90 5268 822 5392 5422 5482 5342 5480 870 
2742 2619 5255 5268 2710 5391 5482 5424 5427 5426 5484 
2743 2697 417 2710 2619 2745 2754 2771 5393 5427 2625 
2744 2697 2619 2710 5255 5393 5427 2771 5348 5484 5391 
2745 825 836 841 5274 937 935 936 5606 5596 5607 
2746 5269 5258 5274 825 5608 5609 5610 5611 5606 5429 
2747 5269 825 5274 836 5611 5606 5610 5457 5607 937 
2748 5258 5269 5274 2716 5608 5610 5609 5612 5601 5613 
2749 2711 2700 2716 5258 2812 2811 2810 5614 5612 5434 
2750 2711 5258 2716 5269 5614 5612 2810 5462 5613 5608 
2751 95 831 840 5273 925 856 938 5615 5335 5334 
2752 5264 2634 5273 95 5573 5616 5338 5571 5615 2645 
2753 5264 95 5273 831 5571 5615 5338 5341 5334 925 
2754 2634 5264 5273 2715 5573 5338 5616 5617 5344 5343 
2755 2706 422 2715 2634 2800 2813 2731 5575 5617 2647 
2756 2706 2634 2715 5264 5575 5617 2731 5347 5343 5573 
2757 836 819 841 5274 934 933 935 5607 5596 5595 
2758 5252 5269 5274 819 5604 5610 5598 5473 5595 5603 
2759 819 836 5269 5274 934 5457 5603 5595 5610 5607 
2760 5269 5252 5274 2716 5604 5598 5610 5613 5601 5600 
2761 2694 2711 2716 5252 2809 2810 2808 5478 5600 5605 
2762 5252 5269 2711 2716 5604 5462 5605 5600 2810 5613 
2763 825 103 836 5269 881 890 937 5611 5457 5456 
2764 2642 5258 5269 103 5432 5608 5459 2685 5456 5430 
2765 103 825 5258 5269 881 5429 5430 5456 5608 5611 
2766 5258 2642 5269 2711 5432 5459 5608 5614 5462 5461 
2767 430 2700 2711 2642 2756 2812 2765 2687 5461 5435 
2768 2642 5258 2700 2711 5432 5434 5435 5461 2812 5614 
2769 6 95 840 5273 104 938 912 5533 5335 5615 
2770 2634 414 5273 6 2644 5534 5616 2643 5533 415 
2771 2634 6 5273 95 2643 5533 5616 2645 5615 104 
2772 414 2634 5273 2715 2644 5616 5534 5535 5344 5617 
2773 422 26 2715 414 431 2787 2813 2646 5535 416 
2774 422 414 2715 2634 2646 5535 2813 2647 5617 2644 
2775 834 825 841 5274 902 936 939 5618 5596 5606 
2776 5258 5267 5274 825 5504 5619 5609 5429 5606 5503 
2777 825 834 5267 5274 902 5291 5503 5606 5619 5618 
2778 5267 5258 5274 2716 5504 5609 5619 5620 5601 5612 
2779 2700 2709 2716 5258 2777 2814 2811 5434 5612 5505 
2780 5258 5267 2709 2716 5504 5300 5505 5612 2814 5620 
2781 829 834 841 5274 911 939 932 5597 5596 5618 
2782 5267 5262 5274 829 5531 5599 5619 5530 5597 5465 
2783 5267 829 5274 834 5530 5597 5619 5291 5618 911 
2784 5262 5267 5274 2716 5531 5619 5599 5602 5601 5620 
2785 2709 2704 2716 5262 2786 2807 2814 5532 5602 5470 
2786 2709 5262 2716 5267 5532 5602 2814 5300 5620 5531 
3 3 11 1074
2787 973 954 975 5656 1016 1014 1015 5695 5696 5697 
2788 5635 5654 5656 973 5698 5699 5700 5701 5695 5702 
2789 5635 973 5656 954 5701 5695 5700 5703 5697 1016 
2790 5654 5635 5656 2994 5698 5700 5699 5704 5705 5706 
2791 2973 2992 2994 5654 3035 3034 3033 5707 5704 5708 
2792 2973 5654 2994 5635 5707 5704 3033 5709 5706 5698 
2793 952 953 989 5670 1019 1017 1018 5710 5711 5712 
2794 5634 5633 5670 952 5713 5714 5715 5716 5710 5717 
2795 5634 952 5670 953 5716 5710 5715 5718 5712 1019 
2796 5633 5634 5670 3008 5713 5715 5714 5719 5720 5721 
2797 2972 2971 3008 5633 3038 3037 3036 5722 5719 5723 
2798 2972 5633 3008 5634 5722 5719 3036 5724 5721 5713 
2799 984 970 1002 5683 1022 1020 1021 5725 5726 5727 
2800 5651 5665 5683 984 5728 5729 5730 5731 5725 5732 
2801 5651 984 5683 970 5731 5725 5730 5733 5727 1022 
2802 5665 5651 5683 3021 5728 5730 5729 5734 5735 5736 
2803 2989 3003 3021 5665 3041 3040 3039 5737 5734 5738 
2804 2989 5665 3021 5651 5737 5734 3039 5739 5736 5728 
2805 942 974 993 5674 1025 1023 1024 5740 5741 5742 
2806 5655 5623 5674 942 5743 5744 5745 5746 5740 5747 
2807 5655 942 5674 974 5746 5740 5745 5748 5742 1025 
2808 5623 5655 5674 3012 5743 5745 5744 5749 5750 5751 
2809 2993 2961 3012 5623 3044 3043 3042 5752 5749 5753 
2810 2993 5623 3012 5655 5752 5749 3042 5754 5751 5743 
2811 951 950 975 5656 1028 1026 1027 5755 5696 5756 
2812 5631 5632 5656 951 5757 5758 5759 5760 5755 5761 
2813 5631 951 5656 950 5760 5755 5759 5762 5756 1028 
2814 5632 5631 5656 2994 5757 5759 5758 5763 5705 5764 
2815 2969 2970 2994 5632 3047 3046 3045 5765 5763 5766 
2816 2969 5632 2994 5631 5765 5763 3045 5767 5764 5757 
2817 215 942 993 5674 1030 1024 1029 5768 5741 5740 
2818 5623 2817 5674 215 5769 5770 5744 5771 5768 2833 
2819 5623 215 5674 942 5771 5768 5744 5747 5740 1030 
2820 2817 5623 5674 3012 5769 5744 5770 5772 5750 5749 
2821 2961 446 3012 2817 3049 3048 3043 5773 5772 2835 
2822 2961 2817 3012 5623 5773 5772 3043 5753 5749 5769 
2823 992 984 1002 5683 1032 1021 1031 5774 5726 5725 
2824 5665 5673 5683 992 5775 5776 5729 5777 5774 5778 
2825 5665 992 5683 984 5777 5774 5729 5732 5725 1032 
2826 5673 5665 5683 3021 5775 5729 5776 5779 5735 5734 
2827 3003 3011 3021 5673 3051 3050 3040 5780 5779 5781 
2828 3003 5673 3021 5665 5780 5779 3040 5738 5734 5775 
2829 954 951 975 5656 1033 1027 1014 5697 5696 5755 
2830 5632 5635 5656 954 5782 5700 5758 5783 5697 5703 
2831 5632 954 5656 951 5783 5697 5758 5761 5755 1033 
2832 5635 5632 5656 2994 5782 5758 5700 5706 5705 5763 
2833 2970 2973 2994 5635 3052 3033 3046 5784 5706 5709 
2834 2970 5635 2994 5632 5784 5706 3046 5766 5763 5782 
2835 941 972 987 5668 1036 1034 1035 5785 5786 5787 
2836 5653 5622 5668 941 5788 5789 5790 5791 5785 5792 
2837 5653 941 5668 972 5791 5785 5790 5793 5787 1036 
2838 5622 5653 5668 3006 5788 5790 5789 5794 5795 5796 
2839 2991 2960 3006 5622 3055 3054 3053 5797 5794 5798 
2840 2991 5622 3006 5653 5797 5794 3053 5799 5796 5788 
2841 956 954 973 5635 1038 1016 1037 5800 5701 5703 
2842 5635 5637 5654 956 5801 5802 5698 5800 5803 5804 
2843 5635 956 5654 973 5800 5803 5698 5701 5702 1037 
2844 5637 5635 5654 2973 5801 5698 5802 5805 5707 5709 
2845 2973 2975 2992 5637 3057 3056 3035 5805 5806 5807 
2846 2973 5637 2992 5654 5805 5806 3035 5707 5708 5802 
2847 972 941 996 5677 1036 1039 1040 5808 5809 5810 
2848 5622 5653 5677 941 5788 5811 5812 5792 5810 5791 
2849 941 972 5653 5677 1036 5793 5791 5810 5811 5808 
2850 5653 5622 5677 3015 5788 5812 5811 5813 5814 5815 
2851 2960 2991 3015 5622 3055 3059 3058 5798 5815 5797 
2852 5622 5653 2991 3015 5788 5799 5797 5815 3059 5813 
2853 953 965 989 5670 1042 1041 1017 5712 5711 5816 
2854 5646 5634 5670 953 5817 5715 5818 5819 5712 5718 
2855 5646 953 5670 965 5819 5712 5818 5820 5816 1042 
2856 5634 5646 5670 3008 5817 5818 5715 5721 5720 5821 
2857 2984 2972 3008 5634 3061 3036 3060 5822 5721 5724 
2858 2984 5634 3008 5646 5822 5721 3060 5823 5821 5817 
2859 7 235 999 5680 241 1043 1044 5824 5825 5826 
2860 2881 469 5680 7 2888 5827 5828 2887 5824 470 
2861 2881 7 5680 235 2887 5824 5828 2889 5826 241 
2862 469 2881 5680 3018 2888 5828 5827 5829 5830 5831 
2863 472 29 3018 469 478 3063 3062 2890 5829 471 
2864 472 469 3018 2881 2890 5829 3062 2891 5831 2888 
2865 119 7 999 5680 126 1044 1045 5832 5825 5824 
2866 469 2925 5680 119 2957 5833 5827 2956 5832 2953 
2867 469 119 5680 7 2956 5832 5827 470 5824 126 
2868 2925 469 5680 3018 2957 5827 5833 5834 5830 5829 
2869 29 490 3018 2925 497 3064 3063 2958 5834 2955 
2870 29 2925 3018 469 2958 5834 3063 471 5829 2957 
2871 998 977 1010 5691 1048 1046 1047 5835 5836 5837 
2872 5658 5679 5691 998 5838 5839 5840 5841 5835 5842 
2873 5658 998 5691 977 5841 5835 5840 5843 5837 1048 
2874 5679 5658 5691 3029 5838 5840 5839 5844 5845 5846 
2875 2996 3017 3029 5679 3067 3066 3065 5847 5844 5848 
2876 2996 5679 3029 5658 5847 5844 3065 5849 5846 5838 
2877 968 961 971 5652 1051 1049 1050 5850 5851 5852 
2878 5642 5649 5652 968 5853 5854 5855 5856 5850 5857 
2879 5642 968 5652 961 5856 5850 5855 5858 5852 1051 
2880 5649 5642 5652 2990 5853 5855 5854 5859 5860 5861 
2881 2980 2987 2990 5649 3070 3069 3068 5862 5859 5863 
2882 2980 5649 2990 5642 5862 5859 3068 5864 5861 5853 
2883 977 998 1012 5693 1048 1052 1053 5865 5866 5867 
2884 5679 5658 5693 998 5838 5868 5869 5842 5867 5841 
2885 998 977 5658 5693 1048 5843 5841 5867 5868 5865 
2886 5658 5679 5693 3031 5838 5869 5868 5870 5871 5872 
2887 3017 2996 3031 5679 3067 3072 3071 5848 5872 5847 
2888 5679 5658 2996 3031 5838 5849 5847 5872 3072 5870 
2889 968 979 1008 5689 1056 1054 1055 5873 5874 5875 
2890 5660 5649 5689 968 5876 5877 5878 5879 5873 5857 
2891 5660 968 5689 979 5879 5873 5878 5880 5875 1056 
2892 5649 5660 5689 3027 5876 5878 5877 5881 5882 5883 
2893 2998 2987 3027 5649 3075 3074 3073 5884 5881 5863 
2894 2998 5649 3027 5660 5884 5881 3073 5885 5883 5876 
2895 975 950 994 5675 1026 1057 1058 5886 5887 5888 
2896 5631 5656 5675 950 5759 5889 5890 5762 5888 5756 
2897 950 975 5656 5675 1026 5696 5756 5888 5889 5886 
2898 5656 5631 5675 3013 5759 5890 5889 5891 5892 5893 
2899 2969 2994 3013 5631 3045 3077 3076 5767 5893 5764 
2900 5631 5656 2994 3013 5759 5705 5764 5893 3077 5891 
2901 961 956 973 5654 1060 1037 1059 5894 5702 5803 
2902 5637 5642 5654 961 5895 5896 5802 5897 5894 5858 
2903 5637 961 5654 956 5897 5894 5802 5804 5803 1060 
2904 5642 5637 5654 2992 5895 5802 5896 5898 5708 5806 
2905 2975 2980 2992 5642 3079 3078 3056 5899 5898 5864 
2906 2975 5642 2992 5637 5899 5898 3056 5807 5806 5895 
2907 1000 988 1013 5694 1063 1061 1062 5900 5901 5902 
2908 5669 5681 5694 1000 5903 5904 5905 5906 5900 5907 
2909 5669 1000 5694 988 5906 5900 5905 5908 5902 1063 
2910 5681 5669 5694 3032 5903 5905 5904 5909 5910 5911 
2911 3007 3019 3032 5681 3082 3081 3080 5912 5909 5913 
2912 3007 5681 3032 5669 5912 5909 3080 5914 5911 5903 
2913 236 237 943 5624 243 1064 1065 5915 5916 5917 
2914 2883 2882 5624 236 2898 5918 5919 2897 5915 2894 
2915 2883 236 5624 237 2897 5915 5919 2899 5917 243 
2916 2882 2883 5624 2962 2898 5919 5918 5920 5921 5922 
2917 474 473 2962 2882 480 3084 3083 2900 5920 2896 
2918 474 2882 2962 2883 2900 5920 3083 2901 5922 2898 
2919 965 988 989 5670 1067 1066 1041 5816 5711 5923 
2920 5669 5646 5670 965 5924 5818 5925 5926 5816 5820 
2921 5669 965 5670 988 5926 5816 5925 5908 5923 1067 
2922 5646 5669 5670 3008 5924 5925 5818 5821 5720 5927 
2923 3007 2984 3008 5646 3086 3060 3085 5928 5821 5823 
2924 3007 5646 3008 5669 5928 5821 3085 5914 5927 5924 
2925 952 989 1004 5685 1018 1068 1069 5929 5930 5931 
2926 5670 5633 5685 952 5714 5932 5933 5710 5929 5717 
2927 5670 952 5685 989 5710 5929 5933 5711 5931 1018 
2928 5633 5670 5685 3023 5714 5933 5932 5934 5935 5936 
2929 3008 2971 3023 5633 3037 3088 3087 5719 5934 5723 
2930 3008 5633 3023 5670 5719 5934 3087 5720 5936 5714 
2931 944 117 980 5661 1072 1070 1071 5937 5938 5939 
2932 2923 5625 5661 944 5940 5941 5942 5943 5937 5944 
2933 2923 944 5661 117 5943 5937 5942 2943 5939 1072 
2934 5625 2923 5661 2999 5940 5942 5941 5945 5946 5947 
2935 488 2963 2999 5625 3091 3090 3089 5948 5945 5949 
2936 488 5625 2999 2923 5948 5945 3089 2945 5947 5940 
2937 215 216 942 5623 222 1073 1030 5771 5747 5950 
2938 2818 2817 5623 215 2837 5769 5951 2836 5771 2833 
2939 2818 215 5623 216 2836 5771 5951 2838 5950 222 
2940 2817 2818 5623 2961 2837 5951 5769 5773 5753 5952 
2941 447 446 2961 2817 453 3049 3092 2839 5773 2835 
2942 447 2817 2961 2818 2839 5773 3092 2840 5952 2837 
2943 986 947 1003 5684 1076 1074 1075 5953 5954 5955 
2944 5628 5667 5684 986 5956 5957 5958 5959 5953 5960 
2945 5628 986 5684 947 5959 5953 5958 5961 5955 1076 
2946 5667 5628 5684 3022 5956 5958 5957 5962 5963 5964 
2947 2966 3005 3022 5667 3095 3094 3093 5965 5962 5966 
2948 2966 5667 3022 5628 5965 5962 3093 5967 5964 5956 
2949 942 216 981 5662 1073 1077 1078 5968 5969 5970 
2950 2818 5623 5662 216 5951 5971 5972 2838 5970 5950 
2951 216 942 5623 5662 1073 5747 5950 5970 5971 5968 
2952 5623 2818 5662 3000 5951 5972 5971 5973 5974 5975 
2953 447 2961 3000 2818 3092 3097 3096 2840 5975 5952 
2954 2818 5623 2961 3000 5951 5753 5952 5975 3097 5973 
2955 969 1000 1013 5694 1080 1062 1079 5976 5901 5900 
2956 5681 5650 5694 969 5977 5978 5904 5979 5976 5980 
2957 5681 969 5694 1000 5979 5976 5904 5907 5900 1080 
2958 5650 5681 5694 3032 5977 5904 5978 5981 5910 5909 
2959 3019 2988 3032 5650 3099 3098 3081 5982 5981 5983 
2960 3019 5650 3032 5681 5982 5981 3081 5913 5909 5977 
2961 118 119 948 5629 125 1081 1082 5984 5985 5986 
2962 2925 2924 5629 118 2952 5987 5988 2951 5984 2947 
2963 2925 118 5629 119 2951 5984 5988 2953 5986 125 
2964 2924 2925 5629 2967 2952 5988 5987 5989 5990 5991 
2965 490 489 2967 2924 496 3101 3100 2954 5989 2950 
2966 490 2924 2967 2925 2954 5989 3100 2955 5991 2952 
2967 971 961 973 5654 1049 1059 1083 5992 5702 5894 
2968 5642 5652 5654 961 5855 5993 5896 5858 5894 5852 
2969 961 971 5652 5654 1049 5851 5852 5894 5993 5992 
2970 5652 5642 5654 2992 5855 5896 5993 5994 5708 5898 
2971 2980 2990 2992 5642 3068 3102 3078 5864 5898 5861 
2972 5642 5652 2990 2992 5855 5860 5861 5898 3102 5994 
2973 118 948 980 5661 1082 1084 1085 5995 5938 5996 
2974 5629 2924 5661 118 5987 5997 5998 5984 5995 2947 
2975 5629 118 5661 948 5984 5995 5998 5985 5996 1082 
2976 2924 5629 5661 2999 5987 5998 5997 5999 5946 6000 
2977 2967 489 2999 2924 3101 3104 3103 5989 5999 2950 
2978 2967 2924 2999 5629 5989 5999 3103 5990 6000 5987 
2979 213 214 946 5627 220 1086 1087 6001 6002 6003 
2980 2816 2815 5627 213 2827 6004 6005 2826 6001 2823 
2981 2816 213 5627 214 2826 6001 6005 2828 6003 220 
2982 2815 2816 5627 2965 2827 6005 6004 6006 6007 6008 
2983 445 444 2965 2815 451 3106 3105 2829 6006 2825 
2984 445 2815 2965 2816 2829 6006 3105 2830 6008 2827 
2985 967 961 968 5642 1089 1051 1088 6009 5856 5858 
2986 5642 5648 5649 967 6010 6011 5853 6009 6012 6013 
2987 5642 967 5649 968 6009 6012 5853 5856 5857 1088 
2988 5648 5642 5649 2980 6010 5853 6011 6014 5862 5864 
2989 2980 2986 2987 5648 3108 3107 3070 6014 6015 6016 
2990 2980 5648 2987 5649 6014 6015 3070 5862 5863 6011 
2991 970 984 1000 5681 1022 1090 1091 6017 5907 6018 
2992 5665 5651 5681 984 5728 6019 6020 5732 6018 5731 
2993 984 970 5651 5681 1022 5733 5731 6018 6019 6017 
2994 5651 5665 5681 3019 5728 6020 6019 6021 5913 6022 
2995 3003 2989 3019 5665 3041 3110 3109 5738 6022 5737 
2996 5665 5651 2989 3019 5728 5739 5737 6022 3110 6021 
2997 979 968 985 5666 1056 1092 1093 6023 6024 6025 
2998 5649 5660 5666 968 5876 6026 6027 5857 6025 5879 
2999 968 979 5660 5666 1056 5880 5879 6025 6026 6023 
3000 5660 5649 5666 3004 5876 6027 6026 6028 6029 6030 
3001 2987 2998 3004 5649 3075 3112 3111 5863 6030 5884 
3002 5649 5660 2998 3004 5876 5885 5884 6030 3112 6028 
3003 235 236 983 5664 242 1094 1095 6031 6032 6033 
3004 2882 2881 5664 235 2893 6034 6035 2892 6031 2889 
3005 2882 235 5664 236 2892 6031 6035 2894 6033 242 
3006 2881 2882 5664 3002 2893 6035 6034 6036 6037 6038 
3007 473 472 3002 2881 479 3114 3113 2895 6036 2891 
3008 473 2881 3002 2882 2895 6036 3113 2896 6038 2893 
3009 943 237 950 5631 1064 1096 1097 6039 5762 6040 
3010 2883 5624 5631 237 5919 6041 6042 2899 6040 5917 
3011 237 943 5624 5631 1064 5916 5917 6040 6041 6039 
3012 5624 2883 5631 2969 5919 6042 6041 6043 5767 6044 
3013 474 2962 2969 2883 3083 3116 3115 2901 6044 5922 
3014 2883 5624 2962 2969 5919 5921 5922 6044 3116 6043 
3015 973 975 1011 5692 1015 1098 1099 6045 6046 6047 
3016 5656 5654 5692 973 5699 6048 6049 5695 6045 5702 
3017 5656 973 5692 975 5695 6045 6049 5696 6047 1015 
3018 5654 5656 5692 3030 5699 6049 6048 6050 6051 6052 
3019 2994 2992 3030 5654 3034 3118 3117 5704 6050 5708 
3020 2994 5654 3030 5656 5704 6050 3117 5705 6052 5699 
3021 981 947 986 5628 1101 1076 1100 6053 5959 5961 
3022 5628 5662 5667 981 6054 6055 5956 6053 6056 5969 
3023 5628 981 5667 986 6053 6056 5956 5959 5960 1100 
3024 5662 5628 5667 2966 6054 5956 6055 6057 5965 5967 
3025 2966 3000 3005 5662 3120 3119 3095 6057 6058 5974 
3026 2966 5662 3005 5667 6057 6058 3095 5965 5966 6055 
3027 216 217 981 5662 223 1102 1077 5970 5969 6059 
3028 2819 2818 5662 216 2842 5972 6060 2841 5970 2838 
3029 2819 216 5662 217 2841 5970 6060 2843 6059 223 
3030 2818 2819 5662 3000 2842 6060 5972 5975 5974 6061 
3031 448 447 3000 2818 454 3096 3121 2844 5975 2840 
3032 448 2818 3000 2819 2844 5975 3121 2845 6061 2842 
3033 217 947 981 5628 1103 1101 1102 6062 6053 5961 
3034 5628 2819 5662 217 6063 6060 6054 6062 6059 2843 
3035 5628 217 5662 981 6062 6059 6054 6053 5969 1102 
3036 2819 5628 5662 2966 6063 6054 6060 6064 6057 5967 
3037 2966 448 3000 2819 3122 3121 3120 6064 6061 2845 
3038 2966 2819 3000 5662 6064 6061 3120 6057 5974 6060 
3039 942 981 997 5678 1078 1104 1105 6065 6066 6067 
3040 5662 5623 5678 942 5971 6068 6069 5968 6065 5747 
3041 5662 942 5678 981 5968 6065 6069 5969 6067 1078 
3042 5623 5662 5678 3016 5971 6069 6068 6070 6071 6072 
3043 3000 2961 3016 5623 3097 3124 3123 5973 6070 5753 
3044 3000 5623 3016 5662 5973 6070 3123 5974 6072 5971 
3045 947 990 1003 5684 1107 1106 1074 5955 5954 6073 
3046 5671 5628 5684 947 6074 5958 6075 6076 5955 5961 
3047 5671 947 5684 990 6076 5955 6075 6077 6073 1107 
3048 5628 5671 5684 3022 6074 6075 5958 5964 5963 6078 
3049 3009 2966 3022 5628 3126 3093 3125 6079 5964 5967 
3050 3009 5628 3022 5671 6079 5964 3125 6080 6078 6074 
3051 214 215 993 5674 221 1029 1108 6081 5741 5768 
3052 2817 2816 5674 214 2832 6082 5770 2831 6081 2828 
3053 2817 214 5674 215 2831 6081 5770 2833 5768 221 
3054 2816 2817 5674 3012 2832 5770 6082 6083 5750 5772 
3055 446 445 3012 2816 452 3127 3048 2834 6083 2830 
3056 446 2816 3012 2817 2834 6083 3048 2835 5772 2832 
3057 944 980 988 5669 1071 1109 1110 6084 5908 6085 
3058 5661 5625 5669 944 5941 6086 6087 5937 6084 5944 
3059 5661 944 5669 980 5937 6084 6087 5938 6085 1071 
3060 5625 5661 5669 3007 5941 6087 6086 6088 5914 6089 
3061 2999 2963 3007 5625 3090 3129 3128 5945 6088 5949 
3062 2999 5625 3007 5661 5945 6088 3128 5946 6089 5941 
3063 958 956 961 5637 1112 1060 1111 6090 5897 5804 
3064 5637 5639 5642 958 6091 6092 5895 6090 6093 6094 
3065 5637 958 5642 961 6090 6093 5895 5897 5858 1111 
3066 5639 5637 5642 2975 6091 5895 6092 6095 5899 5807 
3067 2975 2977 2980 5639 3131 3130 3079 6095 6096 6097 
3068 2975 5639 2980 5642 6095 6096 3079 5899 5864 6092 
3069 62 61 941 5622 68 1113 1114 6098 5792 6099 
3070 2431 2432 5622 61 2451 6100 6101 2447 6099 2450 
3071 61 62 2432 5622 68 2452 2450 6099 6100 6098 
3072 2432 2431 5622 2960 2451 6101 6100 6102 5798 6103 
3073 382 383 2960 2431 389 3133 3132 2449 6103 2453 
3074 2431 2432 383 2960 2451 2454 2453 6103 3133 6102 
3075 996 949 1002 5683 1117 1115 1116 6104 5726 6105 
3076 5630 5677 5683 996 6106 6107 6108 6109 6104 5809 
3077 5630 996 5683 949 6109 6104 6108 6110 6105 1117 
3078 5677 5630 5683 3021 6106 6108 6107 6111 5735 6112 
3079 2968 3015 3021 5677 3136 3135 3134 6113 6111 5814 
3080 2968 5677 3021 5630 6113 6111 3134 6114 6112 6106 
3081 988 980 989 5670 1109 1118 1066 5923 5711 6115 
3082 5661 5669 5670 980 6087 5925 6116 5938 6115 6085 
3083 980 988 5669 5670 1109 5908 6085 6115 5925 5923 
3084 5669 5661 5670 3008 6087 6116 5925 5927 5720 6117 
3085 2999 3007 3008 5661 3128 3085 3137 5946 6117 6089 
3086 5661 5669 3007 3008 6087 5914 6089 6117 3085 5927 
3087 62 941 982 5663 1114 1119 1120 6118 6119 6120 
3088 5622 2432 5663 62 6100 6121 6122 6098 6118 2452 
3089 5622 62 5663 941 6098 6118 6122 5792 6120 1114 
3090 2432 5622 5663 3001 6100 6122 6121 6123 6124 6125 
3091 2960 383 3001 2432 3133 3139 3138 6102 6123 2454 
3092 2960 2432 3001 5622 6102 6123 3138 5798 6125 6100 
3093 117 118 980 5661 124 1085 1070 5939 5938 5995 
3094 2924 2923 5661 118 2948 5942 5997 2947 5995 2946 
3095 118 117 2923 5661 124 2943 2946 5995 5942 5939 
3096 2923 2924 5661 2999 2948 5997 5942 5947 5946 5999 
3097 489 488 2999 2924 495 3089 3104 2950 5999 2949 
3098 2924 2923 488 2999 2948 2945 2949 5999 3089 5947 
3099 116 944 984 5665 1123 1121 1122 6126 5732 6127 
3100 5625 2922 5665 116 6128 6129 6130 6131 6126 2938 
3101 5625 116 5665 944 6131 6126 6130 5944 6127 1123 
3102 2922 5625 5665 3003 6128 6130 6129 6132 5738 6133 
3103 2963 487 3003 2922 3142 3141 3140 6134 6132 2940 
3104 2963 2922 3003 5625 6134 6132 3140 5949 6133 6128 
3105 116 117 944 2923 123 1072 1123 2941 5943 2943 
3106 2923 2922 5625 116 2942 6128 5940 2941 6131 2938 
3107 2923 116 5625 944 2941 6131 5940 5943 5944 1123 
3108 2922 2923 5625 488 2942 5940 6128 2944 5948 2945 
3109 488 487 2963 2922 494 3142 3091 2944 6134 2940 
3110 488 2922 2963 5625 2944 6134 3091 5948 5949 6128 
3111 972 996 1002 5683 1040 1116 1124 6135 5726 6104 
3112 5677 5653 5683 972 5811 6136 6107 5808 6135 5793 
3113 5677 972 5683 996 5808 6135 6107 5809 6104 1040 
3114 5653 5677 5683 3021 5811 6107 6136 6137 5735 6111 
3115 3015 2991 3021 5653 3059 3143 3135 5813 6137 5799 
3116 3015 5653 3021 5677 5813 6137 3135 5814 6111 5811 
3117 217 218 947 5628 224 1125 1103 6062 5961 6138 
3118 2820 2819 5628 217 2847 6063 6139 2846 6062 2843 
3119 2820 217 5628 218 2846 6062 6139 2848 6138 224 
3120 2819 2820 5628 2966 2847 6139 6063 6064 5967 6140 
3121 449 448 2966 2819 455 3122 3144 2849 6064 2845 
3122 449 2819 2966 2820 2849 6064 3144 2850 6140 2847 
3123 980 948 989 5670 1084 1126 1118 6115 5711 6141 
3124 5629 5661 5670 948 5998 6116 6142 5985 6141 5996 
3125 948 980 5661 5670 1084 5938 5996 6141 6116 6115 
3126 5661 5629 5670 3008 5998 6142 6116 6117 5720 6143 
3127 2967 2999 3008 5629 3103 3137 3145 5990 6143 6000 
3128 5629 5661 2999 3008 5998 5946 6000 6143 3137 6117 
3129 974 968 1008 5689 1128 1055 1127 6144 5874 5873 
3130 5649 5655 5689 974 6145 6146 5877 6147 6144 5748 
3131 5649 974 5689 968 6147 6144 5877 5857 5873 1128 
3132 5655 5649 5689 3027 6145 5877 6146 6148 5882 5881 
3133 2987 2993 3027 5655 3147 3146 3074 6149 6148 5754 
3134 2987 5655 3027 5649 6149 6148 3074 5863 5881 6145 
3135 63 62 982 5663 69 1120 1129 6150 6119 6118 
3136 2432 2433 5663 62 2456 6151 6121 2452 6118 2455 
3137 62 63 2433 5663 69 2457 2455 6118 6151 6150 
3138 2433 2432 5663 3001 2456 6121 6151 6152 6124 6123 
3139 383 384 3001 2432 390 3148 3139 2454 6123 2458 
3140 2432 2433 384 3001 2456 2459 2458 6123 3148 6152 
3141 115 116 984 5665 122 1122 1130 6153 5732 6126 
3142 2922 2921 5665 115 2937 6154 6129 2936 6153 2933 
3143 2922 115 5665 116 2936 6153 6129 2938 6126 122 
3144 2921 2922 5665 3003 2937 6129 6154 6155 5738 6132 
3145 487 486 3003 2921 493 3149 3141 2939 6155 2935 
3146 487 2921 3003 2922 2939 6155 3141 2940 6132 2937 
3147 60 59 949 5630 66 1131 1132 6156 6110 6157 
3148 2429 2430 5630 59 2441 6158 6159 2437 6157 2440 
3149 59 60 2430 5630 66 2442 2440 6157 6158 6156 
3150 2430 2429 5630 2968 2441 6159 6158 6160 6114 6161 
3151 380 381 2968 2429 387 3151 3150 2439 6161 2443 
3152 2429 2430 381 2968 2441 2444 2443 6161 3151 6160 
3153 15 229 977 5658 234 1133 1134 6162 5843 6163 
3154 2857 457 5658 15 2879 6164 6165 2878 6162 458 
3155 2857 15 5658 229 2878 6162 6165 2875 6163 234 
3156 457 2857 5658 2996 2879 6165 6164 6166 5849 6167 
3157 463 28 2996 457 468 3153 3152 2880 6166 459 
3158 463 457 2996 2857 2880 6166 3152 2877 6167 2879 
3159 941 61 996 5677 1113 1135 1039 5810 5809 6168 
3160 2431 5622 5677 61 6101 5812 6169 2447 6168 6099 
3161 61 941 5622 5677 1113 5792 6099 6168 5812 5810 
3162 5622 2431 5677 3015 6101 6169 5812 5815 5814 6170 
3163 382 2960 3015 2431 3132 3058 3154 2449 6170 6103 
3164 2431 5622 2960 3015 6101 5798 6103 6170 3058 5815 
3165 958 961 967 5642 1111 1089 1136 6093 6009 5858 
3166 5642 5639 5648 958 6092 6171 6010 6093 6172 6094 
3167 5642 958 5648 967 6093 6172 6010 6009 6013 1136 
3168 5639 5642 5648 2980 6092 6010 6171 6096 6014 5864 
3169 2980 2977 2986 5639 3130 3155 3108 6096 6173 6097 
3170 2980 5639 2986 5648 6096 6173 3108 6014 6016 6171 
3171 968 971 985 5666 1050 1137 1092 6025 6024 6174 
3172 5652 5649 5666 968 5854 6027 6175 5850 6025 5857 
3173 5652 968 5666 971 5850 6025 6175 5851 6174 1050 
3174 5649 5652 5666 3004 5854 6175 6027 6030 6029 6176 
3175 2990 2987 3004 5649 3069 3111 3156 5859 6030 5863 
3176 2990 5649 3004 5652 5859 6030 3156 5860 6176 5854 
3177 967 968 974 5649 1088 1128 1138 6012 6147 5857 
3178 5649 5648 5655 967 6011 6177 6145 6012 6178 6013 
3179 5649 967 5655 974 6012 6178 6145 6147 5748 1138 
3180 5648 5649 5655 2987 6011 6145 6177 6015 6149 5863 
3181 2987 2986 2993 5648 3107 3157 3147 6015 6179 6016 
3182 2987 5648 2993 5655 6015 6179 3147 6149 5754 6177 
3183 953 951 954 5632 1140 1033 1139 6180 5783 5761 
3184 5632 5634 5635 953 6181 6182 5782 6180 6183 5718 
3185 5632 953 5635 954 6180 6183 5782 5783 5703 1139 
3186 5634 5632 5635 2970 6181 5782 6182 6184 5784 5766 
3187 2970 2972 2973 5634 3159 3158 3052 6184 6185 5724 
3188 2970 5634 2973 5635 6184 6185 3052 5784 5709 6182 
3189 974 942 1001 5682 1025 1141 1142 6186 6187 6188 
3190 5623 5655 5682 942 5743 6189 6190 5747 6188 5746 
3191 942 974 5655 5682 1025 5748 5746 6188 6189 6186 
3192 5655 5623 5682 3020 5743 6190 6189 6191 6192 6193 
3193 2961 2993 3020 5623 3044 3161 3160 5753 6193 5752 
3194 5623 5655 2993 3020 5743 5754 5752 6193 3161 6191 
3195 64 63 990 5671 70 1143 1144 6194 6077 6195 
3196 2433 2434 5671 63 2461 6196 6197 2457 6195 2460 
3197 63 64 2434 5671 70 2462 2460 6195 6196 6194 
3198 2434 2433 5671 3009 2461 6197 6196 6198 6080 6199 
3199 384 385 3009 2433 391 3163 3162 2459 6199 2463 
3200 2433 2434 385 3009 2461 2464 2463 6199 3163 6198 
3201 114 115 992 5673 121 1145 1146 6200 5778 6201 
3202 2921 2920 5673 114 2932 6202 6203 2931 6200 2928 
3203 2921 114 5673 115 2931 6200 6203 2933 6201 121 
3204 2920 2921 5673 3011 2932 6203 6202 6204 5781 6205 
3205 486 485 3011 2920 492 3165 3164 2934 6204 2930 
3206 486 2920 3011 2921 2934 6204 3164 2935 6205 2932 
3207 943 950 951 5631 1097 1028 1147 6039 5760 5762 
3208 5631 5624 5632 943 6041 6206 5757 6039 6207 5916 
3209 5631 943 5632 951 6039 6207 5757 5760 5761 1147 
3210 5624 5631 5632 2969 6041 5757 6206 6043 5765 5767 
3211 2969 2962 2970 5624 3116 3166 3047 6043 6208 5921 
3212 2969 5624 2970 5632 6043 6208 3047 5765 5766 6206 
3213 948 119 999 5680 1081 1045 1148 6209 5825 5832 
3214 2925 5629 5680 119 5988 6210 5833 2953 5832 5986 
3215 119 948 5629 5680 1081 5985 5986 5832 6210 6209 
3216 5629 2925 5680 3018 5988 5833 6210 6211 5830 5834 
3217 490 2967 3018 2925 3100 3167 3064 2955 5834 5991 
3218 2925 5629 2967 3018 5988 5990 5991 5834 3167 6211 
3219 240 15 1012 5693 247 1149 1150 6212 5866 6213 
3220 457 2886 5693 240 2918 6214 6215 2917 6212 2914 
3221 457 240 5693 15 2917 6212 6215 458 6213 247 
3222 2886 457 5693 3031 2918 6215 6214 6216 5871 6217 
3223 28 477 3031 2886 484 3169 3168 2919 6216 2916 
3224 28 2886 3031 457 2919 6216 3168 459 6217 2918 
3225 237 238 950 5631 244 1151 1096 6040 5762 6218 
3226 2884 2883 5631 237 2903 6042 6219 2902 6040 2899 
3227 2884 237 5631 238 2902 6040 6219 2904 6218 244 
3228 2883 2884 5631 2969 2903 6219 6042 6044 5767 6220 
3229 475 474 2969 2883 481 3115 3170 2905 6044 2901 
3230 475 2883 2969 2884 2905 6044 3170 2906 6220 2903 
3231 63 982 990 5671 1129 1152 1143 6195 6077 6221 
3232 5663 2433 5671 63 6151 6197 6222 6150 6195 2457 
3233 5663 63 5671 982 6150 6195 6222 6119 6221 1129 
3234 2433 5663 5671 3009 6151 6222 6197 6199 6080 6223 
3235 3001 384 3009 2433 3148 3162 3171 6152 6199 2459 
3236 3001 2433 3009 5663 6152 6199 3171 6124 6223 6151 
3237 60 949 996 5630 1132 1117 1153 6156 6109 6110 
3238 5630 2430 5677 60 6158 6224 6106 6156 6225 2442 
3239 5630 60 5677 996 6156 6225 6106 6109 5809 1153 
3240 2430 5630 5677 2968 6158 6106 6224 6160 6113 6114 
3241 2968 381 3015 2430 3151 3172 3136 6160 6226 2444 
3242 2968 2430 3015 5677 6160 6226 3136 6113 5814 6224 
3243 239 240 940 5621 246 1154 1155 6227 6228 6229 
3244 2886 2885 5621 239 2913 6230 6231 2912 6227 2909 
3245 2886 239 5621 240 2912 6227 6231 2914 6229 246 
3246 2885 2886 5621 2959 2913 6231 6230 6232 6233 6234 
3247 477 476 2959 2885 483 3174 3173 2915 6232 2911 
3248 477 2885 2959 2886 2915 6232 3173 2916 6234 2913 
3249 970 963 972 5653 1158 1156 1157 6235 5793 6236 
3250 5644 5651 5653 970 6237 6238 6239 6240 6235 5733 
3251 5644 970 5653 963 6240 6235 6239 6241 6236 1158 
3252 5651 5644 5653 2991 6237 6239 6238 6242 5799 6243 
3253 2982 2989 2991 5651 3177 3176 3175 6244 6242 5739 
3254 2982 5651 2991 5644 6244 6242 3175 6245 6243 6237 
3255 978 946 979 5660 1161 1159 1160 6246 5880 6247 
3256 5627 5659 5660 978 6248 6249 6250 6251 6246 6252 
3257 5627 978 5660 946 6251 6246 6250 6002 6247 1161 
3258 5659 5627 5660 2998 6248 6250 6249 6253 5885 6254 
3259 2965 2997 2998 5659 3180 3179 3178 6255 6253 6256 
3260 2965 5659 2998 5627 6255 6253 3178 6007 6254 6248 
3261 115 984 992 5665 1130 1032 1145 6153 5777 5732 
3262 5665 2921 5673 115 6154 6203 5775 6153 6201 2933 
3263 5665 115 5673 992 6153 6201 5775 5777 5778 1145 
3264 2921 5665 5673 3003 6154 5775 6203 6155 5780 5738 
3265 3003 486 3011 2921 3149 3164 3051 6155 6205 2935 
3266 3003 2921 3011 5673 6155 6205 3051 5780 5781 6203 
3267 960 963 969 5644 1164 1162 1163 6257 6258 6241 
3268 5644 5641 5650 960 6259 6260 6261 6257 6262 6263 
3269 5644 960 5650 969 6257 6262 6261 6258 5980 1163 
3270 5641 5644 5650 2982 6259 6261 6260 6264 6265 6245 
3271 2982 2979 2988 5641 3183 3182 3181 6264 6266 6267 
3272 2982 5641 2988 5650 6264 6266 3181 6265 5983 6260 
3273 962 959 964 5645 1167 1165 1166 6268 6269 6270 
3274 5640 5643 5645 962 6271 6272 6273 6274 6268 6275 
3275 5640 962 5645 959 6274 6268 6273 6276 6270 1167 
3276 5643 5640 5645 2983 6271 6273 6272 6277 6278 6279 
3277 2978 2981 2983 5643 3186 3185 3184 6280 6277 6281 
3278 2978 5643 2983 5640 6280 6277 3184 6282 6279 6271 
3279 955 954 956 5635 1169 1038 1168 6283 5800 5703 
3280 5635 5636 5637 955 6284 6285 5801 6283 6286 6287 
3281 5635 955 5637 956 6283 6286 5801 5800 5804 1168 
3282 5636 5635 5637 2973 6284 5801 6285 6288 5805 5709 
3283 2973 2974 2975 5636 3188 3187 3057 6288 6289 6290 
3284 2973 5636 2975 5637 6288 6289 3057 5805 5807 6285 
3285 953 954 955 5635 1139 1169 1170 6183 6283 5703 
3286 5635 5634 5636 953 6182 6291 6284 6183 6292 5718 
3287 5635 953 5636 955 6183 6292 6284 6283 6287 1170 
3288 5634 5635 5636 2973 6182 6284 6291 6185 6288 5709 
3289 2973 2972 2974 5634 3158 3189 3188 6185 6293 5724 
3290 2973 5634 2974 5636 6185 6293 3188 6288 6290 6291 
3291 960 969 995 5676 1163 1171 1172 6294 6295 6296 
3292 5650 5641 5676 960 6260 6297 6298 6262 6294 6263 
3293 5650 960 5676 969 6262 6294 6298 5980 6296 1163 
3294 5641 5650 5676 3014 6260 6298 6297 6299 6300 6301 
3295 2988 2979 3014 5641 3182 3191 3190 6266 6299 6267 
3296 2988 5641 3014 5650 6266 6299 3190 5983 6301 6260 
3297 969 963 970 5644 1162 1158 1173 6258 6240 6241 
3298 5644 5650 5651 969 6261 6302 6237 6258 6303 5980 
3299 5644 969 5651 970 6258 6303 6237 6240 5733 1173 
3300 5650 5644 5651 2982 6261 6237 6302 6265 6244 6245 
3301 2982 2988 2989 5650 3181 3192 3177 6265 6304 5983 
3302 2982 5650 2989 5651 6265 6304 3177 6244 5739 6302 
3303 971 973 998 5679 1083 1174 1175 6305 5842 6306 
3304 5654 5652 5679 971 5993 6307 6308 5992 6305 5851 
3305 5654 971 5679 973 5992 6305 6308 5702 6306 1083 
3306 5652 5654 5679 3017 5993 6308 6307 6309 5848 6310 
3307 2992 2990 3017 5652 3102 3194 3193 5994 6309 5860 
3308 2992 5652 3017 5654 5994 6309 3193 5708 6310 5993 
3309 960 962 963 5644 1177 1176 1164 6257 6241 6311 
3310 5643 5641 5644 960 6312 6259 6313 6314 6257 6263 
3311 5643 960 5644 962 6314 6257 6313 6275 6311 1177 
3312 5641 5643 5644 2982 6312 6313 6259 6264 6245 6315 
3313 2981 2979 2982 5641 3196 3183 3195 6316 6264 6267 
3314 2981 5641 2982 5643 6316 6264 3195 6281 6315 6312 
3315 963 962 987 5668 1176 1178 1179 6317 5786 6318 
3316 5643 5644 5668 962 6313 6319 6320 6275 6318 6311 
3317 962 963 5644 5668 1176 6241 6311 6318 6319 6317 
3318 5644 5643 5668 3006 6313 6320 6319 6321 5795 6322 
3319 2981 2982 3006 5643 3195 3198 3197 6281 6322 6315 
3320 5643 5644 2982 3006 6313 6245 6315 6322 3198 6321 
3321 14 213 1007 5688 219 1180 1181 6323 6324 6325 
3322 2815 441 5688 14 2822 6326 6327 2821 6323 442 
3323 2815 14 5688 213 2821 6323 6327 2823 6325 219 
3324 441 2815 5688 3026 2822 6327 6326 6328 6329 6330 
3325 444 27 3026 441 450 3200 3199 2824 6328 443 
3326 444 441 3026 2815 2824 6328 3199 2825 6330 2822 
3327 15 977 1012 5693 1134 1053 1149 6213 5866 5865 
3328 5658 457 5693 15 6164 6215 5868 6162 6213 458 
3329 5658 15 5693 977 6162 6213 5868 5843 5865 1134 
3330 457 5658 5693 3031 6164 5868 6215 6217 5871 5870 
3331 2996 28 3031 457 3153 3168 3072 6166 6217 459 
3332 2996 457 3031 5658 6166 6217 3072 5849 5870 6164 
3333 945 976 985 5666 1184 1182 1183 6331 6024 6332 
3334 5657 5626 5666 945 6333 6334 6335 6336 6331 6337 
3335 5657 945 5666 976 6336 6331 6335 6338 6332 1184 
3336 5626 5657 5666 3004 6333 6335 6334 6339 6029 6340 
3337 2995 2964 3004 5626 3203 3202 3201 6341 6339 6342 
3338 2995 5626 3004 5657 6341 6339 3201 6343 6340 6333 
3339 962 964 966 5647 1166 1185 1186 6344 6345 6346 
3340 5645 5643 5647 962 6272 6347 6348 6268 6344 6275 
3341 5645 962 5647 964 6268 6344 6348 6269 6346 1166 
3342 5643 5645 5647 2985 6272 6348 6347 6349 6350 6351 
3343 2983 2981 2985 5643 3185 3205 3204 6277 6349 6281 
3344 2983 5643 2985 5645 6277 6349 3204 6278 6351 6272 
3345 972 963 987 5668 1156 1179 1034 5787 5786 6317 
3346 5644 5653 5668 963 6239 5790 6319 6241 6317 6236 
3347 963 972 5653 5668 1156 5793 6236 6317 5790 5787 
3348 5653 5644 5668 3006 6239 6319 5790 5796 5795 6321 
3349 2982 2991 3006 5644 3175 3053 3198 6245 6321 6243 
3350 5644 5653 2991 3006 6239 5799 6243 6321 3053 5796 
3351 962 966 987 5668 1186 1187 1178 6318 5786 6352 
3352 5647 5643 5668 962 6347 6320 6353 6344 6318 6275 
3353 5647 962 5668 966 6344 6318 6353 6345 6352 1186 
3354 5643 5647 5668 3006 6347 6353 6320 6322 5795 6354 
3355 2985 2981 3006 5643 3205 3197 3206 6349 6322 6281 
3356 2985 5643 3006 5647 6349 6322 3206 6350 6354 6347 
3357 218 4 1005 5686 225 1188 1189 6355 6356 6357 
3358 377 2820 5686 218 2852 6358 6359 2851 6355 2848 
3359 377 218 5686 4 2851 6355 6359 378 6357 225 
3360 2820 377 5686 3024 2852 6359 6358 6360 6361 6362 
3361 24 449 3024 2820 456 3208 3207 2853 6360 2850 
3362 24 2820 3024 377 2853 6360 3207 379 6362 2852 
3363 960 959 962 5640 1190 1167 1177 6363 6274 6276 
3364 5640 5641 5643 960 6364 6312 6271 6363 6314 6263 
3365 5640 960 5643 962 6363 6314 6271 6274 6275 1177 
3366 5641 5640 5643 2978 6364 6271 6312 6365 6280 6282 
3367 2978 2979 2981 5641 3209 3196 3186 6365 6316 6267 
3368 2978 5641 2981 5643 6365 6316 3186 6280 6281 6312 
3369 238 239 994 5675 245 1191 1192 6366 5887 6367 
3370 2885 2884 5675 238 2908 6368 6369 2907 6366 2904 
3371 2885 238 5675 239 2907 6366 6369 2909 6367 245 
3372 2884 2885 5675 3013 2908 6369 6368 6370 5892 6371 
3373 476 475 3013 2884 482 3211 3210 2910 6370 2906 
3374 476 2884 3013 2885 2910 6370 3210 2911 6371 2908 
3375 4 64 1005 5686 71 1193 1188 6357 6356 6372 
3376 2434 377 5686 64 2466 6359 6373 2462 6372 2465 
3377 64 4 377 5686 71 378 2465 6372 6359 6357 
3378 377 2434 5686 3024 2466 6373 6359 6362 6361 6374 
3379 385 24 3024 2434 392 3207 3212 2464 6374 2467 
3380 2434 377 24 3024 2466 379 2467 6374 3207 6362 
3381 966 964 986 5667 1185 1194 1195 6375 5960 6376 
3382 5645 5647 5667 964 6348 6377 6378 6269 6376 6346 
3383 964 966 5647 5667 1185 6345 6346 6376 6377 6375 
3384 5647 5645 5667 3005 6348 6378 6377 6379 5966 6380 
3385 2983 2985 3005 5645 3204 3214 3213 6278 6380 6351 
3386 5645 5647 2985 3005 6348 6350 6351 6380 3214 6379 
3387 944 988 1000 5669 1110 1063 1196 6084 5906 5908 
3388 5669 5625 5681 944 6086 6381 5903 6084 6382 5944 
3389 5669 944 5681 1000 6084 6382 5903 5906 5907 1196 
3390 5625 5669 5681 3007 6086 5903 6381 6088 5912 5914 
3391 3007 2963 3019 5625 3129 3215 3082 6088 6383 5949 
3392 3007 5625 3019 5681 6088 6383 3082 5912 5913 6381 
3393 957 956 958 5637 1198 1112 1197 6384 6090 5804 
3394 5637 5638 5639 957 6385 6386 6091 6384 6387 6388 
3395 5637 957 5639 958 6384 6387 6091 6090 6094 1197 
3396 5638 5637 5639 2975 6385 6091 6386 6389 6095 5807 
3397 2975 2976 2977 5638 3217 3216 3131 6389 6390 6391 
3398 2975 5638 2977 5639 6389 6390 3131 6095 6097 6386 
3399 213 946 1007 5688 1087 1199 1180 6325 6324 6392 
3400 5627 2815 5688 213 6004 6327 6393 6001 6325 2823 
3401 5627 213 5688 946 6001 6325 6393 6002 6392 1087 
3402 2815 5627 5688 3026 6004 6393 6327 6330 6329 6394 
3403 2965 444 3026 2815 3106 3199 3218 6006 6330 2825 
3404 2965 2815 3026 5627 6006 6330 3218 6007 6394 6004 
3405 955 956 957 5637 1168 1198 1200 6286 6384 5804 
3406 5637 5636 5638 955 6285 6395 6385 6286 6396 6287 
3407 5637 955 5638 957 6286 6396 6385 6384 6388 1200 
3408 5636 5637 5638 2975 6285 6385 6395 6289 6389 5807 
3409 2975 2974 2976 5636 3187 3219 3217 6289 6397 6290 
3410 2975 5636 2976 5638 6289 6397 3217 6389 6391 6395 
3411 957 959 960 5640 1202 1190 1201 6398 6363 6276 
3412 5640 5638 5641 957 6399 6400 6364 6398 6401 6388 
3413 5640 957 5641 960 6398 6401 6364 6363 6263 1201 
3414 5638 5640 5641 2978 6399 6364 6400 6402 6365 6282 
3415 2978 2976 2979 5638 3221 3220 3209 6402 6403 6391 
3416 2978 5638 2979 5641 6402 6403 3209 6365 6267 6400 
3417 957 958 959 5640 1197 1203 1202 6398 6276 6404 
3418 5639 5638 5640 957 6386 6399 6405 6387 6398 6388 
3419 5639 957 5640 958 6387 6398 6405 6094 6404 1197 
3420 5638 5639 5640 2978 6386 6405 6399 6402 6282 6406 
3421 2977 2976 2978 5638 3216 3221 3222 6390 6402 6391 
3422 2977 5638 2978 5639 6390 6402 3222 6097 6406 6386 
3423 950 238 994 5675 1151 1192 1057 5888 5887 6366 
3424 2884 5631 5675 238 6219 5890 6368 2904 6366 6218 
3425 238 950 5631 5675 1151 5762 6218 6366 5890 5888 
3426 5631 2884 5675 3013 6219 6368 5890 5893 5892 6370 
3427 475 2969 3013 2884 3170 3076 3211 2906 6370 6220 
3428 2884 5631 2969 3013 6219 5767 6220 6370 3076 5893 
3429 946 978 1007 5688 1161 1204 1199 6392 6324 6407 
3430 5659 5627 5688 978 6248 6393 6408 6252 6407 6251 
3431 978 946 5627 5688 1161 6002 6251 6407 6393 6392 
3432 5627 5659 5688 3026 6248 6408 6393 6394 6329 6409 
3433 2997 2965 3026 5659 3180 3218 3223 6256 6409 6255 
3434 5659 5627 2965 3026 6248 6007 6255 6409 3218 6394 
3435 239 940 994 5675 1155 1205 1191 6367 5887 6410 
3436 5621 2885 5675 239 6230 6369 6411 6227 6367 2909 
3437 5621 239 5675 940 6227 6367 6411 6228 6410 1155 
3438 2885 5621 5675 3013 6230 6411 6369 6371 5892 6412 
3439 2959 476 3013 2885 3174 3210 3224 6232 6371 2911 
3440 2959 2885 3013 5621 6232 6371 3224 6233 6412 6230 
3441 226 14 1007 5688 230 1181 1206 6413 6324 6323 
3442 441 2854 5688 226 2859 6414 6326 2858 6413 2860 
3443 441 226 5688 14 2858 6413 6326 442 6323 230 
3444 2854 441 5688 3026 2859 6326 6414 6415 6329 6328 
3445 27 460 3026 2854 464 3225 3200 2861 6415 2862 
3446 27 2854 3026 441 2861 6415 3200 443 6328 2859 
3447 953 955 965 5646 1170 1207 1042 5819 5820 6416 
3448 5636 5634 5646 953 6291 5817 6417 6292 5819 5718 
3449 5636 953 5646 955 6292 5819 6417 6287 6416 1170 
3450 5634 5636 5646 2984 6291 6417 5817 5822 5823 6418 
3451 2974 2972 2984 5634 3189 3061 3226 6293 5822 5724 
3452 2974 5634 2984 5636 6293 5822 3226 6290 6418 6291 
3453 964 959 991 5672 1165 1208 1209 6419 6420 6421 
3454 5640 5645 5672 959 6273 6422 6423 6276 6421 6270 
3455 959 964 5645 5672 1165 6269 6270 6421 6422 6419 
3456 5645 5640 5672 3010 6273 6423 6422 6424 6425 6426 
3457 2978 2983 3010 5640 3184 3228 3227 6282 6426 6279 
3458 5640 5645 2983 3010 6273 6278 6279 6426 3228 6424 
3459 942 997 1001 5682 1105 1210 1141 6188 6187 6427 
3460 5678 5623 5682 942 6068 6190 6428 6065 6188 5747 
3461 5678 942 5682 997 6065 6188 6428 6066 6427 1105 
3462 5623 5678 5682 3020 6068 6428 6190 6193 6192 6429 
3463 3016 2961 3020 5623 3124 3160 3229 6070 6193 5753 
3464 3016 5623 3020 5678 6070 6193 3229 6071 6429 6068 
3465 59 3 1006 5687 65 1211 1212 6430 6431 6432 
3466 369 2429 5687 3 2436 6433 6434 370 6432 2435 
3467 3 59 2429 5687 65 2437 2435 6432 6433 6430 
3468 2429 369 5687 3025 2436 6434 6433 6435 6436 6437 
3469 23 380 3025 369 386 3231 3230 371 6437 2438 
3470 369 2429 380 3025 2436 2439 2438 6437 3231 6435 
3471 3 114 1006 5687 120 1213 1211 6432 6431 6438 
3472 2920 369 5687 3 2927 6434 6439 2926 6432 370 
3473 2920 3 5687 114 2926 6432 6439 2928 6438 120 
3474 369 2920 5687 3025 2927 6439 6434 6437 6436 6440 
3475 485 23 3025 369 491 3230 3232 2929 6437 371 
3476 485 369 3025 2920 2929 6437 3232 2930 6440 2927 
3477 958 967 991 5672 1136 1214 1215 6441 6420 6442 
3478 5648 5639 5672 958 6171 6443 6444 6172 6441 6094 
3479 5648 958 5672 967 6172 6441 6444 6013 6442 1136 
3480 5639 5648 5672 3010 6171 6444 6443 6445 6425 6446 
3481 2986 2977 3010 5639 3155 3234 3233 6173 6445 6097 
3482 2986 5639 3010 5648 6173 6445 3233 6016 6446 6171 
3483 952 951 953 5632 1216 1140 1019 6447 6180 5761 
3484 5632 5633 5634 952 6448 5713 6181 6447 5716 5717 
3485 5632 952 5634 953 6447 5716 6181 6180 5718 1019 
3486 5633 5632 5634 2970 6448 6181 5713 6449 6184 5766 
3487 2970 2971 2972 5633 3235 3038 3159 6449 5722 5723 
3488 2970 5633 2972 5634 6449 5722 3159 6184 5724 5713 
3489 61 60 996 5677 67 1153 1135 6168 5809 6225 
3490 2430 2431 5677 60 2446 6169 6224 2442 6225 2445 
3491 60 61 2431 5677 67 2447 2445 6225 6169 6168 
3492 2431 2430 5677 3015 2446 6224 6169 6170 5814 6226 
3493 381 382 3015 2430 388 3154 3172 2444 6226 2448 
3494 2430 2431 382 3015 2446 2449 2448 6226 3154 6170 
3495 986 964 997 5678 1194 1217 1218 6450 6066 6451 
3496 5645 5667 5678 964 6378 6452 6453 6269 6451 6376 
3497 964 986 5667 5678 1194 5960 6376 6451 6452 6450 
3498 5667 5645 5678 3016 6378 6453 6452 6454 6071 6455 
3499 2983 3005 3016 5645 3213 3237 3236 6278 6455 6380 
3500 5645 5667 3005 3016 6378 5966 6380 6455 3237 6454 
3501 959 958 991 5672 1203 1215 1208 6421 6420 6441 
3502 5639 5640 5672 958 6405 6423 6443 6094 6441 6404 
3503 958 959 5640 5672 1203 6276 6404 6441 6423 6421 
3504 5640 5639 5672 3010 6405 6443 6423 6426 6425 6445 
3505 2977 2978 3010 5639 3222 3227 3234 6097 6445 6406 
3506 5639 5640 2978 3010 6405 6282 6406 6445 3227 6426 
3507 236 943 983 5664 1065 1219 1094 6033 6032 6456 
3508 5624 2882 5664 236 5918 6035 6457 5915 6033 2894 
3509 5624 236 5664 943 5915 6033 6457 5916 6456 1065 
3510 2882 5624 5664 3002 5918 6457 6035 6038 6037 6458 
3511 2962 473 3002 2882 3084 3113 3238 5920 6038 2896 
3512 2962 2882 3002 5624 5920 6038 3238 5921 6458 5918 
3513 981 986 997 5678 1100 1218 1104 6067 6066 6450 
3514 5667 5662 5678 981 6055 6069 6452 6056 6067 5969 
3515 5667 981 5678 986 6056 6067 6452 5960 6450 1100 
3516 5662 5667 5678 3016 6055 6452 6069 6072 6071 6454 
3517 3005 3000 3016 5662 3119 3123 3237 6058 6072 5974 
3518 3005 5662 3016 5667 6058 6072 3237 5966 6454 6055 
3519 943 951 952 5632 1147 1216 1220 6207 6447 5761 
3520 5632 5624 5633 943 6206 6459 6448 6207 6460 5916 
3521 5632 943 5633 952 6207 6460 6448 6447 5717 1220 
3522 5624 5632 5633 2970 6206 6448 6459 6208 6449 5766 
3523 2970 2962 2971 5624 3166 3239 3235 6208 6461 5921 
3524 2970 5624 2971 5633 6208 6461 3235 6449 5723 6459 
3525 229 228 945 5626 233 1221 1222 6462 6337 6463 
3526 2856 2857 5626 229 2874 6464 6465 2873 6462 2875 
3527 2856 229 5626 228 2873 6462 6465 2870 6463 233 
3528 2857 2856 5626 2964 2874 6465 6464 6466 6342 6467 
3529 462 463 2964 2857 467 3241 3240 2876 6466 2877 
3530 462 2857 2964 2856 2876 6466 3240 2872 6467 2874 
3531 227 226 978 5659 231 1223 1224 6468 6252 6469 
3532 2854 2855 5659 227 2864 6470 6471 2863 6468 2865 
3533 2854 227 5659 226 2863 6468 6471 2860 6469 231 
3534 2855 2854 5659 2997 2864 6471 6470 6472 6256 6473 
3535 460 461 2997 2855 465 3243 3242 2866 6472 2867 
3536 460 2855 2997 2854 2866 6472 3242 2862 6473 2864 
3537 228 227 976 5657 232 1225 1226 6474 6338 6475 
3538 2855 2856 5657 228 2869 6476 6477 2868 6474 2870 
3539 2855 228 5657 227 2868 6474 6477 2865 6475 232 
3540 2856 2855 5657 2995 2869 6477 6476 6478 6343 6479 
3541 461 462 2995 2856 466 3245 3244 2871 6478 2872 
3542 461 2856 2995 2855 2871 6478 3244 2867 6479 2869 
3543 998 940 1012 5693 1228 1227 1052 5867 5866 6480 
3544 5621 5679 5693 998 6481 5869 6482 6483 5867 5842 
3545 5621 998 5693 940 6483 5867 6482 6228 6480 1228 
3546 5679 5621 5693 3031 6481 6482 5869 5872 5871 6484 
3547 2959 3017 3031 5679 3247 3071 3246 6485 5872 5848 
3548 2959 5679 3031 5621 6485 5872 3246 6233 6484 6481 
3549 976 979 985 5666 1229 1093 1182 6332 6024 6023 
3550 5660 5657 5666 976 6486 6335 6026 6487 6332 6338 
3551 5660 976 5666 979 6487 6332 6026 5880 6023 1229 
3552 5657 5660 5666 3004 6486 6026 6335 6340 6029 6028 
3553 2998 2995 3004 5657 3248 3201 3112 6488 6340 6343 
3554 2998 5657 3004 5660 6488 6340 3112 5885 6028 6486 
3555 946 214 993 5674 1086 1108 1230 6489 5741 6081 
3556 2816 5627 5674 214 6005 6490 6082 2828 6081 6003 
3557 214 946 5627 5674 1086 6002 6003 6081 6490 6489 
3558 5627 2816 5674 3012 6005 6082 6490 6491 5750 6083 
3559 445 2965 3012 2816 3105 3249 3127 2830 6083 6008 
3560 2816 5627 2965 3012 6005 6007 6008 6083 3249 6491 
3561 229 945 977 5658 1222 1231 1133 6163 5843 6492 
3562 5626 2857 5658 229 6464 6165 6493 6462 6163 2875 
3563 5626 229 5658 945 6462 6163 6493 6337 6492 1222 
3564 2857 5626 5658 2996 6464 6493 6165 6167 5849 6494 
3565 2964 463 2996 2857 3241 3152 3250 6466 6167 2877 
3566 2964 2857 2996 5626 6466 6167 3250 6342 6494 6464 
3567 957 960 995 5676 1201 1172 1232 6495 6295 6294 
3568 5641 5638 5676 957 6400 6496 6297 6401 6495 6388 
3569 5641 957 5676 960 6401 6495 6297 6263 6294 1201 
3570 5638 5641 5676 3014 6400 6297 6496 6497 6300 6299 
3571 2979 2976 3014 5638 3220 3251 3191 6403 6497 6391 
3572 2979 5638 3014 5641 6403 6497 3191 6267 6299 6400 
3573 984 944 1000 5681 1121 1196 1090 6018 5907 6382 
3574 5625 5665 5681 944 6130 6020 6381 5944 6382 6127 
3575 944 984 5665 5681 1121 5732 6127 6382 6020 6018 
3576 5665 5625 5681 3019 6130 6381 6020 6022 5913 6383 
3577 2963 3003 3019 5625 3140 3109 3215 5949 6383 6133 
3578 5625 5665 3003 3019 6130 5738 6133 6383 3109 6022 
3579 955 957 995 5676 1200 1232 1233 6498 6295 6495 
3580 5638 5636 5676 955 6395 6499 6496 6396 6498 6287 
3581 5638 955 5676 957 6396 6498 6496 6388 6495 1200 
3582 5636 5638 5676 3014 6395 6496 6499 6500 6300 6497 
3583 2976 2974 3014 5636 3219 3252 3251 6397 6500 6290 
3584 2976 5636 3014 5638 6397 6500 3251 6391 6497 6395 
3585 971 998 1010 5691 1175 1047 1234 6501 5836 5835 
3586 5679 5652 5691 971 6307 6502 5839 6305 6501 5851 
3587 5679 971 5691 998 6305 6501 5839 5842 5835 1175 
3588 5652 5679 5691 3029 6307 5839 6502 6503 5845 5844 
3589 3017 2990 3029 5652 3194 3253 3066 6309 6503 5860 
3590 3017 5652 3029 5679 6309 6503 3066 5848 5844 6307 
3591 964 991 997 5678 1209 1235 1217 6451 6066 6504 
3592 5672 5645 5678 964 6422 6453 6505 6419 6451 6269 
3593 5672 964 5678 991 6419 6451 6505 6420 6504 1209 
3594 5645 5672 5678 3016 6422 6505 6453 6455 6071 6506 
3595 3010 2983 3016 5645 3228 3236 3254 6424 6455 6278 
3596 3010 5645 3016 5672 6424 6455 3254 6425 6506 6422 
3597 945 228 976 5657 1221 1226 1184 6336 6338 6474 
3598 2856 5626 5657 228 6465 6333 6476 2870 6474 6463 
3599 228 945 5626 5657 1221 6337 6463 6474 6333 6336 
3600 5626 2856 5657 2995 6465 6476 6333 6341 6343 6478 
3601 462 2964 2995 2856 3240 3203 3245 2872 6478 6467 
3602 2856 5626 2964 2995 6465 6342 6467 6478 3203 6341 
3603 976 227 978 5659 1225 1224 1236 6507 6252 6468 
3604 2855 5657 5659 227 6477 6508 6470 2865 6468 6475 
3605 227 976 5657 5659 1225 6338 6475 6468 6508 6507 
3606 5657 2855 5659 2997 6477 6470 6508 6509 6256 6472 
3607 461 2995 2997 2855 3244 3255 3243 2867 6472 6479 
3608 2855 5657 2995 2997 6477 6343 6479 6472 3255 6509 
3609 997 991 1001 5682 1235 1237 1210 6427 6187 6510 
3610 5672 5678 5682 991 6505 6428 6511 6420 6510 6504 
3611 991 997 5678 5682 1235 6066 6504 6510 6428 6427 
3612 5678 5672 5682 3020 6505 6511 6428 6429 6192 6512 
3613 3010 3016 3020 5672 3254 3229 3256 6425 6512 6506 
3614 5672 5678 3016 3020 6505 6071 6506 6512 3229 6429 
3615 943 952 983 5664 1220 1238 1219 6456 6032 6513 
3616 5633 5624 5664 943 6459 6457 6514 6460 6456 5916 
3617 5633 943 5664 952 6460 6456 6514 5717 6513 1220 
3618 5624 5633 5664 3002 6459 6514 6457 6458 6037 6515 
3619 2971 2962 3002 5624 3239 3238 3257 6461 6458 5921 
3620 2971 5624 3002 5633 6461 6458 3257 5723 6515 6459 
3621 965 955 995 5676 1207 1233 1239 6516 6295 6498 
3622 5636 5646 5676 955 6417 6517 6499 6287 6498 6416 
3623 955 965 5646 5676 1207 5820 6416 6498 6517 6516 
3624 5646 5636 5676 3014 6417 6499 6517 6518 6300 6500 
3625 2974 2984 3014 5636 3226 3258 3252 6290 6500 6418 
3626 5636 5646 2984 3014 6417 5823 6418 6500 3258 6518 
3627 976 978 979 5660 1236 1160 1229 6487 5880 6246 
3628 5659 5657 5660 976 6508 6486 6249 6507 6487 6338 
3629 5659 976 5660 978 6507 6487 6249 6252 6246 1236 
3630 5657 5659 5660 2998 6508 6249 6486 6488 5885 6253 
3631 2997 2995 2998 5657 3255 3248 3179 6509 6488 6343 
3632 2997 5657 2998 5659 6509 6488 3179 6256 6253 6508 
3633 949 992 1002 5683 1240 1031 1115 6105 5726 5774 
3634 5673 5630 5683 949 6519 6108 5776 6520 6105 6110 
3635 5673 949 5683 992 6520 6105 5776 5778 5774 1240 
3636 5630 5673 5683 3021 6519 5776 6108 6112 5735 5779 
3637 3011 2968 3021 5630 3259 3134 3050 6521 6112 6114 
3638 3011 5630 3021 5673 6521 6112 3050 5781 5779 6519 
3639 235 983 999 5680 1095 1241 1043 5826 5825 6522 
3640 5664 2881 5680 235 6034 5828 6523 6031 5826 2889 
3641 5664 235 5680 983 6031 5826 6523 6032 6522 1095 
3642 2881 5664 5680 3018 6034 6523 5828 5831 5830 6524 
3643 3002 472 3018 2881 3114 3062 3260 6036 5831 2891 
3644 3002 2881 3018 5664 6036 5831 3260 6037 6524 6034 
3645 941 987 1009 5690 1035 1242 1243 6525 6526 6527 
3646 5668 5622 5690 941 5789 6528 6529 5785 6525 5792 
3647 5668 941 5690 987 5785 6525 6529 5786 6527 1035 
3648 5622 5668 5690 3028 5789 6529 6528 6530 6531 6532 
3649 3006 2960 3028 5622 3054 3262 3261 5794 6530 5798 
3650 3006 5622 3028 5668 5794 6530 3261 5795 6532 5789 
3651 969 970 1000 5681 1173 1091 1080 5979 5907 6017 
3652 5651 5650 5681 969 6302 5977 6019 6303 5979 5980 
3653 5651 969 5681 970 6303 5979 6019 5733 6017 1173 
3654 5650 5651 5681 3019 6302 6019 5977 5982 5913 6021 
3655 2989 2988 3019 5650 3192 3099 3110 6304 5982 5983 
3656 2989 5650 3019 5651 6304 5982 3110 5739 6021 6302 
3657 114 992 1006 5687 1146 1244 1213 6438 6431 6533 
3658 5673 2920 5687 114 6202 6439 6534 6200 6438 2928 
3659 5673 114 5687 992 6200 6438 6534 5778 6533 1146 
3660 2920 5673 5687 3025 6202 6534 6439 6440 6436 6535 
3661 3011 485 3025 2920 3165 3232 3263 6204 6440 2930 
3662 3011 2920 3025 5673 6204 6440 3263 5781 6535 6202 
3663 989 948 1004 5685 1126 1245 1068 5931 5930 6536 
3664 5629 5670 5685 948 6142 5933 6537 5985 6536 6141 
3665 948 989 5670 5685 1126 5711 6141 6536 5933 5931 
3666 5670 5629 5685 3023 6142 6537 5933 5936 5935 6538 
3667 2967 3008 3023 5629 3145 3087 3264 5990 6538 6143 
3668 5629 5670 3008 3023 6142 5720 6143 6538 3087 5936 
3669 994 940 1011 5692 1205 1246 1247 6539 6046 6540 
3670 5621 5675 5692 940 6411 6541 6542 6228 6540 6410 
3671 940 994 5675 5692 1205 5887 6410 6540 6541 6539 
3672 5675 5621 5692 3030 6411 6542 6541 6543 6051 6544 
3673 2959 3013 3030 5621 3224 3266 3265 6233 6544 6412 
3674 5621 5675 3013 3030 6411 5892 6412 6544 3266 6543 
3675 947 218 1005 5686 1125 1189 1248 6545 6356 6355 
3676 2820 5628 5686 218 6139 6546 6358 2848 6355 6138 
3677 218 947 5628 5686 1125 5961 6138 6355 6546 6545 
3678 5628 2820 5686 3024 6139 6358 6546 6547 6361 6360 
3679 449 2966 3024 2820 3144 3267 3208 2850 6360 6140 
3680 2820 5628 2966 3024 6139 5967 6140 6360 3267 6547 
3681 991 967 1001 5682 1214 1249 1237 6510 6187 6548 
3682 5648 5672 5682 967 6444 6511 6549 6013 6548 6442 
3683 967 991 5672 5682 1214 6420 6442 6548 6511 6510 
3684 5672 5648 5682 3020 6444 6549 6511 6512 6192 6550 
3685 2986 3010 3020 5648 3233 3256 3268 6016 6550 6446 
3686 5648 5672 3010 3020 6444 6425 6446 6550 3256 6512 
3687 998 973 1011 5692 1174 1099 1250 6551 6046 6045 
3688 5654 5679 5692 973 6308 6552 6048 5702 6045 6306 
3689 973 998 5679 5692 1174 5842 6306 6045 6552 6551 
3690 5679 5654 5692 3030 6308 6048 6552 6553 6051 6050 
3691 2992 3017 3030 5654 3193 3269 3118 5708 6050 6310 
3692 5654 5679 3017 3030 6308 5848 6310 6050 3269 6553 
3693 945 985 1010 5691 1183 1251 1252 6554 5836 6555 
3694 5666 5626 5691 945 6334 6556 6557 6331 6554 6337 
3695 5666 945 5691 985 6331 6554 6557 6024 6555 1183 
3696 5626 5666 5691 3029 6334 6557 6556 6558 5845 6559 
3697 3004 2964 3029 5626 3202 3271 3270 6339 6558 6342 
3698 3004 5626 3029 5666 6339 6558 3270 6029 6559 6334 
3699 982 941 1009 5690 1119 1243 1253 6560 6526 6525 
3700 5622 5663 5690 941 6122 6561 6528 5792 6525 6120 
3701 941 982 5663 5690 1119 6119 6120 6525 6561 6560 
3702 5663 5622 5690 3028 6122 6528 6561 6562 6531 6530 
3703 2960 3001 3028 5622 3138 3272 3262 5798 6530 6125 
3704 5622 5663 3001 3028 6122 6124 6125 6530 3272 6562 
3705 990 982 1003 5684 1152 1254 1106 6073 5954 6563 
3706 5663 5671 5684 982 6222 6075 6564 6119 6563 6221 
3707 982 990 5671 5684 1152 6077 6221 6563 6075 6073 
3708 5671 5663 5684 3022 6222 6564 6075 6078 5963 6565 
3709 3001 3009 3022 5663 3171 3125 3273 6124 6565 6223 
3710 5663 5671 3009 3022 6222 6080 6223 6565 3125 6078 
3711 995 969 1013 5694 1171 1079 1255 6566 5901 5976 
3712 5650 5676 5694 969 6298 6567 5978 5980 5976 6296 
3713 969 995 5676 5694 1171 6295 6296 5976 6567 6566 
3714 5676 5650 5694 3032 6298 5978 6567 6568 5910 5981 
3715 2988 3014 3032 5650 3190 3274 3098 5983 5981 6301 
3716 5650 5676 3014 3032 6298 6300 6301 5981 3274 6568 
3717 988 965 1013 5694 1067 1256 1061 5902 5901 6569 
3718 5646 5669 5694 965 5924 5905 6570 5820 6569 5926 
3719 965 988 5669 5694 1067 5908 5926 6569 5905 5902 
3720 5669 5646 5694 3032 5924 6570 5905 5911 5910 6571 
3721 2984 3007 3032 5646 3086 3080 3275 5823 6571 5928 
3722 5646 5669 3007 3032 5924 5914 5928 6571 3080 5911 
3723 64 990 1005 5686 1144 1257 1193 6372 6356 6572 
3724 5671 2434 5686 64 6196 6373 6573 6194 6372 2462 
3725 5671 64 5686 990 6194 6372 6573 6077 6572 1144 
3726 2434 5671 5686 3024 6196 6573 6373 6374 6361 6574 
3727 3009 385 3024 2434 3163 3212 3276 6198 6374 2464 
3728 3009 2434 3024 5671 6198 6374 3276 6080 6574 6196 
3729 970 972 1002 5683 1157 1124 1020 5727 5726 6135 
3730 5653 5651 5683 970 6238 5730 6136 6235 5727 5733 
3731 5653 970 5683 972 6235 5727 6136 5793 6135 1157 
3732 5651 5653 5683 3021 6238 6136 5730 5736 5735 6137 
3733 2991 2989 3021 5651 3176 3039 3143 6242 5736 5739 
3734 2991 5651 3021 5653 6242 5736 3143 5799 6137 6238 
3735 975 994 1011 5692 1058 1247 1098 6047 6046 6539 
3736 5675 5656 5692 975 5889 6049 6541 5886 6047 5696 
3737 5675 975 5692 994 5886 6047 6541 5887 6539 1058 
3738 5656 5675 5692 3030 5889 6541 6049 6052 6051 6543 
3739 3013 2994 3030 5656 3077 3117 3266 5891 6052 5705 
3740 3013 5656 3030 5675 5891 6052 3266 5892 6543 5889 
3741 949 59 1006 5687 1131 1212 1258 6575 6431 6430 
3742 2429 5630 5687 59 6159 6576 6433 2437 6430 6157 
3743 59 949 5630 5687 1131 6110 6157 6430 6576 6575 
3744 5630 2429 5687 3025 6159 6433 6576 6577 6436 6435 
3745 380 2968 3025 2429 3150 3277 3231 2439 6435 6161 
3746 2429 5630 2968 3025 6159 6114 6161 6435 3277 6577 
3747 967 974 1001 5682 1138 1142 1249 6548 6187 6186 
3748 5655 5648 5682 967 6177 6549 6189 6178 6548 6013 
3749 5655 967 5682 974 6178 6548 6189 5748 6186 1138 
3750 5648 5655 5682 3020 6177 6189 6549 6550 6192 6191 
3751 2993 2986 3020 5648 3157 3268 3161 6179 6550 6016 
3752 2993 5648 3020 5655 6179 6550 3161 5754 6191 6177 
3753 985 971 1010 5691 1137 1234 1251 6555 5836 6501 
3754 5652 5666 5691 971 6175 6557 6502 5851 6501 6174 
3755 971 985 5666 5691 1137 6024 6174 6501 6557 6555 
3756 5666 5652 5691 3029 6175 6502 6557 6559 5845 6503 
3757 2990 3004 3029 5652 3156 3270 3253 5860 6503 6176 
3758 5652 5666 3004 3029 6175 6029 6176 6503 3270 6559 
3759 992 949 1006 5687 1240 1258 1244 6533 6431 6575 
3760 5630 5673 5687 949 6519 6534 6576 6110 6575 6520 
3761 949 992 5673 5687 1240 5778 6520 6575 6534 6533 
3762 5673 5630 5687 3025 6519 6576 6534 6535 6436 6577 
3763 2968 3011 3025 5630 3259 3263 3277 6114 6577 6521 
3764 5630 5673 3011 3025 6519 5781 6521 6577 3263 6535 
3765 966 986 1003 5684 1195 1075 1259 6578 5954 5953 
3766 5667 5647 5684 966 6377 6579 5957 6375 6578 6345 
3767 5667 966 5684 986 6375 6578 5957 5960 5953 1195 
3768 5647 5667 5684 3022 6377 5957 6579 6580 5963 5962 
3769 3005 2985 3022 5647 3214 3278 3094 6379 6580 6350 
3770 3005 5647 3022 5667 6379 6580 3094 5966 5962 6377 
3771 990 947 1005 5686 1107 1248 1257 6572 6356 6545 
3772 5628 5671 5686 947 6074 6573 6546 5961 6545 6076 
3773 947 990 5671 5686 1107 6077 6076 6545 6573 6572 
3774 5671 5628 5686 3024 6074 6546 6573 6574 6361 6547 
3775 2966 3009 3024 5628 3126 3276 3267 5967 6547 6079 
3776 5628 5671 3009 3024 6074 6080 6079 6547 3276 6574 
3777 966 1003 1009 5690 1259 1260 1261 6581 6526 6582 
3778 5684 5647 5690 966 6579 6583 6584 6578 6581 6345 
3779 5684 966 5690 1003 6578 6581 6584 5954 6582 1259 
3780 5647 5684 5690 3028 6579 6584 6583 6585 6531 6586 
3781 3022 2985 3028 5647 3278 3280 3279 6580 6585 6350 
3782 3022 5647 3028 5684 6580 6585 3279 5963 6586 6579 
3783 1003 982 1009 5690 1254 1253 1260 6582 6526 6560 
3784 5663 5684 5690 982 6564 6584 6561 6119 6560 6563 
3785 982 1003 5684 5690 1254 5954 6563 6560 6584 6582 
3786 5684 5663 5690 3028 6564 6561 6584 6586 6531 6562 
3787 3001 3022 3028 5663 3273 3279 3272 6124 6562 6565 
3788 5663 5684 3022 3028 6564 5963 6565 6562 3279 6586 
3789 999 983 1004 5685 1241 1262 1263 6587 5930 6588 
3790 5664 5680 5685 983 6523 6589 6590 6032 6588 6522 
3791 983 999 5680 5685 1241 5825 6522 6588 6589 6587 
3792 5680 5664 5685 3023 6523 6590 6589 6591 5935 6592 
3793 3002 3018 3023 5664 3260 3282 3281 6037 6592 6524 
3794 5664 5680 3018 3023 6523 5830 6524 6592 3282 6591 
3795 979 946 1008 5689 1159 1264 1054 5875 5874 6593 
3796 5627 5660 5689 946 6250 5878 6594 6002 6593 6247 
3797 946 979 5660 5689 1159 5880 6247 6593 5878 5875 
3798 5660 5627 5689 3027 6250 6594 5878 5883 5882 6595 
3799 2965 2998 3027 5627 3178 3073 3283 6007 6595 6254 
3800 5627 5660 2998 3027 6250 5885 6254 6595 3073 5883 
3801 940 998 1011 5692 1228 1250 1246 6540 6046 6551 
3802 5679 5621 5692 998 6481 6542 6552 5842 6551 6483 
3803 998 940 5621 5692 1228 6228 6483 6551 6542 6540 
3804 5621 5679 5692 3030 6481 6552 6542 6544 6051 6553 
3805 3017 2959 3030 5679 3247 3265 3269 5848 6553 6485 
3806 5679 5621 2959 3030 6481 6233 6485 6553 3265 6544 
3807 940 240 1012 5693 1154 1150 1227 6480 5866 6212 
3808 2886 5621 5693 240 6231 6482 6214 2914 6212 6229 
3809 240 940 5621 5693 1154 6228 6229 6212 6482 6480 
3810 5621 2886 5693 3031 6231 6214 6482 6484 5871 6216 
3811 477 2959 3031 2886 3173 3246 3169 2916 6216 6234 
3812 2886 5621 2959 3031 6231 6233 6234 6216 3246 6484 
3813 987 966 1009 5690 1187 1261 1242 6527 6526 6581 
3814 5647 5668 5690 966 6353 6529 6583 6345 6581 6352 
3815 966 987 5668 5690 1187 5786 6352 6581 6529 6527 
3816 5668 5647 5690 3028 6353 6583 6529 6532 6531 6585 
3817 2985 3006 3028 5647 3206 3261 3280 6350 6585 6354 
3818 5647 5668 3006 3028 6353 5795 6354 6585 3261 6532 
3819 948 999 1004 5685 1148 1263 1245 6536 5930 6587 
3820 5680 5629 5685 948 6210 6537 6589 6209 6536 5985 
3821 5680 948 5685 999 6209 6536 6589 5825 6587 1148 
3822 5629 5680 5685 3023 6210 6589 6537 6538 5935 6591 
3823 3018 2967 3023 5629 3167 3264 3282 6211 6538 5990 
3824 3018 5629 3023 5680 6211 6538 3282 5830 6591 6210 
3825 983 952 1004 5685 1238 1069 1262 6588 5930 5929 
3826 5633 5664 5685 952 6514 6590 5932 5717 5929 6513 
3827 952 983 5664 5685 1238 6032 6513 5929 6590 6588 
3828 5664 5633 5685 3023 6514 5932 6590 6592 5935 5934 
3829 2971 3002 3023 5633 3257 3281 3088 5723 5934 6515 
3830 5633 5664 3002 3023 6514 6037 6515 5934 3281 6592 
3831 978 226 1007 5688 1223 1206 1204 6407 6324 6413 
3832 2854 5659 5688 226 6471 6408 6414 2860 6413 6469 
3833 226 978 5659 5688 1223 6252 6469 6413 6408 6407 
3834 5659 2854 5688 3026 6471 6414 6408 6409 6329 6415 
3835 460 2997 3026 2854 3242 3223 3225 2862 6415 6473 
3836 2854 5659 2997 3026 6471 6256 6473 6415 3223 6409 
3837 946 993 1008 5689 1230 1265 1264 6593 5874 6596 
3838 5674 5627 5689 946 6490 6594 6597 6489 6593 6002 
3839 5674 946 5689 993 6489 6593 6597 5741 6596 1230 
3840 5627 5674 5689 3027 6490 6597 6594 6595 5882 6598 
3841 3012 2965 3027 5627 3249 3283 3284 6491 6595 6007 
3842 3012 5627 3027 5674 6491 6595 3284 5750 6598 6490 
3843 993 974 1008 5689 1023 1127 1265 6596 5874 6144 
3844 5655 5674 5689 974 5745 6597 6146 5748 6144 5742 
3845 974 993 5674 5689 1023 5741 5742 6144 6597 6596 
3846 5674 5655 5689 3027 5745 6146 6597 6598 5882 6148 
3847 2993 3012 3027 5655 3042 3284 3146 5754 6148 5751 
3848 5655 5674 3012 3027 5745 5750 5751 6148 3284 6598 
3849 977 945 1010 5691 1231 1252 1046 5837 5836 6554 
3850 5626 5658 5691 945 6493 5840 6556 6337 6554 6492 
3851 945 977 5658 5691 1231 5843 6492 6554 5840 5837 
3852 5658 5626 5691 3029 6493 6556 5840 5846 5845 6558 
3853 2964 2996 3029 5626 3250 3065 3271 6342 6558 6494 
3854 5626 5658 2996 3029 6493 5849 6494 6558 3065 5846 
3855 965 995 1013 5694 1239 1255 1256 6569 5901 6566 
3856 5676 5646 5694 965 6517 6570 6567 6516 6569 5820 
3857 5676 965 5694 995 6516 6569 6567 6295 6566 1239 
3858 5646 5676 5694 3032 6517 6567 6570 6571 5910 6568 
3859 3014 2984 3032 5646 3258 3275 3274 6518 6571 5823 
3860 3014 5646 3032 5676 6518 6571 3274 6300 6568 6517 
3 4 11 960
3861 1284 1303 1310 6643 1328 1326 1327 6659 6660 6661 
3862 6636 6617 6643 1284 6662 6663 6664 6665 6659 6666 
3863 6636 1284 6643 1303 6665 6659 6664 6667 6661 1328 
3864 6617 6636 6643 3470 6662 6664 6663 6668 6669 6670 
3865 3463 3444 3470 6617 3488 3487 3486 6671 6668 6672 
3866 3463 6617 3470 6636 6671 6668 3486 6673 6670 6662 
3867 1294 1280 1318 6651 1331 1329 1330 6674 6675 6676 
3868 6613 6627 6651 1294 6677 6678 6679 6680 6674 6681 
3869 6613 1294 6651 1280 6680 6674 6679 6682 6676 1331 
3870 6627 6613 6651 3478 6677 6679 6678 6683 6684 6685 
3871 3440 3454 3478 6627 3491 3490 3489 6686 6683 6687 
3872 3440 6627 3478 6613 6686 6683 3489 6688 6685 6677 
3873 1303 1297 1310 6643 1333 1332 1326 6661 6660 6689 
3874 6630 6636 6643 1303 6690 6664 6691 6692 6661 6667 
3875 6630 1303 6643 1297 6692 6661 6691 6693 6689 1333 
3876 6636 6630 6643 3470 6690 6691 6664 6670 6669 6694 
3877 3457 3463 3470 6636 3493 3486 3492 6695 6670 6673 
3878 3457 6636 3470 6630 6695 6670 3492 6696 6694 6690 
3879 1291 1268 1292 6625 1336 1334 1335 6697 6698 6699 
3880 6601 6624 6625 1291 6700 6701 6702 6703 6697 6704 
3881 6601 1291 6625 1268 6703 6697 6702 6705 6699 1336 
3882 6624 6601 6625 3452 6700 6702 6701 6706 6707 6708 
3883 3428 3451 3452 6624 3496 3495 3494 6709 6706 6710 
3884 3428 6624 3452 6601 6709 6706 3494 6711 6708 6700 
3885 292 17 1315 6648 294 1337 1338 6712 6713 6714 
3886 514 3417 6648 292 3424 6715 6716 3423 6712 3420 
3887 514 292 6648 17 3423 6712 6716 515 6714 294 
3888 3417 514 6648 3475 3424 6716 6715 6717 6718 6719 
3889 31 548 3475 3417 550 3498 3497 3425 6717 3422 
3890 31 3417 3475 514 3425 6717 3497 516 6719 3424 
3891 6 292 1315 6648 293 1338 1339 6720 6713 6712 
3892 3417 414 6648 6 3419 6721 6715 3418 6720 415 
3893 3417 6 6648 292 3418 6720 6715 3420 6712 293 
3894 414 3417 6648 3475 3419 6715 6721 6722 6718 6717 
3895 548 26 3475 414 549 3499 3498 3421 6722 416 
3896 548 414 3475 3417 3421 6722 3498 3422 6717 3419 
3897 1288 1272 1290 6623 1342 1340 1341 6723 6724 6725 
3898 6605 6621 6623 1288 6726 6727 6728 6729 6723 6730 
3899 6605 1288 6623 1272 6729 6723 6728 6731 6725 1342 
3900 6621 6605 6623 3450 6726 6728 6727 6732 6733 6734 
3901 3432 3448 3450 6621 3502 3501 3500 6735 6732 6736 
3902 3432 6621 3450 6605 6735 6732 3500 6737 6734 6726 
3903 1289 1280 1294 6613 1344 1331 1343 6738 6680 6682 
3904 6613 6622 6627 1289 6739 6740 6677 6738 6741 6742 
3905 6613 1289 6627 1294 6738 6741 6677 6680 6681 1343 
3906 6622 6613 6627 3440 6739 6677 6740 6743 6686 6688 
3907 3440 3449 3454 6622 3504 3503 3491 6743 6744 6745 
3908 3440 6622 3454 6627 6743 6744 3491 6686 6687 6740 
3909 1272 1288 1289 6622 1342 1345 1346 6746 6742 6747 
3910 6621 6605 6622 1288 6726 6748 6749 6730 6747 6729 
3911 1288 1272 6605 6622 1342 6731 6729 6747 6748 6746 
3912 6605 6621 6622 3449 6726 6749 6748 6750 6745 6751 
3913 3448 3432 3449 6621 3502 3506 3505 6736 6751 6735 
3914 6621 6605 3432 3449 6726 6737 6735 6751 3506 6750 
3915 16 248 261 3324 254 1347 276 3340 3341 6752 
3916 3285 498 3324 16 3292 3339 6753 3291 3340 499 
3917 3285 16 3324 248 3291 3340 6753 3293 6752 254 
3918 498 3285 3324 517 3292 6753 3339 3342 3343 6754 
3919 501 30 517 498 507 532 3507 3294 3342 500 
3920 501 498 517 3285 3294 3342 3507 3295 6754 3292 
3921 1275 1308 1316 6649 1350 1348 1349 6755 6756 6757 
3922 6641 6608 6649 1275 6758 6759 6760 6761 6755 6762 
3923 6641 1275 6649 1308 6761 6755 6760 6763 6757 1350 
3924 6608 6641 6649 3476 6758 6760 6759 6764 6765 6766 
3925 3468 3435 3476 6608 3510 3509 3508 6767 6764 6768 
3926 3468 6608 3476 6641 6767 6764 3508 6769 6766 6758 
3927 1275 262 1308 6641 1352 1351 1350 6761 6763 6770 
3928 3325 6608 6641 1275 6771 6758 6772 6773 6761 6762 
3929 3325 1275 6641 262 6773 6761 6772 3346 6770 1352 
3930 6608 3325 6641 3468 6771 6772 6758 6767 6769 6774 
3931 518 3435 3468 6608 3512 3510 3511 6775 6767 6768 
3932 518 6608 3468 3325 6775 6767 3511 3348 6774 6771 
3933 1317 1298 1319 6652 1355 1353 1354 6776 6777 6778 
3934 6631 6650 6652 1317 6779 6780 6781 6782 6776 6783 
3935 6631 1317 6652 1298 6782 6776 6781 6784 6778 1355 
3936 6650 6631 6652 3479 6779 6781 6780 6785 6786 6787 
3937 3458 3477 3479 6650 3515 3514 3513 6788 6785 6789 
3938 3458 6650 3479 6631 6788 6785 3513 6790 6787 6779 
3939 99 1299 1323 6656 1358 1356 1357 6791 6792 6793 
3940 6632 2638 6656 99 6794 6795 6796 6797 6791 2665 
3941 6632 99 6656 1299 6797 6791 6796 6798 6793 1358 
3942 2638 6632 6656 3483 6794 6796 6795 6799 6800 6801 
3943 3459 426 3483 2638 3518 3517 3516 6802 6799 2667 
3944 3459 2638 3483 6632 6802 6799 3516 6803 6801 6794 
3945 1268 1291 1295 6628 1336 1359 1360 6804 6805 6806 
3946 6624 6601 6628 1291 6700 6807 6808 6704 6806 6703 
3947 1291 1268 6601 6628 1336 6705 6703 6806 6807 6804 
3948 6601 6624 6628 3455 6700 6808 6807 6809 6810 6811 
3949 3451 3428 3455 6624 3496 3520 3519 6710 6811 6709 
3950 6624 6601 3428 3455 6700 6711 6709 6811 3520 6809 
3951 1276 1287 1299 6632 1363 1361 1362 6812 6798 6813 
3952 6620 6609 6632 1276 6814 6815 6816 6817 6812 6818 
3953 6620 1276 6632 1287 6817 6812 6816 6819 6813 1363 
3954 6609 6620 6632 3459 6814 6816 6815 6820 6803 6821 
3955 3447 3436 3459 6609 3523 3522 3521 6822 6820 6823 
3956 3447 6609 3459 6620 6822 6820 3521 6824 6821 6814 
3957 1270 270 1281 6614 1366 1364 1365 6825 6826 6827 
3958 3333 6603 6614 1270 6828 6829 6830 6831 6825 6832 
3959 3333 1270 6614 270 6831 6825 6830 3386 6827 1366 
3960 6603 3333 6614 3441 6828 6830 6829 6833 6834 6835 
3961 526 3430 3441 6603 3526 3525 3524 6836 6833 6837 
3962 526 6603 3441 3333 6836 6833 3524 3388 6835 6828 
3963 1276 272 1287 6620 1368 1367 1363 6817 6819 6838 
3964 3335 6609 6620 1276 6839 6814 6840 6841 6817 6818 
3965 3335 1276 6620 272 6841 6817 6840 3396 6838 1368 
3966 6609 3335 6620 3447 6839 6840 6814 6822 6824 6842 
3967 528 3436 3447 6609 3528 3523 3527 6843 6822 6823 
3968 528 6609 3447 3335 6843 6822 3527 3398 6842 6839 
3969 1290 1272 1300 6633 1340 1369 1370 6844 6845 6846 
3970 6605 6623 6633 1272 6728 6847 6848 6731 6846 6725 
3971 1272 1290 6623 6633 1340 6724 6725 6846 6847 6844 
3972 6623 6605 6633 3460 6728 6848 6847 6849 6850 6851 
3973 3432 3450 3460 6605 3500 3530 3529 6737 6851 6734 
3974 6605 6623 3450 3460 6728 6733 6734 6851 3530 6849 
3975 114 1317 1319 6652 1372 1354 1371 6852 6777 6776 
3976 6650 2920 6652 114 6853 6854 6780 6855 6852 2928 
3977 6650 114 6652 1317 6855 6852 6780 6783 6776 1372 
3978 2920 6650 6652 3479 6853 6780 6854 6856 6786 6785 
3979 3477 485 3479 2920 3532 3531 3514 6857 6856 2930 
3980 3477 2920 3479 6650 6857 6856 3514 6789 6785 6853 
3981 99 98 1299 6632 108 1373 1358 6797 6798 6858 
3982 2637 2638 6632 98 2664 6794 6859 2660 6858 2663 
3983 98 99 2638 6632 108 2665 2663 6858 6794 6797 
3984 2638 2637 6632 3459 2664 6859 6794 6802 6803 6860 
3985 425 426 3459 2637 435 3518 3533 2662 6860 2666 
3986 2637 2638 426 3459 2664 2667 2666 6860 3518 6802 
3987 1295 1290 1311 6644 1376 1374 1375 6861 6862 6863 
3988 6623 6628 6644 1295 6864 6865 6866 6867 6861 6805 
3989 6623 1295 6644 1290 6867 6861 6866 6724 6863 1376 
3990 6628 6623 6644 3471 6864 6866 6865 6868 6869 6870 
3991 3450 3455 3471 6628 3536 3535 3534 6871 6868 6810 
3992 3450 6628 3471 6623 6871 6868 3534 6733 6870 6864 
3993 1270 1281 1322 6655 1365 1377 1378 6872 6873 6874 
3994 6614 6603 6655 1270 6829 6875 6876 6825 6872 6832 
3995 6614 1270 6655 1281 6825 6872 6876 6826 6874 1365 
3996 6603 6614 6655 3482 6829 6876 6875 6877 6878 6879 
3997 3441 3430 3482 6603 3525 3538 3537 6833 6877 6837 
3998 3441 6603 3482 6614 6833 6877 3537 6834 6879 6829 
3999 1291 1290 1295 6623 1379 1376 1359 6880 6867 6724 
4000 6623 6624 6628 1291 6881 6808 6864 6880 6806 6704 
4001 6623 1291 6628 1295 6880 6806 6864 6867 6805 1359 
4002 6624 6623 6628 3450 6881 6864 6808 6882 6871 6733 
4003 3450 3451 3455 6624 3539 3519 3536 6882 6811 6710 
4004 3450 6624 3455 6628 6882 6811 3536 6871 6810 6808 
4005 1267 264 1277 6610 1382 1380 1381 6883 6884 6885 
4006 3327 6600 6610 1267 6886 6887 6888 6889 6883 6890 
4007 3327 1267 6610 264 6889 6883 6888 3356 6885 1382 
4008 6600 3327 6610 3437 6886 6888 6887 6891 6892 6893 
4009 520 3427 3437 6600 3542 3541 3540 6894 6891 6895 
4010 520 6600 3437 3327 6894 6891 3540 3358 6893 6886 
4011 1273 1294 1318 6651 1384 1330 1383 6896 6675 6674 
4012 6627 6606 6651 1273 6897 6898 6678 6899 6896 6900 
4013 6627 1273 6651 1294 6899 6896 6678 6681 6674 1384 
4014 6606 6627 6651 3478 6897 6678 6898 6901 6684 6683 
4015 3454 3433 3478 6606 3544 3543 3490 6902 6901 6903 
4016 3454 6606 3478 6627 6902 6901 3490 6687 6683 6897 
4017 1304 1276 1321 6654 1387 1385 1386 6904 6905 6906 
4018 6609 6637 6654 1304 6907 6908 6909 6910 6904 6911 
4019 6609 1304 6654 1276 6910 6904 6909 6818 6906 1387 
4020 6637 6609 6654 3481 6907 6909 6908 6912 6913 6914 
4021 3436 3464 3481 6637 3547 3546 3545 6915 6912 6916 
4022 3436 6637 3481 6609 6915 6912 3545 6823 6914 6907 
4023 1275 1293 1313 6646 1390 1388 1389 6917 6918 6919 
4024 6626 6608 6646 1275 6920 6921 6922 6923 6917 6762 
4025 6626 1275 6646 1293 6923 6917 6922 6924 6919 1390 
4026 6608 6626 6646 3473 6920 6922 6921 6925 6926 6927 
4027 3453 3435 3473 6608 3550 3549 3548 6928 6925 6768 
4028 3453 6608 3473 6626 6928 6925 3548 6929 6927 6920 
4029 97 1304 1321 6654 1392 1386 1391 6930 6905 6904 
4030 6637 2636 6654 97 6931 6932 6908 6933 6930 2655 
4031 6637 97 6654 1304 6933 6930 6908 6911 6904 1392 
4032 2636 6637 6654 3481 6931 6908 6932 6934 6913 6912 
4033 3464 424 3481 2636 3552 3551 3546 6935 6934 2657 
4034 3464 2636 3481 6637 6935 6934 3546 6916 6912 6931 
4035 1272 117 1300 6633 1394 1393 1369 6846 6845 6936 
4036 2923 6605 6633 1272 6937 6848 6938 6939 6846 6731 
4037 2923 1272 6633 117 6939 6846 6938 2943 6936 1394 
4038 6605 2923 6633 3460 6937 6938 6848 6851 6850 6940 
4039 488 3432 3460 6605 3554 3529 3553 6941 6851 6737 
4040 488 6605 3460 2923 6941 6851 3553 2945 6940 6937 
4041 1285 1295 1311 6644 1396 1375 1395 6942 6862 6861 
4042 6628 6618 6644 1285 6943 6944 6865 6945 6942 6946 
4043 6628 1285 6644 1295 6945 6942 6865 6805 6861 1396 
4044 6618 6628 6644 3471 6943 6865 6944 6947 6869 6868 
4045 3455 3445 3471 6618 3556 3555 3535 6948 6947 6949 
4046 3455 6618 3471 6628 6948 6947 3535 6810 6868 6943 
4047 1286 1302 1309 6642 1399 1397 1398 6950 6951 6952 
4048 6635 6619 6642 1286 6953 6954 6955 6956 6950 6957 
4049 6635 1286 6642 1302 6956 6950 6955 6958 6952 1399 
4050 6619 6635 6642 3469 6953 6955 6954 6959 6960 6961 
4051 3462 3446 3469 6619 3559 3558 3557 6962 6959 6963 
4052 3462 6619 3469 6635 6962 6959 3557 6964 6961 6953 
4053 17 275 1315 6648 291 1400 1337 6714 6713 6965 
4054 3338 514 6648 17 3415 6716 6966 3414 6714 515 
4055 3338 17 6648 275 3414 6714 6966 3411 6965 291 
4056 514 3338 6648 3475 3415 6966 6716 6719 6718 6967 
4057 531 31 3475 514 547 3497 3560 3416 6719 516 
4058 531 514 3475 3338 3416 6719 3560 3413 6967 3415 
4059 1277 1275 1313 6646 1402 1389 1401 6968 6918 6917 
4060 6608 6610 6646 1277 6969 6970 6921 6971 6968 6884 
4061 6608 1277 6646 1275 6971 6968 6921 6762 6917 1402 
4062 6610 6608 6646 3473 6969 6921 6970 6972 6926 6925 
4063 3435 3437 3473 6610 3562 3561 3549 6973 6972 6892 
4064 3435 6610 3473 6608 6973 6972 3549 6768 6925 6969 
4065 95 6 1315 6648 104 1339 1403 6974 6713 6720 
4066 414 2634 6648 6 2644 6975 6721 415 6720 2643 
4067 6 95 2634 6648 104 2645 2643 6720 6975 6974 
4068 2634 414 6648 3475 2644 6721 6975 6976 6718 6722 
4069 26 422 3475 414 431 3563 3499 416 6722 2646 
4070 414 2634 422 3475 2644 2647 2646 6722 3563 6976 
4071 1274 99 1323 6656 1405 1357 1404 6977 6792 6791 
4072 2638 6607 6656 1274 6978 6979 6795 6980 6977 6981 
4073 2638 1274 6656 99 6980 6977 6795 2665 6791 1405 
4074 6607 2638 6656 3483 6978 6795 6979 6982 6800 6799 
4075 426 3434 3483 6607 3565 3564 3517 6983 6982 6984 
4076 426 6607 3483 2638 6983 6982 3517 2667 6799 6978 
4077 114 3 1317 6650 120 1406 1372 6855 6783 6985 
4078 369 2920 6650 3 2927 6853 6986 370 6985 2926 
4079 3 114 2920 6650 120 2928 2926 6985 6853 6855 
4080 2920 369 6650 3477 2927 6986 6853 6857 6789 6987 
4081 23 485 3477 369 491 3532 3566 371 6987 2929 
4082 369 2920 485 3477 2927 2930 2929 6987 3532 6857 
4083 1288 1290 1291 6623 1341 1379 1407 6723 6880 6724 
4084 6623 6621 6624 1288 6727 6988 6881 6723 6989 6730 
4085 6623 1288 6624 1291 6723 6989 6881 6880 6704 1407 
4086 6621 6623 6624 3450 6727 6881 6988 6732 6882 6733 
4087 3450 3448 3451 6621 3501 3567 3539 6732 6990 6736 
4088 3450 6621 3451 6624 6732 6990 3539 6882 6710 6988 
4089 1281 1286 1322 6655 1409 1408 1377 6874 6873 6991 
4090 6619 6614 6655 1281 6992 6876 6993 6994 6874 6826 
4091 6619 1281 6655 1286 6994 6874 6993 6957 6991 1409 
4092 6614 6619 6655 3482 6992 6993 6876 6879 6878 6995 
4093 3446 3441 3482 6614 3569 3537 3568 6996 6879 6834 
4094 3446 6614 3482 6619 6996 6879 3568 6963 6995 6992 
4095 1284 1285 1314 6647 1412 1410 1411 6997 6998 6999 
4096 6618 6617 6647 1284 7000 7001 7002 7003 6997 6666 
4097 6618 1284 6647 1285 7003 6997 7002 6946 6999 1412 
4098 6617 6618 6647 3474 7000 7002 7001 7004 7005 7006 
4099 3445 3444 3474 6617 3572 3571 3570 7007 7004 6672 
4100 3445 6617 3474 6618 7007 7004 3570 6949 7006 7000 
4101 1268 266 1292 6625 1414 1413 1334 6699 6698 7008 
4102 3329 6601 6625 1268 7009 6702 7010 7011 6699 6705 
4103 3329 1268 6625 266 7011 6699 7010 3366 7008 1414 
4104 6601 3329 6625 3452 7009 7010 6702 6708 6707 7012 
4105 522 3428 3452 6601 3574 3494 3573 7013 6708 6711 
4106 522 6601 3452 3329 7013 6708 3573 3368 7012 7009 
4107 3 103 1317 6650 113 1415 1406 6985 6783 7014 
4108 2642 369 6650 103 2689 6986 7015 2685 7014 2688 
4109 103 3 369 6650 113 370 2688 7014 6986 6985 
4110 369 2642 6650 3477 2689 7015 6986 6987 6789 7016 
4111 430 23 3477 2642 440 3566 3575 2687 7016 2690 
4112 2642 369 23 3477 2689 371 2690 7016 3566 6987 
4113 1273 252 1294 6627 1417 1416 1384 6899 6681 7017 
4114 3289 6606 6627 1273 7018 6897 7019 7020 6899 6900 
4115 3289 1273 6627 252 7020 6899 7019 3313 7017 1417 
4116 6606 3289 6627 3454 7018 7019 6897 6902 6687 7021 
4117 505 3433 3454 6606 3577 3544 3576 7022 6902 6903 
4118 505 6606 3454 3289 7022 6902 3576 3315 7021 7018 
4119 1267 1277 1278 6611 1381 1418 1419 7023 7024 7025 
4120 6610 6600 6611 1267 6887 7026 7027 6883 7023 6890 
4121 6610 1267 6611 1277 6883 7023 7027 6884 7025 1381 
4122 6600 6610 6611 3438 6887 7027 7026 7028 7029 7030 
4123 3437 3427 3438 6600 3541 3579 3578 6891 7028 6895 
4124 3437 6600 3438 6610 6891 7028 3578 6892 7030 6887 
4125 1303 1284 1314 6647 1328 1411 1420 7031 6998 6997 
4126 6617 6636 6647 1284 6662 7032 7001 6666 6997 6665 
4127 1284 1303 6636 6647 1328 6667 6665 6997 7032 7031 
4128 6636 6617 6647 3474 6662 7001 7032 7033 7005 7004 
4129 3444 3463 3474 6617 3488 3580 3571 6672 7004 6671 
4130 6617 6636 3463 3474 6662 6673 6671 7004 3580 7033 
4131 1311 1271 1314 6647 1423 1421 1422 7034 6998 7035 
4132 6604 6644 6647 1311 7036 7037 7038 7039 7034 6862 
4133 6604 1311 6647 1271 7039 7034 7038 7040 7035 1423 
4134 6644 6604 6647 3474 7036 7038 7037 7041 7005 7042 
4135 3431 3471 3474 6644 3583 3582 3581 7043 7041 6869 
4136 3431 6644 3474 6604 7043 7041 3581 7044 7042 7036 
4137 252 253 1294 6627 259 1424 1416 7017 6681 7045 
4138 3290 3289 6627 252 3317 7019 7046 3316 7017 3313 
4139 3290 252 6627 253 3316 7017 7046 3318 7045 259 
4140 3289 3290 6627 3454 3317 7046 7019 7021 6687 7047 
4141 506 505 3454 3289 512 3576 3584 3319 7021 3315 
4142 506 3289 3454 3290 3319 7021 3584 3320 7047 3317 
4143 251 252 1273 3289 258 1417 1425 3311 7020 3313 
4144 3289 3288 6606 251 3312 7048 7018 3311 7049 3308 
4145 3289 251 6606 1273 3311 7049 7018 7020 6900 1425 
4146 3288 3289 6606 505 3312 7018 7048 3314 7022 3315 
4147 505 504 3433 3288 511 3585 3577 3314 7050 3310 
4148 505 3288 3433 6606 3314 7050 3577 7022 6903 7048 
4149 1300 1271 1311 6604 1427 1423 1426 7051 7039 7040 
4150 6604 6633 6644 1300 7052 7053 7036 7051 7054 6845 
4151 6604 1300 6644 1311 7051 7054 7036 7039 6862 1426 
4152 6633 6604 6644 3431 7052 7036 7053 7055 7043 7044 
4153 3431 3460 3471 6633 3587 3586 3583 7055 7056 6850 
4154 3431 6633 3471 6644 7055 7056 3583 7043 6869 7053 
4155 270 269 1281 6614 285 1428 1364 6827 6826 7057 
4156 3332 3333 6614 270 3385 6830 7058 3384 6827 3386 
4157 3332 270 6614 269 3384 6827 7058 3381 7057 285 
4158 3333 3332 6614 3441 3385 7058 6830 6835 6834 7059 
4159 525 526 3441 3333 541 3524 3588 3387 6835 3388 
4160 525 3333 3441 3332 3387 6835 3588 3383 7059 3385 
4161 272 271 1287 6620 287 1429 1367 6838 6819 7060 
4162 3334 3335 6620 272 3395 6840 7061 3394 6838 3396 
4163 3334 272 6620 271 3394 6838 7061 3391 7060 287 
4164 3335 3334 6620 3447 3395 7061 6840 6842 6824 7062 
4165 527 528 3447 3335 543 3527 3589 3397 6842 3398 
4166 527 3335 3447 3334 3397 6842 3589 3393 7062 3395 
4167 1279 1291 1292 6625 1431 1335 1430 7063 6698 6697 
4168 6624 6612 6625 1279 7064 7065 6701 7066 7063 7067 
4169 6624 1279 6625 1291 7066 7063 6701 6704 6697 1431 
4170 6612 6624 6625 3452 7064 6701 7065 7068 6707 6706 
4171 3451 3439 3452 6612 3591 3590 3495 7069 7068 7070 
4172 3451 6612 3452 6624 7069 7068 3495 6710 6706 7064 
4173 264 263 1277 6610 279 1432 1380 6885 6884 7071 
4174 3326 3327 6610 264 3355 6888 7072 3354 6885 3356 
4175 3326 264 6610 263 3354 6885 7072 3351 7071 279 
4176 3327 3326 6610 3437 3355 7072 6888 6893 6892 7073 
4177 519 520 3437 3327 535 3540 3592 3357 6893 3358 
4178 519 3327 3437 3326 3357 6893 3592 3353 7073 3355 
4179 1286 1309 1322 6655 1398 1433 1408 6991 6873 7074 
4180 6642 6619 6655 1286 6954 6993 7075 6950 6991 6957 
4181 6642 1286 6655 1309 6950 6991 7075 6951 7074 1398 
4182 6619 6642 6655 3482 6954 7075 6993 6995 6878 7076 
4183 3469 3446 3482 6619 3558 3568 3593 6959 6995 6963 
4184 3469 6619 3482 6642 6959 6995 3593 6960 7076 6954 
4185 1269 101 1301 6634 1436 1434 1435 7077 7078 7079 
4186 2640 6602 6634 1269 7080 7081 7082 7083 7077 7084 
4187 2640 1269 6634 101 7083 7077 7082 2675 7079 1436 
4188 6602 2640 6634 3461 7080 7082 7081 7085 7086 7087 
4189 428 3429 3461 6602 3596 3595 3594 7088 7085 7089 
4190 428 6602 3461 2640 7088 7085 3594 2677 7087 7080 
4191 1269 1301 1302 6635 1435 1437 1438 7090 6958 7091 
4192 6634 6602 6635 1269 7081 7092 7093 7077 7090 7084 
4193 6634 1269 6635 1301 7077 7090 7093 7078 7091 1435 
4194 6602 6634 6635 3462 7081 7093 7092 7094 6964 7095 
4195 3461 3429 3462 6602 3595 3598 3597 7085 7094 7089 
4196 3461 6602 3462 6634 7085 7094 3597 7086 7095 7081 
4197 118 117 1272 2923 124 1394 1439 2946 6939 2943 
4198 2923 2924 6605 118 2948 7096 6937 2946 7097 2947 
4199 2923 118 6605 1272 2946 7097 6937 6939 6731 1439 
4200 2924 2923 6605 488 2948 6937 7096 2949 6941 2945 
4201 488 489 3432 2924 495 3599 3554 2949 7098 2950 
4202 488 2924 3432 6605 2949 7098 3554 6941 6737 7096 
4203 97 96 1304 6637 106 1440 1392 6933 6911 7099 
4204 2635 2636 6637 96 2654 6931 7100 2650 7099 2653 
4205 96 97 2636 6637 106 2655 2653 7099 6931 6933 
4206 2636 2635 6637 3464 2654 7100 6931 6935 6916 7101 
4207 423 424 3464 2635 433 3552 3600 2652 7101 2656 
4208 2635 2636 424 3464 2654 2657 2656 7101 3552 6935 
4209 116 115 1271 6604 122 1441 1442 7102 7040 7103 
4210 2921 2922 6604 115 2937 7104 7105 2933 7103 2936 
4211 115 116 2922 6604 122 2938 2936 7103 7104 7102 
4212 2922 2921 6604 3431 2937 7105 7104 7106 7044 7107 
4213 486 487 3431 2921 493 3602 3601 2935 7107 2939 
4214 2921 2922 487 3431 2937 2940 2939 7107 3602 7106 
4215 262 261 1308 6641 277 1443 1351 6770 6763 7108 
4216 3324 3325 6641 262 3345 6772 7109 3344 6770 3346 
4217 3324 262 6641 261 3344 6770 7109 3341 7108 277 
4218 3325 3324 6641 3468 3345 7109 6772 6774 6769 7110 
4219 517 518 3468 3325 533 3511 3603 3347 6774 3348 
4220 517 3325 3468 3324 3347 6774 3603 3343 7110 3345 
4221 102 101 1269 2640 111 1436 1444 2678 7083 2675 
4222 2640 2641 6602 102 2680 7111 7080 2678 7112 2679 
4223 2640 102 6602 1269 2678 7112 7080 7083 7084 1444 
4224 2641 2640 6602 428 2680 7080 7111 2681 7088 2677 
4225 428 429 3429 2641 438 3604 3596 2681 7113 2682 
4226 428 2641 3429 6602 2681 7113 3596 7088 7089 7111 
4227 1306 1268 1325 6658 1447 1445 1446 7114 7115 7116 
4228 6601 6639 6658 1306 7117 7118 7119 7120 7114 7121 
4229 6601 1306 6658 1268 7120 7114 7119 6705 7116 1447 
4230 6639 6601 6658 3485 7117 7119 7118 7122 7123 7124 
4231 3428 3466 3485 6639 3607 3606 3605 7125 7122 7126 
4232 3428 6639 3485 6601 7125 7122 3605 6711 7124 7117 
4233 273 1276 1304 6609 1449 1387 1448 7127 6910 6818 
4234 6609 3336 6637 273 7128 7129 6907 7127 7130 3401 
4235 6609 273 6637 1304 7127 7130 6907 6910 6911 1448 
4236 3336 6609 6637 3436 7128 6907 7129 7131 6915 6823 
4237 3436 529 3464 3336 3609 3608 3547 7131 7132 3403 
4238 3436 3336 3464 6637 7131 7132 3547 6915 6916 7129 
4239 1274 1305 1309 6642 1452 1450 1451 7133 6951 7134 
4240 6638 6607 6642 1274 7135 7136 7137 7138 7133 6981 
4241 6638 1274 6642 1305 7138 7133 7137 7139 7134 1452 
4242 6607 6638 6642 3469 7135 7137 7136 7140 6960 7141 
4243 3465 3434 3469 6607 3612 3611 3610 7142 7140 6984 
4244 3465 6607 3469 6638 7142 7140 3610 7143 7141 7135 
4245 251 1273 1293 6626 1425 1453 1454 7144 6924 7145 
4246 6606 3288 6626 251 7048 7146 7147 7049 7144 3308 
4247 6606 251 6626 1273 7049 7144 7147 6900 7145 1425 
4248 3288 6606 6626 3453 7048 7147 7146 7148 6929 7149 
4249 3433 504 3453 3288 3585 3614 3613 7050 7148 3310 
4250 3433 3288 3453 6606 7050 7148 3613 6903 7149 7048 
4251 1297 1269 1302 6635 1456 1438 1455 7150 6958 7090 
4252 6602 6630 6635 1297 7151 7152 7092 7153 7150 6693 
4253 6602 1297 6635 1269 7153 7150 7092 7084 7090 1456 
4254 6630 6602 6635 3462 7151 7092 7152 7154 6964 7094 
4255 3429 3457 3462 6630 3616 3615 3598 7155 7154 6696 
4256 3429 6630 3462 6602 7155 7154 3598 7089 7094 7151 
4257 1297 1302 1310 6643 1455 1457 1332 6689 6660 7156 
4258 6635 6630 6643 1297 7152 6691 7157 7150 6689 6693 
4259 6635 1297 6643 1302 7150 6689 7157 6958 7156 1455 
4260 6630 6635 6643 3470 7152 7157 6691 6694 6669 7158 
4261 3462 3457 3470 6630 3615 3492 3617 7154 6694 6696 
4262 3462 6630 3470 6635 7154 6694 3617 6964 7158 7152 
4263 100 99 1274 2638 109 1405 1458 2668 6980 2665 
4264 2638 2639 6607 100 2670 7159 6978 2668 7160 2669 
4265 2638 100 6607 1274 2668 7160 6978 6980 6981 1458 
4266 2639 2638 6607 426 2670 6978 7159 2671 6983 2667 
4267 426 427 3434 2639 436 3618 3565 2671 7161 2672 
4268 426 2639 3434 6607 2671 7161 3565 6983 6984 7159 
4269 116 1271 1300 6604 1442 1427 1459 7102 7051 7040 
4270 6604 2922 6633 116 7104 7162 7052 7102 7163 2938 
4271 6604 116 6633 1300 7102 7163 7052 7051 6845 1459 
4272 2922 6604 6633 3431 7104 7052 7162 7106 7055 7044 
4273 3431 487 3460 2922 3602 3619 3587 7106 7164 2940 
4274 3431 2922 3460 6633 7106 7164 3587 7055 6850 7162 
4275 1303 1271 1319 6652 1462 1460 1461 7165 6777 7166 
4276 6604 6636 6652 1303 7167 7168 7169 7170 7165 6667 
4277 6604 1303 6652 1271 7170 7165 7169 7040 7166 1462 
4278 6636 6604 6652 3479 7167 7169 7168 7171 6786 7172 
4279 3431 3463 3479 6636 3622 3621 3620 7173 7171 6673 
4280 3431 6636 3479 6604 7173 7171 3620 7044 7172 7167 
4281 103 102 1296 6629 112 1463 1464 7174 7175 7176 
4282 2641 2642 6629 102 2684 7177 7178 2679 7176 2683 
4283 102 103 2642 6629 112 2685 2683 7176 7177 7174 
4284 2642 2641 6629 3456 2684 7178 7177 7179 7180 7181 
4285 429 430 3456 2641 439 3624 3623 2682 7181 2686 
4286 2641 2642 430 3456 2684 2687 2686 7181 3624 7179 
4287 1293 1275 1316 6649 1390 1349 1465 7182 6756 6755 
4288 6608 6626 6649 1275 6920 7183 6759 6762 6755 6923 
4289 1275 1293 6626 6649 1390 6924 6923 6755 7183 7182 
4290 6626 6608 6649 3476 6920 6759 7183 7184 6765 6764 
4291 3435 3453 3476 6608 3550 3625 3509 6768 6764 6928 
4292 6608 6626 3453 3476 6920 6929 6928 6764 3625 7184 
4293 1266 268 1306 6639 1468 1466 1467 7185 7121 7186 
4294 3331 6599 6639 1266 7187 7188 7189 7190 7185 7191 
4295 3331 1266 6639 268 7190 7185 7189 3376 7186 1468 
4296 6599 3331 6639 3466 7187 7189 7188 7192 7126 7193 
4297 524 3426 3466 6599 3628 3627 3626 7194 7192 7195 
4298 524 6599 3466 3331 7194 7192 3626 3378 7193 7187 
4299 266 265 1292 6625 281 1469 1413 7008 6698 7196 
4300 3328 3329 6625 266 3365 7010 7197 3364 7008 3366 
4301 3328 266 6625 265 3364 7008 7197 3361 7196 281 
4302 3329 3328 6625 3452 3365 7197 7010 7012 6707 7198 
4303 521 522 3452 3329 537 3573 3629 3367 7012 3368 
4304 521 3329 3452 3328 3367 7012 3629 3363 7198 3365 
4305 117 116 1300 6633 123 1459 1393 6936 6845 7163 
4306 2922 2923 6633 116 2942 6938 7162 2938 7163 2941 
4307 116 117 2923 6633 123 2943 2941 7163 6938 6936 
4308 2923 2922 6633 3460 2942 7162 6938 6940 6850 7164 
4309 487 488 3460 2922 494 3553 3619 2940 7164 2944 
4310 2922 2923 488 3460 2942 2945 2944 7164 3553 6940 
4311 1289 1294 1307 6640 1343 1470 1471 7199 7200 7201 
4312 6627 6622 6640 1289 6740 7202 7203 6741 7199 6742 
4313 6627 1289 6640 1294 6741 7199 7203 6681 7201 1343 
4314 6622 6627 6640 3467 6740 7203 7202 7204 7205 7206 
4315 3454 3449 3467 6622 3503 3631 3630 6744 7204 6745 
4316 3454 6622 3467 6627 6744 7204 3630 6687 7206 6740 
4317 100 1274 1301 6634 1458 1472 1473 7207 7078 7208 
4318 6607 2639 6634 100 7159 7209 7210 7160 7207 2669 
4319 6607 100 6634 1274 7160 7207 7210 6981 7208 1458 
4320 2639 6607 6634 3461 7159 7210 7209 7211 7086 7212 
4321 3434 427 3461 2639 3618 3633 3632 7161 7211 2672 
4322 3434 2639 3461 6607 7161 7211 3632 6984 7212 7159 
4323 1268 1295 1325 6658 1360 1474 1445 7116 7115 7213 
4324 6628 6601 6658 1268 6807 7119 7214 6804 7116 6705 
4325 6628 1268 6658 1295 6804 7116 7214 6805 7213 1360 
4326 6601 6628 6658 3485 6807 7214 7119 7124 7123 7215 
4327 3455 3428 3485 6601 3520 3605 3634 6809 7124 6711 
4328 3455 6601 3485 6628 6809 7124 3634 6810 7215 6807 
4329 1301 1274 1309 6642 1472 1451 1475 7216 6951 7133 
4330 6607 6634 6642 1274 7210 7217 7136 6981 7133 7208 
4331 1274 1301 6634 6642 1472 7078 7208 7133 7217 7216 
4332 6634 6607 6642 3469 7210 7136 7217 7218 6960 7140 
4333 3434 3461 3469 6607 3632 3635 3611 6984 7140 7212 
4334 6607 6634 3461 3469 7210 7086 7212 7140 3635 7218 
4335 1283 1266 1306 6639 1477 1467 1476 7219 7121 7185 
4336 6599 6616 6639 1283 7220 7221 7188 7222 7219 7223 
4337 6599 1283 6639 1266 7222 7219 7188 7191 7185 1477 
4338 6616 6599 6639 3466 7220 7188 7221 7224 7126 7192 
4339 3426 3443 3466 6616 3637 3636 3627 7225 7224 7226 
4340 3426 6616 3466 6599 7225 7224 3627 7195 7192 7220 
4341 1304 96 1312 6645 1440 1478 1479 7227 7228 7229 
4342 2635 6637 6645 96 7100 7230 7231 2650 7229 7099 
4343 96 1304 6637 6645 1440 6911 7099 7229 7230 7227 
4344 6637 2635 6645 3472 7100 7231 7230 7232 7233 7234 
4345 423 3464 3472 2635 3600 3639 3638 2652 7234 7101 
4346 2635 6637 3464 3472 7100 6916 7101 7234 3639 7232 
4347 274 1304 1312 6645 1481 1479 1480 7235 7228 7227 
4348 6637 3337 6645 274 7236 7237 7230 7238 7235 3406 
4349 6637 274 6645 1304 7238 7235 7230 6911 7227 1481 
4350 3337 6637 6645 3472 7236 7230 7237 7239 7233 7232 
4351 3464 530 3472 3337 3641 3640 3639 7240 7239 3408 
4352 3464 3337 3472 6637 7240 7239 3639 6916 7232 7236 
4353 1307 1294 1324 6657 1470 1482 1483 7241 7242 7243 
4354 6627 6640 6657 1294 7203 7244 7245 6681 7243 7201 
4355 1294 1307 6640 6657 1470 7200 7201 7243 7244 7241 
4356 6640 6627 6657 3484 7203 7245 7244 7246 7247 7248 
4357 3454 3467 3484 6627 3630 3643 3642 6687 7248 7206 
4358 6627 6640 3467 3484 7203 7205 7206 7248 3643 7246 
4359 1302 1286 1310 6643 1399 1484 1457 7156 6660 7249 
4360 6619 6635 6643 1286 6953 7157 7250 6957 7249 6956 
4361 1286 1302 6635 6643 1399 6958 6956 7249 7157 7156 
4362 6635 6619 6643 3470 6953 7250 7157 7158 6669 7251 
4363 3446 3462 3470 6619 3559 3617 3644 6963 7251 6962 
4364 6619 6635 3462 3470 6953 6964 6962 7251 3617 7158 
4365 1272 1289 1320 6653 1346 1485 1486 7252 7253 7254 
4366 6622 6605 6653 1272 6748 7255 7256 6746 7252 6731 
4367 6622 1272 6653 1289 6746 7252 7256 6742 7254 1346 
4368 6605 6622 6653 3480 6748 7256 7255 7257 7258 7259 
4369 3449 3432 3480 6605 3506 3646 3645 6750 7257 6737 
4370 3449 6605 3480 6622 6750 7257 3645 6745 7259 6748 
4371 250 251 1293 6626 257 1454 1487 7260 6924 7144 
4372 3288 3287 6626 250 3307 7261 7146 3306 7260 3303 
4373 3288 250 6626 251 3306 7260 7146 3308 7144 257 
4374 3287 3288 6626 3453 3307 7146 7261 7262 6929 7148 
4375 504 503 3453 3287 510 3647 3614 3309 7262 3305 
4376 504 3287 3453 3288 3309 7262 3614 3310 7148 3307 
4377 101 100 1301 6634 110 1473 1434 7079 7078 7207 
4378 2639 2640 6634 100 2674 7082 7209 2669 7207 2673 
4379 100 101 2640 6634 110 2675 2673 7207 7082 7079 
4380 2640 2639 6634 3461 2674 7209 7082 7087 7086 7211 
4381 427 428 3461 2639 437 3594 3633 2672 7211 2676 
4382 2639 2640 428 3461 2674 2677 2676 7211 3594 7087 
4383 263 262 1275 3325 278 1352 1488 3349 6773 3346 
4384 3325 3326 6608 263 3350 7263 6771 3349 7264 3351 
4385 3325 263 6608 1275 3349 7264 6771 6773 6762 1488 
4386 3326 3325 6608 518 3350 6771 7263 3352 6775 3348 
4387 518 519 3435 3326 534 3648 3512 3352 7265 3353 
4388 518 3326 3435 6608 3352 7265 3512 6775 6768 7263 
4389 267 1268 1306 6601 1490 1447 1489 7266 7120 6705 
4390 6601 3330 6639 267 7267 7268 7117 7266 7269 3371 
4391 6601 267 6639 1306 7266 7269 7117 7120 7121 1489 
4392 3330 6601 6639 3428 7267 7117 7268 7270 7125 6711 
4393 3428 523 3466 3330 3650 3649 3607 7270 7271 3373 
4394 3428 3330 3466 6639 7270 7271 3607 7125 7126 7268 
4395 1298 1303 1319 6652 1491 1461 1353 6778 6777 7165 
4396 6636 6631 6652 1298 7272 6781 7168 7273 6778 6784 
4397 6636 1298 6652 1303 7273 6778 7168 6667 7165 1491 
4398 6631 6636 6652 3479 7272 7168 6781 6787 6786 7171 
4399 3463 3458 3479 6631 3651 3513 3621 7274 6787 6790 
4400 3463 6631 3479 6636 7274 6787 3621 6673 7171 7272 
4401 1294 253 1324 6657 1424 1492 1482 7243 7242 7275 
4402 3290 6627 6657 253 7046 7245 7276 3318 7275 7045 
4403 253 1294 6627 6657 1424 6681 7045 7275 7245 7243 
4404 6627 3290 6657 3484 7046 7276 7245 7248 7247 7277 
4405 506 3454 3484 3290 3584 3642 3652 3320 7277 7047 
4406 3290 6627 3454 3484 7046 6687 7047 7277 3642 7248 
4407 1287 1270 1305 6638 1495 1493 1494 7278 7139 7279 
4408 6603 6620 6638 1287 7280 7281 7282 7283 7278 6819 
4409 6603 1287 6638 1270 7283 7278 7282 6832 7279 1495 
4410 6620 6603 6638 3465 7280 7282 7281 7284 7143 7285 
4411 3430 3447 3465 6620 3655 3654 3653 7286 7284 6824 
4412 3430 6620 3465 6603 7286 7284 3653 6837 7285 7280 
4413 273 272 1276 3335 288 1368 1449 3399 6841 3396 
4414 3335 3336 6609 273 3400 7128 6839 3399 7127 3401 
4415 3335 273 6609 1276 3399 7127 6839 6841 6818 1449 
4416 3336 3335 6609 528 3400 6839 7128 3402 6843 3398 
4417 528 529 3436 3336 544 3609 3528 3402 7131 3403 
4418 528 3336 3436 6609 3402 7131 3528 6843 6823 7128 
4419 271 270 1270 3333 286 1366 1496 3389 6831 3386 
4420 3333 3334 6603 271 3390 7287 6828 3389 7288 3391 
4421 3333 271 6603 1270 3389 7288 6828 6831 6832 1496 
4422 3334 3333 6603 526 3390 6828 7287 3392 6836 3388 
4423 526 527 3430 3334 542 3656 3526 3392 7289 3393 
4424 526 3334 3430 6603 3392 7289 3526 6836 6837 7287 
4425 269 268 1266 3331 284 1468 1497 3379 7190 3376 
4426 3331 3332 6599 269 3380 7290 7187 3379 7291 3381 
4427 3331 269 6599 1266 3379 7291 7187 7190 7191 1497 
4428 3332 3331 6599 524 3380 7187 7290 3382 7194 3378 
4429 524 525 3426 3332 540 3657 3628 3382 7292 3383 
4430 524 3332 3426 6599 3382 7292 3628 7194 7195 7290 
4431 274 273 1304 6637 289 1448 1481 7238 6911 7130 
4432 3336 3337 6637 274 3405 7236 7129 3404 7238 3406 
4433 3336 274 6637 273 3404 7238 7129 3401 7130 289 
4434 3337 3336 6637 3464 3405 7129 7236 7240 6916 7132 
4435 529 530 3464 3337 545 3641 3608 3407 7240 3408 
4436 529 3337 3464 3336 3407 7240 3608 3403 7132 3405 
4437 1281 1282 1286 6619 1499 1498 1409 6994 6957 7293 
4438 6615 6614 6619 1281 7294 6992 7295 7296 6994 6826 
4439 6615 1281 6619 1282 7296 6994 7295 7297 7293 1499 
4440 6614 6615 6619 3446 7294 7295 6992 6996 6963 7298 
4441 3442 3441 3446 6614 3659 3569 3658 7299 6996 6834 
4442 3442 6614 3446 6615 7299 6996 3658 7300 7298 7294 
4443 269 1266 1281 6599 1497 1500 1428 7291 7301 7191 
4444 6599 3332 6614 269 7290 7058 7302 7291 7057 3381 
4445 6599 269 6614 1281 7291 7057 7302 7301 6826 1428 
4446 3332 6599 6614 3426 7290 7302 7058 7292 7303 7195 
4447 3426 525 3441 3332 3657 3588 3660 7292 7059 3383 
4448 3426 3332 3441 6614 7292 7059 3660 7303 6834 7058 
4449 271 1270 1287 6603 1496 1495 1429 7288 7283 6832 
4450 6603 3334 6620 271 7287 7061 7280 7288 7060 3391 
4451 6603 271 6620 1287 7288 7060 7280 7283 6819 1429 
4452 3334 6603 6620 3430 7287 7280 7061 7289 7286 6837 
4453 3430 527 3447 3334 3656 3589 3655 7289 7062 3393 
4454 3430 3334 3447 6620 7289 7062 3655 7286 6824 7061 
4455 248 249 1308 6641 255 1501 1502 7304 6763 7305 
4456 3286 3285 6641 248 3297 7306 7307 3296 7304 3293 
4457 3286 248 6641 249 3296 7304 7307 3298 7305 255 
4458 3285 3286 6641 3468 3297 7307 7306 7308 6769 7309 
4459 502 501 3468 3285 508 3662 3661 3299 7308 3295 
4460 502 3285 3468 3286 3299 7308 3661 3300 7309 3297 
4461 1279 1288 1291 6624 1503 1407 1431 7066 6704 6989 
4462 6621 6612 6624 1279 7310 7064 6988 7311 7066 7067 
4463 6621 1279 6624 1288 7311 7066 6988 6730 6989 1503 
4464 6612 6621 6624 3451 7310 6988 7064 7069 6710 6990 
4465 3448 3439 3451 6612 3663 3591 3567 7312 7069 7070 
4466 3448 6612 3451 6621 7312 7069 3567 6736 6990 7310 
4467 1293 1273 1313 6646 1453 1504 1388 6919 6918 7313 
4468 6606 6626 6646 1273 7147 6922 7314 6900 7313 7145 
4469 1273 1293 6626 6646 1453 6924 7145 7313 6922 6919 
4470 6626 6606 6646 3473 7147 7314 6922 6927 6926 7315 
4471 3433 3453 3473 6606 3613 3548 3664 6903 7315 7149 
4472 6606 6626 3453 3473 7147 6929 7149 7315 3548 6927 
4473 1302 1301 1309 6642 1437 1475 1397 6952 6951 7216 
4474 6634 6635 6642 1301 7093 6955 7217 7078 7216 7091 
4475 1301 1302 6635 6642 1437 6958 7091 7216 6955 6952 
4476 6635 6634 6642 3469 7093 7217 6955 6961 6960 7218 
4477 3461 3462 3469 6634 3597 3557 3635 7086 7218 7095 
4478 6634 6635 3462 3469 7093 6964 7095 7218 3557 6961 
4479 263 1275 1277 6608 1488 1402 1432 7264 6971 6762 
4480 6608 3326 6610 263 7263 7072 6969 7264 7071 3351 
4481 6608 263 6610 1277 7264 7071 6969 6971 6884 1432 
4482 3326 6608 6610 3435 7263 6969 7072 7265 6973 6768 
4483 3435 519 3437 3326 3648 3592 3562 7265 7073 3353 
4484 3435 3326 3437 6610 7265 7073 3562 6973 6892 7072 
4485 119 118 1320 6653 125 1505 1506 7316 7253 7317 
4486 2924 2925 6653 118 2952 7318 7319 2947 7317 2951 
4487 118 119 2925 6653 125 2953 2951 7317 7318 7316 
4488 2925 2924 6653 3480 2952 7319 7318 7320 7258 7321 
4489 489 490 3480 2924 496 3666 3665 2950 7321 2954 
4490 2924 2925 490 3480 2952 2955 2954 7321 3666 7320 
4491 1307 119 1320 6653 1508 1506 1507 7322 7253 7316 
4492 2925 6640 6653 1307 7323 7324 7318 7325 7322 7200 
4493 2925 1307 6653 119 7325 7322 7318 2953 7316 1508 
4494 6640 2925 6653 3480 7323 7318 7324 7326 7258 7320 
4495 490 3467 3480 6640 3668 3667 3666 7327 7326 7205 
4496 490 6640 3480 2925 7327 7326 3666 2955 7320 7323 
4497 268 267 1306 6639 283 1489 1466 7186 7121 7269 
4498 3330 3331 6639 268 3375 7189 7268 3374 7186 3376 
4499 3330 268 6639 267 3374 7186 7268 3371 7269 283 
4500 3331 3330 6639 3466 3375 7268 7189 7193 7126 7271 
4501 523 524 3466 3331 539 3626 3649 3377 7193 3378 
4502 523 3331 3466 3330 3377 7193 3649 3373 7271 3375 
4503 1299 1287 1323 6656 1361 1509 1356 6793 6792 7328 
4504 6620 6632 6656 1287 6816 6796 7329 6819 7328 6813 
4505 1287 1299 6632 6656 1361 6798 6813 7328 6796 6793 
4506 6632 6620 6656 3483 6816 7329 6796 6801 6800 7330 
4507 3447 3459 3483 6620 3521 3516 3669 6824 7330 6821 
4508 6620 6632 3459 3483 6816 6803 6821 7330 3516 6801 
4509 115 114 1319 6652 121 1371 1510 7331 6777 6852 
4510 2920 2921 6652 114 2932 7332 6854 2928 6852 2931 
4511 114 115 2921 6652 121 2933 2931 6852 7332 7331 
4512 2921 2920 6652 3479 2932 6854 7332 7333 6786 6856 
4513 485 486 3479 2920 492 3670 3531 2930 6856 2934 
4514 2920 2921 486 3479 2932 2935 2934 6856 3670 7333 
4515 1298 1297 1303 6630 1511 1333 1491 7334 6692 6693 
4516 6630 6631 6636 1298 7335 7272 6690 7334 7273 6784 
4517 6630 1298 6636 1303 7334 7273 6690 6692 6667 1491 
4518 6631 6630 6636 3457 7335 6690 7272 7336 6695 6696 
4519 3457 3458 3463 6631 3671 3651 3493 7336 7274 6790 
4520 3457 6631 3463 6636 7336 7274 3493 6695 6673 7272 
4521 265 264 1267 3327 280 1382 1512 3359 6889 3356 
4522 3327 3328 6600 265 3360 7337 6886 3359 7338 3361 
4523 3327 265 6600 1267 3359 7338 6886 6889 6890 1512 
4524 3328 3327 6600 520 3360 6886 7337 3362 6894 3358 
4525 520 521 3427 3328 536 3672 3542 3362 7339 3363 
4526 520 3328 3427 6600 3362 7339 3542 6894 6895 7337 
4527 253 7 1324 6657 260 1513 1492 7275 7242 7340 
4528 469 3290 6657 253 3322 7276 7341 3321 7275 3318 
4529 469 253 6657 7 3321 7275 7341 470 7340 260 
4530 3290 469 6657 3484 3322 7341 7276 7277 7247 7342 
4531 29 506 3484 3290 513 3652 3673 3323 7277 3320 
4532 29 3290 3484 469 3323 7277 3673 471 7342 3322 
4533 1296 1269 1297 6602 1515 1456 1514 7343 7153 7084 
4534 6602 6629 6630 1296 7344 7345 7151 7343 7346 7175 
4535 6602 1296 6630 1297 7343 7346 7151 7153 6693 1514 
4536 6629 6602 6630 3429 7344 7151 7345 7347 7155 7089 
4537 3429 3456 3457 6629 3675 3674 3616 7347 7348 7180 
4538 3429 6629 3457 6630 7347 7348 3616 7155 6696 7345 
4539 1290 1300 1311 6644 1370 1426 1374 6863 6862 7054 
4540 6633 6623 6644 1290 6847 6866 7053 6844 6863 6724 
4541 6633 1290 6644 1300 6844 6863 7053 6845 7054 1370 
4542 6623 6633 6644 3471 6847 7053 6866 6870 6869 7056 
4543 3460 3450 3471 6623 3530 3534 3586 6849 6870 6733 
4544 3460 6623 3471 6633 6849 6870 3586 6850 7056 6847 
4545 1271 1303 1314 6647 1462 1420 1421 7035 6998 7031 
4546 6636 6604 6647 1303 7167 7038 7032 6667 7031 7170 
4547 1303 1271 6604 6647 1462 7040 7170 7031 7038 7035 
4548 6604 6636 6647 3474 7167 7032 7038 7042 7005 7033 
4549 3463 3431 3474 6636 3622 3581 3580 6673 7033 7173 
4550 6636 6604 3431 3474 7167 7044 7173 7033 3581 7042 
4551 1267 1279 1292 6625 1517 1430 1516 7349 6698 7063 
4552 6612 6600 6625 1267 7350 7351 7065 7352 7349 6890 
4553 6612 1267 6625 1279 7352 7349 7065 7067 7063 1517 
4554 6600 6612 6625 3452 7350 7065 7351 7353 6707 7068 
4555 3439 3427 3452 6600 3677 3676 3590 7354 7353 6895 
4556 3439 6600 3452 6612 7354 7353 3590 7070 7068 7350 
4557 267 266 1268 3329 282 1414 1490 3369 7011 3366 
4558 3329 3330 6601 267 3370 7267 7009 3369 7266 3371 
4559 3329 267 6601 1268 3369 7266 7009 7011 6705 1490 
4560 3330 3329 6601 522 3370 7009 7267 3372 7013 3368 
4561 522 523 3428 3330 538 3650 3574 3372 7270 3373 
4562 522 3330 3428 6601 3372 7270 3574 7013 6711 7267 
4563 1281 1266 1282 6599 1500 1518 1499 7301 7355 7191 
4564 6599 6614 6615 1281 7302 7294 7356 7301 7296 6826 
4565 6599 1281 6615 1282 7301 7296 7356 7355 7297 1499 
4566 6614 6599 6615 3426 7302 7356 7294 7303 7357 7195 
4567 3426 3441 3442 6614 3660 3659 3678 7303 7299 6834 
4568 3426 6614 3442 6615 7303 7299 3678 7357 7300 7294 
4569 1267 1278 1279 6612 1419 1519 1517 7352 7067 7358 
4570 6611 6600 6612 1267 7026 7350 7359 7023 7352 6890 
4571 6611 1267 6612 1278 7023 7352 7359 7024 7358 1419 
4572 6600 6611 6612 3439 7026 7359 7350 7354 7070 7360 
4573 3438 3427 3439 6600 3579 3677 3679 7028 7354 6895 
4574 3438 6600 3439 6611 7028 7354 3679 7029 7360 7026 
4575 250 1293 1316 6649 1487 1465 1520 7361 6756 7182 
4576 6626 3287 6649 250 7261 7362 7183 7260 7361 3303 
4577 6626 250 6649 1293 7260 7361 7183 6924 7182 1487 
4578 3287 6626 6649 3476 7261 7183 7362 7363 6765 7184 
4579 3453 503 3476 3287 3647 3680 3625 7262 7363 3305 
4580 3453 3287 3476 6626 7262 7363 3625 6929 7184 7261 
4581 1286 1282 1310 6643 1498 1521 1484 7249 6660 7364 
4582 6615 6619 6643 1282 7295 7250 7365 7297 7364 7293 
4583 1282 1286 6619 6643 1498 6957 7293 7364 7250 7249 
4584 6619 6615 6643 3470 7295 7365 7250 7251 6669 7366 
4585 3442 3446 3470 6615 3658 3644 3681 7300 7366 7298 
4586 6615 6619 3446 3470 7295 6963 7298 7366 3644 7251 
4587 1287 1305 1323 6656 1494 1522 1509 7328 6792 7367 
4588 6638 6620 6656 1287 7281 7329 7368 7278 7328 6819 
4589 6638 1287 6656 1305 7278 7328 7368 7139 7367 1494 
4590 6620 6638 6656 3483 7281 7368 7329 7330 6800 7369 
4591 3465 3447 3483 6620 3654 3669 3682 7284 7330 6824 
4592 3465 6620 3483 6638 7284 7330 3682 7143 7369 7281 
4593 265 1267 1292 6625 1512 1516 1469 7196 6698 7349 
4594 6600 3328 6625 265 7337 7197 7351 7338 7196 3361 
4595 6600 265 6625 1267 7338 7196 7351 6890 7349 1512 
4596 3328 6600 6625 3452 7337 7351 7197 7198 6707 7353 
4597 3427 521 3452 3328 3672 3629 3676 7339 7198 3363 
4598 3427 3328 3452 6600 7339 7198 3676 6895 7353 7337 
4599 102 1269 1296 6602 1444 1515 1463 7112 7343 7084 
4600 6602 2641 6629 102 7111 7178 7344 7112 7176 2679 
4601 6602 102 6629 1296 7112 7176 7344 7343 7175 1463 
4602 2641 6602 6629 3429 7111 7344 7178 7113 7347 7089 
4603 3429 429 3456 2641 3604 3623 3675 7113 7181 2682 
4604 3429 2641 3456 6629 7113 7181 3675 7347 7180 7178 
4605 1296 1297 1298 6630 1514 1511 1523 7346 7334 6693 
4606 6630 6629 6631 1296 7345 7370 7335 7346 7371 7175 
4607 6630 1296 6631 1298 7346 7371 7335 7334 6784 1523 
4608 6629 6630 6631 3457 7345 7335 7370 7348 7336 6696 
4609 3457 3456 3458 6629 3674 3683 3671 7348 7372 7180 
4610 3457 6629 3458 6631 7348 7372 3671 7336 6790 7370 
4611 1295 1285 1325 6658 1396 1524 1474 7213 7115 7373 
4612 6618 6628 6658 1285 6943 7214 7374 6946 7373 6945 
4613 1285 1295 6628 6658 1396 6805 6945 7373 7214 7213 
4614 6628 6618 6658 3485 6943 7374 7214 7215 7123 7375 
4615 3445 3455 3485 6618 3556 3634 3684 6949 7375 6948 
4616 6618 6628 3455 3485 6943 6810 6948 7375 3634 7215 
4617 1279 1280 1288 6613 1526 1525 1503 7376 7377 6682 
4618 6613 6612 6621 1279 7378 7310 7379 7376 7311 7067 
4619 6613 1279 6621 1288 7376 7311 7379 7377 6730 1503 
4620 6612 6613 6621 3440 7378 7379 7310 7380 7381 6688 
4621 3440 3439 3448 6612 3686 3663 3685 7380 7312 7070 
4622 3440 6612 3448 6621 7380 7312 3685 7381 6736 7310 
4623 1279 1278 1280 6613 1519 1527 1526 7376 6682 7382 
4624 6611 6612 6613 1278 7359 7378 7383 7024 7382 7358 
4625 1278 1279 6612 6613 1519 7067 7358 7382 7378 7376 
4626 6612 6611 6613 3440 7359 7383 7378 7380 6688 7384 
4627 3438 3439 3440 6611 3679 3686 3687 7029 7384 7360 
4628 6611 6612 3439 3440 7359 7070 7360 7384 3686 7380 
4629 1284 1283 1285 6618 1529 1528 1412 7003 6946 7385 
4630 6616 6617 6618 1284 7386 7000 7387 7388 7003 6666 
4631 6616 1284 6618 1283 7388 7003 7387 7223 7385 1529 
4632 6617 6616 6618 3445 7386 7387 7000 7007 6949 7389 
4633 3443 3444 3445 6617 3689 3572 3688 7390 7007 6672 
4634 3443 6617 3445 6616 7390 7007 3688 7226 7389 7386 
4635 261 248 1308 6641 1347 1502 1443 7108 6763 7304 
4636 3285 3324 6641 248 6753 7109 7306 3293 7304 6752 
4637 248 261 3324 6641 1347 3341 6752 7304 7109 7108 
4638 3324 3285 6641 3468 6753 7306 7109 7110 6769 7308 
4639 501 517 3468 3285 3507 3603 3662 3295 7308 6754 
4640 3285 3324 517 3468 6753 3343 6754 7308 3603 7110 
4641 275 274 1312 6645 290 1480 1530 7391 7228 7235 
4642 3337 3338 6645 275 3410 7392 7237 3409 7391 3411 
4643 3337 275 6645 274 3409 7391 7237 3406 7235 290 
4644 3338 3337 6645 3472 3410 7237 7392 7393 7233 7239 
4645 530 531 3472 3338 546 3690 3640 3412 7393 3413 
4646 530 3338 3472 3337 3412 7393 3640 3408 7239 3410 
4647 1282 1266 1283 6599 1518 1477 1531 7355 7222 7191 
4648 6599 6615 6616 1282 7356 7394 7220 7355 7395 7297 
4649 6599 1282 6616 1283 7355 7395 7220 7222 7223 1531 
4650 6615 6599 6616 3426 7356 7220 7394 7357 7225 7195 
4651 3426 3442 3443 6615 3678 3691 3637 7357 7396 7300 
4652 3426 6615 3443 6616 7357 7396 3637 7225 7226 7394 
4653 1288 1280 1289 6613 1525 1344 1345 7377 6738 6682 
4654 6613 6621 6622 1288 7379 6749 6739 7377 6747 6730 
4655 6613 1288 6622 1289 7377 6747 6739 6738 6742 1345 
4656 6621 6613 6622 3440 7379 6739 6749 7381 6743 6688 
4657 3440 3448 3449 6621 3685 3505 3504 7381 6751 6736 
4658 3440 6621 3449 6622 7381 6751 3504 6743 6745 6749 
4659 118 1272 1320 6653 1439 1486 1505 7317 7253 7252 
4660 6605 2924 6653 118 7096 7319 7255 7097 7317 2947 
4661 6605 118 6653 1272 7097 7317 7255 6731 7252 1439 
4662 2924 6605 6653 3480 7096 7255 7319 7321 7258 7257 
4663 3432 489 3480 2924 3599 3665 3646 7098 7321 2950 
4664 3432 2924 3480 6605 7098 7321 3646 6737 7257 7096 
4665 1276 1299 1321 6654 1362 1532 1385 6906 6905 7397 
4666 6632 6609 6654 1276 6815 6909 7398 6812 6906 6818 
4667 6632 1276 6654 1299 6812 6906 7398 6798 7397 1362 
4668 6609 6632 6654 3481 6815 7398 6909 6914 6913 7399 
4669 3459 3436 3481 6609 3522 3545 3692 6820 6914 6823 
4670 3459 6609 3481 6632 6820 6914 3692 6803 7399 6815 
4671 1271 115 1319 6652 1441 1510 1460 7166 6777 7331 
4672 2921 6604 6652 115 7105 7169 7332 2933 7331 7103 
4673 115 1271 6604 6652 1441 7040 7103 7331 7169 7166 
4674 6604 2921 6652 3479 7105 7332 7169 7172 6786 7333 
4675 486 3431 3479 2921 3601 3620 3670 2935 7333 7107 
4676 2921 6604 3431 3479 7105 7044 7107 7333 3620 7172 
4677 1299 98 1321 6654 1373 1533 1532 7397 6905 7400 
4678 2637 6632 6654 98 6859 7398 7401 2660 7400 6858 
4679 98 1299 6632 6654 1373 6798 6858 7400 7398 7397 
4680 6632 2637 6654 3481 6859 7401 7398 7399 6913 7402 
4681 425 3459 3481 2637 3533 3692 3693 2662 7402 6860 
4682 2637 6632 3459 3481 6859 6803 6860 7402 3692 7399 
4683 1309 1305 1322 6655 1450 1534 1433 7074 6873 7403 
4684 6638 6642 6655 1305 7137 7075 7404 7139 7403 7134 
4685 1305 1309 6642 6655 1450 6951 7134 7403 7075 7074 
4686 6642 6638 6655 3482 7137 7404 7075 7076 6878 7405 
4687 3465 3469 3482 6638 3610 3593 3694 7143 7405 7141 
4688 6638 6642 3469 3482 7137 6960 7141 7405 3593 7076 
4689 96 95 1312 6645 105 1535 1478 7229 7228 7406 
4690 2634 2635 6645 95 2649 7231 7407 2645 7406 2648 
4691 95 96 2635 6645 105 2650 2648 7406 7231 7229 
4692 2635 2634 6645 3472 2649 7407 7231 7234 7233 7408 
4693 422 423 3472 2634 432 3638 3695 2647 7408 2651 
4694 2634 2635 423 3472 2649 2652 2651 7408 3638 7234 
4695 98 97 1321 6654 107 1391 1533 7400 6905 6930 
4696 2636 2637 6654 97 2659 7401 6932 2655 6930 2658 
4697 97 98 2637 6654 107 2660 2658 6930 7401 7400 
4698 2637 2636 6654 3481 2659 6932 7401 7402 6913 6934 
4699 424 425 3481 2636 434 3693 3551 2657 6934 2661 
4700 2636 2637 425 3481 2659 2662 2661 6934 3693 7402 
4701 1282 1283 1284 6616 1531 1529 1536 7395 7388 7223 
4702 6616 6615 6617 1282 7394 7409 7386 7395 7410 7297 
4703 6616 1282 6617 1284 7395 7410 7386 7388 6666 1536 
4704 6615 6616 6617 3443 7394 7386 7409 7396 7390 7226 
4705 3443 3442 3444 6615 3691 3696 3689 7396 7411 7300 
4706 3443 6615 3444 6617 7396 7411 3689 7390 6672 7409 
4707 1282 1284 1310 6643 1536 1327 1521 7364 6660 6659 
4708 6617 6615 6643 1282 7409 7365 6663 7410 7364 7297 
4709 6617 1282 6643 1284 7410 7364 6663 6666 6659 1536 
4710 6615 6617 6643 3470 7409 6663 7365 7366 6669 6668 
4711 3444 3442 3470 6615 3696 3681 3487 7411 7366 7300 
4712 3444 6615 3470 6617 7411 7366 3487 6672 6668 7409 
4713 1305 1274 1323 6656 1452 1404 1522 7367 6792 6977 
4714 6607 6638 6656 1274 7135 7368 6979 6981 6977 7138 
4715 1274 1305 6638 6656 1452 7139 7138 6977 7368 7367 
4716 6638 6607 6656 3483 7135 6979 7368 7369 6800 6982 
4717 3434 3465 3483 6607 3612 3682 3564 6984 6982 7142 
4718 6607 6638 3465 3483 7135 7143 7142 6982 3682 7369 
4719 1308 249 1316 6649 1501 1537 1348 6757 6756 7412 
4720 3286 6641 6649 249 7307 6760 7413 3298 7412 7305 
4721 249 1308 6641 6649 1501 6763 7305 7412 6760 6757 
4722 6641 3286 6649 3476 7307 7413 6760 6766 6765 7414 
4723 502 3468 3476 3286 3661 3508 3697 3300 7414 7309 
4724 3286 6641 3468 3476 7307 6769 7309 7414 3508 6766 
4725 1285 1283 1325 6658 1528 1538 1524 7373 7115 7415 
4726 6616 6618 6658 1283 7387 7374 7416 7223 7415 7385 
4727 1283 1285 6618 6658 1528 6946 7385 7415 7374 7373 
4728 6618 6616 6658 3485 7387 7416 7374 7375 7123 7417 
4729 3443 3445 3485 6616 3688 3684 3698 7226 7417 7389 
4730 6616 6618 3445 3485 7387 6949 7389 7417 3684 7375 
4731 1278 1277 1313 6646 1418 1401 1539 7418 6918 6968 
4732 6610 6611 6646 1277 7027 7419 6970 6884 6968 7025 
4733 1277 1278 6611 6646 1418 7024 7025 6968 7419 7418 
4734 6611 6610 6646 3473 7027 6970 7419 7420 6926 6972 
4735 3437 3438 3473 6610 3578 3699 3561 6892 6972 7030 
4736 6610 6611 3438 3473 7027 7029 7030 6972 3699 7420 
4737 249 250 1316 6649 256 1520 1537 7412 6756 7361 
4738 3287 3286 6649 249 3302 7413 7362 3301 7412 3298 
4739 3287 249 6649 250 3301 7412 7362 3303 7361 256 
4740 3286 3287 6649 3476 3302 7362 7413 7414 6765 7363 
4741 503 502 3476 3286 509 3697 3680 3304 7414 3300 
4742 503 3286 3476 3287 3304 7414 3680 3305 7363 3302 
4743 1313 1273 1318 6651 1504 1383 1540 7421 6675 6896 
4744 6606 6646 6651 1273 7314 7422 6898 6900 6896 7313 
4745 1273 1313 6646 6651 1504 6918 7313 6896 7422 7421 
4746 6646 6606 6651 3478 7314 6898 7422 7423 6684 6901 
4747 3433 3473 3478 6606 3664 3700 3543 6903 6901 7315 
4748 6606 6646 3473 3478 7314 6926 7315 6901 3700 7423 
4749 7 119 1324 6657 126 1541 1513 7340 7242 7424 
4750 2925 469 6657 119 2957 7341 7425 2953 7424 2956 
4751 119 7 469 6657 126 470 2956 7424 7341 7340 
4752 469 2925 6657 3484 2957 7425 7341 7342 7247 7426 
4753 490 29 3484 2925 497 3673 3701 2955 7426 2958 
4754 2925 469 29 3484 2957 471 2958 7426 3673 7342 
4755 1305 1270 1322 6655 1493 1378 1534 7403 6873 6872 
4756 6603 6638 6655 1270 7282 7404 6875 6832 6872 7279 
4757 1270 1305 6638 6655 1493 7139 7279 6872 7404 7403 
4758 6638 6603 6655 3482 7282 6875 7404 7405 6878 6877 
4759 3430 3465 3482 6603 3653 3694 3538 6837 6877 7285 
4760 6603 6638 3465 3482 7282 7143 7285 6877 3694 7405 
4761 275 1312 1315 6648 1530 1542 1400 6965 6713 7427 
4762 6645 3338 6648 275 7392 6966 7428 7391 6965 3411 
4763 6645 275 6648 1312 7391 6965 7428 7228 7427 1530 
4764 3338 6645 6648 3475 7392 7428 6966 6967 6718 7429 
4765 3472 531 3475 3338 3690 3560 3702 7393 6967 3413 
4766 3472 3338 3475 6645 7393 6967 3702 7233 7429 7392 
4767 103 1296 1317 6650 1464 1543 1415 7014 6783 7430 
4768 6629 2642 6650 103 7177 7015 7431 7174 7014 2685 
4769 6629 103 6650 1296 7174 7014 7431 7175 7430 1464 
4770 2642 6629 6650 3477 7177 7431 7015 7016 6789 7432 
4771 3456 430 3477 2642 3624 3575 3703 7179 7016 2687 
4772 3456 2642 3477 6629 7179 7016 3703 7180 7432 7177 
4773 1289 1307 1320 6653 1471 1507 1485 7254 7253 7322 
4774 6640 6622 6653 1289 7202 7256 7324 7199 7254 6742 
4775 6640 1289 6653 1307 7199 7254 7324 7200 7322 1471 
4776 6622 6640 6653 3480 7202 7324 7256 7259 7258 7326 
4777 3467 3449 3480 6622 3631 3645 3667 7204 7259 6745 
4778 3467 6622 3480 6640 7204 7259 3667 7205 7326 7202 
4779 1285 1311 1314 6647 1395 1422 1410 6999 6998 7034 
4780 6644 6618 6647 1285 6944 7002 7037 6942 6999 6946 
4781 6644 1285 6647 1311 6942 6999 7037 6862 7034 1395 
4782 6618 6644 6647 3474 6944 7037 7002 7006 7005 7041 
4783 3471 3445 3474 6618 3555 3570 3582 6947 7006 6949 
4784 3471 6618 3474 6644 6947 7006 3582 6869 7041 6944 
4785 1283 1306 1325 6658 1476 1446 1538 7415 7115 7114 
4786 6639 6616 6658 1283 7221 7416 7118 7219 7415 7223 
4787 6639 1283 6658 1306 7219 7415 7118 7121 7114 1476 
4788 6616 6639 6658 3485 7221 7118 7416 7417 7123 7122 
4789 3466 3443 3485 6616 3636 3698 3606 7224 7417 7226 
4790 3466 6616 3485 6639 7224 7417 3606 7126 7122 7221 
4791 1280 1278 1318 6651 1527 1544 1329 6676 6675 7433 
4792 6611 6613 6651 1278 7383 6679 7434 7024 7433 7382 
4793 1278 1280 6613 6651 1527 6682 7382 7433 6679 6676 
4794 6613 6611 6651 3478 7383 7434 6679 6685 6684 7435 
4795 3438 3440 3478 6611 3687 3489 3704 7029 7435 7384 
4796 6611 6613 3440 3478 7383 6688 7384 7435 3489 6685 
4797 1296 1298 1317 6631 1523 1355 1543 7371 6782 6784 
4798 6631 6629 6650 1296 7370 7431 6779 7371 7430 7175 
4799 6631 1296 6650 1317 7371 7430 6779 6782 6783 1543 
4800 6629 6631 6650 3458 7370 6779 7431 7372 6788 6790 
4801 3458 3456 3477 6629 3683 3703 3515 7372 7432 7180 
4802 3458 6629 3477 6650 7372 7432 3515 6788 6789 7431 
4803 1312 95 1315 6648 1535 1403 1542 7427 6713 6974 
4804 2634 6645 6648 95 7407 7428 6975 2645 6974 7406 
4805 95 1312 6645 6648 1535 7228 7406 6974 7428 7427 
4806 6645 2634 6648 3475 7407 6975 7428 7429 6718 6976 
4807 422 3472 3475 2634 3695 3702 3563 2647 6976 7408 
4808 2634 6645 3472 3475 7407 7233 7408 6976 3702 7429 
4809 119 1307 1324 6657 1508 1483 1541 7424 7242 7241 
4810 6640 2925 6657 1307 7323 7425 7244 7200 7241 7325 
4811 1307 119 2925 6657 1508 2953 7325 7241 7425 7424 
4812 2925 6640 6657 3484 7323 7244 7425 7426 7247 7246 
4813 3467 490 3484 6640 3668 3701 3643 7205 7246 7327 
4814 6640 2925 490 3484 7323 2955 7327 7246 3701 7426 
4815 1278 1313 1318 6651 1539 1540 1544 7433 6675 7421 
4816 6646 6611 6651 1278 7419 7434 7422 7418 7433 7024 
4817 6646 1278 6651 1313 7418 7433 7422 6918 7421 1539 
4818 6611 6646 6651 3478 7419 7422 7434 7435 6684 7423 
4819 3473 3438 3478 6611 3699 3704 3700 7420 7435 7029 
4820 3473 6611 3478 6646 7420 7435 3700 6926 7423 7419 
3 5 11 972
4821 1547 1568 1572 7463 1608 1606 1607 7497 7498 7499 
4822 7459 7438 7463 1547 7500 7501 7502 7503 7497 7504 
4823 7459 1547 7463 1568 7503 7497 7502 7505 7499 1608 
4824 7438 7459 7463 3927 7500 7502 7501 7506 7507 7508 
4825 3923 3902 3927 7438 3963 3962 3961 7509 7506 7510 
4826 3923 7438 3927 7459 7509 7506 3961 7511 7508 7500 
4827 1571 1573 1602 7493 1611 1609 1610 7512 7513 7514 
4828 7464 7462 7493 1571 7515 7516 7517 7518 7512 7519 
4829 7464 1571 7493 1573 7518 7512 7517 7520 7514 1611 
4830 7462 7464 7493 3957 7515 7517 7516 7521 7522 7523 
4831 3928 3926 3957 7462 3966 3965 3964 7524 7521 7525 
4832 3928 7462 3957 7464 7524 7521 3964 7526 7523 7515 
4833 1550 1577 1588 7479 1614 1612 1613 7527 7528 7529 
4834 7468 7441 7479 1550 7530 7531 7532 7533 7527 7534 
4835 7468 1550 7479 1577 7533 7527 7532 7535 7529 1614 
4836 7441 7468 7479 3943 7530 7532 7531 7536 7537 7538 
4837 3932 3905 3943 7441 3969 3968 3967 7539 7536 7540 
4838 3932 7441 3943 7468 7539 7536 3967 7541 7538 7530 
4839 325 19 1596 7487 327 1615 1616 7542 7543 7544 
4840 565 3795 7487 325 3802 7545 7546 3801 7542 3798 
4841 565 325 7487 19 3801 7542 7546 566 7544 327 
4842 3795 565 7487 3951 3802 7546 7545 7547 7548 7549 
4843 33 590 3951 3795 592 3971 3970 3803 7547 3800 
4844 33 3795 3951 565 3803 7547 3970 567 7549 3802 
4845 1561 1579 1582 7473 1619 1617 1618 7550 7551 7552 
4846 7470 7452 7473 1561 7553 7554 7555 7556 7550 7557 
4847 7470 1561 7473 1579 7556 7550 7555 7558 7552 1619 
4848 7452 7470 7473 3937 7553 7555 7554 7559 7560 7561 
4849 3934 3916 3937 7452 3974 3973 3972 7562 7559 7563 
4850 3934 7452 3937 7470 7562 7559 3972 7564 7561 7553 
4851 1568 1571 1572 7463 1621 1620 1606 7499 7498 7565 
4852 7462 7459 7463 1568 7566 7502 7567 7568 7499 7505 
4853 7462 1568 7463 1571 7568 7499 7567 7519 7565 1621 
4854 7459 7462 7463 3927 7566 7567 7502 7508 7507 7569 
4855 3926 3923 3927 7459 3976 3961 3975 7570 7508 7511 
4856 3926 7459 3927 7462 7570 7508 3975 7525 7569 7566 
4857 9 325 1596 7487 326 1616 1622 7571 7543 7542 
4858 3795 587 7487 9 3797 7572 7545 3796 7571 588 
4859 3795 9 7487 325 3796 7571 7545 3798 7542 326 
4860 587 3795 7487 3951 3797 7545 7572 7573 7548 7547 
4861 590 34 3951 587 591 3977 3971 3799 7573 589 
4862 590 587 3951 3795 3799 7573 3971 3800 7547 3797 
4863 1549 1582 1585 7476 1625 1623 1624 7574 7575 7576 
4864 7473 7440 7476 1549 7577 7578 7579 7580 7574 7581 
4865 7473 1549 7476 1582 7580 7574 7579 7551 7576 1625 
4866 7440 7473 7476 3940 7577 7579 7578 7582 7583 7584 
4867 3937 3904 3940 7440 3980 3979 3978 7585 7582 7586 
4868 3937 7440 3940 7473 7585 7582 3978 7560 7584 7577 
4869 1573 1571 1603 7494 1611 1626 1627 7587 7588 7589 
4870 7462 7464 7494 1571 7515 7590 7591 7519 7589 7518 
4871 1571 1573 7464 7494 1611 7520 7518 7589 7590 7587 
4872 7464 7462 7494 3958 7515 7591 7590 7592 7593 7594 
4873 3926 3928 3958 7462 3966 3982 3981 7525 7594 7524 
4874 7462 7464 3928 3958 7515 7526 7524 7594 3982 7592 
4875 240 295 15 457 1628 300 247 2917 458 3710 
4876 3705 2886 457 240 7595 2918 3711 7596 2917 2914 
4877 3705 240 457 295 7596 2917 3711 3712 3710 1628 
4878 2886 3705 457 28 7595 3711 2918 2919 459 3713 
4879 554 477 28 2886 3983 484 559 7597 2919 2916 
4880 554 2886 28 3705 7597 2919 559 3714 3713 7595 
4881 1582 1579 1585 7476 1617 1629 1623 7576 7575 7598 
4882 7470 7473 7476 1579 7555 7579 7599 7558 7598 7552 
4883 1579 1582 7473 7476 1617 7551 7552 7598 7579 7576 
4884 7473 7470 7476 3940 7555 7599 7579 7584 7583 7600 
4885 3934 3937 3940 7470 3972 3978 3984 7564 7600 7561 
4886 7470 7473 3937 3940 7555 7560 7561 7600 3978 7584 
4887 1588 1577 1597 7488 1612 1630 1631 7601 7602 7603 
4888 7468 7479 7488 1577 7532 7604 7605 7535 7603 7529 
4889 1577 1588 7479 7488 1612 7528 7529 7603 7604 7601 
4890 7479 7468 7488 3952 7532 7605 7604 7606 7607 7608 
4891 3932 3943 3952 7468 3967 3986 3985 7541 7608 7538 
4892 7468 7479 3943 3952 7532 7537 7538 7608 3986 7606 
4893 1573 1590 1602 7493 1633 1632 1609 7514 7513 7609 
4894 7481 7464 7493 1573 7610 7517 7611 7612 7514 7520 
4895 7481 1573 7493 1590 7612 7514 7611 7613 7609 1633 
4896 7464 7481 7493 3957 7610 7611 7517 7523 7522 7614 
4897 3945 3928 3957 7464 3988 3964 3987 7615 7523 7526 
4898 3945 7464 3957 7481 7615 7523 3987 7616 7614 7610 
4899 1547 1572 1581 7472 1607 1634 1635 7617 7618 7619 
4900 7463 7438 7472 1547 7501 7620 7621 7497 7617 7504 
4901 7463 1547 7472 1572 7497 7617 7621 7498 7619 1607 
4902 7438 7463 7472 3936 7501 7621 7620 7622 7623 7624 
4903 3927 3902 3936 7438 3962 3990 3989 7506 7622 7510 
4904 3927 7438 3936 7463 7506 7622 3989 7507 7624 7501 
4905 1554 296 1587 7478 1638 1636 1637 7625 7626 7627 
4906 3706 7445 7478 1554 7628 7629 7630 7631 7625 7632 
4907 3706 1554 7478 296 7631 7625 7630 3717 7627 1638 
4908 7445 3706 7478 3942 7628 7630 7629 7633 7634 7635 
4909 555 3909 3942 7445 3993 3992 3991 7636 7633 7637 
4910 555 7445 3942 3706 7636 7633 3991 3719 7635 7628 
4911 1554 1587 1598 7489 1637 1639 1640 7638 7639 7640 
4912 7478 7445 7489 1554 7629 7641 7642 7625 7638 7632 
4913 7478 1554 7489 1587 7625 7638 7642 7626 7640 1637 
4914 7445 7478 7489 3953 7629 7642 7641 7643 7644 7645 
4915 3942 3909 3953 7445 3992 3995 3994 7633 7643 7637 
4916 3942 7445 3953 7478 7633 7643 3994 7634 7645 7629 
4917 1561 1562 1586 7477 1643 1641 1642 7646 7647 7648 
4918 7453 7452 7477 1561 7649 7650 7651 7652 7646 7557 
4919 7453 1561 7477 1562 7652 7646 7651 7653 7648 1643 
4920 7452 7453 7477 3941 7649 7651 7650 7654 7655 7656 
4921 3917 3916 3941 7452 3998 3997 3996 7657 7654 7563 
4922 3917 7452 3941 7453 7657 7654 3996 7658 7656 7649 
4923 235 7 1589 7480 241 1644 1645 7659 7660 7661 
4924 469 2881 7480 7 2888 7662 7663 470 7661 2887 
4925 7 235 2881 7480 241 2889 2887 7661 7662 7659 
4926 2881 469 7480 3944 2888 7663 7662 7664 7665 7666 
4927 29 472 3944 469 478 4000 3999 471 7666 2890 
4928 469 2881 472 3944 2888 2891 2890 7666 4000 7664 
4929 1557 1561 1582 7473 1647 1618 1646 7667 7551 7550 
4930 7452 7448 7473 1557 7668 7669 7554 7670 7667 7671 
4931 7452 1557 7473 1561 7670 7667 7554 7557 7550 1647 
4932 7448 7452 7473 3937 7668 7554 7669 7672 7560 7559 
4933 3916 3912 3937 7448 4002 4001 3973 7673 7672 7674 
4934 3916 7448 3937 7452 7673 7672 3973 7563 7559 7668 
4935 19 314 1596 7487 324 1648 1615 7544 7543 7675 
4936 3746 565 7487 19 3793 7546 7676 3792 7544 566 
4937 3746 19 7487 314 3792 7544 7676 3789 7675 324 
4938 565 3746 7487 3951 3793 7676 7546 7549 7548 7677 
4939 576 33 3951 565 586 3970 4003 3794 7549 567 
4940 576 565 3951 3746 3794 7549 4003 3791 7677 3793 
4941 148 9 1596 7487 158 1622 1649 7678 7543 7571 
4942 587 3812 7487 148 3859 7679 7572 3858 7678 3855 
4943 587 148 7487 9 3858 7678 7572 588 7571 158 
4944 3812 587 7487 3951 3859 7572 7679 7680 7548 7573 
4945 34 604 3951 3812 614 4004 3977 3860 7680 3857 
4946 34 3812 3951 587 3860 7680 3977 589 7573 3859 
4947 130 1550 1573 7464 1652 1650 1651 7681 7520 7682 
4948 7441 3864 7464 130 7683 7684 7685 7686 7681 3883 
4949 7441 130 7464 1550 7686 7681 7685 7534 7682 1652 
4950 3864 7441 7464 3928 7683 7685 7684 7687 7526 7688 
4951 3905 618 3928 3864 4007 4006 4005 7689 7687 3886 
4952 3905 3864 3928 7441 7689 7687 4005 7540 7688 7683 
4953 1556 1557 1582 7473 1654 1646 1653 7690 7551 7667 
4954 7448 7447 7473 1556 7691 7692 7669 7693 7690 7694 
4955 7448 1556 7473 1557 7693 7690 7669 7671 7667 1654 
4956 7447 7448 7473 3937 7691 7669 7692 7695 7560 7672 
4957 3912 3911 3937 7447 4009 4008 4001 7696 7695 7697 
4958 3912 7447 3937 7448 7696 7695 4001 7674 7672 7691 
4959 1579 1561 1586 7477 1619 1642 1655 7698 7647 7646 
4960 7452 7470 7477 1561 7553 7699 7650 7557 7646 7556 
4961 1561 1579 7470 7477 1619 7558 7556 7646 7699 7698 
4962 7470 7452 7477 3941 7553 7650 7699 7700 7655 7654 
4963 3916 3934 3941 7452 3974 4010 3997 7563 7654 7562 
4964 7452 7470 3934 3941 7553 7564 7562 7654 4010 7700 
4965 7 127 1589 7480 133 1656 1644 7661 7660 7701 
4966 3861 469 7480 7 3868 7663 7702 3867 7661 470 
4967 3861 7 7480 127 3867 7661 7702 3869 7701 133 
4968 469 3861 7480 3944 3868 7702 7663 7666 7665 7703 
4969 615 29 3944 469 621 3999 4011 3870 7666 471 
4970 615 469 3944 3861 3870 7666 4011 3871 7703 3868 
4971 1575 1563 1585 7476 1659 1657 1658 7704 7575 7705 
4972 7454 7466 7476 1575 7706 7707 7708 7709 7704 7710 
4973 7454 1575 7476 1563 7709 7704 7708 7711 7705 1659 
4974 7466 7454 7476 3940 7706 7708 7707 7712 7583 7713 
4975 3918 3930 3940 7466 4014 4013 4012 7714 7712 7715 
4976 3918 7466 3940 7454 7714 7712 4012 7716 7713 7706 
4977 1550 131 1577 7468 1661 1660 1614 7533 7535 7717 
4978 3865 7441 7468 1550 7718 7530 7719 7720 7533 7534 
4979 3865 1550 7468 131 7720 7533 7719 3889 7717 1661 
4980 7441 3865 7468 3932 7718 7719 7530 7539 7541 7721 
4981 619 3905 3932 7441 4016 3969 4015 7722 7539 7540 
4982 619 7441 3932 3865 7722 7539 4015 3891 7721 7718 
4983 1563 1549 1585 7476 1662 1624 1657 7705 7575 7574 
4984 7440 7454 7476 1563 7723 7708 7578 7724 7705 7711 
4985 7440 1563 7476 1549 7724 7705 7578 7581 7574 1662 
4986 7454 7440 7476 3940 7723 7578 7708 7713 7583 7582 
4987 3904 3918 3940 7454 4017 4012 3979 7725 7713 7716 
4988 3904 7454 3940 7440 7725 7713 3979 7586 7582 7723 
4989 1547 18 1567 7458 1665 1663 1664 7726 7727 7728 
4990 551 7438 7458 1547 7729 7730 7731 7732 7726 7504 
4991 551 1547 7458 18 7732 7726 7731 552 7728 1665 
4992 7438 551 7458 3922 7729 7731 7730 7733 7734 7735 
4993 32 3902 3922 7438 4020 4019 4018 7736 7733 7510 
4994 32 7438 3922 551 7736 7733 4018 553 7735 7729 
4995 8 140 1592 7483 149 1666 1667 7737 7738 7739 
4996 3804 593 7483 8 3814 7740 7741 3813 7737 594 
4997 3804 8 7483 140 3813 7737 7741 3815 7739 149 
4998 593 3804 7483 3947 3814 7741 7740 7742 7743 7744 
4999 596 35 3947 593 605 4022 4021 3816 7742 595 
5000 596 593 3947 3804 3816 7742 4021 3817 7744 3814 
5001 1550 1588 1590 7481 1613 1668 1669 7745 7613 7746 
5002 7479 7441 7481 1550 7531 7747 7748 7527 7745 7534 
5003 7479 1550 7481 1588 7527 7745 7748 7528 7746 1613 
5004 7441 7479 7481 3945 7531 7748 7747 7749 7616 7750 
5005 3943 3905 3945 7441 3968 4024 4023 7536 7749 7540 
5006 3943 7441 3945 7479 7536 7749 4023 7537 7750 7531 
5007 1558 1545 1581 7472 1672 1670 1671 7751 7618 7752 
5008 7436 7449 7472 1558 7753 7754 7755 7756 7751 7757 
5009 7436 1558 7472 1545 7756 7751 7755 7758 7752 1672 
5010 7449 7436 7472 3936 7753 7755 7754 7759 7623 7760 
5011 3900 3913 3936 7449 4027 4026 4025 7761 7759 7762 
5012 3900 7449 3936 7436 7761 7759 4025 7763 7760 7753 
5013 1586 1562 1604 7495 1641 1673 1674 7764 7765 7766 
5014 7453 7477 7495 1562 7651 7767 7768 7653 7766 7648 
5015 1562 1586 7477 7495 1641 7647 7648 7766 7767 7764 
5016 7477 7453 7495 3959 7651 7768 7767 7769 7770 7771 
5017 3917 3941 3959 7453 3996 4029 4028 7658 7771 7656 
5018 7453 7477 3941 3959 7651 7655 7656 7771 4029 7769 
5019 1555 1563 1575 7454 1676 1659 1675 7772 7709 7711 
5020 7454 7446 7466 1555 7773 7774 7706 7772 7775 7776 
5021 7454 1555 7466 1575 7772 7775 7706 7709 7710 1675 
5022 7446 7454 7466 3918 7773 7706 7774 7777 7714 7716 
5023 3918 3910 3930 7446 4031 4030 4014 7777 7778 7779 
5024 3918 7446 3930 7466 7777 7778 4014 7714 7715 7774 
5025 1572 1558 1581 7472 1677 1671 1634 7619 7618 7751 
5026 7449 7463 7472 1572 7780 7621 7754 7781 7619 7498 
5027 7449 1572 7472 1558 7781 7619 7754 7757 7751 1677 
5028 7463 7449 7472 3936 7780 7754 7621 7624 7623 7759 
5029 3913 3927 3936 7463 4032 3989 4026 7782 7624 7507 
5030 3913 7463 3936 7449 7782 7624 4026 7762 7759 7780 
5031 1575 1585 1605 7496 1658 1678 1679 7783 7784 7785 
5032 7476 7466 7496 1575 7707 7786 7787 7704 7783 7710 
5033 7476 1575 7496 1585 7704 7783 7787 7575 7785 1658 
5034 7466 7476 7496 3960 7707 7787 7786 7788 7789 7790 
5035 3940 3930 3960 7466 4013 4034 4033 7712 7788 7715 
5036 3940 7466 3960 7476 7712 7788 4033 7583 7790 7707 
5037 1549 1556 1582 7473 1680 1653 1625 7580 7551 7690 
5038 7447 7440 7473 1549 7791 7577 7692 7792 7580 7581 
5039 7447 1549 7473 1556 7792 7580 7692 7694 7690 1680 
5040 7440 7447 7473 3937 7791 7692 7577 7585 7560 7695 
5041 3911 3904 3937 7440 4035 3980 4008 7793 7585 7586 
5042 3911 7440 3937 7447 7793 7585 4008 7697 7695 7791 
5043 132 8 1592 7483 139 1667 1681 7794 7738 7737 
5044 593 3866 7483 132 3898 7795 7740 3897 7794 3893 
5045 593 132 7483 8 3897 7794 7740 594 7737 139 
5046 3866 593 7483 3947 3898 7740 7795 7796 7743 7742 
5047 35 620 3947 3866 627 4036 4022 3899 7796 3896 
5048 35 3866 3947 593 3899 7796 4022 595 7742 3898 
5049 1580 1555 1600 7491 1684 1682 1683 7797 7798 7799 
5050 7446 7471 7491 1580 7800 7801 7802 7803 7797 7804 
5051 7446 1580 7491 1555 7803 7797 7802 7776 7799 1684 
5052 7471 7446 7491 3955 7800 7802 7801 7805 7806 7807 
5053 3910 3935 3955 7471 4039 4038 4037 7808 7805 7809 
5054 3910 7471 3955 7446 7808 7805 4037 7779 7807 7800 
5055 128 1551 1576 7467 1687 1685 1686 7810 7811 7812 
5056 7442 3862 7467 128 7813 7814 7815 7816 7810 3874 
5057 7442 128 7467 1551 7816 7810 7815 7817 7812 1687 
5058 3862 7442 7467 3931 7813 7815 7814 7818 7819 7820 
5059 3906 616 3931 3862 4042 4041 4040 7821 7818 3876 
5060 3906 3862 3931 7442 7821 7818 4040 7822 7820 7813 
5061 1551 129 1573 7464 1690 1688 1689 7823 7520 7824 
5062 3863 7442 7464 1551 7825 7826 7827 7828 7823 7817 
5063 3863 1551 7464 129 7828 7823 7827 3879 7824 1690 
5064 7442 3863 7464 3928 7825 7827 7826 7829 7526 7830 
5065 617 3906 3928 7442 4045 4044 4043 7831 7829 7822 
5066 617 7442 3928 3863 7831 7829 4043 3881 7830 7825 
5067 237 236 1552 7443 243 1691 1692 7832 7833 7834 
5068 2882 2883 7443 236 2898 7835 7836 2894 7834 2897 
5069 236 237 2883 7443 243 2899 2897 7834 7835 7832 
5070 2883 2882 7443 3907 2898 7836 7835 7837 7838 7839 
5071 473 474 3907 2882 480 4047 4046 2896 7839 2900 
5072 2882 2883 474 3907 2898 2901 2900 7839 4047 7837 
5073 1568 1567 1569 7460 1695 1693 1694 7840 7841 7842 
5074 7458 7459 7460 1568 7843 7844 7845 7846 7840 7505 
5075 7458 1568 7460 1567 7846 7840 7845 7727 7842 1695 
5076 7459 7458 7460 3924 7843 7845 7844 7847 7848 7849 
5077 3922 3923 3924 7459 4050 4049 4048 7850 7847 7511 
5078 3922 7459 3924 7458 7850 7847 4048 7734 7849 7843 
5079 1588 1560 1590 7481 1697 1696 1668 7746 7613 7851 
5080 7451 7479 7481 1588 7852 7748 7853 7854 7746 7528 
5081 7451 1588 7481 1560 7854 7746 7853 7855 7851 1697 
5082 7479 7451 7481 3945 7852 7853 7748 7750 7616 7856 
5083 3915 3943 3945 7479 4052 4023 4051 7857 7750 7537 
5084 3915 7479 3945 7451 7857 7750 4051 7858 7856 7852 
5085 1551 1573 1603 7494 1689 1627 1698 7859 7588 7587 
5086 7464 7442 7494 1551 7826 7860 7590 7823 7859 7817 
5087 7464 1551 7494 1573 7823 7859 7590 7520 7587 1689 
5088 7442 7464 7494 3958 7826 7590 7860 7861 7593 7592 
5089 3928 3906 3958 7442 4044 4053 3982 7829 7861 7822 
5090 3928 7442 3958 7464 7829 7861 3982 7526 7592 7826 
5091 1568 1569 1570 7460 1694 1699 1700 7840 7862 7841 
5092 7460 7459 7461 1568 7844 7863 7864 7840 7865 7505 
5093 7460 1568 7461 1570 7840 7865 7864 7862 7866 1700 
5094 7459 7460 7461 3924 7844 7864 7863 7847 7867 7848 
5095 3924 3923 3925 7459 4049 4055 4054 7847 7868 7511 
5096 3924 7459 3925 7461 7847 7868 4054 7867 7869 7863 
5097 1548 142 1578 7469 1703 1701 1702 7870 7871 7872 
5098 3806 7439 7469 1548 7873 7874 7875 7876 7870 7877 
5099 3806 1548 7469 142 7876 7870 7875 3824 7872 1703 
5100 7439 3806 7469 3933 7873 7875 7874 7878 7879 7880 
5101 598 3903 3933 7439 4058 4057 4056 7881 7878 7882 
5102 598 7439 3933 3806 7881 7878 4056 3827 7880 7873 
5103 128 129 1551 3863 135 1690 1687 3877 7828 3879 
5104 3863 3862 7442 128 3878 7813 7825 3877 7816 3874 
5105 3863 128 7442 1551 3877 7816 7825 7828 7817 1687 
5106 3862 3863 7442 617 3878 7825 7813 3880 7831 3881 
5107 617 616 3906 3862 623 4042 4045 3880 7821 3876 
5108 617 3862 3906 7442 3880 7821 4045 7831 7822 7813 
5109 1555 311 1563 7454 1705 1704 1676 7772 7711 7883 
5110 3743 7446 7454 1555 7884 7773 7885 7886 7772 7776 
5111 3743 1555 7454 311 7886 7772 7885 3774 7883 1705 
5112 7446 3743 7454 3918 7884 7885 7773 7777 7716 7887 
5113 573 3910 3918 7446 4060 4031 4059 7888 7777 7779 
5114 573 7446 3918 3743 7888 7777 4059 3776 7887 7884 
5115 312 1555 1580 7446 1707 1684 1706 7889 7803 7776 
5116 7446 3744 7471 312 7890 7891 7800 7889 7892 3779 
5117 7446 312 7471 1580 7889 7892 7800 7803 7804 1706 
5118 3744 7446 7471 3910 7890 7800 7891 7893 7808 7779 
5119 3910 574 3935 3744 4062 4061 4039 7893 7894 3781 
5120 3910 3744 3935 7471 7893 7894 4039 7808 7809 7891 
5121 308 1545 1556 7436 1710 1708 1709 7895 7896 7758 
5122 7436 3740 7447 308 7897 7898 7899 7895 7900 3759 
5123 7436 308 7447 1556 7895 7900 7899 7896 7694 1709 
5124 3740 7436 7447 3900 7897 7899 7898 7901 7902 7763 
5125 3900 570 3911 3740 4065 4064 4063 7901 7903 3761 
5126 3900 3740 3911 7447 7901 7903 4063 7902 7697 7898 
5127 1549 309 1556 7447 1712 1711 1680 7792 7694 7904 
5128 3741 7440 7447 1549 7905 7791 7906 7907 7792 7581 
5129 3741 1549 7447 309 7907 7792 7906 3764 7904 1712 
5130 7440 3741 7447 3911 7905 7906 7791 7793 7697 7908 
5131 571 3904 3911 7440 4067 4035 4066 7909 7793 7586 
5132 571 7440 3911 3741 7909 7793 4066 3766 7908 7905 
5133 310 1549 1563 7440 1714 1662 1713 7910 7724 7581 
5134 7440 3742 7454 310 7911 7912 7723 7910 7913 3769 
5135 7440 310 7454 1563 7910 7913 7723 7724 7711 1713 
5136 3742 7440 7454 3904 7911 7723 7912 7914 7725 7586 
5137 3904 572 3918 3742 4069 4068 4017 7914 7915 3771 
5138 3904 3742 3918 7454 7914 7915 4017 7725 7716 7912 
5139 146 147 1580 7471 156 1715 1716 7916 7804 7917 
5140 3811 3810 7471 146 3849 7918 7919 3848 7916 3845 
5141 3811 146 7471 147 3848 7916 7919 3850 7917 156 
5142 3810 3811 7471 3935 3849 7919 7918 7920 7809 7921 
5143 603 602 3935 3810 612 4071 4070 3851 7920 3847 
5144 603 3810 3935 3811 3851 7920 4070 3852 7921 3849 
5145 1572 1571 1602 7493 1620 1610 1717 7922 7513 7512 
5146 7462 7463 7493 1571 7567 7923 7516 7519 7512 7565 
5147 1571 1572 7463 7493 1620 7498 7565 7512 7923 7922 
5148 7463 7462 7493 3957 7567 7516 7923 7924 7522 7521 
5149 3926 3927 3957 7462 3975 4072 3965 7525 7521 7569 
5150 7462 7463 3927 3957 7567 7507 7569 7521 4072 7924 
5151 130 131 1550 3865 137 1661 1652 3887 7720 3889 
5152 3865 3864 7441 130 3888 7683 7718 3887 7686 3883 
5153 3865 130 7441 1550 3887 7686 7718 7720 7534 1652 
5154 3864 3865 7441 619 3888 7718 7683 3890 7722 3891 
5155 619 618 3905 3864 625 4007 4016 3890 7689 3886 
5156 619 3864 3905 7441 3890 7689 4016 7722 7540 7683 
5157 1564 1554 1598 7489 1719 1640 1718 7925 7639 7638 
5158 7445 7455 7489 1564 7926 7927 7641 7928 7925 7929 
5159 7445 1564 7489 1554 7928 7925 7641 7632 7638 1719 
5160 7455 7445 7489 3953 7926 7641 7927 7930 7644 7643 
5161 3909 3919 3953 7455 4074 4073 3995 7931 7930 7932 
5162 3909 7455 3953 7445 7931 7930 3995 7637 7643 7926 
5163 141 142 1548 3805 151 1703 1720 3820 7933 3823 
5164 3806 3805 7439 1548 3825 7934 7873 7876 7877 7933 
5165 3806 142 3805 1548 3824 3823 3825 7876 7933 1703 
5166 3805 3806 7439 597 3825 7873 7934 3822 7935 3826 
5167 598 597 3903 7439 607 4075 4058 7881 7882 7935 
5168 598 3806 597 7439 3827 3826 607 7881 7935 7873 
5169 131 132 1577 7468 138 1721 1660 7717 7535 7936 
5170 3866 3865 7468 132 3894 7719 7937 3893 7936 3892 
5171 132 131 3865 7468 138 3889 3892 7936 7719 7717 
5172 3865 3866 7468 3932 3894 7937 7719 7721 7541 7938 
5173 620 619 3932 3866 626 4015 4076 3896 7938 3895 
5174 3866 3865 619 3932 3894 3891 3895 7938 4015 7721 
5175 1573 1550 1590 7481 1650 1669 1633 7612 7613 7745 
5176 7441 7464 7481 1550 7685 7610 7747 7534 7745 7682 
5177 1550 1573 7464 7481 1650 7520 7682 7745 7610 7612 
5178 7464 7441 7481 3945 7685 7747 7610 7615 7616 7749 
5179 3905 3928 3945 7441 4005 3988 4024 7540 7749 7688 
5180 7441 7464 3928 3945 7685 7526 7688 7749 3988 7615 
5181 1556 1545 1557 7436 1708 1722 1654 7896 7939 7758 
5182 7436 7447 7448 1556 7899 7691 7940 7896 7693 7694 
5183 7436 1556 7448 1557 7896 7693 7940 7939 7671 1654 
5184 7447 7436 7448 3900 7899 7940 7691 7902 7941 7763 
5185 3900 3911 3912 7447 4063 4009 4077 7902 7696 7697 
5186 3900 7447 3912 7448 7902 7696 4077 7941 7674 7691 
5187 237 1552 1564 7455 1692 1723 1724 7942 7929 7943 
5188 7443 2883 7455 237 7835 7944 7945 7832 7942 2899 
5189 7443 237 7455 1552 7832 7942 7945 7833 7943 1692 
5190 2883 7443 7455 3919 7835 7945 7944 7946 7932 7947 
5191 3907 474 3919 2883 4047 4079 4078 7837 7946 2901 
5192 3907 2883 3919 7443 7837 7946 4078 7838 7947 7835 
5193 296 295 1587 7478 301 1725 1636 7627 7626 7948 
5194 3705 3706 7478 296 3716 7630 7949 3715 7627 3717 
5195 3705 296 7478 295 3715 7627 7949 3712 7948 301 
5196 3706 3705 7478 3942 3716 7949 7630 7635 7634 7950 
5197 554 555 3942 3706 560 3991 4080 3718 7635 3719 
5198 554 3706 3942 3705 3718 7635 4080 3714 7950 3716 
5199 143 144 1553 7444 153 1726 1727 7951 7952 7953 
5200 3808 3807 7444 143 3834 7954 7955 3833 7951 3830 
5201 3808 143 7444 144 3833 7951 7955 3835 7953 153 
5202 3807 3808 7444 3908 3834 7955 7954 7956 7957 7958 
5203 600 599 3908 3807 609 4082 4081 3836 7956 3832 
5204 600 3807 3908 3808 3836 7956 4081 3837 7958 3834 
5205 1547 1567 1568 7458 1664 1695 1608 7726 7846 7727 
5206 7458 7438 7459 1547 7730 7500 7843 7726 7503 7504 
5207 7458 1547 7459 1568 7726 7503 7843 7846 7505 1608 
5208 7438 7458 7459 3922 7730 7843 7500 7733 7850 7734 
5209 3922 3902 3923 7438 4019 3963 4050 7733 7509 7510 
5210 3922 7438 3923 7459 7733 7509 4050 7850 7511 7500 
5211 1545 307 1581 7472 1729 1728 1670 7752 7618 7959 
5212 3739 7436 7472 1545 7960 7755 7961 7962 7752 7758 
5213 3739 1545 7472 307 7962 7752 7961 3754 7959 1729 
5214 7436 3739 7472 3936 7960 7961 7755 7760 7623 7963 
5215 569 3900 3936 7436 4084 4025 4083 7964 7760 7763 
5216 569 7436 3936 3739 7964 7760 4083 3756 7963 7960 
5217 297 1554 1584 7475 1732 1730 1731 7965 7966 7967 
5218 7445 3707 7475 297 7968 7969 7970 7971 7965 3722 
5219 7445 297 7475 1554 7971 7965 7970 7632 7967 1732 
5220 3707 7445 7475 3939 7968 7970 7969 7972 7973 7974 
5221 3909 556 3939 3707 4087 4086 4085 7975 7972 3724 
5222 3909 3707 3939 7445 7975 7972 4085 7637 7974 7968 
5223 127 128 1576 7467 134 1686 1733 7976 7811 7810 
5224 3862 3861 7467 127 3873 7977 7814 3872 7976 3869 
5225 3862 127 7467 128 3872 7976 7814 3874 7810 134 
5226 3861 3862 7467 3931 3873 7814 7977 7978 7819 7818 
5227 616 615 3931 3861 622 4088 4041 3875 7978 3871 
5228 616 3861 3931 3862 3875 7978 4041 3876 7818 3873 
5229 236 235 1583 7474 242 1734 1735 7979 7980 7981 
5230 2881 2882 7474 235 2893 7982 7983 2889 7981 2892 
5231 235 236 2882 7474 242 2894 2892 7981 7982 7979 
5232 2882 2881 7474 3938 2893 7983 7982 7984 7985 7986 
5233 472 473 3938 2881 479 4090 4089 2891 7986 2895 
5234 2881 2882 473 3938 2893 2896 2895 7986 4090 7984 
5235 1566 1593 1599 7490 1738 1736 1737 7987 7988 7989 
5236 7484 7457 7490 1566 7990 7991 7992 7993 7987 7994 
5237 7484 1566 7490 1593 7993 7987 7992 7995 7989 1738 
5238 7457 7484 7490 3954 7990 7992 7991 7996 7997 7998 
5239 3948 3921 3954 7457 4093 4092 4091 7999 7996 8000 
5240 3948 7457 3954 7484 7999 7996 4091 8001 7998 7990 
5241 145 1575 1605 7496 1740 1679 1739 8002 7784 7783 
5242 7466 3809 7496 145 8003 8004 7786 8005 8002 3840 
5243 7466 145 7496 1575 8005 8002 7786 7710 7783 1740 
5244 3809 7466 7496 3960 8003 7786 8004 8006 7789 7788 
5245 3930 601 3960 3809 4095 4094 4034 8007 8006 3842 
5246 3930 3809 3960 7466 8007 8006 4034 7715 7788 8003 
5247 129 130 1573 7464 136 1651 1688 7824 7520 7681 
5248 3864 3863 7464 130 3884 7827 7684 3883 7681 3882 
5249 130 129 3863 7464 136 3879 3882 7681 7827 7824 
5250 3863 3864 7464 3928 3884 7684 7827 7830 7526 7687 
5251 618 617 3928 3864 624 4043 4006 3886 7687 3885 
5252 3864 3863 617 3928 3884 3881 3885 7687 4043 7830 
5253 1578 1553 1579 7470 1743 1741 1742 8008 7558 8009 
5254 7444 7469 7470 1578 8010 8011 8012 8013 8008 7871 
5255 7444 1578 7470 1553 8013 8008 8012 7952 8009 1743 
5256 7469 7444 7470 3934 8010 8012 8011 8014 7564 8015 
5257 3908 3933 3934 7469 4098 4097 4096 8016 8014 7879 
5258 3908 7469 3934 7444 8016 8014 4096 7957 8015 8010 
5259 146 1580 1600 7491 1716 1683 1744 8017 7798 7797 
5260 7471 3810 7491 146 7918 8018 7801 7916 8017 3845 
5261 7471 146 7491 1580 7916 8017 7801 7804 7797 1716 
5262 3810 7471 7491 3955 7918 7801 8018 8019 7806 7805 
5263 3935 602 3955 3810 4071 4099 4038 7920 8019 3847 
5264 3935 3810 3955 7471 7920 8019 4038 7809 7805 7918 
5265 1564 1552 1565 7456 1723 1745 1746 8020 8021 8022 
5266 7443 7455 7456 1552 7945 8023 8024 7833 8022 7943 
5267 1552 1564 7455 7456 1723 7929 7943 8022 8023 8020 
5268 7455 7443 7456 3920 7945 8024 8023 8025 8026 8027 
5269 3907 3919 3920 7443 4078 4101 4100 7838 8027 7947 
5270 7443 7455 3919 3920 7945 7932 7947 8027 4101 8025 
5271 1562 1588 1597 7488 1748 1631 1747 8028 7602 7601 
5272 7479 7453 7488 1562 8029 8030 7604 8031 8028 7653 
5273 7479 1562 7488 1588 8031 8028 7604 7528 7601 1748 
5274 7453 7479 7488 3952 8029 7604 8030 8032 7607 7606 
5275 3943 3917 3952 7453 4103 4102 3986 8033 8032 7658 
5276 3943 7453 3952 7479 8033 8032 3986 7537 7606 8029 
5277 1579 1553 1585 7476 1741 1749 1629 7598 7575 8034 
5278 7444 7470 7476 1553 8012 7599 8035 7952 8034 8009 
5279 1553 1579 7470 7476 1741 7558 8009 8034 7599 7598 
5280 7470 7444 7476 3940 8012 8035 7599 7600 7583 8036 
5281 3908 3934 3940 7444 4096 3984 4104 7957 8036 8015 
5282 7444 7470 3934 3940 8012 7564 8015 8036 3984 7600 
5283 140 141 1574 7465 150 1750 1751 8037 8038 8039 
5284 3805 3804 7465 140 3819 8040 8041 3818 8037 3815 
5285 3805 140 7465 141 3818 8037 8041 3820 8039 150 
5286 3804 3805 7465 3929 3819 8041 8040 8042 8043 8044 
5287 597 596 3929 3804 606 4106 4105 3821 8042 3817 
5288 597 3804 3929 3805 3821 8042 4105 3822 8044 3819 
5289 18 299 1567 7458 305 1752 1663 7728 7727 8045 
5290 3709 551 7458 18 3736 7731 8046 3735 7728 552 
5291 3709 18 7458 299 3735 7728 8046 3732 8045 305 
5292 551 3709 7458 3922 3736 8046 7731 7735 7734 8047 
5293 558 32 3922 551 564 4018 4107 3737 7735 553 
5294 558 551 3922 3709 3737 7735 4107 3734 8047 3736 
5295 1546 298 1584 7475 1755 1753 1754 8048 7966 8049 
5296 3708 7437 7475 1546 8050 8051 8052 8053 8048 8054 
5297 3708 1546 7475 298 8053 8048 8052 3727 8049 1755 
5298 7437 3708 7475 3939 8050 8052 8051 8055 7973 8056 
5299 557 3901 3939 7437 4110 4109 4108 8057 8055 8058 
5300 557 7437 3939 3708 8057 8055 4108 3729 8056 8050 
5301 143 1553 1578 7444 1727 1743 1756 7951 8013 7952 
5302 7444 3807 7469 143 7954 8059 8010 7951 8060 3830 
5303 7444 143 7469 1578 7951 8060 8010 8013 7871 1756 
5304 3807 7444 7469 3908 7954 8010 8059 7956 8016 7957 
5305 3908 599 3933 3807 4082 4111 4098 7956 8061 3832 
5306 3908 3807 3933 7469 7956 8061 4098 8016 7879 8059 
5307 1580 147 1591 7482 1715 1757 1758 8062 8063 8064 
5308 3811 7471 7482 147 7919 8065 8066 3850 8064 7917 
5309 147 1580 7471 7482 1715 7804 7917 8064 8065 8062 
5310 7471 3811 7482 3946 7919 8066 8065 8067 8068 8069 
5311 603 3935 3946 3811 4070 4113 4112 3852 8069 7921 
5312 3811 7471 3935 3946 7919 7809 7921 8069 4113 8067 
5313 313 1580 1591 7482 1760 1758 1759 8070 8063 8062 
5314 7471 3745 7482 313 8071 8072 8065 8073 8070 3784 
5315 7471 313 7482 1580 8073 8070 8065 7804 8062 1760 
5316 3745 7471 7482 3946 8071 8065 8072 8074 8068 8067 
5317 3935 575 3946 3745 4115 4114 4113 8075 8074 3786 
5318 3935 3745 3946 7471 8075 8074 4113 7809 8067 8071 
5319 1565 1566 1599 7490 1762 1737 1761 8076 7988 7987 
5320 7457 7456 7490 1565 8077 8078 7991 8079 8076 8021 
5321 7457 1565 7490 1566 8079 8076 7991 7994 7987 1762 
5322 7456 7457 7490 3954 8077 7991 8078 8080 7997 7996 
5323 3921 3920 3954 7456 4117 4116 4092 8081 8080 8026 
5324 3921 7456 3954 7457 8081 8080 4092 8000 7996 8077 
5325 1585 1553 1605 7496 1749 1763 1678 7785 7784 8082 
5326 7444 7476 7496 1553 8035 7787 8083 7952 8082 8034 
5327 1553 1585 7476 7496 1749 7575 8034 8082 7787 7785 
5328 7476 7444 7496 3960 8035 8083 7787 7790 7789 8084 
5329 3908 3940 3960 7444 4104 4033 4118 7957 8084 8036 
5330 7444 7476 3940 3960 8035 7583 8036 8084 4033 7790 
5331 238 237 1564 7455 244 1724 1764 8085 7929 7942 
5332 2883 2884 7455 237 2903 8086 7944 2899 7942 2902 
5333 237 238 2884 7455 244 2904 2902 7942 8086 8085 
5334 2884 2883 7455 3919 2903 7944 8086 8087 7932 7946 
5335 474 475 3919 2883 481 4119 4079 2901 7946 2905 
5336 2883 2884 475 3919 2903 2906 2905 7946 4119 8087 
5337 142 143 1578 7469 152 1756 1701 7872 7871 8060 
5338 3807 3806 7469 142 3829 7875 8059 3828 7872 3824 
5339 3807 142 7469 143 3828 7872 8059 3830 8060 152 
5340 3806 3807 7469 3933 3829 8059 7875 7880 7879 8061 
5341 599 598 3933 3806 608 4056 4111 3831 7880 3827 
5342 599 3806 3933 3807 3831 7880 4111 3832 8061 3829 
5343 306 1547 1581 7472 1766 1635 1765 8088 7618 7617 
5344 7438 3738 7472 306 8089 8090 7620 8091 8088 3749 
5345 7438 306 7472 1547 8091 8088 7620 7504 7617 1766 
5346 3738 7438 7472 3936 8089 7620 8090 8092 7623 7622 
5347 3902 568 3936 3738 4121 4120 3990 8093 8092 3751 
5348 3902 3738 3936 7438 8093 8092 3990 7510 7622 8089 
5349 297 296 1554 3706 302 1638 1732 3720 7631 3717 
5350 3706 3707 7445 297 3721 7968 7628 3720 7971 3722 
5351 3706 297 7445 1554 3720 7971 7628 7631 7632 1732 
5352 3707 3706 7445 555 3721 7628 7968 3723 7636 3719 
5353 555 556 3909 3707 561 4087 3993 3723 7975 3724 
5354 555 3707 3909 7445 3723 7975 3993 7636 7637 7968 
5355 1554 1564 1601 7492 1719 1767 1768 8094 8095 8096 
5356 7455 7445 7492 1564 7926 8097 8098 7929 8096 7928 
5357 1564 1554 7445 7492 1719 7632 7928 8096 8097 8094 
5358 7445 7455 7492 3956 7926 8098 8097 8099 8100 8101 
5359 3919 3909 3956 7455 4074 4123 4122 7932 8101 7931 
5360 7455 7445 3909 3956 7926 7637 7931 8101 4123 8099 
5361 309 308 1556 7447 318 1709 1711 7904 7694 7900 
5362 3740 3741 7447 309 3763 7906 7898 3762 7904 3764 
5363 3740 309 7447 308 3762 7904 7898 3759 7900 318 
5364 3741 3740 7447 3911 3763 7898 7906 7908 7697 7903 
5365 570 571 3911 3741 580 4066 4064 3765 7908 3766 
5366 570 3741 3911 3740 3765 7908 4064 3761 7903 3763 
5367 310 309 1549 3741 319 1712 1714 3767 7907 3764 
5368 3741 3742 7440 310 3768 7911 7905 3767 7910 3769 
5369 3741 310 7440 1549 3767 7910 7905 7907 7581 1714 
5370 3742 3741 7440 571 3768 7905 7911 3770 7909 3766 
5371 571 572 3904 3742 581 4069 4067 3770 7914 3771 
5372 571 3742 3904 7440 3770 7914 4067 7909 7586 7911 
5373 312 311 1555 3743 321 1705 1707 3777 7886 3774 
5374 3743 3744 7446 312 3778 7890 7884 3777 7889 3779 
5375 3743 312 7446 1555 3777 7889 7884 7886 7776 1707 
5376 3744 3743 7446 573 3778 7884 7890 3780 7888 3776 
5377 573 574 3910 3744 583 4062 4060 3780 7893 3781 
5378 573 3744 3910 7446 3780 7893 4060 7888 7779 7890 
5379 313 312 1580 7471 322 1706 1760 8073 7804 7892 
5380 3744 3745 7471 313 3783 8071 7891 3782 8073 3784 
5381 3744 313 7471 312 3782 8073 7891 3779 7892 322 
5382 3745 3744 7471 3935 3783 7891 8071 8075 7809 7894 
5383 574 575 3935 3745 584 4115 4061 3785 8075 3786 
5384 574 3745 3935 3744 3785 8075 4061 3781 7894 3783 
5385 308 307 1545 3739 317 1729 1710 3757 7962 3754 
5386 3739 3740 7436 308 3758 7897 7960 3757 7895 3759 
5387 3739 308 7436 1545 3757 7895 7960 7962 7758 1710 
5388 3740 3739 7436 569 3758 7960 7897 3760 7964 3756 
5389 569 570 3900 3740 579 4065 4084 3760 7901 3761 
5390 569 3740 3900 7436 3760 7901 4084 7964 7763 7897 
5391 311 310 1563 7454 320 1713 1704 7883 7711 7913 
5392 3742 3743 7454 311 3773 7885 7912 3772 7883 3774 
5393 3742 311 7454 310 3772 7883 7912 3769 7913 320 
5394 3743 3742 7454 3918 3773 7912 7885 7887 7716 7915 
5395 572 573 3918 3743 582 4059 4068 3775 7887 3776 
5396 572 3743 3918 3742 3775 7887 4068 3771 7915 3773 
5397 240 239 1587 7478 246 1769 1770 8102 7626 8103 
5398 2885 2886 7478 239 2913 8104 8105 2909 8103 2912 
5399 239 240 2886 7478 246 2914 2912 8103 8104 8102 
5400 2886 2885 7478 3942 2913 8105 8104 8106 7634 8107 
5401 476 477 3942 2885 483 4125 4124 2911 8107 2915 
5402 2885 2886 477 3942 2913 2916 2915 8107 4125 8106 
5403 298 297 1584 7475 303 1731 1753 8049 7966 7965 
5404 3707 3708 7475 298 3726 8052 7969 3725 8049 3727 
5405 3707 298 7475 297 3725 8049 7969 3722 7965 303 
5406 3708 3707 7475 3939 3726 7969 8052 8056 7973 7972 
5407 556 557 3939 3708 562 4108 4086 3728 8056 3729 
5408 556 3708 3939 3707 3728 8056 4086 3724 7972 3726 
5409 1560 1558 1572 7449 1772 1677 1771 8108 7781 7757 
5410 7449 7451 7463 1560 8109 8110 7780 8108 8111 7855 
5411 7449 1560 7463 1572 8108 8111 7780 7781 7498 1771 
5412 7451 7449 7463 3913 8109 7780 8110 8112 7782 7762 
5413 3913 3915 3927 7451 4127 4126 4032 8112 8113 7858 
5414 3913 7451 3927 7463 8112 8113 4032 7782 7507 8110 
5415 144 145 1605 7496 154 1739 1773 8114 7784 8002 
5416 3809 3808 7496 144 3839 8115 8004 3838 8114 3835 
5417 3809 144 7496 145 3838 8114 8004 3840 8002 154 
5418 3808 3809 7496 3960 3839 8004 8115 8116 7789 8006 
5419 601 600 3960 3808 610 4128 4094 3841 8116 3837 
5420 601 3808 3960 3809 3841 8116 4094 3842 8006 3839 
5421 307 306 1581 7472 316 1765 1728 7959 7618 8088 
5422 3738 3739 7472 307 3753 7961 8090 3752 7959 3754 
5423 3738 307 7472 306 3752 7959 8090 3749 8088 316 
5424 3739 3738 7472 3936 3753 8090 7961 7963 7623 8092 
5425 568 569 3936 3739 578 4083 4120 3755 7963 3756 
5426 568 3739 3936 3738 3755 7963 4120 3751 8092 3753 
5427 127 1576 1589 7480 1733 1774 1656 7701 7660 8117 
5428 7467 3861 7480 127 7977 7702 8118 7976 7701 3869 
5429 7467 127 7480 1576 7976 7701 8118 7811 8117 1733 
5430 3861 7467 7480 3944 7977 8118 7702 7703 7665 8119 
5431 3931 615 3944 3861 4088 4011 4129 7978 7703 3871 
5432 3931 3861 3944 7467 7978 7703 4129 7819 8119 7977 
5433 299 298 1546 3708 304 1755 1775 3730 8053 3727 
5434 3708 3709 7437 299 3731 8120 8050 3730 8121 3732 
5435 3708 299 7437 1546 3730 8121 8050 8053 8054 1775 
5436 3709 3708 7437 557 3731 8050 8120 3733 8057 3729 
5437 557 558 3901 3709 563 4130 4110 3733 8122 3734 
5438 557 3709 3901 7437 3733 8122 4110 8057 8058 8120 
5439 1557 1559 1561 7452 1777 1776 1647 7670 7557 8123 
5440 7450 7448 7452 1557 8124 7668 8125 8126 7670 7671 
5441 7450 1557 7452 1559 8126 7670 8125 8127 8123 1777 
5442 7448 7450 7452 3916 8124 8125 7668 7673 7563 8128 
5443 3914 3912 3916 7448 4132 4002 4131 8129 7673 7674 
5444 3914 7448 3916 7450 8129 7673 4131 8130 8128 8124 
5445 1546 1584 1599 7490 1754 1778 1779 8131 7988 8132 
5446 7475 7437 7490 1546 8051 8133 8134 8048 8131 8054 
5447 7475 1546 7490 1584 8048 8131 8134 7966 8132 1754 
5448 7437 7475 7490 3954 8051 8134 8133 8135 7997 8136 
5449 3939 3901 3954 7437 4109 4134 4133 8055 8135 8058 
5450 3939 7437 3954 7475 8055 8135 4133 7973 8136 8051 
5451 306 18 1547 551 315 1665 1766 3747 7732 552 
5452 551 3738 7438 306 3748 8089 7729 3747 8091 3749 
5453 551 306 7438 1547 3747 8091 7729 7732 7504 1766 
5454 3738 551 7438 32 3748 7729 8089 3750 7736 553 
5455 32 568 3902 3738 577 4121 4020 3750 8093 3751 
5456 32 3738 3902 7438 3750 8093 4020 7736 7510 8089 
5457 1568 1570 1571 7462 1700 1780 1621 7568 7519 8137 
5458 7461 7459 7462 1568 7863 7566 8138 7865 7568 7505 
5459 7461 1568 7462 1570 7865 7568 8138 7866 8137 1700 
5460 7459 7461 7462 3926 7863 8138 7566 7570 7525 8139 
5461 3925 3923 3926 7459 4055 3976 4135 7868 7570 7511 
5462 3925 7459 3926 7461 7868 7570 4135 7869 8139 7863 
5463 1576 1551 1594 7485 1685 1781 1782 8140 8141 8142 
5464 7442 7467 7485 1551 7815 8143 8144 7817 8142 7812 
5465 1551 1576 7467 7485 1685 7811 7812 8142 8143 8140 
5466 7467 7442 7485 3949 7815 8144 8143 8145 8146 8147 
5467 3906 3931 3949 7442 4040 4137 4136 7822 8147 7820 
5468 7442 7467 3931 3949 7815 7819 7820 8147 4137 8145 
5469 1548 1578 1586 7477 1702 1783 1784 8148 7647 8149 
5470 7469 7439 7477 1548 7874 8150 8151 7870 8148 7877 
5471 7469 1548 7477 1578 7870 8148 8151 7871 8149 1702 
5472 7439 7469 7477 3941 7874 8151 8150 8152 7655 8153 
5473 3933 3903 3941 7439 4057 4139 4138 7878 8152 7882 
5474 3933 7439 3941 7469 7878 8152 4138 7879 8153 7874 
5475 238 1564 1598 7489 1764 1718 1785 8154 7639 7925 
5476 7455 2884 7489 238 8086 8155 7927 8085 8154 2904 
5477 7455 238 7489 1564 8085 8154 7927 7929 7925 1764 
5478 2884 7455 7489 3953 8086 7927 8155 8156 7644 7930 
5479 3919 475 3953 2884 4119 4140 4073 8087 8156 2906 
5480 3919 2884 3953 7455 8087 8156 4073 7932 7930 8086 
5481 1565 1552 1566 7457 1745 1786 1762 8079 7994 8157 
5482 7443 7456 7457 1552 8024 8077 8158 7833 8157 8022 
5483 1552 1565 7456 7457 1745 8021 8022 8157 8077 8079 
5484 7456 7443 7457 3921 8024 8158 8077 8081 8000 8159 
5485 3907 3920 3921 7443 4100 4117 4141 7838 8159 8027 
5486 7443 7456 3920 3921 8024 8026 8027 8159 4117 8081 
5487 1577 132 1592 7483 1721 1681 1787 8160 7738 7794 
5488 3866 7468 7483 132 7937 8161 7795 3893 7794 7936 
5489 132 1577 7468 7483 1721 7535 7936 7794 8161 8160 
5490 7468 3866 7483 3947 7937 7795 8161 8162 7743 7796 
5491 620 3932 3947 3866 4076 4142 4036 3896 7796 7938 
5492 3866 7468 3932 3947 7937 7541 7938 7796 4142 8162 
5493 1575 145 1600 7491 1740 1788 1789 8163 7798 8164 
5494 3809 7466 7491 145 8003 8165 8166 3840 8164 8005 
5495 145 1575 7466 7491 1740 7710 8005 8164 8165 8163 
5496 7466 3809 7491 3955 8003 8166 8165 8167 7806 8168 
5497 601 3930 3955 3809 4095 4144 4143 3842 8168 8007 
5498 3809 7466 3930 3955 8003 7715 8007 8168 4144 8167 
5499 1593 1569 1599 7490 1791 1790 1736 7989 7988 8169 
5500 7460 7484 7490 1593 8170 7992 8171 8172 7989 7995 
5501 7460 1593 7490 1569 8172 7989 8171 7841 8169 1791 
5502 7484 7460 7490 3954 8170 8171 7992 7998 7997 8173 
5503 3924 3948 3954 7484 4146 4091 4145 8174 7998 8001 
5504 3924 7484 3954 7460 8174 7998 4145 7848 8173 8170 
5505 1561 1559 1562 7453 1776 1792 1643 7652 7653 8175 
5506 7450 7452 7453 1559 8125 7649 8176 8127 8175 8123 
5507 1559 1561 7452 7453 1776 7557 8123 8175 7649 7652 
5508 7452 7450 7453 3917 8125 8176 7649 7657 7658 8177 
5509 3914 3916 3917 7450 4131 3998 4147 8130 8177 8128 
5510 7450 7452 3916 3917 8125 7563 8128 8177 3998 7657 
5511 299 1546 1567 7458 1775 1793 1752 8045 7727 8178 
5512 7437 3709 7458 299 8120 8046 8179 8121 8045 3732 
5513 7437 299 7458 1546 8121 8045 8179 8054 8178 1775 
5514 3709 7437 7458 3922 8120 8179 8046 8047 7734 8180 
5515 3901 558 3922 3709 4130 4107 4148 8122 8047 3734 
5516 3901 3709 3922 7437 8122 8047 4148 8058 8180 8120 
5517 1584 1565 1599 7490 1794 1761 1778 8132 7988 8076 
5518 7456 7475 7490 1584 8181 8134 8078 8182 8132 7966 
5519 7456 1584 7490 1565 8182 8132 8078 8021 8076 1794 
5520 7475 7456 7490 3954 8181 8078 8134 8136 7997 8080 
5521 3920 3939 3954 7475 4149 4133 4116 8183 8136 7973 
5522 3920 7475 3954 7456 8183 8136 4116 8026 8080 8181 
5523 1557 1545 1558 7436 1722 1672 1795 7939 7756 7758 
5524 7436 7448 7449 1557 7940 8184 7753 7939 8185 7671 
5525 7436 1557 7449 1558 7939 8185 7753 7756 7757 1795 
5526 7448 7436 7449 3900 7940 7753 8184 7941 7761 7763 
5527 3900 3912 3913 7448 4077 4150 4027 7941 8186 7674 
5528 3900 7448 3913 7449 7941 8186 4027 7761 7762 8184 
5529 1594 1593 1595 7486 1798 1796 1797 8187 8188 8189 
5530 7484 7485 7486 1594 8190 8191 8192 8193 8187 8141 
5531 7484 1594 7486 1593 8193 8187 8192 7995 8189 1798 
5532 7485 7484 7486 3950 8190 8192 8191 8194 8195 8196 
5533 3948 3949 3950 7485 4153 4152 4151 8197 8194 8146 
5534 3948 7485 3950 7484 8197 8194 4151 8001 8196 8190 
5535 1578 1579 1586 7477 1742 1655 1783 8149 7647 7698 
5536 7470 7469 7477 1578 8011 8151 7699 8008 8149 7871 
5537 7470 1578 7477 1579 8008 8149 7699 7558 7698 1742 
5538 7469 7470 7477 3941 8011 7699 8151 8153 7655 7700 
5539 3934 3933 3941 7469 4097 4138 4010 8014 8153 7879 
5540 3934 7469 3941 7470 8014 8153 4010 7564 7700 8011 
5541 141 1548 1574 7465 1720 1799 1750 8039 8038 8198 
5542 7439 3805 7465 1548 7934 8041 8199 7877 8198 7933 
5543 1548 141 3805 7465 1720 3820 7933 8198 8041 8039 
5544 3805 7439 7465 3929 7934 8199 8041 8044 8043 8200 
5545 3903 597 3929 7439 4075 4105 4154 7882 8200 7935 
5546 7439 3805 597 3929 7934 3822 7935 8200 4105 8044 
5547 1584 1554 1601 7492 1730 1768 1800 8201 8095 8094 
5548 7445 7475 7492 1554 7970 8202 8097 7632 8094 7967 
5549 1554 1584 7475 7492 1730 7966 7967 8094 8202 8201 
5550 7475 7445 7492 3956 7970 8097 8202 8203 8100 8099 
5551 3909 3939 3956 7445 4085 4155 4123 7637 8099 7974 
5552 7445 7475 3939 3956 7970 7973 7974 8099 4155 8203 
5553 1548 1586 1604 7495 1784 1674 1801 8204 7765 7764 
5554 7477 7439 7495 1548 8150 8205 7767 8148 8204 7877 
5555 7477 1548 7495 1586 8148 8204 7767 7647 7764 1784 
5556 7439 7477 7495 3959 8150 7767 8205 8206 7770 7769 
5557 3941 3903 3959 7439 4139 4156 4029 8152 8206 7882 
5558 3941 7439 3959 7477 8152 8206 4029 7655 7769 8150 
5559 295 240 1587 7478 1628 1770 1725 7948 7626 8102 
5560 2886 3705 7478 240 7595 7949 8104 2914 8102 7596 
5561 240 295 3705 7478 1628 3712 7596 8102 7949 7948 
5562 3705 2886 7478 3942 7595 8104 7949 7950 7634 8106 
5563 477 554 3942 2886 3983 4080 4125 2916 8106 7597 
5564 2886 3705 554 3942 7595 3714 7597 8106 4080 7950 
5565 1566 1552 1583 7474 1786 1802 1803 8207 7980 8208 
5566 7443 7457 7474 1552 8158 8209 8210 7833 8208 8157 
5567 1552 1566 7457 7474 1786 7994 8157 8208 8209 8207 
5568 7457 7443 7474 3938 8158 8210 8209 8211 7985 8212 
5569 3907 3921 3938 7443 4141 4158 4157 7838 8212 8159 
5570 7443 7457 3921 3938 8158 8000 8159 8212 4158 8211 
5571 1555 1575 1600 7491 1675 1789 1682 7799 7798 8163 
5572 7466 7446 7491 1555 7774 7802 8165 7775 7799 7776 
5573 7466 1555 7491 1575 7775 7799 8165 7710 8163 1675 
5574 7446 7466 7491 3955 7774 8165 7802 7807 7806 8167 
5575 3930 3910 3955 7446 4030 4037 4144 7778 7807 7779 
5576 3930 7446 3955 7466 7778 7807 4144 7715 8167 7774 
5577 314 313 1591 7482 323 1759 1804 8213 8063 8070 
5578 3745 3746 7482 314 3788 8214 8072 3787 8213 3789 
5579 3745 314 7482 313 3787 8213 8072 3784 8070 323 
5580 3746 3745 7482 3946 3788 8072 8214 8215 8068 8074 
5581 575 576 3946 3746 585 4159 4114 3790 8215 3791 
5582 575 3746 3946 3745 3790 8215 4114 3786 8074 3788 
5583 1552 236 1583 7474 1691 1735 1802 8208 7980 7979 
5584 2882 7443 7474 236 7836 8210 7982 2894 7979 7834 
5585 236 1552 7443 7474 1691 7833 7834 7979 8210 8208 
5586 7443 2882 7474 3938 7836 7982 8210 8212 7985 7984 
5587 473 3907 3938 2882 4046 4157 4090 2896 7984 7839 
5588 2882 7443 3907 3938 7836 7838 7839 7984 4157 8212 
5589 1593 1566 1595 7486 1738 1805 1796 8189 8188 8216 
5590 7457 7484 7486 1566 7990 8192 8217 7994 8216 7993 
5591 1566 1593 7484 7486 1738 7995 7993 8216 8192 8189 
5592 7484 7457 7486 3950 7990 8217 8192 8196 8195 8218 
5593 3921 3948 3950 7457 4093 4151 4160 8000 8218 7999 
5594 7457 7484 3948 3950 7990 8001 7999 8218 4151 8196 
5595 1559 1558 1560 7449 1807 1772 1806 8219 8108 7757 
5596 7449 7450 7451 1559 8220 8221 8109 8219 8222 8127 
5597 7449 1559 7451 1560 8219 8222 8109 8108 7855 1806 
5598 7450 7449 7451 3913 8220 8109 8221 8223 8112 7762 
5599 3913 3914 3915 7450 4162 4161 4127 8223 8224 8130 
5600 3913 7450 3915 7451 8223 8224 4127 8112 7858 8221 
5601 1567 1546 1569 7460 1793 1808 1693 7842 7841 8225 
5602 7437 7458 7460 1546 8179 7845 8226 8054 8225 8178 
5603 1546 1567 7458 7460 1793 7727 8178 8225 7845 7842 
5604 7458 7437 7460 3924 8179 8226 7845 7849 7848 8227 
5605 3901 3922 3924 7437 4148 4048 4163 8058 8227 8180 
5606 7437 7458 3922 3924 8179 7734 8180 8227 4048 7849 
5607 1564 1565 1601 7492 1746 1809 1767 8096 8095 8228 
5608 7456 7455 7492 1564 8023 8098 8229 8020 8096 7929 
5609 7456 1564 7492 1565 8020 8096 8229 8021 8228 1746 
5610 7455 7456 7492 3956 8023 8229 8098 8101 8100 8230 
5611 3920 3919 3956 7455 4101 4122 4164 8025 8101 7932 
5612 3920 7455 3956 7456 8025 8101 4164 8026 8230 8023 
5613 147 148 1591 7482 157 1810 1757 8064 8063 8231 
5614 3812 3811 7482 147 3854 8066 8232 3853 8064 3850 
5615 3812 147 7482 148 3853 8064 8232 3855 8231 157 
5616 3811 3812 7482 3946 3854 8232 8066 8069 8068 8233 
5617 604 603 3946 3811 613 4112 4165 3856 8069 3852 
5618 604 3811 3946 3812 3856 8069 4165 3857 8233 3854 
5619 1553 144 1605 7496 1726 1773 1763 8082 7784 8114 
5620 3808 7444 7496 144 7955 8083 8115 3835 8114 7953 
5621 144 1553 7444 7496 1726 7952 7953 8114 8083 8082 
5622 7444 3808 7496 3960 7955 8115 8083 8084 7789 8116 
5623 600 3908 3960 3808 4081 4118 4128 3837 8116 7958 
5624 3808 7444 3908 3960 7955 7957 7958 8116 4118 8084 
5625 1557 1558 1559 7449 1795 1807 1777 8185 8219 7757 
5626 7449 7448 7450 1557 8184 8124 8220 8185 8126 7671 
5627 7449 1557 7450 1559 8185 8126 8220 8219 8127 1777 
5628 7448 7449 7450 3913 8184 8220 8124 8186 8223 7762 
5629 3913 3912 3914 7448 4150 4132 4162 8186 8129 7674 
5630 3913 7448 3914 7450 8186 8129 4162 8223 8130 8124 
5631 1583 235 1589 7480 1734 1645 1811 8234 7660 7659 
5632 2881 7474 7480 235 7983 8235 7662 2889 7659 7981 
5633 235 1583 7474 7480 1734 7980 7981 7659 8235 8234 
5634 7474 2881 7480 3944 7983 7662 8235 8236 7665 7664 
5635 472 3938 3944 2881 4089 4166 4000 2891 7664 7986 
5636 2881 7474 3938 3944 7983 7985 7986 7664 4166 8236 
5637 1562 1559 1588 7479 1792 1812 1748 8031 7528 8237 
5638 7450 7453 7479 1559 8176 8029 8238 8127 8237 8175 
5639 1559 1562 7453 7479 1792 7653 8175 8237 8029 8031 
5640 7453 7450 7479 3943 8176 8238 8029 8033 7537 8239 
5641 3914 3917 3943 7450 4147 4103 4167 8130 8239 8177 
5642 7450 7453 3917 3943 8176 7658 8177 8239 4103 8033 
5643 1587 239 1598 7489 1769 1813 1639 7640 7639 8240 
5644 2885 7478 7489 239 8105 7642 8241 2909 8240 8103 
5645 239 1587 7478 7489 1769 7626 8103 8240 7642 7640 
5646 7478 2885 7489 3953 8105 8241 7642 7645 7644 8242 
5647 476 3942 3953 2885 4124 3994 4168 2911 8242 8107 
5648 2885 7478 3942 3953 8105 7634 8107 8242 3994 7645 
5649 1559 1560 1588 7451 1806 1697 1812 8222 7854 7855 
5650 7451 7450 7479 1559 8221 8238 7852 8222 8237 8127 
5651 7451 1559 7479 1588 8222 8237 7852 7854 7528 1812 
5652 7450 7451 7479 3915 8221 7852 8238 8224 7857 7858 
5653 3915 3914 3943 7450 4161 4167 4052 8224 8239 8130 
5654 3915 7450 3943 7479 8224 8239 4052 7857 7537 8238 
5655 1565 1584 1601 7492 1794 1800 1809 8228 8095 8201 
5656 7475 7456 7492 1584 8181 8229 8202 7966 8201 8182 
5657 1584 1565 7456 7492 1794 8021 8182 8201 8229 8228 
5658 7456 7475 7492 3956 8181 8202 8229 8230 8100 8203 
5659 3939 3920 3956 7475 4149 4164 4155 7973 8203 8183 
5660 7475 7456 3920 3956 8181 8026 8183 8203 4164 8230 
5661 140 1574 1592 7483 1751 1814 1666 7739 7738 8243 
5662 7465 3804 7483 140 8040 7741 8244 8037 7739 3815 
5663 7465 140 7483 1574 8037 7739 8244 8038 8243 1751 
5664 3804 7465 7483 3947 8040 8244 7741 7744 7743 8245 
5665 3929 596 3947 3804 4106 4021 4169 8042 7744 3817 
5666 3929 3804 3947 7465 8042 7744 4169 8043 8245 8040 
5667 145 146 1600 7491 155 1744 1788 8164 7798 8017 
5668 3810 3809 7491 145 3844 8166 8018 3843 8164 3840 
5669 3810 145 7491 146 3843 8164 8018 3845 8017 155 
5670 3809 3810 7491 3955 3844 8018 8166 8168 7806 8019 
5671 602 601 3955 3809 611 4143 4099 3846 8168 3842 
5672 602 3809 3955 3810 3846 8168 4099 3847 8019 3844 
5673 1570 1569 1593 7460 1699 1791 1815 7862 8172 7841 
5674 7460 7461 7484 1570 7864 8246 8170 7862 8247 7866 
5675 7460 1570 7484 1593 7862 8247 8170 8172 7995 1815 
5676 7461 7460 7484 3924 7864 8170 8246 7867 8174 7848 
5677 3924 3925 3948 7461 4054 4170 4146 7867 8248 7869 
5678 3924 7461 3948 7484 7867 8248 4146 8174 8001 8246 
5679 239 238 1598 7489 245 1785 1813 8240 7639 8154 
5680 2884 2885 7489 238 2908 8241 8155 2904 8154 2907 
5681 238 239 2885 7489 245 2909 2907 8154 8241 8240 
5682 2885 2884 7489 3953 2908 8155 8241 8242 7644 8156 
5683 475 476 3953 2884 482 4168 4140 2906 8156 2910 
5684 2884 2885 476 3953 2908 2911 2910 8156 4168 8242 
5685 1592 1574 1597 7488 1814 1816 1817 8249 7602 8250 
5686 7465 7483 7488 1574 8244 8251 8252 8038 8250 8243 
5687 1574 1592 7483 7488 1814 7738 8243 8250 8251 8249 
5688 7483 7465 7488 3952 8244 8252 8251 8253 7607 8254 
5689 3929 3947 3952 7465 4169 4172 4171 8043 8254 8245 
5690 7465 7483 3947 3952 8244 7743 8245 8254 4172 8253 
5691 1560 1572 1602 7493 1771 1717 1818 8255 7513 7922 
5692 7463 7451 7493 1560 8110 8256 7923 8111 8255 7855 
5693 7463 1560 7493 1572 8111 8255 7923 7498 7922 1771 
5694 7451 7463 7493 3957 8110 7923 8256 8257 7522 7924 
5695 3927 3915 3957 7451 4126 4173 4072 8113 8257 7858 
5696 3927 7451 3957 7463 8113 8257 4072 7507 7924 8110 
5697 1566 1583 1595 7486 1803 1819 1805 8216 8188 8258 
5698 7474 7457 7486 1566 8209 8217 8259 8207 8216 7994 
5699 7474 1566 7486 1583 8207 8216 8259 7980 8258 1803 
5700 7457 7474 7486 3950 8209 8259 8217 8218 8195 8260 
5701 3938 3921 3950 7457 4158 4160 4174 8211 8218 8000 
5702 3938 7457 3950 7474 8211 8218 4174 7985 8260 8209 
5703 1570 1593 1594 7484 1815 1798 1820 8247 8193 7995 
5704 7484 7461 7485 1570 8246 8261 8190 8247 8262 7866 
5705 7484 1570 7485 1594 8247 8262 8190 8193 8141 1820 
5706 7461 7484 7485 3948 8246 8190 8261 8248 8197 8001 
5707 3948 3925 3949 7461 4170 4175 4153 8248 8263 7869 
5708 3948 7461 3949 7485 8248 8263 4153 8197 8146 8261 
5709 314 1591 1596 7487 1804 1821 1648 7675 7543 8264 
5710 7482 3746 7487 314 8214 7676 8265 8213 7675 3789 
5711 7482 314 7487 1591 8213 7675 8265 8063 8264 1804 
5712 3746 7482 7487 3951 8214 8265 7676 7677 7548 8266 
5713 3946 576 3951 3746 4159 4003 4176 8215 7677 3791 
5714 3946 3746 3951 7482 8215 7677 4176 8068 8266 8214 
5715 1583 1589 1595 7486 1811 1822 1819 8258 8188 8267 
5716 7480 7474 7486 1583 8235 8259 8268 8234 8258 7980 
5717 7480 1583 7486 1589 8234 8258 8268 7660 8267 1811 
5718 7474 7480 7486 3950 8235 8268 8259 8260 8195 8269 
5719 3944 3938 3950 7474 4166 4174 4177 8236 8260 7985 
5720 3944 7474 3950 7480 8236 8260 4177 7665 8269 8235 
5721 1590 1560 1602 7493 1696 1818 1632 7609 7513 8255 
5722 7451 7481 7493 1560 7853 7611 8256 7855 8255 7851 
5723 1560 1590 7481 7493 1696 7613 7851 8255 7611 7609 
5724 7481 7451 7493 3957 7853 8256 7611 7614 7522 8257 
5725 3915 3945 3957 7451 4051 3987 4173 7858 8257 7856 
5726 7451 7481 3945 3957 7853 7616 7856 8257 3987 7614 
5727 1577 1592 1597 7488 1787 1817 1630 7603 7602 8249 
5728 7483 7468 7488 1577 8161 7605 8251 8160 7603 7535 
5729 7483 1577 7488 1592 8160 7603 8251 7738 8249 1787 
5730 7468 7483 7488 3952 8161 8251 7605 7608 7607 8253 
5731 3947 3932 3952 7468 4142 3985 4172 8162 7608 7541 
5732 3947 7468 3952 7483 8162 7608 4172 7743 8253 8161 
5733 1569 1546 1599 7490 1808 1779 1790 8169 7988 8131 
5734 7437 7460 7490 1546 8226 8171 8133 8054 8131 8225 
5735 1546 1569 7460 7490 1808 7841 8225 8131 8171 8169 
5736 7460 7437 7490 3954 8226 8133 8171 8173 7997 8135 
5737 3901 3924 3954 7437 4163 4145 4134 8058 8135 8227 
5738 7437 7460 3924 3954 8226 7848 8227 8135 4145 8173 
5739 1589 1576 1595 7486 1774 1823 1822 8267 8188 8270 
5740 7467 7480 7486 1576 8118 8268 8271 7811 8270 8117 
5741 1576 1589 7480 7486 1774 7660 8117 8270 8268 8267 
5742 7480 7467 7486 3950 8118 8271 8268 8269 8195 8272 
5743 3931 3944 3950 7467 4129 4177 4178 7819 8272 8119 
5744 7467 7480 3944 3950 8118 7665 8119 8272 4177 8269 
5745 1591 148 1596 7487 1810 1649 1821 8264 7543 7678 
5746 3812 7482 7487 148 8232 8265 7679 3855 7678 8231 
5747 148 1591 7482 7487 1810 8063 8231 7678 8265 8264 
5748 7482 3812 7487 3951 8232 7679 8265 8266 7548 7680 
5749 604 3946 3951 3812 4165 4176 4004 3857 7680 8233 
5750 3812 7482 3946 3951 8232 8068 8233 7680 4176 8266 
5751 1576 1594 1595 7486 1782 1797 1823 8270 8188 8187 
5752 7485 7467 7486 1576 8143 8271 8191 8140 8270 7811 
5753 7485 1576 7486 1594 8140 8270 8191 8141 8187 1782 
5754 7467 7485 7486 3950 8143 8191 8271 8272 8195 8194 
5755 3949 3931 3950 7467 4137 4178 4152 8145 8272 7819 
5756 3949 7467 3950 7485 8145 8272 4152 8146 8194 8143 
5757 1574 1548 1604 7495 1799 1801 1824 8273 7765 8204 
5758 7439 7465 7495 1548 8199 8274 8205 7877 8204 8198 
5759 1548 1574 7465 7495 1799 8038 8198 8204 8274 8273 
5760 7465 7439 7495 3959 8199 8205 8274 8275 7770 8206 
5761 3903 3929 3959 7439 4154 4179 4156 7882 8206 8200 
5762 7439 7465 3929 3959 8199 8043 8200 8206 4179 8275 
5763 1571 1570 1603 7494 1780 1825 1626 7589 7588 8276 
5764 7461 7462 7494 1570 8138 7591 8277 7866 8276 8137 
5765 1570 1571 7462 7494 1780 7519 8137 8276 7591 7589 
5766 7462 7461 7494 3958 8138 8277 7591 7594 7593 8278 
5767 3925 3926 3958 7461 4135 3981 4180 7869 8278 8139 
5768 7461 7462 3926 3958 8138 7525 8139 8278 3981 7594 
5769 1570 1594 1603 7494 1820 1826 1825 8276 7588 8279 
5770 7485 7461 7494 1570 8261 8277 8280 8262 8276 7866 
5771 7485 1570 7494 1594 8262 8276 8280 8141 8279 1820 
5772 7461 7485 7494 3958 8261 8280 8277 8278 7593 8281 
5773 3949 3925 3958 7461 4175 4180 4181 8263 8278 7869 
5774 3949 7461 3958 7485 8263 8278 4181 8146 8281 8261 
5775 1594 1551 1603 7494 1781 1698 1826 8279 7588 7859 
5776 7442 7485 7494 1551 8144 8280 7860 7817 7859 8142 
5777 1551 1594 7485 7494 1781 8141 8142 7859 8280 8279 
5778 7485 7442 7494 3958 8144 7860 8280 8281 7593 7861 
5779 3906 3949 3958 7442 4136 4181 4053 7822 7861 8147 
5780 7442 7485 3949 3958 8144 8146 8147 7861 4181 8281 
5781 1562 1597 1604 7495 1747 1827 1673 7766 7765 8282 
5782 7488 7453 7495 1562 8030 7768 8283 8028 7766 7653 
5783 7488 1562 7495 1597 8028 7766 8283 7602 8282 1747 
5784 7453 7488 7495 3959 8030 8283 7768 7771 7770 8284 
5785 3952 3917 3959 7453 4102 4028 4182 8032 7771 7658 
5786 3952 7453 3959 7488 8032 7771 4182 7607 8284 8030 
5787 1597 1574 1604 7495 1816 1824 1827 8282 7765 8273 
5788 7465 7488 7495 1574 8252 8283 8274 8038 8273 8250 
5789 1574 1597 7488 7495 1816 7602 8250 8273 8283 8282 
5790 7488 7465 7495 3959 8252 8274 8283 8284 7770 8275 
5791 3929 3952 3959 7465 4171 4182 4179 8043 8275 8254 
5792 7465 7488 3952 3959 8252 7607 8254 8275 4182 8284 
3 6 11 1074
5793 1861 1842 1863 8320 1904 1902 1903 8359 8360 8361 
5794 8299 8318 8320 1861 8362 8363 8364 8365 8359 8366 
5795 8299 1861 8320 1842 8365 8359 8364 8367 8361 1904 
5796 8318 8299 8320 4323 8362 8364 8363 8368 8369 8370 
5797 4302 4321 4323 8318 4364 4363 4362 8371 8368 8372 
5798 4302 8318 4323 8299 8371 8368 4362 8373 8370 8362 
5799 1840 1841 1877 8334 1907 1905 1906 8374 8375 8376 
5800 8298 8297 8334 1840 8377 8378 8379 8380 8374 8381 
5801 8298 1840 8334 1841 8380 8374 8379 8382 8376 1907 
5802 8297 8298 8334 4337 8377 8379 8378 8383 8384 8385 
5803 4301 4300 4337 8297 4367 4366 4365 8386 8383 8387 
5804 4301 8297 4337 8298 8386 8383 4365 8388 8385 8377 
5805 1830 1862 1880 8337 1910 1908 1909 8389 8390 8391 
5806 8319 8287 8337 1830 8392 8393 8394 8395 8389 8396 
5807 8319 1830 8337 1862 8395 8389 8394 8397 8391 1910 
5808 8287 8319 8337 4340 8392 8394 8393 8398 8399 8400 
5809 4322 4290 4340 8287 4370 4369 4368 8401 8398 8402 
5810 4322 8287 4340 8319 8401 8398 4368 8403 8400 8392 
5811 1839 1838 1863 8320 1913 1911 1912 8404 8360 8405 
5812 8295 8296 8320 1839 8406 8407 8408 8409 8404 8410 
5813 8295 1839 8320 1838 8409 8404 8408 8411 8405 1913 
5814 8296 8295 8320 4323 8406 8408 8407 8412 8369 8413 
5815 4298 4299 4323 8296 4373 4372 4371 8414 8412 8415 
5816 4298 8296 4323 8295 8414 8412 4371 8416 8413 8406 
5817 1871 1858 1888 8345 1916 1914 1915 8417 8418 8419 
5818 8315 8328 8345 1871 8420 8421 8422 8423 8417 8424 
5819 8315 1871 8345 1858 8423 8417 8422 8425 8419 1916 
5820 8328 8315 8345 4348 8420 8422 8421 8426 8427 8428 
5821 4318 4331 4348 8328 4376 4375 4374 8429 8426 8430 
5822 4318 8328 4348 8315 8429 8426 4374 8431 8428 8420 
5823 330 1830 1880 8337 1918 1909 1917 8432 8390 8389 
5824 8287 4224 8337 330 8433 8434 8393 8435 8432 4240 
5825 8287 330 8337 1830 8435 8432 8393 8396 8389 1918 
5826 4224 8287 8337 4340 8433 8393 8434 8436 8399 8398 
5827 4290 649 4340 4224 4378 4377 4369 8437 8436 4242 
5828 4290 4224 4340 8287 8437 8436 4369 8402 8398 8433 
5829 1829 1860 1875 8332 1921 1919 1920 8438 8439 8440 
5830 8317 8286 8332 1829 8441 8442 8443 8444 8438 8445 
5831 8317 1829 8332 1860 8444 8438 8443 8446 8440 1921 
5832 8286 8317 8332 4335 8441 8443 8442 8447 8448 8449 
5833 4320 4289 4335 8286 4381 4380 4379 8450 8447 8451 
5834 4320 8286 4335 8317 8450 8447 4379 8452 8449 8441 
5835 1842 1839 1863 8320 1922 1912 1902 8361 8360 8404 
5836 8296 8299 8320 1842 8453 8364 8407 8454 8361 8367 
5837 8296 1842 8320 1839 8454 8361 8407 8410 8404 1922 
5838 8299 8296 8320 4323 8453 8407 8364 8370 8369 8412 
5839 4299 4302 4323 8299 4382 4362 4372 8455 8370 8373 
5840 4299 8299 4323 8296 8455 8370 4372 8415 8412 8453 
5841 1837 1871 1888 8345 1924 1915 1923 8456 8418 8417 
5842 8328 8294 8345 1837 8457 8458 8421 8459 8456 8460 
5843 8328 1837 8345 1871 8459 8456 8421 8424 8417 1924 
5844 8294 8328 8345 4348 8457 8421 8458 8461 8427 8426 
5845 4331 4297 4348 8294 4384 4383 4375 8462 8461 8463 
5846 4331 8294 4348 8328 8462 8461 4375 8430 8426 8457 
5847 1860 1829 1884 8341 1921 1925 1926 8464 8465 8466 
5848 8286 8317 8341 1829 8441 8467 8468 8445 8466 8444 
5849 1829 1860 8317 8341 1921 8446 8444 8466 8467 8464 
5850 8317 8286 8341 4344 8441 8468 8467 8469 8470 8471 
5851 4289 4320 4344 8286 4381 4386 4385 8451 8471 8450 
5852 8286 8317 4320 4344 8441 8452 8450 8471 4386 8469 
5853 1844 1842 1861 8299 1928 1904 1927 8472 8365 8367 
5854 8299 8301 8318 1844 8473 8474 8362 8472 8475 8476 
5855 8299 1844 8318 1861 8472 8475 8362 8365 8366 1927 
5856 8301 8299 8318 4302 8473 8362 8474 8477 8371 8373 
5857 4302 4304 4321 8301 4388 4387 4364 8477 8478 8479 
5858 4302 8301 4321 8318 8477 8478 4364 8371 8372 8474 
5859 1841 1853 1877 8334 1930 1929 1905 8376 8375 8480 
5860 8310 8298 8334 1841 8481 8379 8482 8483 8376 8382 
5861 8310 1841 8334 1853 8483 8376 8482 8484 8480 1930 
5862 8298 8310 8334 4337 8481 8482 8379 8385 8384 8485 
5863 4313 4301 4337 8298 4390 4365 4389 8486 8385 8388 
5864 4313 8298 4337 8310 8486 8385 4389 8487 8485 8481 
5865 7 253 1887 8344 260 1931 1932 8488 8489 8490 
5866 3290 469 8344 253 3322 8491 8492 3318 8490 3321 
5867 253 7 469 8344 260 470 3321 8490 8491 8488 
5868 469 3290 8344 4347 3322 8492 8491 8493 8494 8495 
5869 506 29 4347 3290 513 4392 4391 3320 8495 3323 
5870 3290 469 29 4347 3322 471 3323 8495 4392 8493 
5871 127 7 1887 8344 133 1932 1933 8496 8489 8488 
5872 469 3861 8344 7 3868 8497 8491 470 8488 3867 
5873 7 127 3861 8344 133 3869 3867 8488 8497 8496 
5874 3861 469 8344 4347 3868 8491 8497 8498 8494 8493 
5875 29 615 4347 469 621 4393 4392 471 8493 3870 
5876 469 3861 615 4347 3868 3871 3870 8493 4393 8498 
5877 1886 1865 1898 8355 1936 1934 1935 8499 8500 8501 
5878 8322 8343 8355 1886 8502 8503 8504 8505 8499 8506 
5879 8322 1886 8355 1865 8505 8499 8504 8507 8501 1936 
5880 8343 8322 8355 4358 8502 8504 8503 8508 8509 8510 
5881 4325 4346 4358 8343 4396 4395 4394 8511 8508 8512 
5882 4325 8343 4358 8322 8511 8508 4394 8513 8510 8502 
5883 1856 1849 1859 8316 1939 1937 1938 8514 8515 8516 
5884 8306 8313 8316 1856 8517 8518 8519 8520 8514 8521 
5885 8306 1856 8316 1849 8520 8514 8519 8522 8516 1939 
5886 8313 8306 8316 4319 8517 8519 8518 8523 8524 8525 
5887 4309 4316 4319 8313 4399 4398 4397 8526 8523 8527 
5888 4309 8313 4319 8306 8526 8523 4397 8528 8525 8517 
5889 1865 1886 1900 8357 1936 1940 1941 8529 8530 8531 
5890 8343 8322 8357 1886 8502 8532 8533 8506 8531 8505 
5891 1886 1865 8322 8357 1936 8507 8505 8531 8532 8529 
5892 8322 8343 8357 4360 8502 8533 8532 8534 8535 8536 
5893 4346 4325 4360 8343 4396 4401 4400 8512 8536 8511 
5894 8343 8322 4325 4360 8502 8513 8511 8536 4401 8534 
5895 1856 1867 1896 8353 1944 1942 1943 8537 8538 8539 
5896 8324 8313 8353 1856 8540 8541 8542 8543 8537 8521 
5897 8324 1856 8353 1867 8543 8537 8542 8544 8539 1944 
5898 8313 8324 8353 4356 8540 8542 8541 8545 8546 8547 
5899 4327 4316 4356 8313 4404 4403 4402 8548 8545 8527 
5900 4327 8313 4356 8324 8548 8545 4402 8549 8547 8540 
5901 1863 1838 1881 8338 1911 1945 1946 8550 8551 8552 
5902 8295 8320 8338 1838 8408 8553 8554 8411 8552 8405 
5903 1838 1863 8320 8338 1911 8360 8405 8552 8553 8550 
5904 8320 8295 8338 4341 8408 8554 8553 8555 8556 8557 
5905 4298 4323 4341 8295 4371 4406 4405 8416 8557 8413 
5906 8295 8320 4323 4341 8408 8369 8413 8557 4406 8555 
5907 1849 1844 1861 8318 1948 1927 1947 8558 8366 8475 
5908 8301 8306 8318 1849 8559 8560 8474 8561 8558 8522 
5909 8301 1849 8318 1844 8561 8558 8474 8476 8475 1948 
5910 8306 8301 8318 4321 8559 8474 8560 8562 8372 8478 
5911 4304 4309 4321 8306 4408 4407 4387 8563 8562 8528 
5912 4304 8306 4321 8301 8563 8562 4387 8479 8478 8559 
5913 1889 1876 1901 8358 1951 1949 1950 8564 8565 8566 
5914 8333 8346 8358 1889 8567 8568 8569 8570 8564 8571 
5915 8333 1889 8358 1876 8570 8564 8569 8572 8566 1951 
5916 8346 8333 8358 4361 8567 8569 8568 8573 8574 8575 
5917 4336 4349 4361 8346 4411 4410 4409 8576 8573 8577 
5918 4336 8346 4361 8333 8576 8573 4409 8578 8575 8567 
5919 252 251 1831 8288 258 1952 1953 8579 8580 8581 
5920 3288 3289 8288 251 3312 8582 8583 3308 8581 3311 
5921 251 252 3289 8288 258 3313 3311 8581 8582 8579 
5922 3289 3288 8288 4291 3312 8583 8582 8584 8585 8586 
5923 504 505 4291 3288 511 4413 4412 3310 8586 3314 
5924 3288 3289 505 4291 3312 3315 3314 8586 4413 8584 
5925 1853 1876 1877 8334 1955 1954 1929 8480 8375 8587 
5926 8333 8310 8334 1853 8588 8482 8589 8590 8480 8484 
5927 8333 1853 8334 1876 8590 8480 8589 8572 8587 1955 
5928 8310 8333 8334 4337 8588 8589 8482 8485 8384 8591 
5929 4336 4313 4337 8310 4415 4389 4414 8592 8485 8487 
5930 4336 8310 4337 8333 8592 8485 4414 8578 8591 8588 
5931 1840 1877 1892 8349 1906 1956 1957 8593 8594 8595 
5932 8334 8297 8349 1840 8378 8596 8597 8374 8593 8381 
5933 8334 1840 8349 1877 8374 8593 8597 8375 8595 1906 
5934 8297 8334 8349 4352 8378 8597 8596 8598 8599 8600 
5935 4337 4300 4352 8297 4366 4417 4416 8383 8598 8387 
5936 4337 8297 4352 8334 8383 8598 4416 8384 8600 8378 
5937 1832 129 1868 8325 1960 1958 1959 8601 8602 8603 
5938 3863 8289 8325 1832 8604 8605 8606 8607 8601 8608 
5939 3863 1832 8325 129 8607 8601 8606 3879 8603 1960 
5940 8289 3863 8325 4328 8604 8606 8605 8609 8610 8611 
5941 617 4292 4328 8289 4420 4419 4418 8612 8609 8613 
5942 617 8289 4328 3863 8612 8609 4418 3881 8611 8604 
5943 330 331 1830 8287 337 1961 1918 8435 8396 8614 
5944 4225 4224 8287 330 4244 8433 8615 4243 8435 4240 
5945 4225 330 8287 331 4243 8435 8615 4245 8614 337 
5946 4224 4225 8287 4290 4244 8615 8433 8437 8402 8616 
5947 650 649 4290 4224 656 4378 4421 4246 8437 4242 
5948 650 4224 4290 4225 4246 8437 4421 4247 8616 4244 
5949 1874 1835 1891 8348 1964 1962 1963 8617 8618 8619 
5950 8292 8331 8348 1874 8620 8621 8622 8623 8617 8624 
5951 8292 1874 8348 1835 8623 8617 8622 8625 8619 1964 
5952 8331 8292 8348 4351 8620 8622 8621 8626 8627 8628 
5953 4295 4334 4351 8331 4424 4423 4422 8629 8626 8630 
5954 4295 8331 4351 8292 8629 8626 4422 8631 8628 8620 
5955 1830 331 1869 8326 1961 1965 1966 8632 8633 8634 
5956 4225 8287 8326 331 8615 8635 8636 4245 8634 8614 
5957 331 1830 8287 8326 1961 8396 8614 8634 8635 8632 
5958 8287 4225 8326 4329 8615 8636 8635 8637 8638 8639 
5959 650 4290 4329 4225 4421 4426 4425 4247 8639 8616 
5960 4225 8287 4290 4329 8615 8402 8616 8639 4426 8637 
5961 1857 1889 1901 8358 1968 1950 1967 8640 8565 8564 
5962 8346 8314 8358 1857 8641 8642 8568 8643 8640 8644 
5963 8346 1857 8358 1889 8643 8640 8568 8571 8564 1968 
5964 8314 8346 8358 4361 8641 8568 8642 8645 8574 8573 
5965 4349 4317 4361 8314 4428 4427 4410 8646 8645 8647 
5966 4349 8314 4361 8346 8646 8645 4410 8577 8573 8641 
5967 128 127 1836 8293 134 1969 1970 8648 8649 8650 
5968 3861 3862 8293 127 3873 8651 8652 3869 8650 3872 
5969 127 128 3862 8293 134 3874 3872 8650 8651 8648 
5970 3862 3861 8293 4296 3873 8652 8651 8653 8654 8655 
5971 615 616 4296 3861 622 4430 4429 3871 8655 3875 
5972 3861 3862 616 4296 3873 3876 3875 8655 4430 8653 
5973 1859 1849 1861 8318 1937 1947 1971 8656 8366 8558 
5974 8306 8316 8318 1849 8519 8657 8560 8522 8558 8516 
5975 1849 1859 8316 8318 1937 8515 8516 8558 8657 8656 
5976 8316 8306 8318 4321 8519 8560 8657 8658 8372 8562 
5977 4309 4319 4321 8306 4397 4431 4407 8528 8562 8525 
5978 8306 8316 4319 4321 8519 8524 8525 8562 4431 8658 
5979 128 1836 1868 8325 1970 1972 1973 8659 8602 8660 
5980 8293 3862 8325 128 8651 8661 8662 8648 8659 3874 
5981 8293 128 8325 1836 8648 8659 8662 8649 8660 1970 
5982 3862 8293 8325 4328 8651 8662 8661 8663 8610 8664 
5983 4296 616 4328 3862 4430 4433 4432 8653 8663 3876 
5984 4296 3862 4328 8293 8653 8663 4432 8654 8664 8651 
5985 328 329 1834 8291 335 1974 1975 8665 8666 8667 
5986 4223 4222 8291 328 4234 8668 8669 4233 8665 4230 
5987 4223 328 8291 329 4233 8665 8669 4235 8667 335 
5988 4222 4223 8291 4294 4234 8669 8668 8670 8671 8672 
5989 648 647 4294 4222 654 4435 4434 4236 8670 4232 
5990 648 4222 4294 4223 4236 8670 4434 4237 8672 4234 
5991 1855 1849 1856 8306 1977 1939 1976 8673 8520 8522 
5992 8306 8312 8313 1855 8674 8675 8517 8673 8676 8677 
5993 8306 1855 8313 1856 8673 8676 8517 8520 8521 1976 
5994 8312 8306 8313 4309 8674 8517 8675 8678 8526 8528 
5995 4309 4315 4316 8312 4437 4436 4399 8678 8679 8680 
5996 4309 8312 4316 8313 8678 8679 4399 8526 8527 8675 
5997 1867 1856 1873 8330 1944 1978 1979 8681 8682 8683 
5998 8313 8324 8330 1856 8540 8684 8685 8521 8683 8543 
5999 1856 1867 8324 8330 1944 8544 8543 8683 8684 8681 
6000 8324 8313 8330 4333 8540 8685 8684 8686 8687 8688 
6001 4316 4327 4333 8313 4404 4439 4438 8527 8688 8548 
6002 8313 8324 4327 4333 8540 8549 8548 8688 4439 8686 
6003 1858 1871 1889 8346 1916 1980 1981 8689 8571 8690 
6004 8328 8315 8346 1871 8420 8691 8692 8424 8690 8423 
6005 1871 1858 8315 8346 1916 8425 8423 8690 8691 8689 
6006 8315 8328 8346 4349 8420 8692 8691 8693 8577 8694 
6007 4331 4318 4349 8328 4376 4441 4440 8430 8694 8429 
6008 8328 8315 4318 4349 8420 8431 8429 8694 4441 8693 
6009 253 252 1872 8329 259 1982 1983 8695 8696 8697 
6010 3289 3290 8329 252 3317 8698 8699 3313 8697 3316 
6011 252 253 3290 8329 259 3318 3316 8697 8698 8695 
6012 3290 3289 8329 4332 3317 8699 8698 8700 8701 8702 
6013 505 506 4332 3289 512 4443 4442 3315 8702 3319 
6014 3289 3290 506 4332 3317 3320 3319 8702 4443 8700 
6015 1831 251 1838 8295 1952 1984 1985 8703 8411 8704 
6016 3288 8288 8295 251 8583 8705 8706 3308 8704 8581 
6017 251 1831 8288 8295 1952 8580 8581 8704 8705 8703 
6018 8288 3288 8295 4298 8583 8706 8705 8707 8416 8708 
6019 504 4291 4298 3288 4412 4445 4444 3310 8708 8586 
6020 3288 8288 4291 4298 8583 8585 8586 8708 4445 8707 
6021 1861 1863 1899 8356 1903 1986 1987 8709 8710 8711 
6022 8320 8318 8356 1861 8363 8712 8713 8359 8709 8366 
6023 8320 1861 8356 1863 8359 8709 8713 8360 8711 1903 
6024 8318 8320 8356 4359 8363 8713 8712 8714 8715 8716 
6025 4323 4321 4359 8318 4363 4447 4446 8368 8714 8372 
6026 4323 8318 4359 8320 8368 8714 4446 8369 8716 8363 
6027 1869 1835 1874 8292 1989 1964 1988 8717 8623 8625 
6028 8292 8326 8331 1869 8718 8719 8620 8717 8720 8633 
6029 8292 1869 8331 1874 8717 8720 8620 8623 8624 1988 
6030 8326 8292 8331 4295 8718 8620 8719 8721 8629 8631 
6031 4295 4329 4334 8326 4449 4448 4424 8721 8722 8638 
6032 4295 8326 4334 8331 8721 8722 4424 8629 8630 8719 
6033 331 332 1869 8326 338 1990 1965 8634 8633 8723 
6034 4226 4225 8326 331 4249 8636 8724 4248 8634 4245 
6035 4226 331 8326 332 4248 8634 8724 4250 8723 338 
6036 4225 4226 8326 4329 4249 8724 8636 8639 8638 8725 
6037 651 650 4329 4225 657 4425 4450 4251 8639 4247 
6038 651 4225 4329 4226 4251 8639 4450 4252 8725 4249 
6039 332 1835 1869 8292 1991 1989 1990 8726 8717 8625 
6040 8292 4226 8326 332 8727 8724 8718 8726 8723 4250 
6041 8292 332 8326 1869 8726 8723 8718 8717 8633 1990 
6042 4226 8292 8326 4295 8727 8718 8724 8728 8721 8631 
6043 4295 651 4329 4226 4451 4450 4449 8728 8725 4252 
6044 4295 4226 4329 8326 8728 8725 4449 8721 8638 8724 
6045 1830 1869 1885 8342 1966 1992 1993 8729 8730 8731 
6046 8326 8287 8342 1830 8635 8732 8733 8632 8729 8396 
6047 8326 1830 8342 1869 8632 8729 8733 8633 8731 1966 
6048 8287 8326 8342 4345 8635 8733 8732 8734 8735 8736 
6049 4329 4290 4345 8287 4426 4453 4452 8637 8734 8402 
6050 4329 8287 4345 8326 8637 8734 4452 8638 8736 8635 
6051 1835 1878 1891 8348 1995 1994 1962 8619 8618 8737 
6052 8335 8292 8348 1835 8738 8622 8739 8740 8619 8625 
6053 8335 1835 8348 1878 8740 8619 8739 8741 8737 1995 
6054 8292 8335 8348 4351 8738 8739 8622 8628 8627 8742 
6055 4338 4295 4351 8292 4455 4422 4454 8743 8628 8631 
6056 4338 8292 4351 8335 8743 8628 4454 8744 8742 8738 
6057 329 330 1880 8337 336 1917 1996 8745 8390 8432 
6058 4224 4223 8337 329 4239 8746 8434 4238 8745 4235 
6059 4224 329 8337 330 4238 8745 8434 4240 8432 336 
6060 4223 4224 8337 4340 4239 8434 8746 8747 8399 8436 
6061 649 648 4340 4223 655 4456 4377 4241 8747 4237 
6062 649 4223 4340 4224 4241 8747 4377 4242 8436 4239 
6063 1832 1868 1876 8333 1959 1997 1998 8748 8572 8749 
6064 8325 8289 8333 1832 8605 8750 8751 8601 8748 8608 
6065 8325 1832 8333 1868 8601 8748 8751 8602 8749 1959 
6066 8289 8325 8333 4336 8605 8751 8750 8752 8578 8753 
6067 4328 4292 4336 8289 4419 4458 4457 8609 8752 8613 
6068 4328 8289 4336 8325 8609 8752 4457 8610 8753 8605 
6069 1884 1882 1888 8345 2001 1999 2000 8754 8418 8755 
6070 8339 8341 8345 1884 8756 8757 8758 8759 8754 8465 
6071 8339 1884 8345 1882 8759 8754 8758 8760 8755 2001 
6072 8341 8339 8345 4348 8756 8758 8757 8761 8427 8762 
6073 4342 4344 4348 8341 4461 4460 4459 8763 8761 8470 
6074 4342 8341 4348 8339 8763 8761 4459 8764 8762 8756 
6075 1846 1844 1849 8301 2003 1948 2002 8765 8561 8476 
6076 8301 8303 8306 1846 8766 8767 8559 8765 8768 8769 
6077 8301 1846 8306 1849 8765 8768 8559 8561 8522 2002 
6078 8303 8301 8306 4304 8766 8559 8767 8770 8563 8479 
6079 4304 4306 4309 8303 4463 4462 4408 8770 8771 8772 
6080 4304 8303 4309 8306 8770 8771 4408 8563 8528 8767 
6081 130 1832 1871 8328 2006 2004 2005 8773 8424 8774 
6082 8289 3864 8328 130 8775 8776 8777 8778 8773 3883 
6083 8289 130 8328 1832 8778 8773 8777 8608 8774 2006 
6084 3864 8289 8328 4331 8775 8777 8776 8779 8430 8780 
6085 4292 618 4331 3864 4466 4465 4464 8781 8779 3886 
6086 4292 3864 4331 8289 8781 8779 4464 8613 8780 8775 
6087 161 162 1829 8286 168 2007 2008 8782 8445 8783 
6088 4186 4185 8286 161 4205 8784 8785 4204 8782 4201 
6089 4186 161 8286 162 4204 8782 8785 4206 8783 168 
6090 4185 4186 8286 4289 4205 8785 8784 8786 8451 8787 
6091 634 633 4289 4185 640 4468 4467 4207 8786 4203 
6092 634 4185 4289 4186 4207 8786 4467 4208 8787 4205 
6093 1860 1884 1888 8345 1926 2000 2009 8788 8418 8754 
6094 8341 8317 8345 1860 8467 8789 8757 8464 8788 8446 
6095 8341 1860 8345 1884 8464 8788 8757 8465 8754 1926 
6096 8317 8341 8345 4348 8467 8757 8789 8790 8427 8761 
6097 4344 4320 4348 8317 4386 4469 4460 8469 8790 8452 
6098 4344 8317 4348 8341 8469 8790 4460 8470 8761 8467 
6099 1876 1868 1877 8334 1997 2010 1954 8587 8375 8791 
6100 8325 8333 8334 1868 8751 8589 8792 8602 8791 8749 
6101 1868 1876 8333 8334 1997 8572 8749 8791 8589 8587 
6102 8333 8325 8334 4337 8751 8792 8589 8591 8384 8793 
6103 4328 4336 4337 8325 4457 4414 4470 8610 8793 8753 
6104 8325 8333 4336 4337 8751 8578 8753 8793 4414 8591 
6105 161 1829 1870 8327 2008 2011 2012 8794 8795 8796 
6106 8286 4185 8327 161 8784 8797 8798 8782 8794 4201 
6107 8286 161 8327 1829 8782 8794 8798 8445 8796 2008 
6108 4185 8286 8327 4330 8784 8798 8797 8799 8800 8801 
6109 4289 633 4330 4185 4468 4472 4471 8786 8799 4203 
6110 4289 4185 4330 8286 8786 8799 4471 8451 8801 8784 
6111 129 128 1868 8325 135 1973 1958 8603 8602 8659 
6112 3862 3863 8325 128 3878 8606 8661 3874 8659 3877 
6113 128 129 3863 8325 135 3879 3877 8659 8606 8603 
6114 3863 3862 8325 4328 3878 8661 8606 8611 8610 8663 
6115 616 617 4328 3862 623 4418 4433 3876 8663 3880 
6116 3862 3863 617 4328 3878 3881 3880 8663 4418 8611 
6117 130 129 1832 3863 136 1960 2006 3882 8607 3879 
6118 3863 3864 8289 130 3884 8775 8604 3882 8778 3883 
6119 3863 130 8289 1832 3882 8778 8604 8607 8608 2006 
6120 3864 3863 8289 617 3884 8604 8775 3885 8612 3881 
6121 617 618 4292 3864 624 4466 4420 3885 8781 3886 
6122 617 3864 4292 8289 3885 8781 4420 8612 8613 8775 
6123 332 333 1835 8292 339 2013 1991 8726 8625 8802 
6124 4227 4226 8292 332 4254 8727 8803 4253 8726 4250 
6125 4227 332 8292 333 4253 8726 8803 4255 8802 339 
6126 4226 4227 8292 4295 4254 8803 8727 8728 8631 8804 
6127 652 651 4295 4226 658 4451 4473 4256 8728 4252 
6128 652 4226 4295 4227 4256 8728 4473 4257 8804 4254 
6129 1868 1836 1877 8334 1972 2014 2010 8791 8375 8805 
6130 8293 8325 8334 1836 8662 8792 8806 8649 8805 8660 
6131 1836 1868 8325 8334 1972 8602 8660 8805 8792 8791 
6132 8325 8293 8334 4337 8662 8806 8792 8793 8384 8807 
6133 4296 4328 4337 8293 4432 4470 4474 8654 8807 8664 
6134 8293 8325 4328 4337 8662 8610 8664 8807 4470 8793 
6135 1837 131 1871 8328 2016 2015 1924 8459 8424 8808 
6136 3865 8294 8328 1837 8809 8457 8810 8811 8459 8460 
6137 3865 1837 8328 131 8811 8459 8810 3889 8808 2016 
6138 8294 3865 8328 4331 8809 8810 8457 8462 8430 8812 
6139 619 4297 4331 8294 4476 4384 4475 8813 8462 8463 
6140 619 8294 4331 3865 8813 8462 4475 3891 8812 8809 
6141 1862 1856 1896 8353 2018 1943 2017 8814 8538 8537 
6142 8313 8319 8353 1862 8815 8816 8541 8817 8814 8397 
6143 8313 1862 8353 1856 8817 8814 8541 8521 8537 2018 
6144 8319 8313 8353 4356 8815 8541 8816 8818 8546 8545 
6145 4316 4322 4356 8319 4478 4477 4403 8819 8818 8403 
6146 4316 8319 4356 8313 8819 8818 4403 8527 8545 8815 
6147 131 130 1871 8328 137 2005 2015 8808 8424 8773 
6148 3864 3865 8328 130 3888 8810 8776 3883 8773 3887 
6149 130 131 3865 8328 137 3889 3887 8773 8810 8808 
6150 3865 3864 8328 4331 3888 8776 8810 8812 8430 8779 
6151 618 619 4331 3864 625 4475 4465 3886 8779 3890 
6152 3864 3865 619 4331 3888 3891 3890 8779 4475 8812 
6153 160 161 1870 8327 167 2012 2019 8820 8795 8794 
6154 4185 4184 8327 160 4200 8821 8797 4199 8820 4196 
6155 4185 160 8327 161 4199 8820 8797 4201 8794 167 
6156 4184 4185 8327 4330 4200 8797 8821 8822 8800 8799 
6157 633 632 4330 4184 639 4479 4472 4202 8822 4198 
6158 633 4184 4330 4185 4202 8822 4472 4203 8799 4200 
6159 132 131 1837 3865 138 2016 2020 3892 8811 3889 
6160 3865 3866 8294 132 3894 8823 8809 3892 8824 3893 
6161 3865 132 8294 1837 3892 8824 8809 8811 8460 2020 
6162 3866 3865 8294 619 3894 8809 8823 3895 8813 3891 
6163 619 620 4297 3866 626 4480 4476 3895 8825 3896 
6164 619 3866 4297 8294 3895 8825 4476 8813 8463 8823 
6165 16 344 1865 8322 349 2021 2022 8826 8507 8827 
6166 4264 498 8322 16 4286 8828 8829 4285 8826 499 
6167 4264 16 8322 344 4285 8826 8829 4282 8827 349 
6168 498 4264 8322 4325 4286 8829 8828 8830 8513 8831 
6169 663 30 4325 498 668 4482 4481 4287 8830 500 
6170 663 498 4325 4264 4287 8830 4481 4284 8831 4286 
6171 1829 162 1884 8341 2007 2023 1925 8466 8465 8832 
6172 4186 8286 8341 162 8785 8468 8833 4206 8832 8783 
6173 162 1829 8286 8341 2007 8445 8783 8832 8468 8466 
6174 8286 4186 8341 4344 8785 8833 8468 8471 8470 8834 
6175 634 4289 4344 4186 4467 4385 4483 4208 8834 8787 
6176 4186 8286 4289 4344 8785 8451 8787 8834 4385 8471 
6177 1846 1849 1855 8306 2002 1977 2024 8768 8673 8522 
6178 8306 8303 8312 1846 8767 8835 8674 8768 8836 8769 
6179 8306 1846 8312 1855 8768 8836 8674 8673 8677 2024 
6180 8303 8306 8312 4309 8767 8674 8835 8771 8678 8528 
6181 4309 4306 4315 8303 4462 4484 4437 8771 8837 8772 
6182 4309 8303 4315 8312 8771 8837 4437 8678 8680 8835 
6183 1856 1859 1873 8330 1938 2025 1978 8683 8682 8838 
6184 8316 8313 8330 1856 8518 8685 8839 8514 8683 8521 
6185 8316 1856 8330 1859 8514 8683 8839 8515 8838 1938 
6186 8313 8316 8330 4333 8518 8839 8685 8688 8687 8840 
6187 4319 4316 4333 8313 4398 4438 4485 8523 8688 8527 
6188 4319 8313 4333 8316 8523 8688 4485 8524 8840 8518 
6189 1855 1856 1862 8313 1976 2018 2026 8676 8817 8521 
6190 8313 8312 8319 1855 8675 8841 8815 8676 8842 8677 
6191 8313 1855 8319 1862 8676 8842 8815 8817 8397 2026 
6192 8312 8313 8319 4316 8675 8815 8841 8679 8819 8527 
6193 4316 4315 4322 8312 4436 4486 4478 8679 8843 8680 
6194 4316 8312 4322 8319 8679 8843 4478 8819 8403 8841 
6195 1841 1839 1842 8296 2028 1922 2027 8844 8454 8410 
6196 8296 8298 8299 1841 8845 8846 8453 8844 8847 8382 
6197 8296 1841 8299 1842 8844 8847 8453 8454 8367 2027 
6198 8298 8296 8299 4299 8845 8453 8846 8848 8455 8415 
6199 4299 4301 4302 8298 4488 4487 4382 8848 8849 8388 
6200 4299 8298 4302 8299 8848 8849 4382 8455 8373 8846 
6201 1862 1830 1890 8347 1910 2029 2030 8850 8851 8852 
6202 8287 8319 8347 1830 8392 8853 8854 8396 8852 8395 
6203 1830 1862 8319 8347 1910 8397 8395 8852 8853 8850 
6204 8319 8287 8347 4350 8392 8854 8853 8855 8856 8857 
6205 4290 4322 4350 8287 4370 4490 4489 8402 8857 8401 
6206 8287 8319 4322 4350 8392 8403 8401 8857 4490 8855 
6207 159 160 1878 8335 166 2031 2032 8858 8741 8859 
6208 4184 4183 8335 159 4195 8860 8861 4194 8858 4191 
6209 4184 159 8335 160 4194 8858 8861 4196 8859 166 
6210 4183 4184 8335 4338 4195 8861 8860 8862 8744 8863 
6211 632 631 4338 4183 638 4492 4491 4197 8862 4193 
6212 632 4183 4338 4184 4197 8862 4491 4198 8863 4195 
6213 1831 1838 1839 8295 1985 1913 2033 8703 8409 8411 
6214 8295 8288 8296 1831 8705 8864 8406 8703 8865 8580 
6215 8295 1831 8296 1839 8703 8865 8406 8409 8410 2033 
6216 8288 8295 8296 4298 8705 8406 8864 8707 8414 8416 
6217 4298 4291 4299 8288 4445 4493 4373 8707 8866 8585 
6218 4298 8288 4299 8296 8707 8866 4373 8414 8415 8864 
6219 1836 127 1887 8344 1969 1933 2034 8867 8489 8496 
6220 3861 8293 8344 127 8652 8868 8497 3869 8496 8650 
6221 127 1836 8293 8344 1969 8649 8650 8496 8868 8867 
6222 8293 3861 8344 4347 8652 8497 8868 8869 8494 8498 
6223 615 4296 4347 3861 4429 4494 4393 3871 8498 8655 
6224 3861 8293 4296 4347 8652 8654 8655 8498 4494 8869 
6225 248 16 1900 8357 254 2035 2036 8870 8530 8871 
6226 498 3285 8357 16 3292 8872 8873 499 8871 3291 
6227 16 248 3285 8357 254 3293 3291 8871 8872 8870 
6228 3285 498 8357 4360 3292 8873 8872 8874 8535 8875 
6229 30 501 4360 498 507 4496 4495 500 8875 3294 
6230 498 3285 501 4360 3292 3295 3294 8875 4496 8874 
6231 251 250 1838 8295 257 2037 1984 8704 8411 8876 
6232 3287 3288 8295 250 3307 8706 8877 3303 8876 3306 
6233 250 251 3288 8295 257 3308 3306 8876 8706 8704 
6234 3288 3287 8295 4298 3307 8877 8706 8708 8416 8878 
6235 503 504 4298 3287 510 4444 4497 3305 8878 3309 
6236 3287 3288 504 4298 3307 3310 3309 8878 4444 8708 
6237 160 1870 1878 8335 2019 2038 2031 8859 8741 8879 
6238 8327 4184 8335 160 8821 8861 8880 8820 8859 4196 
6239 8327 160 8335 1870 8820 8859 8880 8795 8879 2019 
6240 4184 8327 8335 4338 8821 8880 8861 8863 8744 8881 
6241 4330 632 4338 4184 4479 4491 4498 8822 8863 4198 
6242 4330 4184 4338 8327 8822 8863 4498 8800 8881 8821 
6243 1858 1851 1860 8317 2041 2039 2040 8882 8446 8883 
6244 8308 8315 8317 1858 8884 8885 8886 8887 8882 8425 
6245 8308 1858 8317 1851 8887 8882 8886 8888 8883 2041 
6246 8315 8308 8317 4320 8884 8886 8885 8889 8452 8890 
6247 4311 4318 4320 8315 4501 4500 4499 8891 8889 8431 
6248 4311 8315 4320 8308 8891 8889 4499 8892 8890 8884 
6249 249 248 1828 8285 255 2042 2043 8893 8894 8895 
6250 3285 3286 8285 248 3297 8896 8897 3293 8895 3296 
6251 248 249 3286 8285 255 3298 3296 8895 8896 8893 
6252 3286 3285 8285 4288 3297 8897 8896 8898 8899 8900 
6253 501 502 4288 3285 508 4503 4502 3295 8900 3299 
6254 3285 3286 502 4288 3297 3300 3299 8900 4503 8898 
6255 1866 1834 1867 8324 2046 2044 2045 8901 8544 8902 
6256 8291 8323 8324 1866 8903 8904 8905 8906 8901 8907 
6257 8291 1866 8324 1834 8906 8901 8905 8666 8902 2046 
6258 8323 8291 8324 4327 8903 8905 8904 8908 8549 8909 
6259 4294 4326 4327 8323 4506 4505 4504 8910 8908 8911 
6260 4294 8323 4327 8291 8910 8908 4504 8671 8909 8903 
6261 1848 1851 1857 8308 2049 2047 2048 8912 8913 8888 
6262 8308 8305 8314 1848 8914 8915 8916 8912 8917 8918 
6263 8308 1848 8314 1857 8912 8917 8916 8913 8644 2048 
6264 8305 8308 8314 4311 8914 8916 8915 8919 8920 8892 
6265 4311 4308 4317 8305 4509 4508 4507 8919 8921 8922 
6266 4311 8305 4317 8314 8919 8921 4507 8920 8647 8915 
6267 1850 1847 1852 8309 2052 2050 2051 8923 8924 8925 
6268 8304 8307 8309 1850 8926 8927 8928 8929 8923 8930 
6269 8304 1850 8309 1847 8929 8923 8928 8931 8925 2052 
6270 8307 8304 8309 4312 8926 8928 8927 8932 8933 8934 
6271 4307 4310 4312 8307 4512 4511 4510 8935 8932 8936 
6272 4307 8307 4312 8304 8935 8932 4510 8937 8934 8926 
6273 1857 1851 1858 8308 2047 2041 2053 8913 8887 8888 
6274 8308 8314 8315 1857 8916 8938 8884 8913 8939 8644 
6275 8308 1857 8315 1858 8913 8939 8884 8887 8425 2053 
6276 8314 8308 8315 4311 8916 8884 8938 8920 8891 8892 
6277 4311 4317 4318 8314 4507 4513 4501 8920 8940 8647 
6278 4311 8314 4318 8315 8920 8940 4501 8891 8431 8938 
6279 1843 1842 1844 8299 2055 1928 2054 8941 8472 8367 
6280 8299 8300 8301 1843 8942 8943 8473 8941 8944 8945 
6281 8299 1843 8301 1844 8941 8944 8473 8472 8476 2054 
6282 8300 8299 8301 4302 8942 8473 8943 8946 8477 8373 
6283 4302 4303 4304 8300 4515 4514 4388 8946 8947 8948 
6284 4302 8300 4304 8301 8946 8947 4388 8477 8479 8943 
6285 1841 1842 1843 8299 2027 2055 2056 8847 8941 8367 
6286 8299 8298 8300 1841 8846 8949 8942 8847 8950 8382 
6287 8299 1841 8300 1843 8847 8950 8942 8941 8945 2056 
6288 8298 8299 8300 4302 8846 8942 8949 8849 8946 8373 
6289 4302 4301 4303 8298 4487 4516 4515 8849 8951 8388 
6290 4302 8298 4303 8300 8849 8951 4515 8946 8948 8949 
6291 1848 1857 1883 8340 2048 2057 2058 8952 8953 8954 
6292 8314 8305 8340 1848 8915 8955 8956 8917 8952 8918 
6293 8314 1848 8340 1857 8917 8952 8956 8644 8954 2048 
6294 8305 8314 8340 4343 8915 8956 8955 8957 8958 8959 
6295 4317 4308 4343 8305 4508 4518 4517 8921 8957 8922 
6296 4317 8305 4343 8314 8921 8957 4517 8647 8959 8915 
6297 1859 1861 1886 8343 1971 2059 2060 8960 8506 8961 
6298 8318 8316 8343 1859 8657 8962 8963 8656 8960 8515 
6299 8318 1859 8343 1861 8656 8960 8963 8366 8961 1971 
6300 8316 8318 8343 4346 8657 8963 8962 8964 8512 8965 
6301 4321 4319 4346 8316 4431 4520 4519 8658 8964 8524 
6302 4321 8316 4346 8318 8658 8964 4519 8372 8965 8657 
6303 1848 1850 1851 8308 2062 2061 2049 8912 8888 8966 
6304 8307 8305 8308 1848 8967 8914 8968 8969 8912 8918 
6305 8307 1848 8308 1850 8969 8912 8968 8930 8966 2062 
6306 8305 8307 8308 4311 8967 8968 8914 8919 8892 8970 
6307 4310 4308 4311 8305 4522 4509 4521 8971 8919 8922 
6308 4310 8305 4311 8307 8971 8919 4521 8936 8970 8967 
6309 1851 1850 1875 8332 2061 2063 2064 8972 8439 8973 
6310 8307 8308 8332 1850 8968 8974 8975 8930 8973 8966 
6311 1850 1851 8308 8332 2061 8888 8966 8973 8974 8972 
6312 8308 8307 8332 4335 8968 8975 8974 8976 8448 8977 
6313 4310 4311 4335 8307 4521 4524 4523 8936 8977 8970 
6314 8307 8308 4311 4335 8968 8892 8970 8977 4524 8976 
6315 20 328 1894 8351 334 2065 2066 8978 8979 8980 
6316 4222 644 8351 20 4229 8981 8982 4228 8978 645 
6317 4222 20 8351 328 4228 8978 8982 4230 8980 334 
6318 644 4222 8351 4354 4229 8982 8981 8983 8984 8985 
6319 647 37 4354 644 653 4526 4525 4231 8983 646 
6320 647 644 4354 4222 4231 8983 4525 4232 8985 4229 
6321 16 1865 1900 8357 2022 1941 2035 8871 8530 8529 
6322 8322 498 8357 16 8828 8873 8532 8826 8871 499 
6323 8322 16 8357 1865 8826 8871 8532 8507 8529 2022 
6324 498 8322 8357 4360 8828 8532 8873 8875 8535 8534 
6325 4325 30 4360 498 4482 4495 4401 8830 8875 500 
6326 4325 498 4360 8322 8830 8875 4401 8513 8534 8828 
6327 1860 1851 1875 8332 2039 2064 1919 8440 8439 8972 
6328 8308 8317 8332 1851 8886 8443 8974 8888 8972 8883 
6329 1851 1860 8317 8332 2039 8446 8883 8972 8443 8440 
6330 8317 8308 8332 4335 8886 8974 8443 8449 8448 8976 
6331 4311 4320 4335 8308 4499 4379 4524 8892 8976 8890 
6332 8308 8317 4320 4335 8886 8452 8890 8976 4379 8449 
6333 1833 1864 1873 8330 2069 2067 2068 8986 8682 8987 
6334 8321 8290 8330 1833 8988 8989 8990 8991 8986 8992 
6335 8321 1833 8330 1864 8991 8986 8990 8993 8987 2069 
6336 8290 8321 8330 4333 8988 8990 8989 8994 8687 8995 
6337 4324 4293 4333 8290 4529 4528 4527 8996 8994 8997 
6338 4324 8290 4333 8321 8996 8994 4527 8998 8995 8988 
6339 1850 1852 1854 8311 2051 2070 2071 8999 9000 9001 
6340 8309 8307 8311 1850 8927 9002 9003 8923 8999 8930 
6341 8309 1850 8311 1852 8923 8999 9003 8924 9001 2051 
6342 8307 8309 8311 4314 8927 9003 9002 9004 9005 9006 
6343 4312 4310 4314 8307 4511 4531 4530 8932 9004 8936 
6344 4312 8307 4314 8309 8932 9004 4530 8933 9006 8927 
6345 1850 1854 1875 8332 2071 2072 2063 8973 8439 9007 
6346 8311 8307 8332 1850 9002 8975 9008 8999 8973 8930 
6347 8311 1850 8332 1854 8999 8973 9008 9000 9007 2071 
6348 8307 8311 8332 4335 9002 9008 8975 8977 8448 9009 
6349 4314 4310 4335 8307 4531 4523 4532 9004 8977 8936 
6350 4314 8307 4335 8311 9004 8977 4532 9005 9009 9002 
6351 333 10 1893 8350 340 2073 2074 9010 9011 9012 
6352 628 4227 8350 333 4259 9013 9014 4258 9010 4255 
6353 628 333 8350 10 4258 9010 9014 629 9012 340 
6354 4227 628 8350 4353 4259 9014 9013 9015 9016 9017 
6355 36 652 4353 4227 659 4534 4533 4260 9015 4257 
6356 36 4227 4353 628 4260 9015 4533 630 9017 4259 
6357 1848 1847 1850 8304 2075 2052 2062 9018 8929 8931 
6358 8304 8305 8307 1848 9019 8967 8926 9018 8969 8918 
6359 8304 1848 8307 1850 9018 8969 8926 8929 8930 2062 
6360 8305 8304 8307 4307 9019 8926 8967 9020 8935 8937 
6361 4307 4308 4310 8305 4535 4522 4512 9020 8971 8922 
6362 4307 8305 4310 8307 9020 8971 4512 8935 8936 8967 
6363 250 249 1881 8338 256 2076 2077 9021 8551 9022 
6364 3286 3287 8338 249 3302 9023 9024 3298 9022 3301 
6365 249 250 3287 8338 256 3303 3301 9022 9023 9021 
6366 3287 3286 8338 4341 3302 9024 9023 9025 8556 9026 
6367 502 503 4341 3286 509 4537 4536 3300 9026 3304 
6368 3286 3287 503 4341 3302 3305 3304 9026 4537 9025 
6369 1832 1876 1889 8333 1998 1951 2078 8748 8570 8572 
6370 8333 8289 8346 1832 8750 9027 8567 8748 9028 8608 
6371 8333 1832 8346 1889 8748 9028 8567 8570 8571 2078 
6372 8289 8333 8346 4336 8750 8567 9027 8752 8576 8578 
6373 4336 4292 4349 8289 4458 4538 4411 8752 9029 8613 
6374 4336 8289 4349 8346 8752 9029 4411 8576 8577 9027 
6375 10 159 1893 8350 165 2079 2073 9012 9011 9030 
6376 4183 628 8350 10 4190 9014 9031 4189 9012 629 
6377 4183 10 8350 159 4189 9012 9031 4191 9030 165 
6378 628 4183 8350 4353 4190 9031 9014 9017 9016 9032 
6379 631 36 4353 628 637 4533 4539 4192 9017 630 
6380 631 628 4353 4183 4192 9017 4539 4193 9032 4190 
6381 1854 1852 1874 8331 2070 2080 2081 9033 8624 9034 
6382 8309 8311 8331 1852 9003 9035 9036 8924 9034 9001 
6383 1852 1854 8311 8331 2070 9000 9001 9034 9035 9033 
6384 8311 8309 8331 4334 9003 9036 9035 9037 8630 9038 
6385 4312 4314 4334 8309 4530 4541 4540 8933 9038 9006 
6386 8309 8311 4314 4334 9003 9005 9006 9038 4541 9037 
6387 1845 1844 1846 8301 2083 2003 2082 9039 8765 8476 
6388 8301 8302 8303 1845 9040 9041 8766 9039 9042 9043 
6389 8301 1845 8303 1846 9039 9042 8766 8765 8769 2082 
6390 8302 8301 8303 4304 9040 8766 9041 9044 8770 8479 
6391 4304 4305 4306 8302 4543 4542 4463 9044 9045 9046 
6392 4304 8302 4306 8303 9044 9045 4463 8770 8772 9041 
6393 328 1834 1894 8351 1975 2084 2065 8980 8979 9047 
6394 8291 4222 8351 328 8668 8982 9048 8665 8980 4230 
6395 8291 328 8351 1834 8665 8980 9048 8666 9047 1975 
6396 4222 8291 8351 4354 8668 9048 8982 8985 8984 9049 
6397 4294 647 4354 4222 4435 4525 4544 8670 8985 4232 
6398 4294 4222 4354 8291 8670 8985 4544 8671 9049 8668 
6399 163 164 1882 8339 170 2085 2086 9050 8760 9051 
6400 4188 4187 8339 163 4215 9052 9053 4214 9050 4210 
6401 4188 163 8339 164 4214 9050 9053 4216 9051 170 
6402 4187 4188 8339 4342 4215 9053 9052 9054 8764 9055 
6403 636 635 4342 4187 642 4546 4545 4217 9054 4213 
6404 636 4187 4342 4188 4217 9054 4545 4218 9055 4215 
6405 1843 1844 1845 8301 2054 2083 2087 8944 9039 8476 
6406 8301 8300 8302 1843 8943 9056 9040 8944 9057 8945 
6407 8301 1843 8302 1845 8944 9057 9040 9039 9043 2087 
6408 8300 8301 8302 4304 8943 9040 9056 8947 9044 8479 
6409 4304 4303 4305 8300 4514 4547 4543 8947 9058 8948 
6410 4304 8300 4305 8302 8947 9058 4543 9044 9046 9056 
6411 1845 1847 1848 8304 2089 2075 2088 9059 9018 8931 
6412 8304 8302 8305 1845 9060 9061 9019 9059 9062 9043 
6413 8304 1845 8305 1848 9059 9062 9019 9018 8918 2088 
6414 8302 8304 8305 4307 9060 9019 9061 9063 9020 8937 
6415 4307 4305 4308 8302 4549 4548 4535 9063 9064 9046 
6416 4307 8302 4308 8305 9063 9064 4535 9020 8922 9061 
6417 1845 1846 1847 8304 2082 2090 2089 9059 8931 9065 
6418 8303 8302 8304 1845 9041 9060 9066 9042 9059 9043 
6419 8303 1845 8304 1846 9042 9059 9066 8769 9065 2082 
6420 8302 8303 8304 4307 9041 9066 9060 9063 8937 9067 
6421 4306 4305 4307 8302 4542 4549 4550 9045 9063 9046 
6422 4306 8302 4307 8303 9045 9063 4550 8772 9067 9041 
6423 163 1882 1884 8339 2086 2001 2091 9050 8759 8760 
6424 8339 4187 8341 163 9052 9068 8756 9050 9069 4210 
6425 8339 163 8341 1884 9050 9069 8756 8759 8465 2091 
6426 4187 8339 8341 4342 9052 8756 9068 9054 8763 8764 
6427 4342 635 4344 4187 4546 4551 4461 9054 9070 4213 
6428 4342 4187 4344 8341 9054 9070 4461 8763 8470 9068 
6429 1838 250 1881 8338 2037 2077 1945 8552 8551 9021 
6430 3287 8295 8338 250 8877 8554 9023 3303 9021 8876 
6431 250 1838 8295 8338 2037 8411 8876 9021 8554 8552 
6432 8295 3287 8338 4341 8877 9023 8554 8557 8556 9025 
6433 503 4298 4341 3287 4497 4405 4537 3305 9025 8878 
6434 3287 8295 4298 4341 8877 8416 8878 9025 4405 8557 
6435 1834 1866 1894 8351 2046 2092 2084 9047 8979 9071 
6436 8323 8291 8351 1866 8903 9048 9072 8907 9071 8906 
6437 1866 1834 8291 8351 2046 8666 8906 9071 9048 9047 
6438 8291 8323 8351 4354 8903 9072 9048 9049 8984 9073 
6439 4326 4294 4354 8323 4506 4544 4552 8911 9073 8910 
6440 8323 8291 4294 4354 8903 8671 8910 9073 4544 9049 
6441 249 1828 1881 8338 2043 2093 2076 9022 8551 9074 
6442 8285 3286 8338 249 8896 9024 9075 8893 9022 3298 
6443 8285 249 8338 1828 8893 9022 9075 8894 9074 2043 
6444 3286 8285 8338 4341 8896 9075 9024 9026 8556 9076 
6445 4288 502 4341 3286 4503 4536 4553 8898 9026 3300 
6446 4288 3286 4341 8285 8898 9026 4553 8899 9076 8896 
6447 341 20 1894 8351 345 2066 2094 9077 8979 8978 
6448 644 4261 8351 341 4266 9078 8981 4265 9077 4267 
6449 644 341 8351 20 4265 9077 8981 645 8978 345 
6450 4261 644 8351 4354 4266 8981 9078 9079 8984 8983 
6451 37 660 4354 4261 664 4554 4526 4268 9079 4269 
6452 37 4261 4354 644 4268 9079 4526 646 8983 4266 
6453 1841 1843 1853 8310 2056 2095 1930 8483 8484 9080 
6454 8300 8298 8310 1841 8949 8481 9081 8950 8483 8382 
6455 8300 1841 8310 1843 8950 8483 9081 8945 9080 2056 
6456 8298 8300 8310 4313 8949 9081 8481 8486 8487 9082 
6457 4303 4301 4313 8298 4516 4390 4555 8951 8486 8388 
6458 4303 8298 4313 8300 8951 8486 4555 8948 9082 8949 
6459 1830 1885 1890 8347 1993 2096 2029 8852 8851 9083 
6460 8342 8287 8347 1830 8732 8854 9084 8729 8852 8396 
6461 8342 1830 8347 1885 8729 8852 9084 8730 9083 1993 
6462 8287 8342 8347 4350 8732 9084 8854 8857 8856 9085 
6463 4345 4290 4350 8287 4453 4489 4556 8734 8857 8402 
6464 4345 8287 4350 8342 8734 8857 4556 8735 9085 8732 
6465 1852 1847 1879 8336 2050 2097 2098 9086 9087 9088 
6466 8304 8309 8336 1847 8928 9089 9090 8931 9088 8925 
6467 1847 1852 8309 8336 2050 8924 8925 9088 9089 9086 
6468 8309 8304 8336 4339 8928 9090 9089 9091 9092 9093 
6469 4307 4312 4339 8304 4510 4558 4557 8937 9093 8934 
6470 8304 8309 4312 4339 8928 8933 8934 9093 4558 9091 
6471 162 163 1884 8341 169 2091 2023 8832 8465 9069 
6472 4187 4186 8341 163 4211 8833 9068 4210 9069 4209 
6473 163 162 4186 8341 169 4206 4209 9069 8833 8832 
6474 4186 4187 8341 4344 4211 9068 8833 8834 8470 9070 
6475 635 634 4344 4187 641 4483 4551 4213 9070 4212 
6476 4187 4186 634 4344 4211 4208 4212 9070 4483 8834 
6477 1846 1855 1879 8336 2024 2099 2100 9094 9087 9095 
6478 8312 8303 8336 1846 8835 9096 9097 8836 9094 8769 
6479 8312 1846 8336 1855 8836 9094 9097 8677 9095 2024 
6480 8303 8312 8336 4339 8835 9097 9096 9098 9092 9099 
6481 4315 4306 4339 8303 4484 4560 4559 8837 9098 8772 
6482 4315 8303 4339 8312 8837 9098 4559 8680 9099 8835 
6483 1840 1839 1841 8296 2101 2028 1907 9100 8844 8410 
6484 8296 8297 8298 1840 9101 8377 8845 9100 8380 8381 
6485 8296 1840 8298 1841 9100 8380 8845 8844 8382 1907 
6486 8297 8296 8298 4299 9101 8845 8377 9102 8848 8415 
6487 4299 4300 4301 8297 4561 4367 4488 9102 8386 8387 
6488 4299 8297 4301 8298 9102 8386 4488 8848 8388 8377 
6489 164 8 1895 8352 171 2102 2103 9103 9104 9105 
6490 593 4188 8352 164 4220 9106 9107 4219 9103 4216 
6491 593 164 8352 8 4219 9103 9107 594 9105 171 
6492 4188 593 8352 4355 4220 9107 9106 9108 9109 9110 
6493 35 636 4355 4188 643 4563 4562 4221 9108 4218 
6494 35 4188 4355 593 4221 9108 4562 595 9110 4220 
6495 8 132 1895 8352 139 2104 2102 9105 9104 9111 
6496 3866 593 8352 132 3898 9107 9112 3893 9111 3897 
6497 132 8 593 8352 139 594 3897 9111 9107 9105 
6498 593 3866 8352 4355 3898 9112 9107 9110 9109 9113 
6499 620 35 4355 3866 627 4562 4564 3896 9113 3899 
6500 3866 593 35 4355 3898 595 3899 9113 4562 9110 
6501 1874 1852 1885 8342 2080 2105 2106 9114 8730 9115 
6502 8309 8331 8342 1852 9036 9116 9117 8924 9115 9034 
6503 1852 1874 8331 8342 2080 8624 9034 9115 9116 9114 
6504 8331 8309 8342 4345 9036 9117 9116 9118 8735 9119 
6505 4312 4334 4345 8309 4540 4566 4565 8933 9119 9038 
6506 8309 8331 4334 4345 9036 8630 9038 9119 4566 9118 
6507 1847 1846 1879 8336 2090 2100 2097 9088 9087 9094 
6508 8303 8304 8336 1846 9066 9090 9096 8769 9094 9065 
6509 1846 1847 8304 8336 2090 8931 9065 9094 9090 9088 
6510 8304 8303 8336 4339 9066 9096 9090 9093 9092 9098 
6511 4306 4307 4339 8303 4550 4557 4560 8772 9098 9067 
6512 8303 8304 4307 4339 9066 8937 9067 9098 4557 9093 
6513 252 1831 1872 8329 1953 2107 1982 8697 8696 9120 
6514 8288 3289 8329 252 8582 8699 9121 8579 8697 3313 
6515 8288 252 8329 1831 8579 8697 9121 8580 9120 1953 
6516 3289 8288 8329 4332 8582 9121 8699 8702 8701 9122 
6517 4291 505 4332 3289 4413 4442 4567 8584 8702 3315 
6518 4291 3289 4332 8288 8584 8702 4567 8585 9122 8582 
6519 1869 1874 1885 8342 1988 2106 1992 8731 8730 9114 
6520 8331 8326 8342 1869 8719 8733 9116 8720 8731 8633 
6521 8331 1869 8342 1874 8720 8731 9116 8624 9114 1988 
6522 8326 8331 8342 4345 8719 9116 8733 8736 8735 9118 
6523 4334 4329 4345 8326 4448 4452 4566 8722 8736 8638 
6524 4334 8326 4345 8331 8722 8736 4566 8630 9118 8719 
6525 1831 1839 1840 8296 2033 2101 2108 8865 9100 8410 
6526 8296 8288 8297 1831 8864 9123 9101 8865 9124 8580 
6527 8296 1831 8297 1840 8865 9124 9101 9100 8381 2108 
6528 8288 8296 8297 4299 8864 9101 9123 8866 9102 8415 
6529 4299 4291 4300 8288 4493 4568 4561 8866 9125 8585 
6530 4299 8288 4300 8297 8866 9125 4561 9102 8387 9123 
6531 344 343 1833 8290 348 2109 2110 9126 8992 9127 
6532 4263 4264 8290 344 4281 9128 9129 4280 9126 4282 
6533 4263 344 8290 343 4280 9126 9129 4277 9127 348 
6534 4264 4263 8290 4293 4281 9129 9128 9130 8997 9131 
6535 662 663 4293 4264 667 4570 4569 4283 9130 4284 
6536 662 4264 4293 4263 4283 9130 4569 4279 9131 4281 
6537 342 341 1866 8323 346 2111 2112 9132 8907 9133 
6538 4261 4262 8323 342 4271 9134 9135 4270 9132 4272 
6539 4261 342 8323 341 4270 9132 9135 4267 9133 346 
6540 4262 4261 8323 4326 4271 9135 9134 9136 8911 9137 
6541 660 661 4326 4262 665 4572 4571 4273 9136 4274 
6542 660 4262 4326 4261 4273 9136 4571 4269 9137 4271 
6543 1871 1832 1889 8346 2004 2078 1980 8690 8571 9028 
6544 8289 8328 8346 1832 8777 8692 9027 8608 9028 8774 
6545 1832 1871 8328 8346 2004 8424 8774 9028 8692 8690 
6546 8328 8289 8346 4349 8777 9027 8692 8694 8577 9029 
6547 4292 4331 4349 8289 4464 4440 4538 8613 9029 8780 
6548 8289 8328 4331 4349 8777 8430 8780 9029 4440 8694 
6549 343 342 1864 8321 347 2113 2114 9138 8993 9139 
6550 4262 4263 8321 343 4276 9140 9141 4275 9138 4277 
6551 4262 343 8321 342 4275 9138 9141 4272 9139 347 
6552 4263 4262 8321 4324 4276 9141 9140 9142 8998 9143 
6553 661 662 4324 4263 666 4574 4573 4278 9142 4279 
6554 661 4263 4324 4262 4278 9142 4573 4274 9143 4276 
6555 1886 1828 1900 8357 2116 2115 1940 8531 8530 9144 
6556 8285 8343 8357 1886 9145 8533 9146 9147 8531 8506 
6557 8285 1886 8357 1828 9147 8531 9146 8894 9144 2116 
6558 8343 8285 8357 4360 9145 9146 8533 8536 8535 9148 
6559 4288 4346 4360 8343 4576 4400 4575 9149 8536 8512 
6560 4288 8343 4360 8285 9149 8536 4575 8899 9148 9145 
6561 1864 1867 1873 8330 2117 1979 2067 8987 8682 8681 
6562 8324 8321 8330 1864 9150 8990 8684 9151 8987 8993 
6563 8324 1864 8330 1867 9151 8987 8684 8544 8681 2117 
6564 8321 8324 8330 4333 9150 8684 8990 8995 8687 8686 
6565 4327 4324 4333 8321 4577 4527 4439 9152 8995 8998 
6566 4327 8321 4333 8324 9152 8995 4439 8549 8686 9150 
6567 1834 329 1880 8337 1974 1996 2118 9153 8390 8745 
6568 4223 8291 8337 329 8669 9154 8746 4235 8745 8667 
6569 329 1834 8291 8337 1974 8666 8667 8745 9154 9153 
6570 8291 4223 8337 4340 8669 8746 9154 9155 8399 8747 
6571 648 4294 4340 4223 4434 4578 4456 4237 8747 8672 
6572 4223 8291 4294 4340 8669 8671 8672 8747 4578 9155 
6573 1845 1848 1883 8340 2088 2058 2119 9156 8953 8952 
6574 8305 8302 8340 1845 9061 9157 8955 9062 9156 9043 
6575 8305 1845 8340 1848 9062 9156 8955 8918 8952 2088 
6576 8302 8305 8340 4343 9061 8955 9157 9158 8958 8957 
6577 4308 4305 4343 8302 4548 4579 4518 9064 9158 9046 
6578 4308 8302 4343 8305 9064 9158 4518 8922 8957 9061 
6579 344 1833 1865 8322 2110 2120 2021 8827 8507 9159 
6580 8290 4264 8322 344 9128 8829 9160 9126 8827 4282 
6581 8290 344 8322 1833 9126 8827 9160 8992 9159 2110 
6582 4264 8290 8322 4325 9128 9160 8829 8831 8513 9161 
6583 4293 663 4325 4264 4570 4481 4580 9130 8831 4284 
6584 4293 4264 4325 8290 9130 8831 4580 8997 9161 9128 
6585 1843 1845 1883 8340 2087 2119 2121 9162 8953 9156 
6586 8302 8300 8340 1843 9056 9163 9157 9057 9162 8945 
6587 8302 1843 8340 1845 9057 9162 9157 9043 9156 2087 
6588 8300 8302 8340 4343 9056 9157 9163 9164 8958 9158 
6589 4305 4303 4343 8300 4547 4581 4579 9058 9164 8948 
6590 4305 8300 4343 8302 9058 9164 4579 9046 9158 9056 
6591 1859 1886 1898 8355 2060 1935 2122 9165 8500 8499 
6592 8343 8316 8355 1859 8962 9166 8503 8960 9165 8515 
6593 8343 1859 8355 1886 8960 9165 8503 8506 8499 2060 
6594 8316 8343 8355 4358 8962 8503 9166 9167 8509 8508 
6595 4346 4319 4358 8316 4520 4582 4395 8964 9167 8524 
6596 4346 8316 4358 8343 8964 9167 4395 8512 8508 8962 
6597 1852 1879 1885 8342 2098 2123 2105 9115 8730 9168 
6598 8336 8309 8342 1852 9089 9117 9169 9086 9115 8924 
6599 8336 1852 8342 1879 9086 9115 9169 9087 9168 2098 
6600 8309 8336 8342 4345 9089 9169 9117 9119 8735 9170 
6601 4339 4312 4345 8309 4558 4565 4583 9091 9119 8933 
6602 4339 8309 4345 8336 9091 9119 4583 9092 9170 9089 
6603 1833 343 1864 8321 2109 2114 2069 8991 8993 9138 
6604 4263 8290 8321 343 9129 8988 9140 4277 9138 9127 
6605 343 1833 8290 8321 2109 8992 9127 9138 8988 8991 
6606 8290 4263 8321 4324 9129 9140 8988 8996 8998 9142 
6607 662 4293 4324 4263 4569 4529 4574 4279 9142 9131 
6608 4263 8290 4293 4324 9129 8997 9131 9142 4529 8996 
6609 1864 342 1866 8323 2113 2112 2124 9171 8907 9132 
6610 4262 8321 8323 342 9141 9172 9134 4272 9132 9139 
6611 342 1864 8321 8323 2113 8993 9139 9132 9172 9171 
6612 8321 4262 8323 4326 9141 9134 9172 9173 8911 9136 
6613 661 4324 4326 4262 4573 4584 4572 4274 9136 9143 
6614 4262 8321 4324 4326 9141 8998 9143 9136 4584 9173 
6615 1885 1879 1890 8347 2123 2125 2096 9083 8851 9174 
6616 8336 8342 8347 1879 9169 9084 9175 9087 9174 9168 
6617 1879 1885 8342 8347 2123 8730 9168 9174 9084 9083 
6618 8342 8336 8347 4350 9169 9175 9084 9085 8856 9176 
6619 4339 4345 4350 8336 4583 4556 4585 9092 9176 9170 
6620 8336 8342 4345 4350 9169 8735 9170 9176 4556 9085 
6621 1831 1840 1872 8329 2108 2126 2107 9120 8696 9177 
6622 8297 8288 8329 1831 9123 9121 9178 9124 9120 8580 
6623 8297 1831 8329 1840 9124 9120 9178 8381 9177 2108 
6624 8288 8297 8329 4332 9123 9178 9121 9122 8701 9179 
6625 4300 4291 4332 8288 4568 4567 4586 9125 9122 8585 
6626 4300 8288 4332 8297 9125 9122 4586 8387 9179 9123 
6627 1853 1843 1883 8340 2095 2121 2127 9180 8953 9162 
6628 8300 8310 8340 1843 9081 9181 9163 8945 9162 9080 
6629 1843 1853 8310 8340 2095 8484 9080 9162 9181 9180 
6630 8310 8300 8340 4343 9081 9163 9181 9182 8958 9164 
6631 4303 4313 4343 8300 4555 4587 4581 8948 9164 9082 
6632 8300 8310 4313 4343 9081 8487 9082 9164 4587 9182 
6633 1864 1866 1867 8324 2124 2045 2117 9151 8544 8901 
6634 8323 8321 8324 1864 9172 9150 8904 9171 9151 8993 
6635 8323 1864 8324 1866 9171 9151 8904 8907 8901 2124 
6636 8321 8323 8324 4327 9172 8904 9150 9152 8549 8908 
6637 4326 4324 4327 8321 4584 4577 4505 9173 9152 8998 
6638 4326 8321 4327 8323 9173 9152 4505 8911 8908 9172 
6639 253 1872 1887 8344 1983 2128 1931 8490 8489 9183 
6640 8329 3290 8344 253 8698 8492 9184 8695 8490 3318 
6641 8329 253 8344 1872 8695 8490 9184 8696 9183 1983 
6642 3290 8329 8344 4347 8698 9184 8492 8495 8494 9185 
6643 4332 506 4347 3290 4443 4391 4588 8700 8495 3320 
6644 4332 3290 4347 8329 8700 8495 4588 8701 9185 8698 
6645 1829 1875 1897 8354 1920 2129 2130 9186 9187 9188 
6646 8332 8286 8354 1829 8442 9189 9190 8438 9186 8445 
6647 8332 1829 8354 1875 8438 9186 9190 8439 9188 1920 
6648 8286 8332 8354 4357 8442 9190 9189 9191 9192 9193 
6649 4335 4289 4357 8286 4380 4590 4589 8447 9191 8451 
6650 4335 8286 4357 8332 8447 9191 4589 8448 9193 8442 
6651 1882 1837 1888 8345 2131 1923 1999 8755 8418 8456 
6652 8294 8339 8345 1882 9194 8758 8458 9195 8755 8760 
6653 8294 1882 8345 1837 9195 8755 8458 8460 8456 2131 
6654 8339 8294 8345 4348 9194 8458 8758 8762 8427 8461 
6655 4297 4342 4348 8339 4591 4459 4383 9196 8762 8764 
6656 4297 8339 4348 8294 9196 8762 4383 8463 8461 9194 
6657 1858 1860 1888 8345 2040 2009 1914 8419 8418 8788 
6658 8317 8315 8345 1858 8885 8422 8789 8882 8419 8425 
6659 8317 1858 8345 1860 8882 8419 8789 8446 8788 2040 
6660 8315 8317 8345 4348 8885 8789 8422 8428 8427 8790 
6661 4320 4318 4348 8315 4500 4374 4469 8889 8428 8431 
6662 4320 8315 4348 8317 8889 8428 4469 8452 8790 8885 
6663 1857 1858 1889 8346 2053 1981 1968 8643 8571 8689 
6664 8315 8314 8346 1857 8938 8641 8691 8939 8643 8644 
6665 8315 1857 8346 1858 8939 8643 8691 8425 8689 2053 
6666 8314 8315 8346 4349 8938 8691 8641 8646 8577 8693 
6667 4318 4317 4349 8314 4513 4428 4441 8940 8646 8647 
6668 4318 8314 4349 8315 8940 8646 4441 8431 8693 8938 
6669 1877 1836 1892 8349 2014 2132 1956 8595 8594 9197 
6670 8293 8334 8349 1836 8806 8597 9198 8649 9197 8805 
6671 1836 1877 8334 8349 2014 8375 8805 9197 8597 8595 
6672 8334 8293 8349 4352 8806 9198 8597 8600 8599 9199 
6673 4296 4337 4352 8293 4474 4416 4592 8654 9199 8807 
6674 8293 8334 4337 4352 8806 8384 8807 9199 4416 8600 
6675 1881 1828 1899 8356 2093 2133 2134 9200 8710 9201 
6676 8285 8338 8356 1828 9075 9202 9203 8894 9201 9074 
6677 1828 1881 8338 8356 2093 8551 9074 9201 9202 9200 
6678 8338 8285 8356 4359 9075 9203 9202 9204 8715 9205 
6679 4288 4341 4359 8285 4553 4594 4593 8899 9205 9076 
6680 8285 8338 4341 4359 9075 8556 9076 9205 4594 9204 
6681 1835 333 1893 8350 2013 2074 2135 9206 9011 9010 
6682 4227 8292 8350 333 8803 9207 9013 4255 9010 8802 
6683 333 1835 8292 8350 2013 8625 8802 9010 9207 9206 
6684 8292 4227 8350 4353 8803 9013 9207 9208 9016 9015 
6685 652 4295 4353 4227 4473 4595 4534 4257 9015 8804 
6686 4227 8292 4295 4353 8803 8631 8804 9015 4595 9208 
6687 1879 1855 1890 8347 2099 2136 2125 9174 8851 9209 
6688 8312 8336 8347 1855 9097 9175 9210 8677 9209 9095 
6689 1855 1879 8336 8347 2099 9087 9095 9209 9175 9174 
6690 8336 8312 8347 4350 9097 9210 9175 9176 8856 9211 
6691 4315 4339 4350 8312 4559 4585 4596 8680 9211 9099 
6692 8312 8336 4339 4350 9097 9092 9099 9211 4585 9176 
6693 1886 1861 1899 8356 2059 1987 2137 9212 8710 8709 
6694 8318 8343 8356 1861 8963 9213 8712 8366 8709 8961 
6695 1861 1886 8343 8356 2059 8506 8961 8709 9213 9212 
6696 8343 8318 8356 4359 8963 8712 9213 9214 8715 8714 
6697 4321 4346 4359 8318 4519 4597 4447 8372 8714 8965 
6698 8318 8343 4346 4359 8963 8512 8965 8714 4597 9214 
6699 1833 1873 1898 8355 2068 2138 2139 9215 8500 9216 
6700 8330 8290 8355 1833 8989 9217 9218 8986 9215 8992 
6701 8330 1833 8355 1873 8986 9215 9218 8682 9216 2068 
6702 8290 8330 8355 4358 8989 9218 9217 9219 8509 9220 
6703 4333 4293 4358 8290 4528 4599 4598 8994 9219 8997 
6704 4333 8290 4358 8330 8994 9219 4598 8687 9220 8989 
6705 1870 1829 1897 8354 2011 2130 2140 9221 9187 9186 
6706 8286 8327 8354 1829 8798 9222 9189 8445 9186 8796 
6707 1829 1870 8327 8354 2011 8795 8796 9186 9222 9221 
6708 8327 8286 8354 4357 8798 9189 9222 9223 9192 9191 
6709 4289 4330 4357 8286 4471 4600 4590 8451 9191 8801 
6710 8286 8327 4330 4357 8798 8800 8801 9191 4600 9223 
6711 1878 1870 1891 8348 2038 2141 1994 8737 8618 9224 
6712 8327 8335 8348 1870 8880 8739 9225 8795 9224 8879 
6713 1870 1878 8335 8348 2038 8741 8879 9224 8739 8737 
6714 8335 8327 8348 4351 8880 9225 8739 8742 8627 9226 
6715 4330 4338 4351 8327 4498 4454 4601 8800 9226 8881 
6716 8327 8335 4338 4351 8880 8744 8881 9226 4454 8742 
6717 1883 1857 1901 8358 2057 1967 2142 9227 8565 8640 
6718 8314 8340 8358 1857 8956 9228 8642 8644 8640 8954 
6719 1857 1883 8340 8358 2057 8953 8954 8640 9228 9227 
6720 8340 8314 8358 4361 8956 8642 9228 9229 8574 8645 
6721 4317 4343 4361 8314 4517 4602 4427 8647 8645 8959 
6722 8314 8340 4343 4361 8956 8958 8959 8645 4602 9229 
6723 1876 1853 1901 8358 1955 2143 1949 8566 8565 9230 
6724 8310 8333 8358 1853 8588 8569 9231 8484 9230 8590 
6725 1853 1876 8333 8358 1955 8572 8590 9230 8569 8566 
6726 8333 8310 8358 4361 8588 9231 8569 8575 8574 9232 
6727 4313 4336 4361 8310 4415 4409 4603 8487 9232 8592 
6728 8310 8333 4336 4361 8588 8578 8592 9232 4409 8575 
6729 159 1878 1893 8350 2032 2144 2079 9030 9011 9233 
6730 8335 4183 8350 159 8860 9031 9234 8858 9030 4191 
6731 8335 159 8350 1878 8858 9030 9234 8741 9233 2032 
6732 4183 8335 8350 4353 8860 9234 9031 9032 9016 9235 
6733 4338 631 4353 4183 4492 4539 4604 8862 9032 4193 
6734 4338 4183 4353 8335 8862 9032 4604 8744 9235 8860 
6735 1863 1881 1899 8356 1946 2134 1986 8711 8710 9200 
6736 8338 8320 8356 1863 8553 8713 9202 8550 8711 8360 
6737 8338 1863 8356 1881 8550 8711 9202 8551 9200 1946 
6738 8320 8338 8356 4359 8553 9202 8713 8716 8715 9204 
6739 4341 4323 4359 8320 4406 4446 4594 8555 8716 8369 
6740 4341 8320 4359 8338 8555 8716 4594 8556 9204 8553 
6741 132 1837 1895 8352 2020 2145 2104 9111 9104 9236 
6742 8294 3866 8352 132 8823 9112 9237 8824 9111 3893 
6743 8294 132 8352 1837 8824 9111 9237 8460 9236 2020 
6744 3866 8294 8352 4355 8823 9237 9112 9113 9109 9238 
6745 4297 620 4355 3866 4480 4564 4605 8825 9113 3896 
6746 4297 3866 4355 8294 8825 9113 4605 8463 9238 8823 
6747 1855 1862 1890 8347 2026 2030 2136 9209 8851 8850 
6748 8319 8312 8347 1855 8841 9210 8853 8842 9209 8677 
6749 8319 1855 8347 1862 8842 9209 8853 8397 8850 2026 
6750 8312 8319 8347 4350 8841 8853 9210 9211 8856 8855 
6751 4322 4315 4350 8312 4486 4596 4490 8843 9211 8680 
6752 4322 8312 4350 8319 8843 9211 4490 8403 8855 8841 
6753 1873 1859 1898 8355 2025 2122 2138 9216 8500 9165 
6754 8316 8330 8355 1859 8839 9218 9166 8515 9165 8838 
6755 1859 1873 8330 8355 2025 8682 8838 9165 9218 9216 
6756 8330 8316 8355 4358 8839 9166 9218 9220 8509 9167 
6757 4319 4333 4358 8316 4485 4598 4582 8524 9167 8840 
6758 8316 8330 4333 4358 8839 8687 8840 9167 4598 9220 
6759 1854 1874 1891 8348 2081 1963 2146 9239 8618 8617 
6760 8331 8311 8348 1854 9035 9240 8621 9033 9239 9000 
6761 8331 1854 8348 1874 9033 9239 8621 8624 8617 2081 
6762 8311 8331 8348 4351 9035 8621 9240 9241 8627 8626 
6763 4334 4314 4351 8311 4541 4606 4423 9037 9241 9005 
6764 4334 8311 4351 8331 9037 9241 4423 8630 8626 9035 
6765 1878 1835 1893 8350 1995 2135 2144 9233 9011 9206 
6766 8292 8335 8350 1835 8738 9234 9207 8625 9206 8740 
6767 1835 1878 8335 8350 1995 8741 8740 9206 9234 9233 
6768 8335 8292 8350 4353 8738 9207 9234 9235 9016 9208 
6769 4295 4338 4353 8292 4455 4604 4595 8631 9208 8743 
6770 8292 8335 4338 4353 8738 8744 8743 9208 4604 9235 
6771 1854 1891 1897 8354 2146 2147 2148 9242 9187 9243 
6772 8348 8311 8354 1854 9240 9244 9245 9239 9242 9000 
6773 8348 1854 8354 1891 9239 9242 9245 8618 9243 2146 
6774 8311 8348 8354 4357 9240 9245 9244 9246 9192 9247 
6775 4351 4314 4357 8311 4606 4608 4607 9241 9246 9005 
6776 4351 8311 4357 8348 9241 9246 4607 8627 9247 9240 
6777 1837 1882 1895 8352 2131 2149 2145 9236 9104 9248 
6778 8339 8294 8352 1882 9194 9237 9249 8760 9248 9195 
6779 1882 1837 8294 8352 2131 8460 9195 9248 9237 9236 
6780 8294 8339 8352 4355 9194 9249 9237 9238 9109 9250 
6781 4342 4297 4355 8339 4591 4605 4609 8764 9250 9196 
6782 8339 8294 4297 4355 9194 8463 9196 9250 4605 9238 
6783 1882 164 1895 8352 2085 2103 2149 9248 9104 9103 
6784 4188 8339 8352 164 9053 9249 9106 4216 9103 9051 
6785 164 1882 8339 8352 2085 8760 9051 9103 9249 9248 
6786 8339 4188 8352 4355 9053 9106 9249 9250 9109 9108 
6787 636 4342 4355 4188 4545 4609 4563 4218 9108 9055 
6788 4188 8339 4342 4355 9053 8764 9055 9108 4609 9250 
6789 1891 1870 1897 8354 2141 2140 2147 9243 9187 9221 
6790 8327 8348 8354 1870 9225 9245 9222 8795 9221 9224 
6791 1870 1891 8348 8354 2141 8618 9224 9221 9245 9243 
6792 8348 8327 8354 4357 9225 9222 9245 9247 9192 9223 
6793 4330 4351 4357 8327 4601 4607 4600 8800 9223 9226 
6794 8327 8348 4351 4357 9225 8627 9226 9223 4607 9247 
6795 1887 1872 1892 8349 2128 2150 2151 9251 8594 9252 
6796 8329 8344 8349 1872 9184 9253 9254 8696 9252 9183 
6797 1872 1887 8344 8349 2128 8489 9183 9252 9253 9251 
6798 8344 8329 8349 4352 9184 9254 9253 9255 8599 9256 
6799 4332 4347 4352 8329 4588 4611 4610 8701 9256 9185 
6800 8329 8344 4347 4352 9184 8494 9185 9256 4611 9255 
6801 1867 1834 1896 8353 2044 2152 1942 8539 8538 9257 
6802 8291 8324 8353 1834 8905 8542 9258 8666 9257 8902 
6803 1834 1867 8324 8353 2044 8544 8902 9257 8542 8539 
6804 8324 8291 8353 4356 8905 9258 8542 8547 8546 9259 
6805 4294 4327 4356 8291 4504 4402 4612 8671 9259 8909 
6806 8291 8324 4327 4356 8905 8549 8909 9259 4402 8547 
6807 1828 1886 1899 8356 2116 2137 2133 9201 8710 9212 
6808 8343 8285 8356 1886 9145 9203 9213 8506 9212 9147 
6809 1886 1828 8285 8356 2116 8894 9147 9212 9203 9201 
6810 8285 8343 8356 4359 9145 9213 9203 9205 8715 9214 
6811 4346 4288 4359 8343 4576 4593 4597 8512 9214 9149 
6812 8343 8285 4288 4359 9145 8899 9149 9214 4593 9205 
6813 1828 248 1900 8357 2042 2036 2115 9144 8530 8870 
6814 3285 8285 8357 248 8897 9146 8872 3293 8870 8895 
6815 248 1828 8285 8357 2042 8894 8895 8870 9146 9144 
6816 8285 3285 8357 4360 8897 8872 9146 9148 8535 8874 
6817 501 4288 4360 3285 4502 4575 4496 3295 8874 8900 
6818 3285 8285 4288 4360 8897 8899 8900 8874 4575 9148 
6819 1875 1854 1897 8354 2072 2148 2129 9188 9187 9242 
6820 8311 8332 8354 1854 9008 9190 9244 9000 9242 9007 
6821 1854 1875 8332 8354 2072 8439 9007 9242 9190 9188 
6822 8332 8311 8354 4357 9008 9244 9190 9193 9192 9246 
6823 4314 4335 4357 8311 4532 4589 4608 9005 9246 9009 
6824 8311 8332 4335 4357 9008 8448 9009 9246 4589 9193 
6825 1836 1887 1892 8349 2034 2151 2132 9197 8594 9251 
6826 8344 8293 8349 1836 8868 9198 9253 8867 9197 8649 
6827 8344 1836 8349 1887 8867 9197 9253 8489 9251 2034 
6828 8293 8344 8349 4352 8868 9253 9198 9199 8599 9255 
6829 4347 4296 4352 8293 4494 4592 4611 8869 9199 8654 
6830 4347 8293 4352 8344 8869 9199 4611 8494 9255 8868 
6831 1872 1840 1892 8349 2126 1957 2150 9252 8594 8593 
6832 8297 8329 8349 1840 9178 9254 8596 8381 8593 9177 
6833 1840 1872 8329 8349 2126 8696 9177 8593 9254 9252 
6834 8329 8297 8349 4352 9178 8596 9254 9256 8599 8598 
6835 4300 4332 4352 8297 4586 4610 4417 8387 8598 9179 
6836 8297 8329 4332 4352 9178 8701 9179 8598 4610 9256 
6837 1866 341 1894 8351 2111 2094 2092 9071 8979 9077 
6838 4261 8323 8351 341 9135 9072 9078 4267 9077 9133 
6839 341 1866 8323 8351 2111 8907 9133 9077 9072 9071 
6840 8323 4261 8351 4354 9135 9078 9072 9073 8984 9079 
6841 660 4326 4354 4261 4571 4552 4554 4269 9079 9137 
6842 4261 8323 4326 4354 9135 8911 9137 9079 4552 9073 
6843 1834 1880 1896 8353 2118 2153 2152 9257 8538 9260 
6844 8337 8291 8353 1834 9154 9258 9261 9153 9257 8666 
6845 8337 1834 8353 1880 9153 9257 9261 8390 9260 2118 
6846 8291 8337 8353 4356 9154 9261 9258 9259 8546 9262 
6847 4340 4294 4356 8291 4578 4612 4613 9155 9259 8671 
6848 4340 8291 4356 8337 9155 9259 4613 8399 9262 9154 
6849 1880 1862 1896 8353 1908 2017 2153 9260 8538 8814 
6850 8319 8337 8353 1862 8394 9261 8816 8397 8814 8391 
6851 1862 1880 8337 8353 1908 8390 8391 8814 9261 9260 
6852 8337 8319 8353 4356 8394 8816 9261 9262 8546 8818 
6853 4322 4340 4356 8319 4368 4613 4477 8403 8818 8400 
6854 8319 8337 4340 4356 8394 8399 8400 8818 4613 9262 
6855 1865 1833 1898 8355 2120 2139 1934 8501 8500 9215 
6856 8290 8322 8355 1833 9160 8504 9217 8992 9215 9159 
6857 1833 1865 8322 8355 2120 8507 9159 9215 8504 8501 
6858 8322 8290 8355 4358 9160 9217 8504 8510 8509 9219 
6859 4293 4325 4358 8290 4580 4394 4599 8997 9219 9161 
6860 8290 8322 4325 4358 9160 8513 9161 9219 4394 8510 
6861 1853 1883 1901 8358 2127 2142 2143 9230 8565 9227 
6862 8340 8310 8358 1853 9181 9231 9228 9180 9230 8484 
6863 8340 1853 8358 1883 9180 9230 9228 8953 9227 2127 
6864 8310 8340 8358 4361 9181 9228 9231 9232 8574 9229 
6865 4343 4313 4361 8310 4587 4603 4602 9182 9232 8487 
6866 4343 8310 4361 8340 9182 9232 4602 8958 9229 9181 
3 7 11 438
6867 2161 2158 2166 9275 2182 2180 2181 9289 9290 9291 
6868 9267 9270 9275 2161 9292 9293 9294 9295 9289 9296 
6869 9267 2161 9275 2158 9295 9289 9294 9297 9291 2182 
6870 9270 9267 9275 4695 9292 9294 9293 9298 9299 9300 
6871 4687 4690 4695 9270 4711 4710 4709 9301 9298 9302 
6872 4687 9270 4695 9267 9301 9298 4709 9303 9300 9292 
6873 2162 2156 2172 9281 2185 2183 2184 9304 9305 9306 
6874 9265 9271 9281 2162 9307 9308 9309 9310 9304 9311 
6875 9265 2162 9281 2156 9310 9304 9309 9312 9306 2185 
6876 9271 9265 9281 4701 9307 9309 9308 9313 9314 9315 
6877 4685 4691 4701 9271 4714 4713 4712 9316 9313 9317 
6878 4685 9271 4701 9265 9316 9313 4712 9318 9315 9307 
6879 2170 2166 2171 9280 2188 2186 2187 9319 9320 9321 
6880 9275 9279 9280 2170 9322 9323 9324 9325 9319 9326 
6881 9275 2170 9280 2166 9325 9319 9324 9290 9321 2188 
6882 9279 9275 9280 4700 9322 9324 9323 9327 9328 9329 
6883 4695 4699 4700 9279 4717 4716 4715 9330 9327 9331 
6884 4695 9279 4700 9275 9330 9327 4715 9299 9329 9322 
6885 2166 2165 2171 9280 2190 2189 2186 9321 9320 9332 
6886 9274 9275 9280 2166 9333 9324 9334 9335 9321 9290 
6887 9274 2166 9280 2165 9335 9321 9334 9336 9332 2190 
6888 9275 9274 9280 4700 9333 9334 9324 9329 9328 9337 
6889 4694 4695 4700 9275 4719 4715 4718 9338 9329 9299 
6890 4694 9275 4700 9274 9338 9329 4718 9339 9337 9333 
6891 2161 2166 2177 9286 2181 2191 2192 9340 9341 9342 
6892 9275 9270 9286 2161 9293 9343 9344 9289 9340 9296 
6893 9275 2161 9286 2166 9289 9340 9344 9290 9342 2181 
6894 9270 9275 9286 4706 9293 9344 9343 9345 9346 9347 
6895 4695 4690 4706 9270 4710 4721 4720 9298 9345 9302 
6896 4695 9270 4706 9275 9298 9345 4720 9299 9347 9293 
6897 2169 2160 2178 9287 2195 2193 2194 9348 9349 9350 
6898 9269 9278 9287 2169 9351 9352 9353 9354 9348 9355 
6899 9269 2169 9287 2160 9354 9348 9353 9356 9350 2195 
6900 9278 9269 9287 4707 9351 9353 9352 9357 9358 9359 
6901 4689 4698 4707 9278 4724 4723 4722 9360 9357 9361 
6902 4689 9278 4707 9269 9360 9357 4722 9362 9359 9351 
6903 2160 191 2178 9287 2197 2196 2193 9350 9349 9363 
6904 4669 9269 9287 2160 9364 9353 9365 9366 9350 9356 
6905 4669 2160 9287 191 9366 9350 9365 4677 9363 2197 
6906 9269 4669 9287 4707 9364 9365 9353 9359 9358 9367 
6907 694 4689 4707 9269 4726 4722 4725 9368 9359 9362 
6908 694 9269 4707 4669 9368 9359 4725 4679 9367 9364 
6909 180 2158 2161 9267 2199 2182 2198 9369 9295 9297 
6910 9267 4632 9270 180 9370 9371 9292 9369 9372 4652 
6911 9267 180 9270 2161 9369 9372 9292 9295 9296 2198 
6912 4632 9267 9270 4687 9370 9292 9371 9373 9301 9303 
6913 4687 683 4690 4632 4728 4727 4711 9373 9374 4654 
6914 4687 4632 4690 9270 9373 9374 4711 9301 9302 9371 
6915 2159 2162 2172 9281 2201 2184 2200 9375 9305 9304 
6916 9271 9268 9281 2159 9376 9377 9308 9378 9375 9379 
6917 9271 2159 9281 2162 9378 9375 9308 9311 9304 2201 
6918 9268 9271 9281 4701 9376 9308 9377 9380 9314 9313 
6919 4691 4688 4701 9268 4730 4729 4713 9381 9380 9382 
6920 4691 9268 4701 9271 9381 9380 4713 9317 9313 9376 
6921 2158 181 2164 9273 2204 2202 2203 9383 9384 9385 
6922 4633 9267 9273 2158 9386 9387 9388 9389 9383 9297 
6923 4633 2158 9273 181 9389 9383 9388 4657 9385 2204 
6924 9267 4633 9273 4693 9386 9388 9387 9390 9391 9392 
6925 684 4687 4693 9267 4733 4732 4731 9393 9390 9303 
6926 684 9267 4693 4633 9393 9390 4731 4659 9392 9386 
6927 2164 2160 2175 9284 2207 2205 2206 9394 9395 9396 
6928 9269 9273 9284 2164 9397 9398 9399 9400 9394 9384 
6929 9269 2164 9284 2160 9400 9394 9399 9356 9396 2207 
6930 9273 9269 9284 4704 9397 9399 9398 9401 9402 9403 
6931 4689 4693 4704 9273 4736 4735 4734 9404 9401 9391 
6932 4689 9273 4704 9269 9404 9401 4734 9362 9403 9397 
6933 190 191 2160 4669 193 2197 2208 4675 9366 4677 
6934 4669 4668 9269 190 4676 9405 9364 4675 9406 4672 
6935 4669 190 9269 2160 4675 9406 9364 9366 9356 2208 
6936 4668 4669 9269 694 4676 9364 9405 4678 9368 4679 
6937 694 693 4689 4668 696 4737 4726 4678 9407 4674 
6938 694 4668 4689 9269 4678 9407 4726 9368 9362 9405 
6939 2158 2164 2165 9274 2203 2209 2210 9408 9336 9409 
6940 9273 9267 9274 2158 9387 9410 9411 9383 9408 9297 
6941 9273 2158 9274 2164 9383 9408 9411 9384 9409 2203 
6942 9267 9273 9274 4694 9387 9411 9410 9412 9339 9413 
6943 4693 4687 4694 9267 4732 4739 4738 9390 9412 9303 
6944 4693 9267 4694 9273 9390 9412 4738 9391 9413 9387 
6945 2159 2161 2162 9271 2212 2211 2201 9378 9311 9414 
6946 9270 9268 9271 2159 9415 9376 9416 9417 9378 9379 
6947 9270 2159 9271 2161 9417 9378 9416 9296 9414 2212 
6948 9268 9270 9271 4691 9415 9416 9376 9381 9317 9418 
6949 4690 4688 4691 9268 4741 4730 4740 9419 9381 9382 
6950 4690 9268 4691 9270 9419 9381 4740 9302 9418 9415 
6951 2159 179 2161 9270 2214 2213 2212 9417 9296 9420 
6952 4631 9268 9270 2159 9421 9415 9422 9423 9417 9379 
6953 4631 2159 9270 179 9423 9417 9422 4647 9420 2214 
6954 9268 4631 9270 4690 9421 9422 9415 9419 9302 9424 
6955 682 4688 4690 9268 4743 4741 4742 9425 9419 9382 
6956 682 9268 4690 4631 9425 9419 4742 4649 9424 9421 
6957 2165 2154 2171 9280 2216 2215 2189 9332 9320 9426 
6958 9263 9274 9280 2165 9427 9334 9428 9429 9332 9336 
6959 9263 2165 9280 2154 9429 9332 9428 9430 9426 2216 
6960 9274 9263 9280 4700 9427 9428 9334 9337 9328 9431 
6961 4683 4694 4700 9274 4745 4718 4744 9432 9337 9339 
6962 4683 9274 4700 9263 9432 9337 4744 9433 9431 9427 
6963 12 190 2173 9282 192 2217 2218 9434 9435 9436 
6964 4668 677 9282 12 4671 9437 9438 4670 9434 678 
6965 4668 12 9282 190 4670 9434 9438 4672 9436 192 
6966 677 4668 9282 4702 4671 9438 9437 9439 9440 9441 
6967 693 39 4702 677 695 4747 4746 4673 9439 679 
6968 693 677 4702 4668 4673 9439 4746 4674 9441 4671 
6969 141 140 2163 9272 150 2219 2220 9442 9443 9444 
6970 3804 3805 9272 140 3819 9445 9446 3815 9444 3818 
6971 140 141 3805 9272 150 3820 3818 9444 9445 9442 
6972 3805 3804 9272 4692 3819 9446 9445 9447 9448 9449 
6973 596 597 4692 3804 606 4749 4748 3817 9449 3821 
6974 3804 3805 597 4692 3819 3822 3821 9449 4749 9447 
6975 2156 2162 2168 9277 2185 2221 2222 9450 9451 9452 
6976 9271 9265 9277 2162 9307 9453 9454 9311 9452 9310 
6977 2162 2156 9265 9277 2185 9312 9310 9452 9453 9450 
6978 9265 9271 9277 4697 9307 9454 9453 9455 9456 9457 
6979 4691 4685 4697 9271 4714 4751 4750 9317 9457 9316 
6980 9271 9265 4685 4697 9307 9318 9316 9457 4751 9455 
6981 180 181 2158 4633 187 2204 2199 4655 9389 4657 
6982 4633 4632 9267 180 4656 9370 9386 4655 9369 4652 
6983 4633 180 9267 2158 4655 9369 9386 9389 9297 2199 
6984 4632 4633 9267 684 4656 9386 9370 4658 9393 4659 
6985 684 683 4687 4632 690 4728 4733 4658 9373 4654 
6986 684 4632 4687 9267 4658 9373 4733 9393 9303 9370 
6987 2156 141 2163 9272 2224 2220 2223 9458 9443 9442 
6988 3805 9265 9272 2156 9459 9460 9445 9461 9458 9312 
6989 3805 2156 9272 141 9461 9458 9445 3820 9442 2224 
6990 9265 3805 9272 4692 9459 9445 9460 9462 9448 9447 
6991 597 4685 4692 9265 4753 4752 4749 9463 9462 9318 
6992 597 9265 4692 3805 9463 9462 4749 3822 9447 9459 
6993 181 182 2164 9273 188 2225 2202 9385 9384 9464 
6994 4634 4633 9273 181 4661 9388 9465 4660 9385 4657 
6995 4634 181 9273 182 4660 9385 9465 4662 9464 188 
6996 4633 4634 9273 4693 4661 9465 9388 9392 9391 9466 
6997 685 684 4693 4633 691 4731 4754 4663 9392 4659 
6998 685 4633 4693 4634 4663 9392 4754 4664 9466 4661 
6999 178 179 2159 4631 185 2214 2226 4645 9423 4647 
7000 4631 4630 9268 178 4646 9467 9421 4645 9468 4642 
7001 4631 178 9268 2159 4645 9468 9421 9423 9379 2226 
7002 4630 4631 9268 682 4646 9421 9467 4648 9425 4649 
7003 682 681 4688 4630 688 4755 4743 4648 9469 4644 
7004 682 4630 4688 9268 4648 9469 4743 9425 9382 9467 
7005 140 8 2174 9283 149 2227 2228 9470 9471 9472 
7006 593 3804 9283 8 3814 9473 9474 594 9472 3813 
7007 8 140 3804 9283 149 3815 3813 9472 9473 9470 
7008 3804 593 9283 4703 3814 9474 9473 9475 9476 9477 
7009 35 596 4703 593 605 4757 4756 595 9477 3816 
7010 593 3804 596 4703 3814 3817 3816 9477 4757 9475 
7011 2158 2165 2166 9274 2210 2190 2180 9408 9335 9336 
7012 9274 9267 9275 2158 9410 9294 9333 9408 9291 9297 
7013 9274 2158 9275 2166 9408 9291 9333 9335 9290 2180 
7014 9267 9274 9275 4694 9410 9333 9294 9412 9338 9339 
7015 4694 4687 4695 9267 4739 4709 4719 9412 9300 9303 
7016 4694 9267 4695 9275 9412 9300 4719 9338 9299 9294 
7017 178 2159 2167 9276 2226 2229 2230 9478 9479 9480 
7018 9268 4630 9276 178 9467 9481 9482 9468 9478 4642 
7019 9268 178 9276 2159 9468 9478 9482 9379 9480 2226 
7020 4630 9268 9276 4696 9467 9482 9481 9483 9484 9485 
7021 4688 681 4696 4630 4755 4759 4758 9469 9483 4644 
7022 4688 4630 4696 9268 9469 9483 4758 9382 9485 9467 
7023 179 180 2161 9270 186 2198 2213 9420 9296 9372 
7024 4632 4631 9270 179 4651 9422 9371 4650 9420 4647 
7025 4632 179 9270 180 4650 9420 9371 4652 9372 186 
7026 4631 4632 9270 4690 4651 9371 9422 9424 9302 9374 
7027 683 682 4690 4631 689 4742 4727 4653 9424 4649 
7028 683 4631 4690 4632 4653 9424 4727 4654 9374 4651 
7029 172 173 2157 9266 175 2231 2232 9486 9487 9488 
7030 4615 4614 9266 172 4622 9489 9490 4621 9486 4618 
7031 4615 172 9266 173 4621 9486 9490 4623 9488 175 
7032 4614 4615 9266 4686 4622 9490 9489 9491 9492 9493 
7033 673 672 4686 4614 675 4761 4760 4624 9491 4620 
7034 673 4614 4686 4615 4624 9491 4760 4625 9493 4622 
7035 2160 2164 2173 9282 2207 2233 2234 9494 9435 9495 
7036 9273 9269 9282 2164 9397 9496 9497 9384 9495 9400 
7037 2164 2160 9269 9282 2207 9356 9400 9495 9496 9494 
7038 9269 9273 9282 4702 9397 9497 9496 9498 9440 9499 
7039 4693 4689 4702 9273 4736 4763 4762 9391 9499 9404 
7040 9273 9269 4689 4702 9397 9362 9404 9499 4763 9498 
7041 2155 2166 2170 9275 2236 2188 2235 9500 9325 9290 
7042 9275 9264 9279 2155 9501 9502 9322 9500 9503 9504 
7043 9275 2155 9279 2170 9500 9503 9322 9325 9326 2235 
7044 9264 9275 9279 4695 9501 9322 9502 9505 9330 9299 
7045 4695 4684 4699 9264 4765 4764 4717 9505 9506 9507 
7046 4695 9264 4699 9279 9505 9506 4717 9330 9331 9502 
7047 142 141 2156 3805 151 2224 2237 3823 9461 3820 
7048 3805 3806 9265 142 3825 9508 9459 3823 9509 3824 
7049 3805 142 9265 2156 3823 9509 9459 9461 9312 2237 
7050 3806 3805 9265 597 3825 9459 9508 3826 9463 3822 
7051 597 598 4685 3806 607 4766 4753 3826 9510 3827 
7052 597 3806 4685 9265 3826 9510 4753 9463 9318 9508 
7053 8 172 2174 9283 174 2238 2227 9472 9471 9511 
7054 4614 593 9283 8 4617 9474 9512 4616 9472 594 
7055 4614 8 9283 172 4616 9472 9512 4618 9511 174 
7056 593 4614 9283 4703 4617 9512 9474 9477 9476 9513 
7057 672 35 4703 593 674 4756 4767 4619 9477 595 
7058 672 593 4703 4614 4619 9477 4767 4620 9513 4617 
7059 177 178 2167 9276 184 2230 2239 9514 9479 9478 
7060 4630 4629 9276 177 4641 9515 9481 4640 9514 4637 
7061 4630 177 9276 178 4640 9514 9481 4642 9478 184 
7062 4629 4630 9276 4696 4641 9481 9515 9516 9484 9483 
7063 681 680 4696 4629 687 4768 4759 4643 9516 4639 
7064 681 4629 4696 4630 4643 9516 4759 4644 9483 4641 
7065 2156 2163 2172 9281 2223 2240 2183 9306 9305 9517 
7066 9272 9265 9281 2156 9460 9309 9518 9458 9306 9312 
7067 9272 2156 9281 2163 9458 9306 9518 9443 9517 2223 
7068 9265 9272 9281 4701 9460 9518 9309 9315 9314 9519 
7069 4692 4685 4701 9265 4752 4712 4769 9462 9315 9318 
7070 4692 9265 4701 9272 9462 9315 4769 9448 9519 9460 
7071 182 12 2173 9282 189 2218 2241 9520 9435 9434 
7072 677 4634 9282 182 4666 9521 9437 4665 9520 4662 
7073 677 182 9282 12 4665 9520 9437 678 9434 189 
7074 4634 677 9282 4702 4666 9437 9521 9522 9440 9439 
7075 39 685 4702 4634 692 4770 4747 4667 9522 4664 
7076 39 4634 4702 677 4667 9522 4747 679 9439 4666 
7077 2154 2165 2175 9284 2216 2242 2243 9523 9395 9524 
7078 9274 9263 9284 2165 9427 9525 9526 9336 9524 9429 
7079 2165 2154 9263 9284 2216 9430 9429 9524 9525 9523 
7080 9263 9274 9284 4704 9427 9526 9525 9527 9402 9528 
7081 4694 4683 4704 9274 4745 4772 4771 9339 9528 9432 
7082 9274 9263 4683 4704 9427 9433 9432 9528 4772 9527 
7083 2155 2168 2177 9286 2246 2244 2245 9529 9341 9530 
7084 9277 9264 9286 2155 9531 9532 9533 9534 9529 9504 
7085 9277 2155 9286 2168 9534 9529 9533 9451 9530 2246 
7086 9264 9277 9286 4706 9531 9533 9532 9535 9346 9536 
7087 4697 4684 4706 9264 4775 4774 4773 9537 9535 9507 
7088 4697 9264 4706 9277 9537 9535 4773 9456 9536 9531 
7089 2162 2161 2177 9286 2211 2192 2247 9538 9341 9340 
7090 9270 9271 9286 2161 9416 9539 9343 9296 9340 9414 
7091 2161 2162 9271 9286 2211 9311 9414 9340 9539 9538 
7092 9271 9270 9286 4706 9416 9343 9539 9540 9346 9345 
7093 4690 4691 4706 9270 4740 4776 4721 9302 9345 9418 
7094 9270 9271 4691 4706 9416 9317 9418 9345 4776 9540 
7095 142 2156 2168 9277 2237 2222 2248 9541 9451 9450 
7096 9265 3806 9277 142 9508 9542 9453 9509 9541 3824 
7097 9265 142 9277 2156 9509 9541 9453 9312 9450 2237 
7098 3806 9265 9277 4697 9508 9453 9542 9543 9456 9455 
7099 4685 598 4697 3806 4766 4777 4751 9510 9543 3827 
7100 4685 3806 4697 9265 9510 9543 4751 9318 9455 9508 
7101 2167 2159 2172 9281 2229 2200 2249 9544 9305 9375 
7102 9268 9276 9281 2159 9482 9545 9377 9379 9375 9480 
7103 2159 2167 9276 9281 2229 9479 9480 9375 9545 9544 
7104 9276 9268 9281 4701 9482 9377 9545 9546 9314 9380 
7105 4688 4696 4701 9268 4758 4778 4729 9382 9380 9485 
7106 9268 9276 4696 4701 9482 9484 9485 9380 4778 9546 
7107 2166 2155 2177 9286 2236 2245 2191 9342 9341 9529 
7108 9264 9275 9286 2155 9501 9344 9532 9504 9529 9500 
7109 2155 2166 9275 9286 2236 9290 9500 9529 9344 9342 
7110 9275 9264 9286 4706 9501 9532 9344 9347 9346 9535 
7111 4684 4695 4706 9264 4765 4720 4774 9507 9535 9505 
7112 9264 9275 4695 4706 9501 9299 9505 9535 4720 9347 
7113 191 9 2178 9287 194 2250 2196 9363 9349 9547 
7114 587 4669 9287 191 4681 9365 9548 4680 9363 4677 
7115 587 191 9287 9 4680 9363 9548 588 9547 194 
7116 4669 587 9287 4707 4681 9548 9365 9367 9358 9549 
7117 34 694 4707 4669 697 4725 4779 4682 9367 4679 
7118 34 4669 4707 587 4682 9367 4779 589 9549 4681 
7119 143 142 2168 9277 152 2248 2251 9550 9451 9541 
7120 3806 3807 9277 142 3829 9551 9542 3824 9541 3828 
7121 142 143 3807 9277 152 3830 3828 9541 9551 9550 
7122 3807 3806 9277 4697 3829 9542 9551 9552 9456 9543 
7123 598 599 4697 3806 608 4780 4777 3827 9543 3831 
7124 3806 3807 599 4697 3829 3832 3831 9543 4780 9552 
7125 144 143 2155 9264 153 2252 2253 9553 9504 9554 
7126 3807 3808 9264 143 3834 9555 9556 3830 9554 3833 
7127 143 144 3808 9264 153 3835 3833 9554 9555 9553 
7128 3808 3807 9264 4684 3834 9556 9555 9557 9507 9558 
7129 599 600 4684 3807 609 4782 4781 3832 9558 3836 
7130 3807 3808 600 4684 3834 3837 3836 9558 4782 9557 
7131 147 146 2154 9263 156 2254 2255 9559 9430 9560 
7132 3810 3811 9263 146 3849 9561 9562 3845 9560 3848 
7133 146 147 3811 9263 156 3850 3848 9560 9561 9559 
7134 3811 3810 9263 4683 3849 9562 9561 9563 9433 9564 
7135 602 603 4683 3810 612 4784 4783 3847 9564 3851 
7136 3810 3811 603 4683 3849 3852 3851 9564 4784 9563 
7137 146 145 2171 9280 155 2256 2257 9565 9320 9566 
7138 3809 3810 9280 145 3844 9567 9568 3840 9566 3843 
7139 145 146 3810 9280 155 3845 3843 9566 9567 9565 
7140 3810 3809 9280 4700 3844 9568 9567 9569 9328 9570 
7141 601 602 4700 3809 611 4786 4785 3842 9570 3846 
7142 3809 3810 602 4700 3844 3847 3846 9570 4786 9569 
7143 145 144 2170 9279 154 2258 2259 9571 9326 9572 
7144 3808 3809 9279 144 3839 9573 9574 3835 9572 3838 
7145 144 145 3809 9279 154 3840 3838 9572 9573 9571 
7146 3809 3808 9279 4699 3839 9574 9573 9575 9331 9576 
7147 600 601 4699 3808 610 4788 4787 3837 9576 3841 
7148 3808 3809 601 4699 3839 3842 3841 9576 4788 9575 
7149 11 177 2176 9285 183 2260 2261 9577 9578 9579 
7150 4629 669 9285 11 4636 9580 9581 4635 9577 670 
7151 4629 11 9285 177 4635 9577 9581 4637 9579 183 
7152 669 4629 9285 4705 4636 9581 9580 9582 9583 9584 
7153 680 38 4705 669 686 4790 4789 4638 9582 671 
7154 680 669 4705 4629 4638 9582 4789 4639 9584 4636 
7155 148 147 2169 9278 157 2262 2263 9585 9355 9586 
7156 3811 3812 9278 147 3854 9587 9588 3850 9586 3853 
7157 147 148 3812 9278 157 3855 3853 9586 9587 9585 
7158 3812 3811 9278 4698 3854 9588 9587 9589 9361 9590 
7159 603 604 4698 3811 613 4792 4791 3852 9590 3856 
7160 3811 3812 604 4698 3854 3857 3856 9590 4792 9589 
7161 2167 2157 2176 9285 2266 2264 2265 9591 9578 9592 
7162 9266 9276 9285 2167 9593 9594 9595 9596 9591 9479 
7163 9266 2167 9285 2157 9596 9591 9595 9487 9592 2266 
7164 9276 9266 9285 4705 9593 9595 9594 9597 9583 9598 
7165 4686 4696 4705 9276 4795 4794 4793 9599 9597 9484 
7166 4686 9276 4705 9266 9599 9597 4793 9492 9598 9593 
7167 173 11 2176 9285 176 2261 2267 9600 9578 9577 
7168 669 4615 9285 173 4627 9601 9580 4626 9600 4623 
7169 669 173 9285 11 4626 9600 9580 670 9577 176 
7170 4615 669 9285 4705 4627 9580 9601 9602 9583 9582 
7171 38 673 4705 4615 676 4796 4790 4628 9602 4625 
7172 38 4615 4705 669 4628 9602 4790 671 9582 4627 
7173 2164 182 2173 9282 2225 2241 2233 9495 9435 9520 
7174 4634 9273 9282 182 9465 9497 9521 4662 9520 9464 
7175 182 2164 9273 9282 2225 9384 9464 9520 9497 9495 
7176 9273 4634 9282 4702 9465 9521 9497 9499 9440 9522 
7177 685 4693 4702 4634 4754 4762 4770 4664 9522 9466 
7178 4634 9273 4693 4702 9465 9391 9466 9522 4762 9499 
7179 2165 2164 2175 9284 2209 2206 2242 9524 9395 9394 
7180 9273 9274 9284 2164 9411 9526 9398 9384 9394 9409 
7181 2164 2165 9274 9284 2209 9336 9409 9394 9526 9524 
7182 9274 9273 9284 4704 9411 9398 9526 9528 9402 9401 
7183 4693 4694 4704 9273 4738 4771 4735 9391 9401 9413 
7184 9273 9274 4694 4704 9411 9339 9413 9401 4771 9528 
7185 177 2167 2176 9285 2239 2265 2260 9579 9578 9591 
7186 9276 4629 9285 177 9515 9581 9594 9514 9579 4637 
7187 9276 177 9285 2167 9514 9579 9594 9479 9591 2239 
7188 4629 9276 9285 4705 9515 9594 9581 9584 9583 9597 
7189 4696 680 4705 4629 4768 4789 4794 9516 9584 4639 
7190 4696 4629 4705 9276 9516 9584 4794 9484 9597 9515 
7191 2169 2154 2175 9284 2269 2243 2268 9603 9395 9523 
7192 9263 9278 9284 2169 9604 9605 9525 9606 9603 9355 
7193 9263 2169 9284 2154 9606 9603 9525 9430 9523 2269 
7194 9278 9263 9284 4704 9604 9525 9605 9607 9402 9527 
7195 4683 4698 4704 9278 4798 4797 4772 9608 9607 9361 
7196 4683 9278 4704 9263 9608 9607 4772 9433 9527 9604 
7197 2168 2162 2177 9286 2221 2247 2244 9530 9341 9538 
7198 9271 9277 9286 2162 9454 9533 9539 9311 9538 9452 
7199 2162 2168 9277 9286 2221 9451 9452 9538 9533 9530 
7200 9277 9271 9286 4706 9454 9539 9533 9536 9346 9540 
7201 4691 4697 4706 9271 4750 4773 4776 9317 9540 9457 
7202 9271 9277 4697 4706 9454 9456 9457 9540 4773 9536 
7203 2157 2167 2179 9288 2266 2270 2271 9609 9610 9611 
7204 9276 9266 9288 2167 9593 9612 9613 9479 9611 9596 
7205 2167 2157 9266 9288 2266 9487 9596 9611 9612 9609 
7206 9266 9276 9288 4708 9593 9613 9612 9614 9615 9616 
7207 4696 4686 4708 9276 4795 4800 4799 9484 9616 9599 
7208 9276 9266 4686 4708 9593 9492 9599 9616 4800 9614 
7209 172 2157 2174 9283 2232 2272 2238 9511 9471 9617 
7210 9266 4614 9283 172 9489 9512 9618 9486 9511 4618 
7211 9266 172 9283 2157 9486 9511 9618 9487 9617 2232 
7212 4614 9266 9283 4703 9489 9618 9512 9513 9476 9619 
7213 4686 672 4703 4614 4761 4767 4801 9491 9513 4620 
7214 4686 4614 4703 9266 9491 9513 4801 9492 9619 9489 
7215 2155 143 2168 9277 2252 2251 2246 9534 9451 9550 
7216 3807 9264 9277 143 9556 9531 9551 3830 9550 9554 
7217 143 2155 9264 9277 2252 9504 9554 9550 9531 9534 
7218 9264 3807 9277 4697 9556 9551 9531 9537 9456 9552 
7219 599 4684 4697 3807 4781 4775 4780 3832 9552 9558 
7220 3807 9264 4684 4697 9556 9507 9558 9552 4775 9537 
7221 2154 146 2171 9280 2254 2257 2215 9426 9320 9565 
7222 3810 9263 9280 146 9562 9428 9567 3845 9565 9560 
7223 146 2154 9263 9280 2254 9430 9560 9565 9428 9426 
7224 9263 3810 9280 4700 9562 9567 9428 9431 9328 9569 
7225 602 4683 4700 3810 4783 4744 4786 3847 9569 9564 
7226 3810 9263 4683 4700 9562 9433 9564 9569 4744 9431 
7227 144 2155 2170 9279 2253 2235 2258 9572 9326 9503 
7228 9264 3808 9279 144 9555 9574 9502 9553 9572 3835 
7229 9264 144 9279 2155 9553 9572 9502 9504 9503 2253 
7230 3808 9264 9279 4699 9555 9502 9574 9576 9331 9506 
7231 4684 600 4699 3808 4782 4787 4764 9557 9576 3837 
7232 4684 3808 4699 9264 9557 9576 4764 9507 9506 9555 
7233 145 2170 2171 9280 2259 2187 2256 9566 9320 9319 
7234 9279 3809 9280 145 9573 9568 9323 9571 9566 3840 
7235 9279 145 9280 2170 9571 9566 9323 9326 9319 2259 
7236 3809 9279 9280 4700 9573 9323 9568 9570 9328 9327 
7237 4699 601 4700 3809 4788 4785 4716 9575 9570 3842 
7238 4699 3809 4700 9279 9575 9570 4716 9331 9327 9573 
7239 147 2154 2169 9263 2255 2269 2262 9559 9606 9430 
7240 9263 3811 9278 147 9561 9588 9604 9559 9586 3850 
7241 9263 147 9278 2169 9559 9586 9604 9606 9355 2262 
7242 3811 9263 9278 4683 9561 9604 9588 9563 9608 9433 
7243 4683 603 4698 3811 4784 4791 4798 9563 9590 3852 
7244 4683 3811 4698 9278 9563 9590 4798 9608 9361 9588 
7245 2160 2169 2175 9284 2195 2268 2205 9396 9395 9603 
7246 9278 9269 9284 2169 9351 9399 9605 9355 9603 9354 
7247 2169 2160 9269 9284 2195 9356 9354 9603 9399 9396 
7248 9269 9278 9284 4704 9351 9605 9399 9403 9402 9607 
7249 4698 4689 4704 9278 4724 4734 4797 9361 9607 9360 
7250 9278 9269 4689 4704 9351 9362 9360 9607 4734 9403 
7251 2157 173 2176 9285 2231 2267 2264 9592 9578 9600 
7252 4615 9266 9285 173 9490 9595 9601 4623 9600 9488 
7253 173 2157 9266 9285 2231 9487 9488 9600 9595 9592 
7254 9266 4615 9285 4705 9490 9601 9595 9598 9583 9602 
7255 673 4686 4705 4615 4760 4793 4796 4625 9602 9493 
7256 4615 9266 4686 4705 9490 9492 9493 9602 4793 9598 
7257 190 2160 2173 9282 2208 2234 2217 9436 9435 9494 
7258 9269 4668 9282 190 9405 9438 9496 9406 9436 4672 
7259 9269 190 9282 2160 9406 9436 9496 9356 9494 2208 
7260 4668 9269 9282 4702 9405 9496 9438 9441 9440 9498 
7261 4689 693 4702 4668 4737 4746 4763 9407 9441 4674 
7262 4689 4668 4702 9269 9407 9441 4763 9362 9498 9405 
7263 2163 2174 2179 9288 2275 2273 2274 9620 9610 9621 
7264 9283 9272 9288 2163 9622 9623 9624 9625 9620 9443 
7265 9283 2163 9288 2174 9625 9620 9624 9471 9621 2275 
7266 9272 9283 9288 4708 9622 9624 9623 9626 9615 9627 
7267 4703 4692 4708 9272 4804 4803 4802 9628 9626 9448 
7268 4703 9272 4708 9283 9628 9626 4802 9476 9627 9622 
7269 148 2169 2178 9287 2263 2194 2276 9629 9349 9348 
7270 9278 3812 9287 148 9587 9630 9352 9585 9629 3855 
7271 9278 148 9287 2169 9585 9629 9352 9355 9348 2263 
7272 3812 9278 9287 4707 9587 9352 9630 9631 9358 9357 
7273 4698 604 4707 3812 4792 4805 4723 9589 9631 3857 
7274 4698 3812 4707 9278 9589 9631 4723 9361 9357 9587 
7275 2174 2157 2179 9288 2272 2271 2273 9621 9610 9609 
7276 9266 9283 9288 2157 9618 9624 9612 9487 9609 9617 
7277 2157 2174 9283 9288 2272 9471 9617 9609 9624 9621 
7278 9283 9266 9288 4708 9618 9612 9624 9627 9615 9614 
7279 4686 4703 4708 9266 4801 4802 4800 9492 9614 9619 
7280 9266 9283 4703 4708 9618 9476 9619 9614 4802 9627 
7281 2163 140 2174 9283 2219 2228 2275 9625 9471 9470 
7282 3804 9272 9283 140 9446 9622 9473 3815 9470 9444 
7283 140 2163 9272 9283 2219 9443 9444 9470 9622 9625 
7284 9272 3804 9283 4703 9446 9473 9622 9628 9476 9475 
7285 596 4692 4703 3804 4748 4804 4757 3817 9475 9449 
7286 3804 9272 4692 4703 9446 9448 9449 9475 4804 9628 
7287 9 148 2178 9287 158 2276 2250 9547 9349 9629 
7288 3812 587 9287 148 3859 9548 9630 3855 9629 3858 
7289 148 9 587 9287 158 588 3858 9629 9548 9547 
7290 587 3812 9287 4707 3859 9630 9548 9549 9358 9631 
7291 604 34 4707 3812 614 4779 4805 3857 9631 3860 
7292 3812 587 34 4707 3859 589 3860 9631 4779 9549 
7293 2172 2163 2179 9288 2240 2274 2277 9632 9610 9620 
7294 9272 9281 9288 2163 9518 9633 9623 9443 9620 9517 
7295 2163 2172 9281 9288 2240 9305 9517 9620 9633 9632 
7296 9281 9272 9288 4708 9518 9623 9633 9634 9615 9626 
7297 4692 4701 4708 9272 4769 4806 4803 9448 9626 9519 
7298 9272 9281 4701 4708 9518 9314 9519 9626 4806 9634 
7299 2167 2172 2179 9288 2249 2277 2270 9611 9610 9632 
7300 9281 9276 9288 2167 9545 9613 9633 9544 9611 9479 
7301 9281 2167 9288 2172 9544 9611 9633 9305 9632 2249 
7302 9276 9281 9288 4708 9545 9633 9613 9616 9615 9634 
7303 4701 4696 4708 9276 4778 4799 4806 9546 9616 9484 
7304 4701 9276 4708 9281 9546 9616 4806 9314 9634 9545 
3 8 11 348
7305 2288 2278 2289 9646 2300 2298 2299 9655 9656 9657 
7306 9635 9645 9646 2288 9658 9659 9660 9661 9655 9662 
7307 9635 2288 9646 2278 9661 9655 9660 9663 9657 2300 
7308 9645 9635 9646 4872 9658 9660 9659 9664 9665 9666 
7309 4861 4871 4872 9645 4883 4882 4881 9667 9664 9668 
7310 4861 9645 4872 9635 9667 9664 4881 9669 9666 9658 
7311 2279 2286 2287 9644 2303 2301 2302 9670 9671 9672 
7312 9643 9636 9644 2279 9673 9674 9675 9676 9670 9677 
7313 9643 2279 9644 2286 9676 9670 9675 9678 9672 2303 
7314 9636 9643 9644 4870 9673 9675 9674 9679 9680 9681 
7315 4869 4862 4870 9636 4886 4885 4884 9682 9679 9683 
7316 4869 9636 4870 9643 9682 9679 4884 9684 9681 9673 
7317 2287 2286 2297 9654 2301 2304 2305 9685 9686 9687 
7318 9643 9644 9654 2286 9675 9688 9689 9678 9687 9672 
7319 2286 2287 9644 9654 2301 9671 9672 9687 9688 9685 
7320 9644 9643 9654 4880 9675 9689 9688 9690 9691 9692 
7321 4869 4870 4880 9643 4884 4888 4887 9684 9692 9681 
7322 9643 9644 4870 4880 9675 9680 9681 9692 4888 9690 
7323 2288 2289 2296 9653 2299 2306 2307 9693 9694 9695 
7324 9646 9645 9653 2288 9659 9696 9697 9655 9693 9662 
7325 9646 2288 9653 2289 9655 9693 9697 9656 9695 2299 
7326 9645 9646 9653 4879 9659 9697 9696 9698 9699 9700 
7327 4872 4871 4879 9645 4882 4890 4889 9664 9698 9668 
7328 4872 9645 4879 9646 9664 9698 4889 9665 9700 9659 
7329 203 2280 2284 9641 2310 2308 2309 9701 9702 9703 
7330 9637 4825 9641 203 9704 9705 9706 9707 9701 4845 
7331 9637 203 9641 2280 9707 9701 9706 9708 9703 2310 
7332 4825 9637 9641 4867 9704 9706 9705 9709 9710 9711 
7333 4863 709 4867 4825 4893 4892 4891 9712 9709 4847 
7334 4863 4825 4867 9637 9712 9709 4891 9713 9711 9704 
7335 2283 162 2285 9642 2313 2311 2312 9714 9715 9716 
7336 4186 9640 9642 2283 9717 9718 9719 9720 9714 9721 
7337 4186 2283 9642 162 9720 9714 9719 4206 9716 2313 
7338 9640 4186 9642 4868 9717 9719 9718 9722 9723 9724 
7339 634 4866 4868 9640 4896 4895 4894 9725 9722 9726 
7340 634 9640 4868 4186 9725 9722 4894 4208 9724 9717 
7341 2282 202 2284 9641 2316 2314 2315 9727 9702 9728 
7342 4824 9639 9641 2282 9729 9730 9731 9732 9727 9733 
7343 4824 2282 9641 202 9732 9727 9731 4840 9728 2316 
7344 9639 4824 9641 4867 9729 9731 9730 9734 9710 9735 
7345 708 4865 4867 9639 4899 4898 4897 9736 9734 9737 
7346 708 9639 4867 4824 9736 9734 4897 4842 9735 9729 
7347 162 161 2285 9642 168 2317 2311 9716 9715 9738 
7348 4185 4186 9642 161 4205 9719 9739 4201 9738 4204 
7349 161 162 4186 9642 168 4206 4204 9738 9719 9716 
7350 4186 4185 9642 4868 4205 9739 9719 9724 9723 9740 
7351 633 634 4868 4185 640 4894 4900 4203 9740 4207 
7352 4185 4186 634 4868 4205 4208 4207 9740 4894 9724 
7353 163 162 2283 4186 169 2313 2318 4209 9720 4206 
7354 4186 4187 9640 163 4211 9741 9717 4209 9742 4210 
7355 4186 163 9640 2283 4209 9742 9717 9720 9721 2318 
7356 4187 4186 9640 634 4211 9717 9741 4212 9725 4208 
7357 634 635 4866 4187 641 4901 4896 4212 9743 4213 
7358 634 4187 4866 9640 4212 9743 4896 9725 9726 9741 
7359 203 204 2280 9637 210 2319 2310 9707 9708 9744 
7360 4826 4825 9637 203 4849 9704 9745 4848 9707 4845 
7361 4826 203 9637 204 4848 9707 9745 4850 9744 210 
7362 4825 4826 9637 4863 4849 9745 9704 9712 9713 9746 
7363 710 709 4863 4825 716 4893 4902 4851 9712 4847 
7364 710 4825 4863 4826 4851 9712 4902 4852 9746 4849 
7365 201 202 2282 4824 208 2316 2320 4838 9732 4840 
7366 4824 4823 9639 201 4839 9747 9729 4838 9748 4835 
7367 4824 201 9639 2282 4838 9748 9729 9732 9733 2320 
7368 4823 4824 9639 708 4839 9729 9747 4841 9736 4842 
7369 708 707 4865 4823 714 4903 4899 4841 9749 4837 
7370 708 4823 4865 9639 4841 9749 4899 9736 9737 9747 
7371 202 203 2284 9641 209 2309 2314 9728 9702 9701 
7372 4825 4824 9641 202 4844 9731 9705 4843 9728 4840 
7373 4825 202 9641 203 4843 9728 9705 4845 9701 209 
7374 4824 4825 9641 4867 4844 9705 9731 9735 9710 9709 
7375 709 708 4867 4824 715 4897 4892 4846 9735 4842 
7376 709 4824 4867 4825 4846 9735 4892 4847 9709 4844 
7377 161 160 2281 9638 167 2321 2322 9750 9751 9752 
7378 4184 4185 9638 160 4200 9753 9754 4196 9752 4199 
7379 160 161 4185 9638 167 4201 4199 9752 9753 9750 
7380 4185 4184 9638 4864 4200 9754 9753 9755 9756 9757 
7381 632 633 4864 4184 639 4905 4904 4198 9757 4202 
7382 4184 4185 633 4864 4200 4203 4202 9757 4905 9755 
7383 161 2281 2285 9642 2322 2323 2317 9738 9715 9758 
7384 9638 4185 9642 161 9753 9739 9759 9750 9738 4201 
7385 9638 161 9642 2281 9750 9738 9759 9751 9758 2322 
7386 4185 9638 9642 4868 9753 9759 9739 9740 9723 9760 
7387 4864 633 4868 4185 4905 4900 4906 9755 9740 4203 
7388 4864 4185 4868 9638 9755 9740 4906 9756 9760 9753 
7389 164 163 2289 9646 170 2324 2325 9761 9656 9762 
7390 4187 4188 9646 163 4215 9763 9764 4210 9762 4214 
7391 163 164 4188 9646 170 4216 4214 9762 9763 9761 
7392 4188 4187 9646 4872 4215 9764 9763 9765 9665 9766 
7393 635 636 4872 4187 642 4908 4907 4213 9766 4217 
7394 4187 4188 636 4872 4215 4218 4217 9766 4908 9765 
7395 204 205 2288 9645 211 2326 2327 9767 9662 9768 
7396 4827 4826 9645 204 4854 9769 9770 4853 9767 4850 
7397 4827 204 9645 205 4853 9767 9770 4855 9768 211 
7398 4826 4827 9645 4871 4854 9770 9769 9771 9668 9772 
7399 711 710 4871 4826 717 4910 4909 4856 9771 4852 
7400 711 4826 4871 4827 4856 9771 4909 4857 9772 4854 
7401 160 159 2287 9644 166 2328 2329 9773 9671 9774 
7402 4183 4184 9644 159 4195 9775 9776 4191 9774 4194 
7403 159 160 4184 9644 166 4196 4194 9774 9775 9773 
7404 4184 4183 9644 4870 4195 9776 9775 9777 9680 9778 
7405 631 632 4870 4183 638 4912 4911 4193 9778 4197 
7406 4183 4184 632 4870 4195 4198 4197 9778 4912 9777 
7407 200 201 2286 9643 207 2330 2331 9779 9678 9780 
7408 4823 4822 9643 200 4834 9781 9782 4833 9779 4830 
7409 4823 200 9643 201 4833 9779 9782 4835 9780 207 
7410 4822 4823 9643 4869 4834 9782 9781 9783 9684 9784 
7411 707 706 4869 4822 713 4914 4913 4836 9783 4832 
7412 707 4822 4869 4823 4836 9783 4913 4837 9784 4834 
7413 173 172 2278 9635 175 2332 2333 9785 9663 9786 
7414 4614 4615 9635 172 4622 9787 9788 4618 9786 4621 
7415 172 173 4615 9635 175 4623 4621 9786 9787 9785 
7416 4615 4614 9635 4861 4622 9788 9787 9789 9669 9790 
7417 672 673 4861 4614 675 4916 4915 4620 9790 4624 
7418 4614 4615 673 4861 4622 4625 4624 9790 4916 9789 
7419 195 196 2279 9636 198 2334 2335 9791 9677 9792 
7420 4808 4807 9636 195 4815 9793 9794 4814 9791 4811 
7421 4808 195 9636 196 4814 9791 9794 4816 9792 198 
7422 4807 4808 9636 4862 4815 9794 9793 9795 9683 9796 
7423 702 701 4862 4807 704 4918 4917 4817 9795 4813 
7424 702 4807 4862 4808 4817 9795 4917 4818 9796 4815 
7425 2281 160 2287 9644 2321 2329 2336 9797 9671 9773 
7426 4184 9638 9644 160 9754 9798 9775 4196 9773 9752 
7427 160 2281 9638 9644 2321 9751 9752 9773 9798 9797 
7428 9638 4184 9644 4870 9754 9775 9798 9799 9680 9777 
7429 632 4864 4870 4184 4904 4919 4912 4198 9777 9757 
7430 4184 9638 4864 4870 9754 9756 9757 9777 4919 9799 
7431 2280 204 2288 9645 2319 2327 2337 9800 9662 9767 
7432 4826 9637 9645 204 9745 9801 9769 4850 9767 9744 
7433 204 2280 9637 9645 2319 9708 9744 9767 9801 9800 
7434 9637 4826 9645 4871 9745 9769 9801 9802 9668 9771 
7435 710 4863 4871 4826 4902 4920 4910 4852 9771 9746 
7436 4826 9637 4863 4871 9745 9713 9746 9771 4920 9802 
7437 163 2283 2289 9646 2318 2338 2324 9762 9656 9803 
7438 9640 4187 9646 163 9741 9764 9804 9742 9762 4210 
7439 9640 163 9646 2283 9742 9762 9804 9721 9803 2318 
7440 4187 9640 9646 4872 9741 9804 9764 9766 9665 9805 
7441 4866 635 4872 4187 4901 4907 4921 9743 9766 4213 
7442 4866 4187 4872 9640 9743 9766 4921 9726 9805 9741 
7443 201 2282 2286 9643 2320 2339 2330 9780 9678 9806 
7444 9639 4823 9643 201 9747 9782 9807 9748 9780 4835 
7445 9639 201 9643 2282 9748 9780 9807 9733 9806 2320 
7446 4823 9639 9643 4869 9747 9807 9782 9784 9684 9808 
7447 4865 707 4869 4823 4903 4913 4922 9749 9784 4837 
7448 4865 4823 4869 9639 9749 9784 4922 9737 9808 9747 
7449 13 200 2291 9648 206 2340 2341 9809 9810 9811 
7450 4822 698 9648 13 4829 9812 9813 4828 9809 699 
7451 4822 13 9648 200 4828 9809 9813 4830 9811 206 
7452 698 4822 9648 4874 4829 9813 9812 9814 9815 9816 
7453 706 40 4874 698 712 4924 4923 4831 9814 700 
7454 706 698 4874 4822 4831 9814 4923 4832 9816 4829 
7455 8 164 2293 9650 171 2342 2343 9817 9818 9819 
7456 4188 593 9650 164 4220 9820 9821 4216 9819 4219 
7457 164 8 593 9650 171 594 4219 9819 9820 9817 
7458 593 4188 9650 4876 4220 9821 9820 9822 9823 9824 
7459 636 35 4876 4188 643 4926 4925 4218 9824 4221 
7460 4188 593 35 4876 4220 595 4221 9824 4926 9822 
7461 205 11 2290 9647 212 2344 2345 9825 9826 9827 
7462 669 4827 9647 205 4859 9828 9829 4858 9825 4855 
7463 669 205 9647 11 4858 9825 9829 670 9827 212 
7464 4827 669 9647 4873 4859 9829 9828 9830 9831 9832 
7465 38 711 4873 4827 718 4928 4927 4860 9830 4857 
7466 38 4827 4873 669 4860 9830 4927 671 9832 4859 
7467 159 10 2292 9649 165 2346 2347 9833 9834 9835 
7468 628 4183 9649 10 4190 9836 9837 629 9835 4189 
7469 10 159 4183 9649 165 4191 4189 9835 9836 9833 
7470 4183 628 9649 4875 4190 9837 9836 9838 9839 9840 
7471 36 631 4875 628 637 4930 4929 630 9840 4192 
7472 628 4183 631 4875 4190 4193 4192 9840 4930 9838 
7473 172 8 2293 9650 174 2343 2348 9841 9818 9817 
7474 593 4614 9650 8 4617 9842 9820 594 9817 4616 
7475 8 172 4614 9650 174 4618 4616 9817 9842 9841 
7476 4614 593 9650 4876 4617 9820 9842 9843 9823 9822 
7477 35 672 4876 593 674 4931 4926 595 9822 4619 
7478 593 4614 672 4876 4617 4620 4619 9822 4931 9843 
7479 10 195 2292 9649 197 2349 2346 9835 9834 9844 
7480 4807 628 9649 10 4810 9837 9845 4809 9835 629 
7481 4807 10 9649 195 4809 9835 9845 4811 9844 197 
7482 628 4807 9649 4875 4810 9845 9837 9840 9839 9846 
7483 701 36 4875 628 703 4929 4932 4812 9840 630 
7484 701 628 4875 4807 4812 9840 4932 4813 9846 4810 
7485 11 173 2290 9647 176 2350 2344 9827 9826 9847 
7486 4615 669 9647 173 4627 9829 9848 4623 9847 4626 
7487 173 11 669 9647 176 670 4626 9847 9829 9827 
7488 669 4615 9647 4873 4627 9848 9829 9832 9831 9849 
7489 673 38 4873 4615 676 4927 4933 4625 9849 4628 
7490 4615 669 38 4873 4627 671 4628 9849 4927 9832 
7491 196 13 2291 9648 199 2341 2351 9850 9810 9809 
7492 698 4808 9648 196 4820 9851 9812 4819 9850 4816 
7493 698 196 9648 13 4819 9850 9812 699 9809 199 
7494 4808 698 9648 4874 4820 9812 9851 9852 9815 9814 
7495 40 702 4874 4808 705 4934 4924 4821 9852 4818 
7496 40 4808 4874 698 4821 9852 4924 700 9814 4820 
7497 2287 159 2292 9649 2328 2347 2352 9853 9834 9833 
7498 4183 9644 9649 159 9776 9854 9836 4191 9833 9774 
7499 159 2287 9644 9649 2328 9671 9774 9833 9854 9853 
7500 9644 4183 9649 4875 9776 9836 9854 9855 9839 9838 
7501 631 4870 4875 4183 4911 4935 4930 4193 9838 9778 
7502 4183 9644 4870 4875 9776 9680 9778 9838 4935 9855 
7503 2288 205 2290 9647 2326 2345 2353 9856 9826 9825 
7504 4827 9645 9647 205 9770 9857 9828 4855 9825 9768 
7505 205 2288 9645 9647 2326 9662 9768 9825 9857 9856 
7506 9645 4827 9647 4873 9770 9828 9857 9858 9831 9830 
7507 711 4871 4873 4827 4909 4936 4928 4857 9830 9772 
7508 4827 9645 4871 4873 9770 9668 9772 9830 4936 9858 
7509 164 2289 2293 9650 2325 2354 2342 9819 9818 9859 
7510 9646 4188 9650 164 9763 9821 9860 9761 9819 4216 
7511 9646 164 9650 2289 9761 9819 9860 9656 9859 2325 
7512 4188 9646 9650 4876 9763 9860 9821 9824 9823 9861 
7513 4872 636 4876 4188 4908 4925 4937 9765 9824 4218 
7514 4872 4188 4876 9646 9765 9824 4937 9665 9861 9763 
7515 200 2286 2291 9648 2331 2355 2340 9811 9810 9862 
7516 9643 4822 9648 200 9781 9813 9863 9779 9811 4830 
7517 9643 200 9648 2286 9779 9811 9863 9678 9862 2331 
7518 4822 9643 9648 4874 9781 9863 9813 9816 9815 9864 
7519 4869 706 4874 4822 4914 4923 4938 9783 9816 4832 
7520 4869 4822 4874 9643 9783 9816 4938 9684 9864 9781 
7521 2278 2288 2290 9647 2300 2353 2356 9865 9826 9856 
7522 9645 9635 9647 2288 9658 9866 9857 9662 9856 9661 
7523 2288 2278 9635 9647 2300 9663 9661 9856 9866 9865 
7524 9635 9645 9647 4873 9658 9857 9866 9867 9831 9858 
7525 4871 4861 4873 9645 4883 4939 4936 9668 9858 9667 
7526 9645 9635 4861 4873 9658 9669 9667 9858 4939 9867 
7527 2279 2287 2292 9649 2302 2352 2357 9868 9834 9853 
7528 9644 9636 9649 2279 9674 9869 9854 9670 9868 9677 
7529 9644 2279 9649 2287 9670 9868 9854 9671 9853 2302 
7530 9636 9644 9649 4875 9674 9854 9869 9870 9839 9855 
7531 4870 4862 4875 9636 4885 4940 4935 9679 9870 9683 
7532 4870 9636 4875 9644 9679 9870 4935 9680 9855 9674 
7533 2286 2279 2291 9648 2303 2358 2355 9862 9810 9871 
7534 9636 9643 9648 2279 9673 9863 9872 9677 9871 9676 
7535 2279 2286 9643 9648 2303 9678 9676 9871 9863 9862 
7536 9643 9636 9648 4874 9673 9872 9863 9864 9815 9873 
7537 4862 4869 4874 9636 4886 4938 4941 9683 9873 9682 
7538 9636 9643 4869 4874 9673 9684 9682 9873 4938 9864 
7539 2289 2278 2293 9650 2298 2359 2354 9859 9818 9874 
7540 9635 9646 9650 2278 9660 9860 9875 9663 9874 9657 
7541 2278 2289 9646 9650 2298 9656 9657 9874 9860 9859 
7542 9646 9635 9650 4876 9660 9875 9860 9861 9823 9876 
7543 4861 4872 4876 9635 4881 4937 4942 9669 9876 9666 
7544 9635 9646 4872 4876 9660 9665 9666 9876 4937 9861 
7545 2285 2281 2295 9652 2323 2360 2361 9877 9878 9879 
7546 9638 9642 9652 2281 9759 9880 9881 9751 9879 9758 
7547 2281 2285 9642 9652 2323 9715 9758 9879 9880 9877 
7548 9642 9638 9652 4878 9759 9881 9880 9882 9883 9884 
7549 4864 4868 4878 9638 4906 4944 4943 9756 9884 9760 
7550 9638 9642 4868 4878 9759 9723 9760 9884 4944 9882 
7551 2282 2284 2295 9652 2315 2362 2363 9885 9878 9886 
7552 9641 9639 9652 2282 9730 9887 9888 9727 9885 9733 
7553 9641 2282 9652 2284 9727 9885 9888 9702 9886 2315 
7554 9639 9641 9652 4878 9730 9888 9887 9889 9883 9890 
7555 4867 4865 4878 9639 4898 4946 4945 9734 9889 9737 
7556 4867 9639 4878 9641 9734 9889 4945 9710 9890 9730 
7557 2284 2280 2294 9651 2308 2364 2365 9891 9892 9893 
7558 9637 9641 9651 2280 9706 9894 9895 9708 9893 9703 
7559 2280 2284 9641 9651 2308 9702 9703 9893 9894 9891 
7560 9641 9637 9651 4877 9706 9895 9894 9896 9897 9898 
7561 4863 4867 4877 9637 4891 4948 4947 9713 9898 9711 
7562 9637 9641 4867 4877 9706 9710 9711 9898 4948 9896 
7563 2283 2285 2294 9651 2312 2366 2367 9899 9892 9900 
7564 9642 9640 9651 2283 9718 9901 9902 9714 9899 9721 
7565 9642 2283 9651 2285 9714 9899 9902 9715 9900 2312 
7566 9640 9642 9651 4877 9718 9902 9901 9903 9897 9904 
7567 4868 4866 4877 9640 4895 4950 4949 9722 9903 9726 
7568 4868 9640 4877 9642 9722 9903 4949 9723 9904 9718 
7569 2284 2294 2295 9652 2365 2368 2362 9886 9878 9905 
7570 9651 9641 9652 2284 9894 9888 9906 9891 9886 9702 
7571 9651 2284 9652 2294 9891 9886 9906 9892 9905 2365 
7572 9641 9651 9652 4878 9894 9906 9888 9890 9883 9907 
7573 4877 4867 4878 9641 4948 4945 4951 9896 9890 9710 
7574 4877 9641 4878 9651 9896 9890 4951 9897 9907 9894 
7575 2294 2285 2295 9652 2366 2361 2368 9905 9878 9877 
7576 9642 9651 9652 2285 9902 9906 9880 9715 9877 9900 
7577 2285 2294 9651 9652 2366 9892 9900 9877 9906 9905 
7578 9651 9642 9652 4878 9902 9880 9906 9907 9883 9882 
7579 4868 4877 4878 9642 4949 4951 4944 9723 9882 9904 
7580 9642 9651 4877 4878 9902 9897 9904 9882 4951 9907 
7581 2295 2281 2297 9654 2360 2369 2370 9908 9686 9909 
7582 9638 9652 9654 2281 9881 9910 9911 9751 9909 9879 
7583 2281 2295 9652 9654 2360 9878 9879 9909 9910 9908 
7584 9652 9638 9654 4880 9881 9911 9910 9912 9691 9913 
7585 4864 4878 4880 9638 4943 4953 4952 9756 9913 9884 
7586 9638 9652 4878 4880 9881 9883 9884 9913 4953 9912 
7587 2282 2295 2297 9654 2363 2370 2371 9914 9686 9908 
7588 9652 9639 9654 2282 9887 9915 9910 9885 9914 9733 
7589 9652 2282 9654 2295 9885 9914 9910 9878 9908 2363 
7590 9639 9652 9654 4880 9887 9910 9915 9916 9691 9912 
7591 4878 4865 4880 9639 4946 4954 4953 9889 9916 9737 
7592 4878 9639 4880 9652 9889 9916 4953 9883 9912 9887 
7593 2283 2294 2296 9653 2367 2372 2373 9917 9694 9918 
7594 9651 9640 9653 2283 9901 9919 9920 9899 9917 9721 
7595 9651 2283 9653 2294 9899 9917 9920 9892 9918 2367 
7596 9640 9651 9653 4879 9901 9920 9919 9921 9699 9922 
7597 4877 4866 4879 9640 4950 4956 4955 9903 9921 9726 
7598 4877 9640 4879 9651 9903 9921 4955 9897 9922 9901 
7599 2294 2280 2296 9653 2364 2374 2372 9918 9694 9923 
7600 9637 9651 9653 2280 9895 9920 9924 9708 9923 9893 
7601 2280 2294 9651 9653 2364 9892 9893 9923 9920 9918 
7602 9651 9637 9653 4879 9895 9924 9920 9922 9699 9925 
7603 4863 4877 4879 9637 4947 4955 4957 9713 9925 9898 
7604 9637 9651 4877 4879 9895 9897 9898 9925 4955 9922 
7605 173 2278 2290 9647 2333 2356 2350 9847 9826 9865 
7606 9635 4615 9647 173 9787 9848 9866 9785 9847 4623 
7607 9635 173 9647 2278 9785 9847 9866 9663 9865 2333 
7608 4615 9635 9647 4873 9787 9866 9848 9849 9831 9867 
7609 4861 673 4873 4615 4916 4933 4939 9789 9849 4625 
7610 4861 4615 4873 9635 9789 9849 4939 9669 9867 9787 
7611 2279 196 2291 9648 2334 2351 2358 9871 9810 9850 
7612 4808 9636 9648 196 9794 9872 9851 4816 9850 9792 
7613 196 2279 9636 9648 2334 9677 9792 9850 9872 9871 
7614 9636 4808 9648 4874 9794 9851 9872 9873 9815 9852 
7615 702 4862 4874 4808 4917 4941 4934 4818 9852 9796 
7616 4808 9636 4862 4874 9794 9683 9796 9852 4941 9873 
7617 2278 172 2293 9650 2332 2348 2359 9874 9818 9841 
7618 4614 9635 9650 172 9788 9875 9842 4618 9841 9786 
7619 172 2278 9635 9650 2332 9663 9786 9841 9875 9874 
7620 9635 4614 9650 4876 9788 9842 9875 9876 9823 9843 
7621 672 4861 4876 4614 4915 4942 4931 4620 9843 9790 
7622 4614 9635 4861 4876 9788 9669 9790 9843 4942 9876 
7623 195 2279 2292 9649 2335 2357 2349 9844 9834 9868 
7624 9636 4807 9649 195 9793 9845 9869 9791 9844 4811 
7625 9636 195 9649 2279 9791 9844 9869 9677 9868 2335 
7626 4807 9636 9649 4875 9793 9869 9845 9846 9839 9870 
7627 4862 701 4875 4807 4918 4932 4940 9795 9846 4813 
7628 4862 4807 4875 9636 9795 9846 4940 9683 9870 9793 
7629 2286 2282 2297 9654 2339 2371 2304 9687 9686 9914 
7630 9639 9643 9654 2282 9807 9689 9915 9733 9914 9806 
7631 2282 2286 9643 9654 2339 9678 9806 9914 9689 9687 
7632 9643 9639 9654 4880 9807 9915 9689 9692 9691 9916 
7633 4865 4869 4880 9639 4922 4887 4954 9737 9916 9808 
7634 9639 9643 4869 4880 9807 9684 9808 9916 4887 9692 
7635 2281 2287 2297 9654 2336 2305 2369 9909 9686 9685 
7636 9644 9638 9654 2281 9798 9911 9688 9797 9909 9751 
7637 9644 2281 9654 2287 9797 9909 9688 9671 9685 2336 
7638 9638 9644 9654 4880 9798 9688 9911 9913 9691 9690 
7639 4870 4864 4880 9638 4919 4952 4888 9799 9913 9756 
7640 4870 9638 4880 9644 9799 9913 4888 9680 9690 9798 
7641 2280 2288 2296 9653 2337 2307 2374 9923 9694 9693 
7642 9645 9637 9653 2280 9801 9924 9696 9800 9923 9708 
7643 9645 2280 9653 2288 9800 9923 9696 9662 9693 2337 
7644 9637 9645 9653 4879 9801 9696 9924 9925 9699 9698 
7645 4871 4863 4879 9637 4920 4957 4890 9802 9925 9713 
7646 4871 9637 4879 9645 9802 9925 4890 9668 9698 9801 
7647 2289 2283 2296 9653 2338 2373 2306 9695 9694 9917 
7648 9640 9646 9653 2283 9804 9697 9919 9721 9917 9803 
7649 2283 2289 9646 9653 2338 9656 9803 9917 9697 9695 
7650 9646 9640 9653 4879 9804 9919 9697 9700 9699 9921 
7651 4866 4872 4879 9640 4921 4889 4956 9726 9921 9805 
7652 9640 9646 4872 4879 9804 9665 9805 9921 4889 9700 
$EndElements
