$MeshFormat
4.1 0 8
$EndMeshFormat
$PhysicalNames
5
0 4 "bc-bot-mid"
0 5 "bc-top-mid"
1 2 "bc-bot"
1 3 "bc-top"
2 1 "plate"
$EndPhysicalNames
$Entities
18 26 8 0
1 -0.0125 0 0 0 
2 0 0 0 1 4 
3 0 0.005 0 0 
4 -0.0125 0.005000000000000001 0 0 
5 0.0125 0 0 0 
6 0.0125 0.005000000000000001 0 0 
10 0 0.03 0 0 
11 -0.0125 0.03 0 0 
12 0.0125 0.03 0 0 
13 0 0.035 0 1 5 
14 -0.0125 0.035 0 0 
15 0.0125 0.035 0 0 
16 -0.0125 0.0175 0 0 
17 -0.003125 0.01750000000000025 0 0 
18 1.121230546497469e-16 0.014375 0 0 
19 0.003125 0.0175 0 0 
20 0.0125 0.0175 0 0 
21 1.107710332985037e-16 0.020625 0 0 
1 -0.0125001 -1e-07 -1e-07 1.000000000002735e-07 1e-07 1e-07 1 2 2 1 -2 
2 -1e-07 -9.99999999998398e-08 -1e-07 1e-07 0.005000100000000001 1e-07 0 2 2 -3 
3 -0.0125001 0.0049999 -1.000000000008674e-07 1.000000000011408e-07 0.005000100000000002 1.000000000008674e-07 0 2 3 -4 
4 -0.0125001 -9.99999999998398e-08 -1e-07 -0.0124999 0.005000100000000001 1e-07 0 2 4 -1 
5 -1.000000000002735e-07 -1e-07 -1e-07 0.0125001 1e-07 1e-07 1 2 2 2 -5 
6 0.0124999 -9.99999999998398e-08 -1e-07 0.0125001 0.005000100000000001 1e-07 0 2 5 -6 
7 -1.000000000002735e-07 0.004999900000000001 -1e-07 0.0125001 0.005000100000000001 1e-07 0 2 6 -3 
14 -0.0125001 0.0299999 -1.000000000008674e-07 1.000000000011408e-07 0.0300001 1.000000000008674e-07 0 2 10 -11 
17 -1.000000000002735e-07 0.0299999 -1e-07 0.0125001 0.0300001 1e-07 0 2 12 -10 
18 -1e-07 0.0299999 -1e-07 1e-07 0.03500010000000001 1e-07 0 2 10 -13 
19 -0.0125001 0.0349999 -1e-07 1.000000000002735e-07 0.03500010000000001 1e-07 1 3 2 13 -14 
20 -0.0125001 0.0299999 -1e-07 -0.0124999 0.03500010000000001 1e-07 0 2 14 -11 
21 0.0124999 0.0299999 -1e-07 0.0125001 0.03500010000000001 1e-07 0 2 12 -15 
22 -1.000000000002735e-07 0.0349999 -1e-07 0.0125001 0.03500010000000001 1e-07 1 3 2 15 -13 
23 -0.0125001 0.004999900000000001 -1e-07 -0.0124999 0.0175001 1e-07 0 2 16 -4 
24 -0.0125001 0.0174999 -1.000000000008674e-07 -0.0031249 0.0175001 1.000000000008674e-07 0 2 17 -16 
25 -0.0031251 0.0143749 -1e-07 1.000000001104284e-07 0.0175001 1e-07 0 2 17 -18 
26 -1e-07 0.004999900000000001 -1e-07 1e-07 0.0143751 1e-07 0 2 3 -18 
27 -9.999999988946802e-08 0.0143749 -1e-07 0.0031251 0.0175001 1e-07 0 2 18 -19 
28 0.0031249 0.0174999 -1e-07 0.0125001 0.0175001 1e-07 0 2 20 -19 
29 0.0124999 0.004999900000000001 -1e-07 0.0125001 0.0175001 1e-07 0 2 6 -20 
30 -0.0125001 0.0174999 -1e-07 -0.0124999 0.0300001 1e-07 0 2 11 -16 
31 -1e-07 0.0206249 -1e-07 1e-07 0.0300001 1e-07 0 2 21 -10 
32 -0.0031251 0.0174999 -1e-07 1.000000001104284e-07 0.0206251 1e-07 0 2 21 -17 
33 -9.999999988946802e-08 0.0174999 -1e-07 0.0031251 0.0206251 1e-07 0 2 19 -21 
34 0.0124999 0.0174999 -1e-07 0.0125001 0.0300001 1e-07 0 2 20 -12 
1 -0.0125001 -1.000000000007072e-07 -1.000000000008674e-07 1.000000000011408e-07 0.005000100000000002 1.000000000008674e-07 1 1 4 1 2 3 4 
5 -1.000000000002735e-07 -9.99999999998398e-08 -1e-07 0.0125001 0.005000100000000001 1e-07 1 1 4 5 6 7 -2 
9 -0.0125001 0.0049999 -1.000000000008674e-07 1.000000001112958e-07 0.0175001 1.000000000008674e-07 1 1 5 -3 26 -25 24 23 
13 -1.000000000002735e-07 0.004999900000000001 -1e-07 0.0125001 0.0175001 1e-07 1 1 5 -7 29 28 -27 -26 
17 -0.0125001 0.0174999 -1.000000000008674e-07 1.000000001112958e-07 0.0300001 1.000000000008674e-07 1 1 5 -24 -32 31 14 30 
21 -1.000000000002735e-07 0.0174999 -1e-07 0.0125001 0.0300001 1e-07 1 1 5 -28 34 17 -31 -33 
25 -0.0125001 0.0299999 -1.000000000008674e-07 1.000000000011408e-07 0.03500010000000001 1.000000000008674e-07 1 1 4 -14 18 19 20 
29 -1.000000000002735e-07 0.0299999 -1e-07 0.0125001 0.03500010000000001 1e-07 1 1 4 -17 21 22 -18 
$EndEntities
$Nodes
52 5488 1 5488
0 1 0 1
1
-0.0125 0 0
0 2 0 1
2
0 0 0
0 3 0 1
3
0 0.005 0
0 4 0 1
4
-0.0125 0.005000000000000001 0
0 5 0 1
5
0.0125 0 0
0 6 0 1
6
0.0125 0.005000000000000001 0
0 10 0 1
7
0 0.03 0
0 11 0 1
8
-0.0125 0.03 0
0 12 0 1
9
0.0125 0.03 0
0 13 0 1
10
0 0.035 0
0 14 0 1
11
-0.0125 0.035 0
0 15 0 1
12
0.0125 0.035 0
0 16 0 1
13
-0.0125 0.0175 0
0 17 0 1
14
-0.003125 0.01750000000000025 0
0 18 0 1
15
1.121230546497469e-16 0.014375 0
0 19 0 1
16
0.003125 0.0175 0
0 20 0 1
17
0.0125 0.0175 0
0 21 0 1
18
1.107710332985037e-16 0.020625 0
1 1 0 17
19
20
21
22
23
24
25
26
27
28
29
30
31
32
33
34
35
-0.01111111111111111 0 0
-0.009722222222222217 0 0
-0.008333333333333326 0 0
-0.00694444444444444 0 0
-0.005555555555555551 0 0
-0.004166666666666661 0 0
-0.002777777777777773 0 0
-0.001388888888888887 0 0
-0.01180555555555556 0 0
-0.01041666666666666 0 0
-0.009027777777777772 0 0
-0.007638888888888883 0 0
-0.006249999999999995 0 0
-0.004861111111111105 0 0
-0.003472222222222217 0 0
-0.002083333333333331 0 0
-0.0006944444444444437 0 0
1 2 0 25
36
37
38
39
40
41
42
43
44
45
46
47
48
49
50
51
52
53
54
55
56
57
58
59
60
0 0.0003846153846153845 0
0 0.000769230769230769 0
0 0.001153846153846154 0
0 0.001538461538461538 0
0 0.001923076923076923 0
0 0.002307692307692308 0
0 0.002692307692307692 0
0 0.003076923076923077 0
0 0.003461538461538462 0
0 0.003846153846153847 0
0 0.004230769230769232 0
0 0.004615384615384617 0
0 0.0001923076923076922 0
0 0.0005769230769230768 0
0 0.0009615384615384614 0
0 0.001346153846153846 0
0 0.001730769230769231 0
0 0.002115384615384615 0
0 0.0025 0
0 0.002884615384615385 0
0 0.003269230769230769 0
0 0.003653846153846154 0
0 0.004038461538461539 0
0 0.004423076923076924 0
0 0.004807692307692309 0
1 3 0 17
61
62
63
64
65
66
67
68
69
70
71
72
73
74
75
76
77
-0.001388888888888891 0.005000000000000001 0
-0.002777777777777783 0.005000000000000001 0
-0.004166666666666674 0.005000000000000001 0
-0.005555555555555561 0.005000000000000001 0
-0.00694444444444445 0.005000000000000001 0
-0.00833333333333334 0.005000000000000001 0
-0.009722222222222228 0.005000000000000001 0
-0.01111111111111111 0.005000000000000001 0
-0.0006944444444444457 0.005000000000000001 0
-0.002083333333333337 0.005000000000000001 0
-0.003472222222222229 0.005000000000000001 0
-0.004861111111111118 0.005000000000000001 0
-0.006250000000000006 0.005000000000000001 0
-0.007638888888888896 0.005000000000000001 0
-0.009027777777777784 0.005000000000000001 0
-0.01041666666666667 0.005000000000000001 0
-0.01180555555555556 0.005000000000000001 0
1 4 0 25
78
79
80
81
82
83
84
85
86
87
88
89
90
91
92
93
94
95
96
97
98
99
100
101
102
-0.0125 0.004615384615384617 0
-0.0125 0.004230769230769232 0
-0.0125 0.003846153846153847 0
-0.0125 0.003461538461538463 0
-0.0125 0.003076923076923078 0
-0.0125 0.002692307692307693 0
-0.0125 0.002307692307692309 0
-0.0125 0.001923076923076924 0
-0.0125 0.001538461538461539 0
-0.0125 0.001153846153846154 0
-0.0125 0.0007692307692307694 0
-0.0125 0.0003846153846153843 0
-0.0125 0.004807692307692309 0
-0.0125 0.004423076923076925 0
-0.0125 0.004038461538461539 0
-0.0125 0.003653846153846155 0
-0.0125 0.00326923076923077 0
-0.0125 0.002884615384615386 0
-0.0125 0.002500000000000001 0
-0.0125 0.002115384615384616 0
-0.0125 0.001730769230769231 0
-0.0125 0.001346153846153847 0
-0.0125 0.0009615384615384616 0
-0.0125 0.0005769230769230773 0
-0.0125 0.0001923076923076921 0
1 5 0 17
103
104
105
106
107
108
109
110
111
112
113
114
115
116
117
118
119
0.001388888888888891 0 0
0.002777777777777783 0 0
0.004166666666666674 0 0
0.005555555555555561 0 0
0.00694444444444445 0 0
0.00833333333333334 0 0
0.009722222222222228 0 0
0.01111111111111111 0 0
0.0006944444444444457 0 0
0.002083333333333337 0 0
0.003472222222222229 0 0
0.004861111111111118 0 0
0.006250000000000006 0 0
0.007638888888888896 0 0
0.009027777777777784 0 0
0.01041666666666667 0 0
0.01180555555555556 0 0
1 6 0 25
120
121
122
123
124
125
126
127
128
129
130
131
132
133
134
135
136
137
138
139
140
141
142
143
144
0.0125 0.0003846153846153845 0
0.0125 0.000769230769230769 0
0.0125 0.001153846153846154 0
0.0125 0.001538461538461538 0
0.0125 0.001923076923076923 0
0.0125 0.002307692307692308 0
0.0125 0.002692307692307692 0
0.0125 0.003076923076923077 0
0.0125 0.003461538461538462 0
0.0125 0.003846153846153847 0
0.0125 0.004230769230769232 0
0.0125 0.004615384615384617 0
0.0125 0.0001923076923076922 0
0.0125 0.0005769230769230768 0
0.0125 0.0009615384615384614 0
0.0125 0.001346153846153846 0
0.0125 0.001730769230769231 0
0.0125 0.002115384615384615 0
0.0125 0.0025 0
0.0125 0.002884615384615385 0
0.0125 0.003269230769230769 0
0.0125 0.003653846153846154 0
0.0125 0.004038461538461539 0
0.0125 0.004423076923076924 0
0.0125 0.004807692307692309 0
1 7 0 17
145
146
147
148
149
150
151
152
153
154
155
156
157
158
159
160
161
0.01111111111111111 0.005000000000000001 0
0.009722222222222217 0.005000000000000001 0
0.008333333333333326 0.005000000000000001 0
0.00694444444444444 0.005000000000000001 0
0.005555555555555551 0.005000000000000001 0
0.004166666666666661 0.005000000000000001 0
0.002777777777777773 0.005000000000000001 0
0.001388888888888887 0.005000000000000001 0
0.01180555555555556 0.005000000000000001 0
0.01041666666666666 0.005000000000000001 0
0.009027777777777772 0.005000000000000001 0
0.007638888888888883 0.005000000000000001 0
0.006249999999999995 0.005000000000000001 0
0.004861111111111105 0.005000000000000001 0
0.003472222222222217 0.005000000000000001 0
0.002083333333333331 0.005000000000000001 0
0.0006944444444444437 0.005000000000000001 0
1 14 0 17
162
163
164
165
166
167
168
169
170
171
172
173
174
175
176
177
178
-0.001388888888888891 0.03 0
-0.002777777777777783 0.03 0
-0.004166666666666674 0.03 0
-0.005555555555555561 0.03 0
-0.00694444444444445 0.03 0
-0.00833333333333334 0.03 0
-0.009722222222222228 0.03 0
-0.01111111111111111 0.03 0
-0.0006944444444444457 0.03 0
-0.002083333333333337 0.03 0
-0.003472222222222229 0.03 0
-0.004861111111111118 0.03 0
-0.006250000000000006 0.03 0
-0.007638888888888896 0.03 0
-0.009027777777777784 0.03 0
-0.01041666666666667 0.03 0
-0.01180555555555556 0.03 0
1 17 0 17
179
180
181
182
183
184
185
186
187
188
189
190
191
192
193
194
195
0.01111111111111111 0.03 0
0.009722222222222217 0.03 0
0.008333333333333326 0.03 0
0.00694444444444444 0.03 0
0.005555555555555551 0.03 0
0.004166666666666661 0.03 0
0.002777777777777773 0.03 0
0.001388888888888887 0.03 0
0.01180555555555556 0.03 0
0.01041666666666666 0.03 0
0.009027777777777772 0.03 0
0.007638888888888883 0.03 0
0.006249999999999995 0.03 0
0.004861111111111105 0.03 0
0.003472222222222217 0.03 0
0.002083333333333331 0.03 0
0.0006944444444444437 0.03 0
1 18 0 25
196
197
198
199
200
201
202
203
204
205
206
207
208
209
210
211
212
213
214
215
216
217
218
219
220
0 0.03038461538461539 0
0 0.03076923076923077 0
0 0.03115384615384616 0
0 0.03153846153846154 0
0 0.03192307692307693 0
0 0.03230769230769231 0
0 0.03269230769230769 0
0 0.03307692307692308 0
0 0.03346153846153847 0
0 0.03384615384615385 0
0 0.03423076923076923 0
0 0.03461538461538462 0
0 0.0301923076923077 0
0 0.03057692307692308 0
0 0.03096153846153846 0
0 0.03134615384615385 0
0 0.03173076923076924 0
0 0.03211538461538462 0
0 0.0325 0
0 0.03288461538461539 0
0 0.03326923076923077 0
0 0.03365384615384616 0
0 0.03403846153846155 0
0 0.03442307692307692 0
0 0.03480769230769231 0
1 19 0 17
221
222
223
224
225
226
227
228
229
230
231
232
233
234
235
236
237
-0.001388888888888891 0.035 0
-0.002777777777777783 0.035 0
-0.004166666666666674 0.035 0
-0.005555555555555561 0.035 0
-0.00694444444444445 0.035 0
-0.00833333333333334 0.035 0
-0.009722222222222228 0.035 0
-0.01111111111111111 0.035 0
-0.0006944444444444457 0.035 0
-0.002083333333333337 0.035 0
-0.003472222222222229 0.035 0
-0.004861111111111118 0.035 0
-0.006250000000000006 0.035 0
-0.007638888888888896 0.035 0
-0.009027777777777784 0.035 0
-0.01041666666666667 0.035 0
-0.01180555555555556 0.035 0
1 20 0 25
238
239
240
241
242
243
244
245
246
247
248
249
250
251
252
253
254
255
256
257
258
259
260
261
262
-0.0125 0.03461538461538462 0
-0.0125 0.03423076923076923 0
-0.0125 0.03384615384615385 0
-0.0125 0.03346153846153847 0
-0.0125 0.03307692307692308 0
-0.0125 0.03269230769230769 0
-0.0125 0.03230769230769231 0
-0.0125 0.03192307692307693 0
-0.0125 0.03153846153846154 0
-0.0125 0.03115384615384616 0
-0.0125 0.03076923076923077 0
-0.0125 0.03038461538461538 0
-0.0125 0.03480769230769231 0
-0.0125 0.03442307692307692 0
-0.0125 0.03403846153846155 0
-0.0125 0.03365384615384616 0
-0.0125 0.03326923076923077 0
-0.0125 0.03288461538461539 0
-0.0125 0.0325 0
-0.0125 0.03211538461538462 0
-0.0125 0.03173076923076924 0
-0.0125 0.03134615384615385 0
-0.0125 0.03096153846153846 0
-0.0125 0.03057692307692308 0
-0.0125 0.0301923076923077 0
1 21 0 25
263
264
265
266
267
268
269
270
271
272
273
274
275
276
277
278
279
280
281
282
283
284
285
286
287
0.0125 0.03038461538461539 0
0.0125 0.03076923076923077 0
0.0125 0.03115384615384616 0
0.0125 0.03153846153846154 0
0.0125 0.03192307692307693 0
0.0125 0.03230769230769231 0
0.0125 0.03269230769230769 0
0.0125 0.03307692307692308 0
0.0125 0.03346153846153847 0
0.0125 0.03384615384615385 0
0.0125 0.03423076923076923 0
0.0125 0.03461538461538462 0
0.0125 0.0301923076923077 0
0.0125 0.03057692307692308 0
0.0125 0.03096153846153846 0
0.0125 0.03134615384615385 0
0.0125 0.03173076923076924 0
0.0125 0.03211538461538462 0
0.0125 0.0325 0
0.0125 0.03288461538461539 0
0.0125 0.03326923076923077 0
0.0125 0.03365384615384616 0
0.0125 0.03403846153846155 0
0.0125 0.03442307692307692 0
0.0125 0.03480769230769231 0
1 22 0 17
288
289
290
291
292
293
294
295
296
297
298
299
300
301
302
303
304
0.01111111111111111 0.035 0
0.009722222222222217 0.035 0
0.008333333333333326 0.035 0
0.00694444444444444 0.035 0
0.005555555555555551 0.035 0
0.004166666666666661 0.035 0
0.002777777777777773 0.035 0
0.001388888888888887 0.035 0
0.01180555555555556 0.035 0
0.01041666666666666 0.035 0
0.009027777777777772 0.035 0
0.007638888888888883 0.035 0
0.006249999999999995 0.035 0
0.004861111111111105 0.035 0
0.003472222222222217 0.035 0
0.002083333333333331 0.035 0
0.0006944444444444437 0.035 0
1 23 0 17
305
306
307
308
309
310
311
312
313
314
315
316
317
318
319
320
321
-0.0125 0.01611111111111111 0
-0.0125 0.01472222222222222 0
-0.0125 0.01333333333333333 0
-0.0125 0.01194444444444444 0
-0.0125 0.01055555555555555 0
-0.0125 0.009166666666666662 0
-0.0125 0.007777777777777774 0
-0.0125 0.006388888888888888 0
-0.0125 0.01680555555555556 0
-0.0125 0.01541666666666667 0
-0.0125 0.01402777777777777 0
-0.0125 0.01263888888888888 0
-0.0125 0.01125 0
-0.0125 0.009861111111111105 0
-0.0125 0.008472222222222218 0
-0.0125 0.007083333333333332 0
-0.0125 0.005694444444444445 0
1 24 0 35
322
323
324
325
326
327
328
329
330
331
332
333
334
335
336
337
338
339
340
341
342
343
344
345
346
347
348
349
350
351
352
353
354
355
356
-0.003330595835307014 0.0175 0
-0.003556751252554368 0.0175 0
-0.003805522214633245 0.0175 0
-0.004079170272545661 0.0175 0
-0.004380183136635812 0.0175 0
-0.004711297282836984 0.0175 0
-0.005075522839861803 0.0175 0
-0.005476170952936554 0.0175 0
-0.005916883876902699 0.0175 0
-0.0064016680975309 0.0175 0
-0.00693493074265213 0.0175 0
-0.007521519649636873 0.0175 0
-0.008166767444606173 0.0175 0
-0.008876540016552768 0.0175 0
-0.00965728984584944 0.0175 0
-0.01051611466157288 0.0175 0
-0.01146082196437859 0.0175 0
-0.003227797917653507 0.0175 0
-0.003443673543930691 0.0175 0
-0.003681136733593806 0.0175 0
-0.003942346243589453 0.0175 0
-0.004229676704590736 0.0175 0
-0.004545740209736399 0.0175 0
-0.004893410061349393 0.0175 0
-0.005275846896399179 0.0175 0
-0.005696527414919626 0.0175 0
-0.0061592759872168 0.0175 0
-0.006668299420091514 0.0175 0
-0.007228225196144501 0.0175 0
-0.007844143547121523 0.0175 0
-0.008521653730579471 0.0175 0
-0.009266914931201103 0.0175 0
-0.01008670225371116 0.0175 0
-0.01098846831297573 0.0175 0
-0.01198041098218929 0.0175 0
1 25 0 35
357
358
359
360
361
362
363
364
365
366
367
368
369
370
371
372
373
374
375
376
377
378
379
380
381
382
383
384
385
386
387
388
389
390
391
-0.003113108431536704 0.01722763830391356 0
-0.003077524228163148 0.01695734944479083 0
-0.003018518207153334 0.01669119048405461 0
-0.002936539439955955 0.01643118705210726 0
-0.002832211834489518 0.01617931793206029 0
-0.002706329386826352 0.01593749999999997 0
-0.002559850138403075 0.01570757363640295 0
-0.002393888884746774 0.01549128871972953 0
-0.002209708691207922 0.015290291308792 0
-0.002008711280270387 0.01510611111525315 0
-0.001792426363596963 0.01494014986159686 0
-0.001562499999999936 0.01479367061317359 0
-0.001320682067939612 0.01466778816551044 0
-0.001068812947892633 0.01456346056004401 0
-0.0008088095159452885 0.01448148179284664 0
-0.0005426505552090617 0.01442247577183683 0
-0.000272361696086327 0.01438689156846329 0
-0.003122025692443305 0.01736368941448332 0
-0.003098265191793156 0.01709210564931233 0
-0.003050925022249788 0.01682362620644342 0
-0.002980365471088202 0.01656029437654912 0
-0.00288712353909776 0.01630411427385907 0
-0.002771908853681927 0.01605703558364049 0
-0.002635598268165246 0.01582093872391614 0
-0.002479229188410081 0.01559762053434771 0
-0.002303991677531602 0.01538878060120102 0
-0.002111219398798895 0.01519600832246832 0
-0.0019023794656522 0.01502077081158985 0
-0.001679061276083765 0.0148644017318347 0
-0.001442964416359414 0.01472809114631802 0
-0.001195885726140828 0.0146128764609022 0
-0.0009397056234507683 0.01451963452891177 0
-0.0006763737935564792 0.01444907497775019 0
-0.0004078943506875595 0.01440173480820683 0
-0.0001363105855165673 0.01437797430755669 0
1 26 0 35
392
393
394
395
396
397
398
399
400
401
402
403
404
405
406
407
408
409
410
411
412
413
414
415
416
417
418
419
420
421
422
423
424
425
426
0 0.006039178029909838 0
0 0.006983885333540185 0
0 0.007842710149985561 0
0 0.008623459979913289 0
0 0.009333232552410631 0
0 0.009978480347859749 0
0 0.01056506925526172 0
0 0.01109833190074501 0
0 0.01158311612168668 0
0 0.01202382904592355 0
0 0.01242447715923146 0
0 0.01278870271645647 0
0 0.01311981686282893 0
0 0.01342082972706506 0
0 0.01369447778510134 0
0 0.01394324874728478 0
0 0.01416940416461987 0
0 0.005519589014954919 0
0 0.006511531681725012 0
0 0.007413297741762873 0
0 0.008233085064949425 0
0 0.008978346266161962 0
0 0.00965585645013519 0
0 0.01027177480156074 0
0 0.01083170057800337 0
0 0.01134072401121585 0
0 0.01180347258380512 0
0 0.01222415310257751 0
0 0.01260658993784397 0
0 0.0129542597896427 0
0 0.01327032329494699 0
0 0.0135576537560832 0
0 0.01381886326619306 0
0 0.01405632645595232 0
0 0.01427220208230994 0
1 27 0 35
427
428
429
430
431
432
433
434
435
436
437
438
439
440
441
442
443
444
445
446
447
448
449
450
451
452
453
454
455
456
457
458
459
460
461
0.000272361696086536 0.01438689156846331 0
0.0005426505552092545 0.01442247577183687 0
0.0008088095159454671 0.01448148179284669 0
0.001068812947892797 0.01456346056004407 0
0.001320682067939759 0.01466778816551051 0
0.001562500000000065 0.01479367061317367 0
0.001792426363597076 0.01494014986159694 0
0.002008711280270484 0.01510611111525324 0
0.002209708691208 0.01529029130879208 0
0.002393888884746838 0.0154912887197296 0
0.002559850138403124 0.01570757363640302 0
0.002706329386826389 0.01593750000000003 0
0.002832211834489545 0.01617931793206034 0
0.002936539439955973 0.01643118705210731 0
0.003018518207153343 0.01669119048405464 0
0.003077524228163152 0.01695734944479085 0
0.003113108431536706 0.01722763830391357 0
0.0001363105855167824 0.0143779743075567 0
0.000407894350687762 0.01440173480820686 0
0.000676373793556665 0.01444907497775023 0
0.0009397056234509392 0.01451963452891182 0
0.001195885726140983 0.01461287646090226 0
0.00144296441635955 0.0147280911463181 0
0.001679061276083885 0.01486440173183477 0
0.001902379465652305 0.01502077081158993 0
0.002111219398798983 0.0151960083224684 0
0.002303991677531673 0.0153887806012011 0
0.002479229188410138 0.01559762053434779 0
0.00263559826816529 0.01582093872391621 0
0.002771908853681959 0.01605703558364055 0
0.002887123539097782 0.01630411427385912 0
0.002980365471088216 0.01656029437654917 0
0.003050925022249795 0.01682362620644344 0
0.003098265191793159 0.01709210564931235 0
0.003122025692443306 0.01736368941448333 0
1 28 0 35
462
463
464
465
466
467
468
469
470
471
472
473
474
475
476
477
478
479
480
481
482
483
484
485
486
487
488
489
490
491
492
493
494
495
496
0.01146082197009016 0.0175 0
0.01051611466645982 0.0175 0
0.00965728985001444 0.0175 0
0.008876540020086712 0.0175 0
0.00816676744758937 0.0175 0
0.007521519652140251 0.0175 0
0.00693493074473828 0.0175 0
0.006401668099254992 0.0175 0
0.00591688387831332 0.0175 0
0.005476170954076451 0.0175 0
0.005075522840768539 0.0175 0
0.004711297283543529 0.0175 0
0.004380183137171074 0.0175 0
0.00407917027293494 0.0175 0
0.003805522214898664 0.0175 0
0.003556751252715226 0.0175 0
0.00333059583538013 0.0175 0
0.01198041098504508 0.0175 0
0.01098846831827499 0.0175 0
0.01008670225823713 0.0175 0
0.009266914935050576 0.0175 0
0.00852165373383804 0.0175 0
0.007844143549864811 0.0175 0
0.007228225198439265 0.0175 0
0.006668299421996636 0.0175 0
0.006159275988784156 0.0175 0
0.005696527416194886 0.0175 0
0.005275846897422495 0.0175 0
0.004893410062156034 0.0175 0
0.004545740210357301 0.0175 0
0.004229676705053007 0.0175 0
0.003942346243916801 0.0175 0
0.003681136733806944 0.0175 0
0.003443673544047678 0.0175 0
0.003227797917690066 0.0175 0
1 29 0 17
497
498
499
500
501
502
503
504
505
506
507
508
509
510
511
512
513
0.0125 0.006388888888888892 0
0.0125 0.007777777777777784 0
0.0125 0.009166666666666675 0
0.0125 0.01055555555555556 0
0.0125 0.01194444444444445 0
0.0125 0.01333333333333334 0
0.0125 0.01472222222222223 0
0.0125 0.01611111111111111 0
0.0125 0.005694444444444446 0
0.0125 0.007083333333333338 0
0.0125 0.00847222222222223 0
0.0125 0.009861111111111119 0
0.0125 0.01125000000000001 0
0.0125 0.0126388888888889 0
0.0125 0.01402777777777778 0
0.0125 0.01541666666666667 0
0.0125 0.01680555555555556 0
1 30 0 17
514
515
516
517
518
519
520
521
522
523
524
525
526
527
528
529
530
-0.0125 0.02861111111111111 0
-0.0125 0.02722222222222222 0
-0.0125 0.02583333333333333 0
-0.0125 0.02444444444444444 0
-0.0125 0.02305555555555555 0
-0.0125 0.02166666666666666 0
-0.0125 0.02027777777777778 0
-0.0125 0.01888888888888889 0
-0.0125 0.02930555555555556 0
-0.0125 0.02791666666666667 0
-0.0125 0.02652777777777778 0
-0.0125 0.02513888888888888 0
-0.0125 0.02375 0
-0.0125 0.02236111111111111 0
-0.0125 0.02097222222222222 0
-0.0125 0.01958333333333333 0
-0.0125 0.01819444444444444 0
1 31 0 35
531
532
533
534
535
536
537
538
539
540
541
542
543
544
545
546
547
548
549
550
551
552
553
554
555
556
557
558
559
560
561
562
563
564
565
0 0.02083059583530701 0
0 0.02105675125255437 0
0 0.02130552221463325 0
0 0.02157917027254566 0
0 0.02188018313663581 0
0 0.02221129728283698 0
0 0.02257552283986181 0
0 0.02297617095293655 0
0 0.0234168838769027 0
0 0.0239016680975309 0
0 0.02443493074265213 0
0 0.02502151964963687 0
0 0.02566676744460617 0
0 0.02637654001655277 0
0 0.02715728984584944 0
0 0.02801611466157288 0
0 0.02896082196437859 0
0 0.02072779791765351 0
0 0.02094367354393069 0
0 0.02118113673359381 0
0 0.02144234624358946 0
0 0.02172967670459074 0
0 0.0220457402097364 0
0 0.02239341006134939 0
0 0.02277584689639918 0
0 0.02319652741491963 0
0 0.0236592759872168 0
0 0.02416829942009151 0
0 0.0247282251961445 0
0 0.02534414354712152 0
0 0.02602165373057947 0
0 0.02676691493120111 0
0 0.02758670225371116 0
0 0.02848846831297574 0
0 0.02948041098218929 0
1 32 0 35
566
567
568
569
570
571
572
573
574
575
576
577
578
579
580
581
582
583
584
585
586
587
588
589
590
591
592
593
594
595
596
597
598
599
600
-0.0002723616960863283 0.02061310843153671 0
-0.0005426505552090609 0.02057752422816317 0
-0.0008088095159452893 0.02051851820715336 0
-0.001068812947892635 0.020436539439956 0
-0.001320682067939615 0.02033221183448957 0
-0.001562499999999937 0.02020632938682641 0
-0.001792426363596964 0.02005985013840314 0
-0.002008711280270388 0.01989388888474685 0
-0.002209708691207922 0.019709708691208 0
-0.002393888884746775 0.01950871128027047 0
-0.002559850138403074 0.01929242636359706 0
-0.002706329386826353 0.01906250000000003 0
-0.002832211834489518 0.01882068206793972 0
-0.002936539439955955 0.01856881294789274 0
-0.003018518207153334 0.0183088095159454 0
-0.003077524228163148 0.01804265055520917 0
-0.003113108431536704 0.01777236169608644 0
-0.0001363105855165679 0.02062202569244331 0
-0.0004078943506875608 0.02059826519179317 0
-0.0006763737935564792 0.02055092502224981 0
-0.0009397056234507696 0.02048036547108824 0
-0.00119588572614083 0.0203871235390978 0
-0.001442964416359414 0.02027190885368198 0
-0.001679061276083765 0.02013559826816531 0
-0.0019023794656522 0.01997922918841015 0
-0.002111219398798895 0.01980399167753168 0
-0.002303991677531602 0.01961121939879898 0
-0.002479229188410082 0.01940237946565229 0
-0.002635598268165246 0.01917906127608386 0
-0.002771908853681927 0.01894296441635951 0
-0.00288712353909776 0.01869588572614093 0
-0.002980365471088203 0.01843970562345087 0
-0.003050925022249788 0.01817637379355659 0
-0.003098265191793157 0.01790789435068767 0
-0.003122025692443305 0.01763631058551668 0
1 33 0 35
601
602
603
604
605
606
607
608
609
610
611
612
613
614
615
616
617
618
619
620
621
622
623
624
625
626
627
628
629
630
631
632
633
634
635
0.003113108431536706 0.01777236169608643 0
0.003077524228163152 0.01804265055520915 0
0.003018518207153343 0.01830880951594536 0
0.002936539439955972 0.0185688129478927 0
0.002832211834489544 0.01882068206793966 0
0.002706329386826389 0.01906249999999997 0
0.002559850138403123 0.01929242636359699 0
0.002393888884746837 0.0195087112802704 0
0.002209708691208 0.01970970869120792 0
0.002008711280270482 0.01989388888474677 0
0.001792426363597074 0.02005985013840306 0
0.001562500000000063 0.02020632938682634 0
0.001320682067939757 0.0203322118344895 0
0.001068812947892795 0.02043653943995594 0
0.0008088095159454658 0.02051851820715331 0
0.0005426505552092539 0.02057752422816313 0
0.0002723616960865354 0.0206131084315367 0
0.003122025692443306 0.01763631058551667 0
0.003098265191793159 0.01790789435068765 0
0.003050925022249795 0.01817637379355656 0
0.002980365471088216 0.01843970562345084 0
0.002887123539097781 0.01869588572614088 0
0.002771908853681958 0.01894296441635945 0
0.002635598268165288 0.01917906127608379 0
0.002479229188410137 0.01940237946565222 0
0.002303991677531672 0.0196112193987989 0
0.002111219398798981 0.0198039916775316 0
0.001902379465652303 0.01997922918841007 0
0.001679061276083883 0.02013559826816523 0
0.001442964416359548 0.02027190885368191 0
0.001195885726140981 0.02038712353909774 0
0.0009397056234509373 0.02048036547108818 0
0.0006763737935566637 0.02055092502224977 0
0.0004078943506877614 0.02059826519179314 0
0.0001363105855167818 0.0206220256924433 0
1 34 0 17
636
637
638
639
640
641
642
643
644
645
646
647
648
649
650
651
652
0.0125 0.01888888888888889 0
0.0125 0.02027777777777778 0
0.0125 0.02166666666666667 0
0.0125 0.02305555555555556 0
0.0125 0.02444444444444445 0
0.0125 0.02583333333333334 0
0.0125 0.02722222222222223 0
0.0125 0.02861111111111111 0
0.0125 0.01819444444444445 0
0.0125 0.01958333333333334 0
0.0125 0.02097222222222223 0
0.0125 0.02236111111111112 0
0.0125 0.02375000000000001 0
0.0125 0.0251388888888889 0
0.0125 0.02652777777777779 0
0.0125 0.02791666666666667 0
0.0125 0.02930555555555556 0
2 1 0 308
653
654
655
656
657
658
659
660
661
662
663
664
665
666
667
668
669
670
671
672
673
674
675
676
677
678
679
680
681
682
683
684
685
686
687
688
689
690
691
692
693
694
695
696
697
698
699
700
701
702
703
704
705
706
707
708
709
710
711
712
713
714
715
716
717
718
719
720
721
722
723
724
725
726
727
728
729
730
731
732
733
734
735
736
737
738
739
740
741
742
743
744
745
746
747
748
749
750
751
752
753
754
755
756
757
758
759
760
761
762
763
764
765
766
767
768
769
770
771
772
773
774
775
776
777
778
779
780
781
782
783
784
785
786
787
788
789
790
791
792
793
794
795
796
797
798
799
800
801
802
803
804
805
806
807
808
809
810
811
812
813
814
815
816
817
818
819
820
821
822
823
824
825
826
827
828
829
830
831
832
833
834
835
836
837
838
839
840
841
842
843
844
845
846
847
848
849
850
851
852
853
854
855
856
857
858
859
860
861
862
863
864
865
866
867
868
869
870
871
872
873
874
875
876
877
878
879
880
881
882
883
884
885
886
887
888
889
890
891
892
893
894
895
896
897
898
899
900
901
902
903
904
905
906
907
908
909
910
911
912
913
914
915
916
917
918
919
920
921
922
923
924
925
926
927
928
929
930
931
932
933
934
935
936
937
938
939
940
941
942
943
944
945
946
947
948
949
950
951
952
953
954
955
956
957
958
959
960
-0.01111111111111111 0.0003846153846153843 0
-0.01111111111111111 0.0007692307692307694 0
-0.01111111111111111 0.001153846153846154 0
-0.01111111111111111 0.001538461538461539 0
-0.01111111111111111 0.001923076923076924 0
-0.01111111111111111 0.002307692307692309 0
-0.01111111111111111 0.002692307692307693 0
-0.01111111111111111 0.003076923076923077 0
-0.01111111111111111 0.003461538461538463 0
-0.01111111111111111 0.003846153846153847 0
-0.01111111111111111 0.004230769230769232 0
-0.01111111111111111 0.004615384615384617 0
-0.009722222222222219 0.0003846153846153843 0
-0.009722222222222219 0.0007692307692307694 0
-0.009722222222222219 0.001153846153846154 0
-0.009722222222222222 0.001538461538461539 0
-0.009722222222222222 0.001923076923076924 0
-0.009722222222222222 0.002307692307692308 0
-0.009722222222222224 0.002692307692307693 0
-0.009722222222222224 0.003076923076923078 0
-0.009722222222222226 0.003461538461538463 0
-0.009722222222222226 0.003846153846153847 0
-0.009722222222222226 0.004230769230769232 0
-0.009722222222222226 0.004615384615384617 0
-0.008333333333333326 0.0003846153846153843 0
-0.008333333333333328 0.0007692307692307692 0
-0.008333333333333328 0.001153846153846154 0
-0.00833333333333333 0.001538461538461539 0
-0.008333333333333331 0.001923076923076924 0
-0.008333333333333331 0.002307692307692309 0
-0.008333333333333333 0.002692307692307693 0
-0.008333333333333335 0.003076923076923077 0
-0.008333333333333335 0.003461538461538462 0
-0.008333333333333337 0.003846153846153847 0
-0.008333333333333338 0.004230769230769232 0
-0.008333333333333338 0.004615384615384617 0
-0.00694444444444444 0.0003846153846153843 0
-0.006944444444444442 0.0007692307692307694 0
-0.006944444444444442 0.001153846153846154 0
-0.006944444444444443 0.001538461538461539 0
-0.006944444444444444 0.001923076923076924 0
-0.006944444444444444 0.002307692307692308 0
-0.006944444444444445 0.002692307692307693 0
-0.006944444444444447 0.003076923076923077 0
-0.006944444444444447 0.003461538461538462 0
-0.006944444444444448 0.003846153846153847 0
-0.006944444444444448 0.004230769230769232 0
-0.006944444444444449 0.004615384615384617 0
-0.005555555555555551 0.0003846153846153843 0
-0.005555555555555551 0.000769230769230769 0
-0.005555555555555553 0.001153846153846154 0
-0.005555555555555554 0.001538461538461538 0
-0.005555555555555555 0.001923076923076924 0
-0.005555555555555556 0.002307692307692308 0
-0.005555555555555557 0.002692307692307693 0
-0.005555555555555557 0.003076923076923077 0
-0.005555555555555558 0.003461538461538462 0
-0.005555555555555558 0.003846153846153847 0
-0.00555555555555556 0.004230769230769232 0
-0.00555555555555556 0.004615384615384617 0
-0.004166666666666661 0.0003846153846153843 0
-0.004166666666666662 0.0007692307692307694 0
-0.004166666666666664 0.001153846153846154 0
-0.004166666666666666 0.001538461538461538 0
-0.004166666666666666 0.001923076923076924 0
-0.004166666666666667 0.002307692307692308 0
-0.004166666666666667 0.002692307692307693 0
-0.004166666666666669 0.003076923076923077 0
-0.00416666666666667 0.003461538461538462 0
-0.004166666666666671 0.003846153846153847 0
-0.004166666666666673 0.004230769230769232 0
-0.004166666666666673 0.004615384615384617 0
-0.002777777777777775 0.0003846153846153843 0
-0.002777777777777775 0.000769230769230769 0
-0.002777777777777776 0.001153846153846154 0
-0.002777777777777777 0.001538461538461538 0
-0.002777777777777778 0.001923076923076923 0
-0.002777777777777779 0.002307692307692308 0
-0.002777777777777779 0.002692307692307692 0
-0.00277777777777778 0.003076923076923077 0
-0.00277777777777778 0.003461538461538462 0
-0.002777777777777782 0.003846153846153847 0
-0.002777777777777783 0.004230769230769232 0
-0.002777777777777783 0.004615384615384617 0
-0.001388888888888888 0.0003846153846153843 0
-0.001388888888888887 0.000769230769230769 0
-0.001388888888888888 0.001153846153846154 0
-0.001388888888888887 0.001538461538461538 0
-0.00138888888888889 0.001923076923076923 0
-0.001388888888888887 0.002307692307692308 0
-0.001388888888888888 0.002692307692307692 0
-0.001388888888888889 0.003076923076923077 0
-0.001388888888888889 0.003461538461538462 0
-0.001388888888888889 0.003846153846153847 0
-0.00138888888888889 0.004230769230769232 0
-0.00138888888888889 0.004615384615384617 0
-0.01111111111111111 0.0001923076923076921 0
-0.01180555555555556 0.0003846153846153843 0
-0.01111111111111111 0.0005769230769230769 0
-0.01180555555555556 0.0007692307692307694 0
-0.01111111111111111 0.0009615384615384618 0
-0.01180555555555556 0.001153846153846154 0
-0.01111111111111111 0.001346153846153847 0
-0.01180555555555556 0.001538461538461539 0
-0.01111111111111111 0.001730769230769231 0
-0.01180555555555556 0.001923076923076924 0
-0.01111111111111111 0.002115384615384617 0
-0.01180555555555556 0.002307692307692309 0
-0.01111111111111111 0.002500000000000001 0
-0.01180555555555556 0.002692307692307693 0
-0.01111111111111111 0.002884615384615385 0
-0.01180555555555556 0.003076923076923078 0
-0.01111111111111111 0.00326923076923077 0
-0.01180555555555556 0.003461538461538463 0
-0.01111111111111111 0.003653846153846155 0
-0.01180555555555556 0.003846153846153847 0
-0.01111111111111111 0.004038461538461539 0
-0.01180555555555556 0.004230769230769232 0
-0.01111111111111111 0.004423076923076924 0
-0.01180555555555556 0.004615384615384617 0
-0.01111111111111111 0.004807692307692309 0
-0.009722222222222219 0.0001923076923076921 0
-0.01041666666666666 0.0003846153846153843 0
-0.009722222222222219 0.0005769230769230769 0
-0.01041666666666667 0.0007692307692307694 0
-0.009722222222222219 0.0009615384615384616 0
-0.01041666666666666 0.001153846153846154 0
-0.009722222222222221 0.001346153846153846 0
-0.01041666666666667 0.001538461538461539 0
-0.009722222222222222 0.001730769230769231 0
-0.01041666666666667 0.001923076923076924 0
-0.009722222222222222 0.002115384615384616 0
-0.01041666666666667 0.002307692307692309 0
-0.009722222222222222 0.0025 0
-0.01041666666666667 0.002692307692307693 0
-0.009722222222222224 0.002884615384615385 0
-0.01041666666666667 0.003076923076923078 0
-0.009722222222222226 0.00326923076923077 0
-0.01041666666666667 0.003461538461538463 0
-0.009722222222222226 0.003653846153846155 0
-0.01041666666666667 0.003846153846153847 0
-0.009722222222222226 0.004038461538461539 0
-0.01041666666666667 0.004230769230769232 0
-0.009722222222222226 0.004423076923076924 0
-0.01041666666666667 0.004615384615384617 0
-0.009722222222222228 0.004807692307692309 0
-0.008333333333333326 0.0001923076923076921 0
-0.009027777777777773 0.0003846153846153843 0
-0.008333333333333328 0.0005769230769230769 0
-0.009027777777777773 0.0007692307692307694 0
-0.008333333333333328 0.0009615384615384616 0
-0.009027777777777773 0.001153846153846154 0
-0.00833333333333333 0.001346153846153847 0
-0.009027777777777775 0.001538461538461539 0
-0.008333333333333331 0.001730769230769231 0
-0.009027777777777777 0.001923076923076924 0
-0.008333333333333331 0.002115384615384616 0
-0.009027777777777777 0.002307692307692308 0
-0.008333333333333333 0.002500000000000001 0
-0.009027777777777779 0.002692307692307693 0
-0.008333333333333333 0.002884615384615385 0
-0.00902777777777778 0.003076923076923078 0
-0.008333333333333335 0.00326923076923077 0
-0.00902777777777778 0.003461538461538463 0
-0.008333333333333335 0.003653846153846155 0
-0.00902777777777778 0.003846153846153847 0
-0.008333333333333338 0.004038461538461539 0
-0.009027777777777782 0.004230769230769232 0
-0.008333333333333338 0.004423076923076924 0
-0.009027777777777784 0.004615384615384617 0
-0.00833333333333334 0.004807692307692309 0
-0.00694444444444444 0.0001923076923076921 0
-0.007638888888888883 0.0003846153846153843 0
-0.006944444444444441 0.0005769230769230769 0
-0.007638888888888884 0.0007692307692307694 0
-0.006944444444444442 0.0009615384615384618 0
-0.007638888888888885 0.001153846153846154 0
-0.006944444444444442 0.001346153846153847 0
-0.007638888888888886 0.001538461538461539 0
-0.006944444444444443 0.001730769230769231 0
-0.007638888888888888 0.001923076923076924 0
-0.006944444444444444 0.002115384615384616 0
-0.007638888888888888 0.002307692307692308 0
-0.006944444444444444 0.0025 0
-0.00763888888888889 0.002692307692307693 0
-0.006944444444444446 0.002884615384615385 0
-0.00763888888888889 0.003076923076923077 0
-0.006944444444444447 0.00326923076923077 0
-0.007638888888888891 0.003461538461538462 0
-0.006944444444444447 0.003653846153846155 0
-0.007638888888888892 0.003846153846153847 0
-0.006944444444444448 0.004038461538461539 0
-0.007638888888888893 0.004230769230769232 0
-0.006944444444444448 0.004423076923076924 0
-0.007638888888888894 0.004615384615384617 0
-0.006944444444444449 0.004807692307692309 0
-0.005555555555555551 0.0001923076923076921 0
-0.006249999999999996 0.0003846153846153843 0
-0.005555555555555551 0.0005769230769230767 0
-0.006249999999999997 0.0007692307692307692 0
-0.005555555555555552 0.0009615384615384616 0
-0.006249999999999998 0.001153846153846154 0
-0.005555555555555553 0.001346153846153846 0
-0.006249999999999999 0.001538461538461539 0
-0.005555555555555554 0.001730769230769231 0
-0.006249999999999999 0.001923076923076924 0
-0.005555555555555555 0.002115384615384616 0
-0.00625 0.002307692307692308 0
-0.005555555555555557 0.0025 0
-0.00625 0.002692307692307693 0
-0.005555555555555557 0.002884615384615385 0
-0.006250000000000002 0.003076923076923077 0
-0.005555555555555558 0.00326923076923077 0
-0.006250000000000002 0.003461538461538462 0
-0.005555555555555558 0.003653846153846155 0
-0.006250000000000003 0.003846153846153847 0
-0.005555555555555559 0.004038461538461539 0
-0.006250000000000004 0.004230769230769232 0
-0.00555555555555556 0.004423076923076924 0
-0.006250000000000005 0.004615384615384617 0
-0.005555555555555561 0.004807692307692309 0
-0.004166666666666661 0.0001923076923076921 0
-0.004861111111111107 0.0003846153846153843 0
-0.004166666666666662 0.0005769230769230769 0
-0.004861111111111108 0.0007692307692307692 0
-0.004166666666666663 0.0009615384615384616 0
-0.004861111111111109 0.001153846153846154 0
-0.004166666666666665 0.001346153846153846 0
-0.004861111111111109 0.001538461538461538 0
-0.004166666666666666 0.001730769230769231 0
-0.00486111111111111 0.001923076923076924 0
-0.004166666666666667 0.002115384615384616 0
-0.004861111111111111 0.002307692307692308 0
-0.004166666666666667 0.0025 0
-0.004861111111111112 0.002692307692307693 0
-0.004166666666666668 0.002884615384615385 0
-0.004861111111111113 0.003076923076923077 0
-0.004166666666666669 0.00326923076923077 0
-0.004861111111111114 0.003461538461538462 0
-0.00416666666666667 0.003653846153846155 0
-0.004861111111111115 0.003846153846153847 0
-0.004166666666666672 0.004038461538461539 0
-0.004861111111111116 0.004230769230769232 0
-0.004166666666666673 0.004423076923076924 0
-0.004861111111111116 0.004615384615384617 0
-0.004166666666666674 0.004807692307692309 0
-0.002777777777777774 0.0001923076923076921 0
-0.003472222222222219 0.0003846153846153843 0
-0.002777777777777775 0.0005769230769230767 0
-0.003472222222222219 0.0007692307692307692 0
-0.002777777777777775 0.0009615384615384614 0
-0.00347222222222222 0.001153846153846154 0
-0.002777777777777776 0.001346153846153846 0
-0.003472222222222221 0.001538461538461538 0
-0.002777777777777777 0.001730769230769231 0
-0.003472222222222222 0.001923076923076923 0
-0.002777777777777778 0.002115384615384616 0
-0.003472222222222223 0.002307692307692308 0
-0.002777777777777779 0.0025 0
-0.003472222222222223 0.002692307692307692 0
-0.002777777777777779 0.002884615384615385 0
-0.003472222222222225 0.003076923076923077 0
-0.00277777777777778 0.003269230769230769 0
-0.003472222222222225 0.003461538461538462 0
-0.002777777777777781 0.003653846153846154 0
-0.003472222222222226 0.003846153846153847 0
-0.002777777777777783 0.004038461538461539 0
-0.003472222222222228 0.004230769230769232 0
-0.002777777777777783 0.004423076923076924 0
-0.003472222222222228 0.004615384615384617 0
-0.002777777777777783 0.004807692307692309 0
-0.001388888888888887 0.0001923076923076921 0
-0.002083333333333332 0.0003846153846153843 0
-0.001388888888888887 0.0005769230769230767 0
-0.002083333333333331 0.000769230769230769 0
-0.001388888888888887 0.0009615384615384614 0
-0.002083333333333332 0.001153846153846154 0
-0.001388888888888887 0.001346153846153846 0
-0.002083333333333331 0.001538461538461538 0
-0.001388888888888888 0.001730769230769231 0
-0.002083333333333335 0.001923076923076923 0
-0.001388888888888889 0.002115384615384616 0
-0.002083333333333333 0.002307692307692308 0
-0.001388888888888887 0.0025 0
-0.002083333333333334 0.002692307692307692 0
-0.001388888888888889 0.002884615384615384 0
-0.002083333333333335 0.003076923076923077 0
-0.001388888888888889 0.003269230769230769 0
-0.002083333333333335 0.003461538461538462 0
-0.001388888888888889 0.003653846153846154 0
-0.002083333333333335 0.003846153846153847 0
-0.001388888888888889 0.004038461538461539 0
-0.002083333333333336 0.004230769230769232 0
-0.00138888888888889 0.004423076923076924 0
-0.002083333333333336 0.004615384615384617 0
-0.001388888888888891 0.004807692307692309 0
-0.0006944444444444437 0.0003846153846153843 0
-0.0006944444444444437 0.000769230769230769 0
-0.0006944444444444437 0.001153846153846154 0
-0.0006944444444444437 0.001538461538461538 0
-0.0006944444444444454 0.001923076923076923 0
-0.0006944444444444437 0.002307692307692308 0
-0.0006944444444444437 0.002692307692307692 0
-0.0006944444444444446 0.003076923076923077 0
-0.0006944444444444446 0.003461538461538462 0
-0.0006944444444444446 0.003846153846153847 0
-0.0006944444444444454 0.004230769230769232 0
-0.0006944444444444454 0.004615384615384617 0
2 5 0 308
961
962
963
964
965
966
967
968
969
970
971
972
973
974
975
976
977
978
979
980
981
982
983
984
985
986
987
988
989
990
991
992
993
994
995
996
997
998
999
1000
1001
1002
1003
1004
1005
1006
1007
1008
1009
1010
1011
1012
1013
1014
1015
1016
1017
1018
1019
1020
1021
1022
1023
1024
1025
1026
1027
1028
1029
1030
1031
1032
1033
1034
1035
1036
1037
1038
1039
1040
1041
1042
1043
1044
1045
1046
1047
1048
1049
1050
1051
1052
1053
1054
1055
1056
1057
1058
1059
1060
1061
1062
1063
1064
1065
1066
1067
1068
1069
1070
1071
1072
1073
1074
1075
1076
1077
1078
1079
1080
1081
1082
1083
1084
1085
1086
1087
1088
1089
1090
1091
1092
1093
1094
1095
1096
1097
1098
1099
1100
1101
1102
1103
1104
1105
1106
1107
1108
1109
1110
1111
1112
1113
1114
1115
1116
1117
1118
1119
1120
1121
1122
1123
1124
1125
1126
1127
1128
1129
1130
1131
1132
1133
1134
1135
1136
1137
1138
1139
1140
1141
1142
1143
1144
1145
1146
1147
1148
1149
1150
1151
1152
1153
1154
1155
1156
1157
1158
1159
1160
1161
1162
1163
1164
1165
1166
1167
1168
1169
1170
1171
1172
1173
1174
1175
1176
1177
1178
1179
1180
1181
1182
1183
1184
1185
1186
1187
1188
1189
1190
1191
1192
1193
1194
1195
1196
1197
1198
1199
1200
1201
1202
1203
1204
1205
1206
1207
1208
1209
1210
1211
1212
1213
1214
1215
1216
1217
1218
1219
1220
1221
1222
1223
1224
1225
1226
1227
1228
1229
1230
1231
1232
1233
1234
1235
1236
1237
1238
1239
1240
1241
1242
1243
1244
1245
1246
1247
1248
1249
1250
1251
1252
1253
1254
1255
1256
1257
1258
1259
1260
1261
1262
1263
1264
1265
1266
1267
1268
0.00138888888888889 0.0003846153846153843 0
0.001388888888888889 0.000769230769230769 0
0.001388888888888891 0.001153846153846154 0
0.001388888888888891 0.001538461538461538 0
0.001388888888888889 0.001923076923076923 0
0.001388888888888889 0.002307692307692308 0
0.001388888888888889 0.002692307692307693 0
0.001388888888888889 0.003076923076923076 0
0.001388888888888889 0.003461538461538462 0
0.001388888888888889 0.003846153846153847 0
0.001388888888888887 0.004230769230769232 0
0.001388888888888887 0.004615384615384617 0
0.002777777777777783 0.0003846153846153843 0
0.00277777777777778 0.000769230769230769 0
0.002777777777777782 0.001153846153846154 0
0.00277777777777778 0.001538461538461538 0
0.002777777777777777 0.001923076923076923 0
0.002777777777777778 0.002307692307692308 0
0.002777777777777778 0.002692307692307692 0
0.002777777777777776 0.003076923076923077 0
0.002777777777777775 0.003461538461538462 0
0.002777777777777775 0.003846153846153847 0
0.002777777777777774 0.004230769230769232 0
0.002777777777777774 0.004615384615384617 0
0.004166666666666674 0.0003846153846153843 0
0.004166666666666673 0.0007692307692307694 0
0.004166666666666671 0.001153846153846154 0
0.00416666666666667 0.001538461538461538 0
0.004166666666666669 0.001923076923076923 0
0.004166666666666668 0.002307692307692308 0
0.004166666666666667 0.002692307692307692 0
0.004166666666666666 0.003076923076923077 0
0.004166666666666666 0.003461538461538462 0
0.004166666666666664 0.003846153846153846 0
0.004166666666666662 0.004230769230769232 0
0.004166666666666661 0.004615384615384617 0
0.005555555555555561 0.0003846153846153843 0
0.005555555555555559 0.0007692307692307692 0
0.005555555555555558 0.001153846153846154 0
0.005555555555555558 0.001538461538461538 0
0.005555555555555557 0.001923076923076923 0
0.005555555555555557 0.002307692307692308 0
0.005555555555555555 0.002692307692307692 0
0.005555555555555554 0.003076923076923077 0
0.005555555555555554 0.003461538461538462 0
0.005555555555555553 0.003846153846153847 0
0.005555555555555551 0.004230769230769232 0
0.005555555555555551 0.004615384615384617 0
0.006944444444444449 0.0003846153846153843 0
0.006944444444444448 0.0007692307692307692 0
0.006944444444444448 0.001153846153846154 0
0.006944444444444447 0.001538461538461538 0
0.006944444444444446 0.001923076923076923 0
0.006944444444444446 0.002307692307692308 0
0.006944444444444444 0.002692307692307692 0
0.006944444444444444 0.003076923076923077 0
0.006944444444444442 0.003461538461538462 0
0.006944444444444441 0.003846153846153847 0
0.006944444444444442 0.004230769230769232 0
0.006944444444444441 0.004615384615384617 0
0.008333333333333338 0.0003846153846153843 0
0.008333333333333338 0.0007692307692307694 0
0.008333333333333337 0.001153846153846154 0
0.008333333333333335 0.001538461538461538 0
0.008333333333333335 0.001923076923076923 0
0.008333333333333335 0.002307692307692308 0
0.008333333333333333 0.002692307692307692 0
0.008333333333333331 0.003076923076923077 0
0.00833333333333333 0.003461538461538462 0
0.00833333333333333 0.003846153846153846 0
0.008333333333333328 0.004230769230769232 0
0.008333333333333328 0.004615384615384617 0
0.009722222222222226 0.0003846153846153843 0
0.009722222222222226 0.0007692307692307692 0
0.009722222222222226 0.001153846153846154 0
0.009722222222222224 0.001538461538461538 0
0.009722222222222222 0.001923076923076923 0
0.009722222222222222 0.002307692307692308 0
0.009722222222222222 0.002692307692307692 0
0.009722222222222221 0.003076923076923076 0
0.009722222222222221 0.003461538461538462 0
0.009722222222222219 0.003846153846153846 0
0.009722222222222219 0.004230769230769232 0
0.009722222222222219 0.004615384615384617 0
0.01111111111111111 0.0003846153846153843 0
0.01111111111111111 0.000769230769230769 0
0.01111111111111111 0.001153846153846154 0
0.01111111111111111 0.001538461538461538 0
0.01111111111111111 0.001923076923076923 0
0.01111111111111111 0.002307692307692308 0
0.01111111111111111 0.002692307692307692 0
0.01111111111111111 0.003076923076923076 0
0.01111111111111111 0.003461538461538462 0
0.01111111111111111 0.003846153846153847 0
0.01111111111111111 0.004230769230769232 0
0.01111111111111111 0.004615384615384617 0
0.001388888888888891 0.0001923076923076921 0
0.0006944444444444454 0.0003846153846153843 0
0.001388888888888889 0.0005769230769230767 0
0.0006944444444444446 0.000769230769230769 0
0.00138888888888889 0.0009615384615384614 0
0.0006944444444444454 0.001153846153846154 0
0.001388888888888891 0.001346153846153846 0
0.0006944444444444454 0.001538461538461538 0
0.00138888888888889 0.001730769230769231 0
0.0006944444444444446 0.001923076923076923 0
0.001388888888888889 0.002115384615384616 0
0.0006944444444444446 0.002307692307692308 0
0.001388888888888889 0.0025 0
0.0006944444444444446 0.002692307692307692 0
0.001388888888888889 0.002884615384615384 0
0.0006944444444444446 0.003076923076923077 0
0.001388888888888889 0.003269230769230769 0
0.0006944444444444446 0.003461538461538462 0
0.001388888888888889 0.003653846153846155 0
0.0006944444444444446 0.003846153846153847 0
0.001388888888888888 0.004038461538461539 0
0.0006944444444444437 0.004230769230769232 0
0.001388888888888887 0.004423076923076924 0
0.0006944444444444437 0.004615384615384617 0
0.001388888888888887 0.004807692307692309 0
0.002777777777777783 0.0001923076923076921 0
0.002083333333333336 0.0003846153846153843 0
0.002777777777777782 0.0005769230769230767 0
0.002083333333333335 0.000769230769230769 0
0.002777777777777781 0.0009615384615384616 0
0.002083333333333336 0.001153846153846154 0
0.002777777777777781 0.001346153846153846 0
0.002083333333333335 0.001538461538461538 0
0.002777777777777778 0.001730769230769231 0
0.002083333333333333 0.001923076923076923 0
0.002777777777777778 0.002115384615384616 0
0.002083333333333334 0.002307692307692308 0
0.002777777777777778 0.0025 0
0.002083333333333334 0.002692307692307692 0
0.002777777777777777 0.002884615384615385 0
0.002083333333333333 0.003076923076923077 0
0.002777777777777776 0.003269230769230769 0
0.002083333333333332 0.003461538461538462 0
0.002777777777777775 0.003653846153846155 0
0.002083333333333332 0.003846153846153847 0
0.002777777777777774 0.004038461538461539 0
0.002083333333333331 0.004230769230769232 0
0.002777777777777774 0.004423076923076924 0
0.00208333333333333 0.004615384615384617 0
0.002777777777777774 0.004807692307692309 0
0.004166666666666674 0.0001923076923076921 0
0.003472222222222228 0.0003846153846153843 0
0.004166666666666673 0.0005769230769230769 0
0.003472222222222226 0.0007692307692307692 0
0.004166666666666672 0.0009615384615384616 0
0.003472222222222226 0.001153846153846154 0
0.00416666666666667 0.001346153846153846 0
0.003472222222222225 0.001538461538461538 0
0.004166666666666669 0.001730769230769231 0
0.003472222222222223 0.001923076923076923 0
0.004166666666666669 0.002115384615384615 0
0.003472222222222223 0.002307692307692308 0
0.004166666666666667 0.0025 0
0.003472222222222222 0.002692307692307692 0
0.004166666666666666 0.002884615384615384 0
0.003472222222222221 0.003076923076923077 0
0.004166666666666666 0.003269230769230769 0
0.00347222222222222 0.003461538461538462 0
0.004166666666666665 0.003653846153846154 0
0.003472222222222219 0.003846153846153846 0
0.004166666666666663 0.004038461538461539 0
0.003472222222222218 0.004230769230769232 0
0.004166666666666662 0.004423076923076924 0
0.003472222222222218 0.004615384615384617 0
0.004166666666666661 0.004807692307692309 0
0.005555555555555561 0.0001923076923076921 0
0.004861111111111117 0.0003846153846153843 0
0.00555555555555556 0.0005769230769230769 0
0.004861111111111116 0.0007692307692307694 0
0.005555555555555559 0.0009615384615384616 0
0.004861111111111115 0.001153846153846154 0
0.005555555555555558 0.001346153846153846 0
0.004861111111111114 0.001538461538461538 0
0.005555555555555558 0.001730769230769231 0
0.004861111111111113 0.001923076923076923 0
0.005555555555555557 0.002115384615384616 0
0.004861111111111112 0.002307692307692308 0
0.005555555555555556 0.0025 0
0.004861111111111111 0.002692307692307692 0
0.005555555555555555 0.002884615384615385 0
0.004861111111111109 0.003076923076923077 0
0.005555555555555554 0.003269230769230769 0
0.004861111111111109 0.003461538461538462 0
0.005555555555555553 0.003653846153846154 0
0.004861111111111109 0.003846153846153846 0
0.005555555555555552 0.004038461538461539 0
0.004861111111111107 0.004230769230769232 0
0.005555555555555551 0.004423076923076924 0
0.004861111111111107 0.004615384615384617 0
0.005555555555555551 0.004807692307692309 0
0.006944444444444449 0.0001923076923076921 0
0.006250000000000005 0.0003846153846153843 0
0.006944444444444448 0.0005769230769230769 0
0.006250000000000004 0.0007692307692307692 0
0.006944444444444448 0.0009615384615384616 0
0.006250000000000003 0.001153846153846154 0
0.006944444444444448 0.001346153846153846 0
0.006250000000000002 0.001538461538461538 0
0.006944444444444447 0.001730769230769231 0
0.006250000000000001 0.001923076923076923 0
0.006944444444444446 0.002115384615384616 0
0.00625 0.002307692307692308 0
0.006944444444444445 0.0025 0
0.006249999999999999 0.002692307692307692 0
0.006944444444444444 0.002884615384615385 0
0.006249999999999999 0.003076923076923077 0
0.006944444444444443 0.003269230769230769 0
0.006249999999999999 0.003461538461538462 0
0.006944444444444442 0.003653846153846154 0
0.006249999999999997 0.003846153846153847 0
0.006944444444444441 0.004038461538461539 0
0.006249999999999997 0.004230769230769232 0
0.006944444444444441 0.004423076923076924 0
0.006249999999999996 0.004615384615384617 0
0.00694444444444444 0.004807692307692309 0
0.00833333333333334 0.0001923076923076921 0
0.007638888888888894 0.0003846153846153843 0
0.008333333333333338 0.0005769230769230769 0
0.007638888888888893 0.0007692307692307694 0
0.008333333333333338 0.0009615384615384616 0
0.007638888888888893 0.001153846153846154 0
0.008333333333333337 0.001346153846153846 0
0.007638888888888891 0.001538461538461538 0
0.008333333333333335 0.001730769230769231 0
0.00763888888888889 0.001923076923076923 0
0.008333333333333335 0.002115384615384615 0
0.00763888888888889 0.002307692307692308 0
0.008333333333333333 0.0025 0
0.007638888888888889 0.002692307692307692 0
0.008333333333333331 0.002884615384615384 0
0.007638888888888888 0.003076923076923077 0
0.008333333333333331 0.003269230769230769 0
0.007638888888888886 0.003461538461538462 0
0.00833333333333333 0.003653846153846154 0
0.007638888888888886 0.003846153846153846 0
0.008333333333333328 0.004038461538461539 0
0.007638888888888885 0.004230769230769232 0
0.008333333333333328 0.004423076923076924 0
0.007638888888888884 0.004615384615384617 0
0.008333333333333328 0.004807692307692309 0
0.009722222222222226 0.0001923076923076921 0
0.009027777777777782 0.0003846153846153843 0
0.009722222222222226 0.0005769230769230769 0
0.009027777777777782 0.0007692307692307694 0
0.009722222222222226 0.0009615384615384616 0
0.00902777777777778 0.001153846153846154 0
0.009722222222222224 0.001346153846153846 0
0.00902777777777778 0.001538461538461538 0
0.009722222222222222 0.001730769230769231 0
0.009027777777777779 0.001923076923076923 0
0.009722222222222222 0.002115384615384615 0
0.009027777777777777 0.002307692307692308 0
0.009722222222222222 0.0025 0
0.009027777777777777 0.002692307692307692 0
0.009722222222222222 0.002884615384615384 0
0.009027777777777777 0.003076923076923076 0
0.009722222222222221 0.003269230769230769 0
0.009027777777777775 0.003461538461538462 0
0.009722222222222221 0.003653846153846154 0
0.009027777777777775 0.003846153846153846 0
0.009722222222222219 0.004038461538461539 0
0.009027777777777773 0.004230769230769232 0
0.009722222222222219 0.004423076923076924 0
0.009027777777777773 0.004615384615384617 0
0.009722222222222219 0.004807692307692309 0
0.01111111111111111 0.0001923076923076921 0
0.01041666666666667 0.0003846153846153843 0
0.01111111111111111 0.0005769230769230767 0
0.01041666666666667 0.000769230769230769 0
0.01111111111111111 0.0009615384615384614 0
0.01041666666666667 0.001153846153846154 0
0.01111111111111111 0.001346153846153846 0
0.01041666666666667 0.001538461538461538 0
0.01111111111111111 0.001730769230769231 0
0.01041666666666667 0.001923076923076923 0
0.01111111111111111 0.002115384615384616 0
0.01041666666666667 0.002307692307692308 0
0.01111111111111111 0.0025 0
0.01041666666666667 0.002692307692307692 0
0.01111111111111111 0.002884615384615384 0
0.01041666666666667 0.003076923076923076 0
0.01111111111111111 0.003269230769230769 0
0.01041666666666667 0.003461538461538462 0
0.01111111111111111 0.003653846153846155 0
0.01041666666666667 0.003846153846153846 0
0.01111111111111111 0.004038461538461539 0
0.01041666666666666 0.004230769230769232 0
0.01111111111111111 0.004423076923076924 0
0.01041666666666666 0.004615384615384617 0
0.01111111111111111 0.004807692307692309 0
0.01180555555555556 0.0003846153846153843 0
0.01180555555555556 0.000769230769230769 0
0.01180555555555556 0.001153846153846154 0
0.01180555555555556 0.001538461538461538 0
0.01180555555555556 0.001923076923076923 0
0.01180555555555556 0.002307692307692308 0
0.01180555555555556 0.002692307692307692 0
0.01180555555555556 0.003076923076923077 0
0.01180555555555556 0.003461538461538462 0
0.01180555555555556 0.003846153846153847 0
0.01180555555555556 0.004230769230769232 0
0.01180555555555556 0.004615384615384617 0
2 9 0 901
1269
1270
1271
1272
1273
1274
1275
1276
1277
1278
1279
1280
1281
1282
1283
1284
1285
1286
1287
1288
1289
1290
1291
1292
1293
1294
1295
1296
1297
1298
1299
1300
1301
1302
1303
1304
1305
1306
1307
1308
1309
1310
1311
1312
1313
1314
1315
1316
1317
1318
1319
1320
1321
1322
1323
1324
1325
1326
1327
1328
1329
1330
1331
1332
1333
1334
1335
1336
1337
1338
1339
1340
1341
1342
1343
1344
1345
1346
1347
1348
1349
1350
1351
1352
1353
1354
1355
1356
1357
1358
1359
1360
1361
1362
1363
1364
1365
1366
1367
1368
1369
1370
1371
1372
1373
1374
1375
1376
1377
1378
1379
1380
1381
1382
1383
1384
1385
1386
1387
1388
1389
1390
1391
1392
1393
1394
1395
1396
1397
1398
1399
1400
1401
1402
1403
1404
1405
1406
1407
1408
1409
1410
1411
1412
1413
1414
1415
1416
1417
1418
1419
1420
1421
1422
1423
1424
1425
1426
1427
1428
1429
1430
1431
1432
1433
1434
1435
1436
1437
1438
1439
1440
1441
1442
1443
1444
1445
1446
1447
1448
1449
1450
1451
1452
1453
1454
1455
1456
1457
1458
1459
1460
1461
1462
1463
1464
1465
1466
1467
1468
1469
1470
1471
1472
1473
1474
1475
1476
1477
1478
1479
1480
1481
1482
1483
1484
1485
1486
1487
1488
1489
1490
1491
1492
1493
1494
1495
1496
1497
1498
1499
1500
1501
1502
1503
1504
1505
1506
1507
1508
1509
1510
1511
1512
1513
1514
1515
1516
1517
1518
1519
1520
1521
1522
1523
1524
1525
1526
1527
1528
1529
1530
1531
1532
1533
1534
1535
1536
1537
1538
1539
1540
1541
1542
1543
1544
1545
1546
1547
1548
1549
1550
1551
1552
1553
1554
1555
1556
1557
1558
1559
1560
1561
1562
1563
1564
1565
1566
1567
1568
1569
1570
1571
1572
1573
1574
1575
1576
1577
1578
1579
1580
1581
1582
1583
1584
1585
1586
1587
1588
1589
1590
1591
1592
1593
1594
1595
1596
1597
1598
1599
1600
1601
1602
1603
1604
1605
1606
1607
1608
1609
1610
1611
1612
1613
1614
1615
1616
1617
1618
1619
1620
1621
1622
1623
1624
1625
1626
1627
1628
1629
1630
1631
1632
1633
1634
1635
1636
1637
1638
1639
1640
1641
1642
1643
1644
1645
1646
1647
1648
1649
1650
1651
1652
1653
1654
1655
1656
1657
1658
1659
1660
1661
1662
1663
1664
1665
1666
1667
1668
1669
1670
1671
1672
1673
1674
1675
1676
1677
1678
1679
1680
1681
1682
1683
1684
1685
1686
1687
1688
1689
1690
1691
1692
1693
1694
1695
1696
1697
1698
1699
1700
1701
1702
1703
1704
1705
1706
1707
1708
1709
1710
1711
1712
1713
1714
1715
1716
1717
1718
1719
1720
1721
1722
1723
1724
1725
1726
1727
1728
1729
1730
1731
1732
1733
1734
1735
1736
1737
1738
1739
1740
1741
1742
1743
1744
1745
1746
1747
1748
1749
1750
1751
1752
1753
1754
1755
1756
1757
1758
1759
1760
1761
1762
1763
1764
1765
1766
1767
1768
1769
1770
1771
1772
1773
1774
1775
1776
1777
1778
1779
1780
1781
1782
1783
1784
1785
1786
1787
1788
1789
1790
1791
1792
1793
1794
1795
1796
1797
1798
1799
1800
1801
1802
1803
1804
1805
1806
1807
1808
1809
1810
1811
1812
1813
1814
1815
1816
1817
1818
1819
1820
1821
1822
1823
1824
1825
1826
1827
1828
1829
1830
1831
1832
1833
1834
1835
1836
1837
1838
1839
1840
1841
1842
1843
1844
1845
1846
1847
1848
1849
1850
1851
1852
1853
1854
1855
1856
1857
1858
1859
1860
1861
1862
1863
1864
1865
1866
1867
1868
1869
1870
1871
1872
1873
1874
1875
1876
1877
1878
1879
1880
1881
1882
1883
1884
1885
1886
1887
1888
1889
1890
1891
1892
1893
1894
1895
1896
1897
1898
1899
1900
1901
1902
1903
1904
1905
1906
1907
1908
1909
1910
1911
1912
1913
1914
1915
1916
1917
1918
1919
1920
1921
1922
1923
1924
1925
1926
1927
1928
1929
1930
1931
1932
1933
1934
1935
1936
1937
1938
1939
1940
1941
1942
1943
1944
1945
1946
1947
1948
1949
1950
1951
1952
1953
1954
1955
1956
1957
1958
1959
1960
1961
1962
1963
1964
1965
1966
1967
1968
1969
1970
1971
1972
1973
1974
1975
1976
1977
1978
1979
1980
1981
1982
1983
1984
1985
1986
1987
1988
1989
1990
1991
1992
1993
1994
1995
1996
1997
1998
1999
2000
2001
2002
2003
2004
2005
2006
2007
2008
2009
2010
2011
2012
2013
2014
2015
2016
2017
2018
2019
2020
2021
2022
2023
2024
2025
2026
2027
2028
2029
2030
2031
2032
2033
2034
2035
2036
2037
2038
2039
2040
2041
2042
2043
2044
2045
2046
2047
2048
2049
2050
2051
2052
2053
2054
2055
2056
2057
2058
2059
2060
2061
2062
2063
2064
2065
2066
2067
2068
2069
2070
2071
2072
2073
2074
2075
2076
2077
2078
2079
2080
2081
2082
2083
2084
2085
2086
2087
2088
2089
2090
2091
2092
2093
2094
2095
2096
2097
2098
2099
2100
2101
2102
2103
2104
2105
2106
2107
2108
2109
2110
2111
2112
2113
2114
2115
2116
2117
2118
2119
2120
2121
2122
2123
2124
2125
2126
2127
2128
2129
2130
2131
2132
2133
2134
2135
2136
2137
2138
2139
2140
2141
2142
2143
2144
2145
2146
2147
2148
2149
2150
2151
2152
2153
2154
2155
2156
2157
2158
2159
2160
2161
2162
2163
2164
2165
2166
2167
2168
2169
-0.003318965051587275 0.01720315261421681 0
-0.003545407332050728 0.01717621835573914 0
-0.00379449384367148 0.01714659067104301 0
-0.004068489006079735 0.01711400021792107 0
-0.004369883685116078 0.01707815071944005 0
-0.004701417827752914 0.01703871627162188 0
-0.005066105380852481 0.016995338379473 0
-0.005467261689610264 0.01694762269806672 0
-0.005908533628827622 0.01689513544856813 0
-0.00639393276623801 0.01683739947361031 0
-0.006927871819823219 0.01677388990086577 0
-0.00751520477611552 0.01670402937116057 0
-0.008161271025320284 0.01662718278880624 0
-0.008871943896923345 0.01654265154851454 0
-0.009653684055843043 0.01644966718417297 0
-0.01051359823415704 0.01634738438297833 0
-0.01145950383582021 0.01623487330100534 0
-0.003284161217710969 0.01690833260762164 0
-0.00351146190461557 0.0168544140871134 0
-0.003761492663333616 0.01679510371381224 0
-0.004036526497547739 0.01672986230326867 0
-0.00433906371557229 0.01665809675157689 0
-0.004671854651080158 0.01657915464573876 0
-0.005037924676323801 0.0164923183302199 0
-0.00544060170444177 0.01639679838306404 0
-0.005883546434954176 0.01629172644128931 0
-0.006370785642805774 0.01617614730431743 0
-0.006906748773886049 0.01604901025306595 0
-0.007496308215413431 0.01590915949731747 0
-0.008144823598367103 0.01575532366663754 0
-0.008858190517085082 0.01558610425348632 0
-0.009642894127832525 0.01539996289897851 0
-0.01050606810317114 0.01519520740818131 0
-0.01145555948158321 0.01496997636698542 0
-0.003226449211869039 0.01661755192982271 0
-0.003455173315448521 0.01653654952073532 0
-0.003706769832528741 0.01644744686962432 0
-0.003983526000939172 0.01634943395353398 0
-0.004287957786582394 0.01624161974569363 0
-0.00462283274644408 0.01612302411860584 0
-0.004991195198453391 0.01599256893016598 0
-0.005396393896016186 0.01584906822275428 0
-0.00584211246291572 0.01569121744474671 0
-0.006332402890820492 0.0155175815874065 0
-0.006871722363975085 0.01532658214345732 0
-0.007464973781768134 0.01511648275605689 0
-0.008117550338597602 0.014885373430883 0
-0.008835384548563807 0.01463115317408816 0
-0.009625002179686062 0.01435151089155155 0
-0.01049358157745984 0.01404390437950142 0
-0.01144901892058621 0.01370553721426478 0
-0.003146268257273419 0.01633279178869711 0
-0.003376969954701155 0.0162245569997045 0
-0.003630741825041882 0.01610549873032295 0
-0.003909890882035879 0.0159745346341793 0
-0.004216954845124719 0.0158304741282329 0
-0.004554725200139345 0.01567200757374508 0
-0.004926272586784072 0.01549769436562128 0
-0.005334974712449276 0.01530594983651428 0
-0.00578454705025828 0.01509503085469071 0
-0.006279076626201273 0.01486301997263792 0
-0.006823059162219714 0.01460780800121074 0
-0.007421439949140445 0.01432707483390179 0
-0.008079658811987304 0.01401826835115348 0
-0.008803699558551342 0.01367858122132815 0
-0.009600144379933383 0.01330492537843707 0
-0.0104762336870244 0.01289390394957348 0
-0.01143993193044889 0.01244178037517588 0
-0.00304422857940318 0.01605598757220253 0
-0.003277446997169275 0.0159203241773098 0
-0.003533987259917038 0.0157710944410606 0
-0.003816181548554901 0.01560694173140716 0
-0.004126595266456621 0.01542637375055226 0
-0.004468050351717942 0.01522774897418541 0
-0.004843650941592179 0.01500926172245407 0
-0.005256811590814141 0.0147689257453355 0
-0.005711288304531426 0.01450455617074841 0
-0.006211212694021515 0.01421374963613704 0
-0.006761129524969382 0.01389386244659915 0
-0.007366038036283639 0.01354198653968797 0
-0.008031437395933871 0.01315492304370451 0
-0.008763376688954347 0.01272915319962408 0
-0.009568509911441037 0.01226080637103131 0
-0.01045415645978701 0.01174562485746927 0
-0.01142836766865429 0.01117892518923241 0
-0.002921106761820173 0.01578901411890632 0
-0.003157361872653334 0.01562567965084803 0
-0.003417242497816865 0.01544601173373588 0
-0.003703111185107352 0.01524837702517821 0
-0.004017566741532481 0.0150309788454805 0
-0.004363467849112213 0.01479184085091147 0
-0.004743959063486129 0.01452878905962123 0
-0.005162499399662851 0.01423943208894419 0
-0.005622893769025275 0.01392113942149242 0
-0.006129327579782834 0.01357101748420661 0
-0.006686404774158142 0.01318588335142797 0
-0.007299189685207675 0.01276223580727435 0
-0.007973253084530988 0.0122962235106544 0
-0.008714722821158812 0.01178360998618007 0
-0.009530339531616546 0.01121973510913275 0
-0.01042751791677858 0.01059947274184036 0
-0.01141441414621857 0.009917184133823236 0
-0.002777839835899208 0.01553367144933187 0
-0.003017628501460319 0.01534237904489437 0
-0.00328139603687342 0.0151319573973803 0
-0.003571540325432902 0.014900493585426 0
-0.003890699043260312 0.01464588339194334 0
-0.004241773628315777 0.01436581218274125 0
-0.004627955667854101 0.0140577338558229 0
-0.005052755911717565 0.01371884769591083 0
-0.005520036179529409 0.0133460729203507 0
-0.006034044478648531 0.01293602066361698 0
-0.006599453610260146 0.01248496317914366 0
-0.007221403652228908 0.01198879994845161 0
-0.007905548695521711 0.01144302039697303 0
-0.008658108240477424 0.01084266289246365 0
-0.009485923740099159 0.01018226963735629 0
-0.01039652079339723 0.009455837053763044 0
-0.01139817755787402 0.008656761207131096 0
-0.002615518149453493 0.01529167106671564 0
-0.002859310338918354 0.01507209164993931 0
-0.003127481750680873 0.01483055428846319 0
-0.003422470303218413 0.01456486319119668 0
-0.003746957711428885 0.01427260298382136 0
-0.004103893855830023 0.01395111675987396 0
-0.004496523610581816 0.01359748191720957 0
-0.004928416341186716 0.01320848358993222 0
-0.005403498344407297 0.01278058543032103 0
-0.005926088552552116 0.01230989745059622 0
-0.006500937784135647 0.01179214067052719 0
-0.007133271936027324 0.01122260821500943 0
-0.007828839500188057 0.01059612251656012 0
-0.008593963818054728 0.009906988250696018 0
-0.009435600567882195 0.009148940558076749 0
-0.01036140099646949 0.008315088092780485 0
-0.01137978147386309 0.007397850375583291 0
-0.00243537706852941 0.01506462293143401 0
-0.002683612281839539 0.01481638771808001 0
-0.002956671019893195 0.01454332897997408 0
-0.003257035631343962 0.01424296436846138 0
-0.003587436704366941 0.01391256329536541 0
-0.003950877879977804 0.01354912211966891 0
-0.004350663168986149 0.01314933683056047 0
-0.004790426987280574 0.01270957301214946 0
-0.00527416718695199 0.01222583281234269 0
-0.005806281411277116 0.01169371858786083 0
-0.006391607060707376 0.01110839293824954 0
-0.007035465272179136 0.01046453472656916 0
-0.007743709301825425 0.009756290696682967 0
-0.008522777731677571 0.00897722226655545 0
-0.009379753004693063 0.008120246993224431 0
-0.01032242580885693 0.007177574188699598 0
-0.01135936589949416 0.006140634097650047 0
-0.00220832893325184 0.01488448185050587 0
-0.002427908349989179 0.01464068966099226 0
-0.002669445711418822 0.01437251824917165 0
-0.002935136808630289 0.0140775296965653 0
-0.003227397015940723 0.01375304228827373 0
-0.003548883239811998 0.01339610614377743 0
-0.003902518082387421 0.01300347638891442 0
-0.004291516409561145 0.01257158365817999 0
-0.004719414569052009 0.01209650165480901 0
-0.005190102548637497 0.01157391144649004 0
-0.00570785932854562 0.01099906221470537 0
-0.00627739178387795 0.0103667280625819 0
-0.006903877482114002 0.009671160498154602 0
-0.007593011747733331 0.008906036179981962 0
-0.008351059440072132 0.008064399429803911 0
-0.009184911905047541 0.007138599000815546 0
-0.01010214962187823 0.006120218522963809 0
-0.001966328550639673 0.01472216016405609 0
-0.002157620955043049 0.01448237149844136 0
-0.002368042602516463 0.01421860396296436 0
-0.002599506414422596 0.01392845967432919 0
-0.002854116607848483 0.01360930095641257 0
-0.003134187816983968 0.01325822637125243 0
-0.003442266143824465 0.01287204433159177 0
-0.00378115230364586 0.01244724408758582 0
-0.004153927079100712 0.01197996381960853 0
-0.004563979335712528 0.01146595552029784 0
-0.005015036820045049 0.01090054638846497 0
-0.00551120005057484 0.01027859634624124 0
-0.006056979601866824 0.009594451302655217 0
-0.006657337106162032 0.008841891757362937 0
-0.007317730361023981 0.008014076257355557 0
-0.008044162944336478 0.007103479203616312 0
-0.008843238790647735 0.006101822438635569 0
-0.001710985881069291 0.01457889323813107 0
-0.001874320349098331 0.01434263812723941 0
-0.002053988266175628 0.01408275750200617 0
-0.002251622974692013 0.01379688881463311 0
-0.002469021154341064 0.01348243325811066 0
-0.002708159148852993 0.01313653215041674 0
-0.002971210940076509 0.01275604093590937 0
-0.003260567910675832 0.01233750059957721 0
-0.003578860578037357 0.0118771062300343 0
-0.003928982515218677 0.01137067241906776 0
-0.00431411664787663 0.01081359522445108 0
-0.004737764191891185 0.0102008103131234 0
-0.005203776488351197 0.009526746913480207 0
-0.00571639001264194 0.00878527717648522 0
-0.006280264889478909 0.007969660465606782 0
-0.006900527256530658 0.007072482079963463 0
-0.007582815864272904 0.006085585849973716 0
-0.001444012427777138 0.014455771420544 0
-0.001579675822645496 0.01422255300271454 0
-0.001728905558865651 0.01396601273989126 0
-0.001893058268484686 0.01368381845116394 0
-0.002073626249299036 0.01337340473315679 0
-0.002272251025618315 0.01303194964777176 0
-0.002490738277294041 0.01265634905775295 0
-0.002731074254347845 0.01224318840836259 0
-0.002995443828859732 0.01178871169444978 0
-0.003286250363384036 0.0112887873047333 0
-0.00360613755282135 0.01073887047352394 0
-0.003958013459616634 0.01013396196190836 0
-0.004345076955466813 0.009468562601911593 0
-0.004770846799394259 0.008736623308493357 0
-0.00523919362781174 0.007931490085550903 0
-0.005754375141173243 0.007045843536683535 0
-0.006321074809181036 0.006071632327220679 0
-0.001167208211286626 0.0143537317426697 0
-0.001275443000259737 0.01412303004517372 0
-0.001394501269618052 0.01386925817475167 0
-0.001525465365734178 0.01359010911766134 0
-0.001669525871648134 0.01328304515445895 0
-0.001827992426097897 0.01294527479931111 0
-0.002002305634177209 0.01257372741251068 0
-0.002194050163232398 0.01216502528666413 0
-0.002404969144995803 0.01171545294864456 0
-0.002636980026978936 0.01122092337245776 0
-0.002892191998325654 0.01067694083615772 0
-0.00317292516554189 0.01007856004891248 0
-0.003481731648183582 0.009420341185692429 0
-0.003821418777886521 0.008696300438700032 0
-0.004195074620637371 0.00789985561682717 0
-0.004606096049340529 0.007023766309174653 0
-0.005058219623554885 0.00606006806510877 0
-0.0008824480701650934 0.01427355078807002 0
-0.0009634504792378545 0.01404482668441742 0
-0.001052553130331427 0.01379323016725007 0
-0.001150566046401122 0.01351647399873642 0
-0.00125838025421715 0.01321204221297155 0
-0.001376975881276385 0.01287716725296713 0
-0.001507431069682888 0.01250880480079099 0
-0.001650931777055725 0.01210360610303389 0
-0.001808782555018181 0.01165788753590876 0
-0.001982418412306144 0.01116759710774276 0
-0.002173417856194983 0.01062827763428645 0
-0.002383517243525869 0.01003502621614571 0
-0.002614626568619792 0.009382449658916398 0
-0.002868846825322843 0.008664615448491238 0
-0.003148489107754283 0.007874997816843102 0
-0.003456095619684089 0.007006418418467717 0
-0.003794462784783291 0.006050981074654147 0
-0.0005916673923702332 0.01421583878222403 0
-0.0006455859128687179 0.01398853809524144 0
-0.000704896286158262 0.01373850733643045 0
-0.0007701376966880741 0.01346347350210623 0
-0.0008419032483636324 0.01316093628395192 0
-0.0009208453541827283 0.0128281453482918 0
-0.001007681669679353 0.01246207532287021 0
-0.0011032016168093 0.01205939829454498 0
-0.001208273558553948 0.01161645356379194 0
-0.001323852695491003 0.0111292143556617 0
-0.00145098974670225 0.01059325122425959 0
-0.001590840502404369 0.01000369178236134 0
-0.00174467633303099 0.009355176398981166 0
-0.001913895746121021 0.008641809479773634 0
-0.002100037100558712 0.007857105868465251 0
-0.002304792591275699 0.00699393189248492 0
-0.002530023632379965 0.006044440513339831 0
-0.0002968473857791233 0.01418103494834367 0
-0.0003237816442519135 0.01395459266779735 0
-0.0003534093289422396 0.01370550615607784 0
-0.0003859997820572997 0.01343151099355261 0
-0.0004218492805302069 0.0131301163143784 0
-0.0004612837283388656 0.01279858217157979 0
-0.0005046616204766223 0.01243389461829116 0
-0.0005523773018699446 0.01203273830931317 0
-0.0006048645513534994 0.01159146636984013 0
-0.0006626005262939053 0.01110606723213368 0
-0.0007261100990183277 0.01057212817820653 0
-0.0007959706287003531 0.009984795221520177 0
-0.0008728172110280298 0.009338728971862253 0
-0.0009573484512891235 0.008628056099739042 0
-0.001050332815595637 0.007846315940223345 0
-0.001152615616750177 0.006986401761227525 0
-0.00126512669867735 0.006040496158785523 0
-0.003324780443447145 0.01735157630710841 0
-0.00321603674156199 0.01721539545906519 0
-0.003551079292302548 0.01733810917786957 0
-0.003432186191819001 0.01718968548497798 0
-0.003800008029152363 0.01732329533552151 0
-0.003669950587861103 0.01716140451339108 0
-0.004073829639312698 0.01730700010896053 0
-0.003931491424875607 0.01713029544448204 0
-0.004375033410875946 0.01728907535972003 0
-0.004219186345597908 0.01709607546868056 0
-0.004706357555294949 0.01726935813581094 0
-0.004535650756434496 0.01705843349553096 0
-0.005070814110357142 0.0172476691897365 0
-0.004883761604302697 0.01701702732554744 0
-0.005471716321273409 0.01722381134903336 0
-0.005266683535231373 0.01697148053876986 0
-0.00591270875286516 0.01719756772428407 0
-0.005687897659218942 0.01692137907331743 0
-0.006397800431884456 0.01716869973680515 0
-0.006151233197532815 0.01686626746108922 0
-0.006931401281237674 0.01713694495043289 0
-0.006660902293030615 0.01680564468723804 0
-0.007518362212876196 0.01710201468558029 0
-0.007221538297969369 0.01673895963601317 0
-0.008164019234963229 0.01706359139440312 0
-0.007838237900717901 0.0166656060799834 0
-0.008874241956738057 0.01702132577425727 0
-0.008516607461121813 0.01658491716866039 0
-0.009655486950846242 0.01697483359208649 0
-0.009262813976383195 0.01649615936634376 0
-0.01051485644786496 0.01692369219148916 0
-0.01008364114500004 0.01639852578357565 0
-0.0114601629000994 0.01686743665050267 0
-0.01098655103498862 0.01629112884199183 0
-0.0119797519179101 0.01617299220605823 0
-0.003301563134649122 0.01705574261091922 0
-0.003180842722937059 0.01693284102620623 0
-0.003528434618333149 0.01701531622142628 0
-0.00339781156116327 0.01688137334736752 0
-0.003777993253502548 0.01697084719242762 0
-0.003636477283974593 0.01682475890046282 0
-0.004052507751813738 0.01692193126059487 0
-0.003899009580440678 0.01676248300854045 0
-0.004354473700344185 0.01686812373550847 0
-0.004187795106560015 0.01669397952742278 0
-0.004686636239416536 0.01680893545868032 0
-0.004505459183326224 0.01661862569865782 0
-0.005052015028588141 0.01674382835484645 0
-0.00485488966370198 0.01653573648797933 0
-0.005453931697026017 0.01667221054056538 0
-0.005239263190382785 0.01644455835664197 0
-0.005896040031890899 0.01659343094492872 0
-0.005662074069697974 0.01634426241217667 0
-0.006382359204521892 0.01650677338896387 0
-0.006127166038879975 0.01623393687280337 0
-0.006917310296854634 0.01641145007696586 0
-0.006638767208345912 0.01611257877869169 0
-0.007505756495764475 0.01630659443423902 0
-0.00720152849464974 0.01597908487519172 0
-0.008153047311843693 0.01619125322772189 0
-0.007820565906890268 0.0158322415819775 0
-0.008865067207004213 0.01606437790100043 0
-0.008501507057726093 0.01567071396006193 0
-0.009648289091837785 0.01592481504157574 0
-0.009250542322458803 0.01549303357623241 0
-0.01050983316866409 0.01577129589557982 0
-0.01007448111550183 0.01529758515357991 0
-0.01145753165870171 0.01560242483399538 0
-0.01098081379237717 0.01508259188758336 0
-0.0119777797407916 0.01484609929460382 0
-0.003255305214790004 0.01676294226872217 0
-0.003122483709511186 0.01665437120693865 0
-0.003483317610032045 0.01669548180392436 0
-0.003340811263658781 0.01657705072527901 0
-0.003734131247931179 0.01662127529171828 0
-0.003580971573988631 0.01649199819517982 0
-0.004010026249243456 0.01653964812840132 0
-0.003845147916733956 0.01639844041157915 0
-0.004313510751077342 0.01644985824863526 0
-0.004135741893760782 0.01629552684961381 0
-0.004647343698762119 0.0163510893821723 0
-0.004455395266513238 0.01618232193214974 0
-0.005014559937388596 0.01624244363019294 0
-0.004807013972448736 0.01605779652438591 0
-0.005418497800228978 0.01612293330290916 0
-0.005193794547234789 0.01592081857646013 0
-0.005862829448934948 0.01599147194301801 0
-0.005619253179465953 0.01577014283375049 0
-0.006351594266813134 0.01584686444586196 0
-0.006087257676868106 0.0156043995160766 0
-0.006889235568930566 0.01568779619826163 0
-0.006602062627397788 0.01542208186543191 0
-0.007480640998590783 0.01551282112668718 0
-0.00716834807287161 0.01522153244975711 0
-0.008131186968482354 0.01532034854876027 0
-0.007791262060182868 0.01500092809346995 0
-0.008846787532824444 0.01510862871378724 0
-0.008476467443580705 0.01475826330248558 0
-0.009633948153759293 0.01487573689526503 0
-0.009230193364124934 0.01449133203281985 0
-0.01049982484031549 0.01461955589384136 0
-0.01005929187857295 0.01419770763552648 0
-0.01145228920108471 0.0143377567906251 0
-0.01097130024902302 0.0138747207968831 0
-0.0119745094602931 0.01351943527379905 0
-0.003186358734571229 0.01647517185925991 0
-0.003041403848614687 0.01638198942040218 0
-0.003416071635074838 0.01638055326021991 0
-0.003261619105987287 0.0162786743942008 0
-0.003668755828785311 0.01627647279997364 0
-0.003503855889871519 0.01616502786501373 0
-0.003946708441487526 0.01616198429385664 0
-0.003770316353538881 0.01604001668225112 0
-0.004252456315853557 0.01603604693696327 0
-0.004063422863580299 0.0159025043812061 0
-0.004588778973291713 0.01589751584617546 0
-0.004385840022632032 0.01575124085098899 0
-0.004958733892618731 0.01574513164789363 0
-0.004740498893461708 0.01558485096968318 0
-0.005365684304232731 0.01557750902963428 0
-0.005130623649616674 0.01540182210106778 0
-0.005813329756587 0.01539312414971871 0
-0.005559760881353778 0.0152004903456025 0
-0.006305739758510883 0.01519030078002221 0
-0.006031811838229777 0.01497902541366432 0
-0.0068473907630974 0.01496719507233403 0
-0.006551067894210495 0.01473541398692433 0
-0.00744320686545429 0.01472177879497934 0
-0.00712224955568008 0.01446744141755627 0
-0.008098604575292453 0.01445182089101824 0
-0.007750549380563874 0.01417267159252764 0
-0.008819542053557575 0.01415486719770816 0
-0.008441679185269323 0.01384842478624081 0
-0.009612573279809723 0.01382821813499431 0
-0.009201921969242362 0.01349175329988261 0
-0.01048490763224212 0.01346890416453745 0
-0.01003818903347889 0.01309941466400527 0
-0.01144447542551755 0.01307365879472033 0
-0.01095808280873664 0.01266784216237468 0
-0.01196996596522444 0.01219311240981016 0
-0.003095248418338299 0.01619438968044982 0
-0.002938220206946349 0.01611765275213141 0
-0.003327208475935215 0.01607244058850715 0
-0.003160837788286228 0.01598815587475617 0
-0.00358236454247946 0.01593829658569177 0
-0.003405717128543156 0.0158457093091852 0
-0.00386303621529539 0.01579073818279323 0
-0.003675084404235969 0.01568901808623388 0
-0.00417177505579067 0.01562842393939258 0
-0.003971388407505761 0.01551665774097971 0
-0.004511387775928644 0.01544987827396524 0
-0.004297322809087283 0.01532706136236883 0
-0.004884961764188125 0.01525347804403768 0
-0.004655850646655061 0.01511850534831974 0
-0.005295893151631708 0.01503743779092489 0
-0.005050231266203161 0.01488909373389479 0
-0.005747917677394853 0.01479979351271956 0
-0.005484049947672784 0.01463674095804196 0
-0.006245144660111395 0.01453838480438748 0
-0.00596125049927647 0.01435915290344273 0
-0.006792094343594549 0.01425083522390495 0
-0.006486171109495449 0.01405380604136809 0
-0.007393738992712042 0.01393453068679488 0
-0.007063583780626511 0.01371792449314356 0
-0.008055548103960588 0.01358659569742899 0
-0.007698737716108755 0.01334845479169624 0
-0.008783538123752845 0.01320386721047612 0
-0.00839740704244411 0.0129420381216643 0
-0.009584327145687209 0.01278286587473419 0
-0.009165943300197692 0.0124949797853277 0
-0.0104651950734057 0.01231976440352138 0
-0.01001133318561402 0.01200321561425029 0
-0.01143414979955159 0.01181035278220414 0
-0.01094126206422065 0.01146227502335084 0
-0.01196418383432715 0.01086724037239398 0
-0.002982667670611677 0.01592250084555442 0
-0.002813718074323263 0.01586325705945314 0
-0.003217404434911304 0.01577300191407892 0
-0.003039234317236754 0.01570734688487717 0
-0.003475614878866951 0.01560855308739824 0
-0.0032873021852351 0.01553584569229195 0
-0.003759646366831126 0.01542765937829269 0
-0.003560176841462108 0.01534719437945704 0
-0.004072081003994551 0.01522867629801638 0
-0.003860338963319917 0.01513967793532935 0
-0.004415759100415078 0.01500979491254844 0
-0.004190517295322347 0.01491140984819599 0
-0.004793805002539155 0.01476902539103765 0
-0.004553713456299171 0.01466031495526635 0
-0.005209655495238497 0.01450417891713984 0
-0.00495322923157449 0.01438411057428271 0
-0.00566709103677835 0.01421284779612042 0
-0.005392696584344063 0.0140802857552183 0
-0.006170270136902175 0.01389238356017183 0
-0.005876110674404055 0.01374607845284952 0
-0.006723767149563763 0.01353987289901356 0
-0.006407866176970489 0.01337845041781729 0
-0.007332613860745657 0.01315211117348116 0
-0.006992797229682908 0.01297405957935116 0
-0.008002345240232429 0.01272557327717945 0
-0.007636221384869331 0.01252922965896437 0
-0.00873904975505658 0.01225638159290208 0
-0.008343987952844901 0.01203991674841723 0
-0.009549424721528792 0.01174027074008203 0
-0.00912253117638768 0.01150167254765641 0
-0.01044083718828279 0.01117254879965482 0
-0.009978928724197563 0.01090960392548656 0
-0.01142139090743643 0.01054805466152782 0
-0.01092096603149857 0.0102583284378318 0
-0.01195720707310928 0.00954192540024495 0
-0.002849473298859691 0.01566134278411909 0
-0.002668844987151141 0.01562062254286741 0
-0.003087495187056827 0.0154840293478712 0
-0.002897734168679764 0.01543802524711312 0
-0.003349319267345142 0.01528898456555809 0
-0.003149512269166869 0.01523716822113734 0
-0.003637325755270127 0.0150744353053021 0
-0.003426468181153161 0.01501622549140315 0
-0.003954132892396396 0.01483843111871192 0
-0.003731119684346607 0.01477318848868467 0
-0.004302620738713995 0.01457882651682636 0
-0.004066236335788044 0.01450584778734229 0
-0.004685957365670115 0.01429326145772206 0
-0.004434864648084939 0.01421177301928207 0
-0.005107627655690208 0.01397913989242751 0
-0.004840355789785833 0.01388829077586686 0
-0.005571464974277342 0.01363360617092156 0
-0.005286396045623486 0.01353246030813076 0
-0.006081686029215683 0.0132535190739118 0
-0.00577704032908897 0.01314104679198384 0
-0.006642929192209145 0.01283542326528582 0
-0.006316749044454339 0.01271049192138032 0
-0.007260296668718291 0.01237551787786298 0
-0.006910428631244527 0.01223688156379764 0
-0.007939400890026349 0.01186962195381371 0
-0.007563476173875309 0.01171591017271232 0
-0.008686415530818118 0.01131313643932186 0
-0.008281828467999568 0.01114284164471834 0
-0.009508131635857852 0.01070100237324452 0
-0.009072015990288292 0.01051246626490997 0
-0.0104120193550879 0.0100276548978017 0
-0.009941222266748193 0.009819053345559667 0
-0.01140629585204629 0.009286972670477166 0
-0.01089734917563562 0.00905629913044707 0
-0.01194908877893701 0.008217269492454434 0
-0.002696678992676351 0.01541267125802376 0
-0.002504703517100134 0.01539147989322259 0
-0.002938469420189336 0.01520723534741684 0
-0.002737414244185923 0.01518188135832747 0
-0.003204438893777146 0.01498125584292175 0
-0.002993396044799613 0.01495132296920125 0
-0.003497005314325657 0.01473267838831134 0
-0.003274976026949643 0.01469770873982994 0
-0.003818828377344598 0.01445924318788235 0
-0.003584714007323649 0.01441873308750902 0
-0.0041728337420729 0.0141584644713076 0
-0.003925425783629454 0.01411185987184766 0
-0.004562239639217959 0.01382760788651623 0
-0.004300208733205919 0.01377429933854176 0
-0.00499058612645214 0.01346366564292152 0
-0.004712469975884266 0.01340298275357089 0
-0.005461767261968353 0.01306332917533587 0
-0.005165957342797007 0.01299453451012662 0
-0.005980066515600324 0.0126229590571066 0
-0.005664793448479706 0.01254524144045863 0
-0.006550195697197897 0.01213855192483542 0
-0.006213513168343881 0.01205101906056171 0
-0.007177337794128115 0.01160570408173052 0
-0.006817104860081486 0.01150737444276831 0
-0.007867194097854883 0.01101957145676658 0
-0.00748105571810769 0.01090936536578477 0
-0.008626036029266076 0.01037482557157983 0
-0.008211401659121393 0.01025155538362807 0
-0.009460762153990677 0.00966560509771652 0
-0.00901478219296846 0.009527964404386384 0
-0.01037896089493336 0.008885462573271764 0
-0.009898500782175841 0.008732014325428618 0
-0.01138897951586856 0.008027305791357194 0
-0.01087059123516629 0.007856469234181887 0
-0.01193989073693155 0.00689336963223609 0
-0.002525447608991452 0.01517814699907483 0
-0.002322542879868666 0.01517745712011301 0
-0.002771461310378946 0.01494423968400966 0
-0.002559494675184475 0.01494050532475701 0
-0.003042076385287034 0.01468694163421863 0
-0.002820141650866367 0.01467985834902704 0
-0.003339752967281187 0.01440391377982903 0
-0.003106853325618578 0.01439314667421773 0
-0.003667197207897913 0.01409258313959339 0
-0.003422236167855451 0.0140777638319134 0
-0.004027385867903913 0.01375011943977143 0
-0.003769157292172373 0.01373084270751716 0
-0.004423593389783983 0.01337340937388502 0
-0.004150770524481977 0.01334922947511469 0
-0.004859421664233645 0.01295902830104084 0
-0.004570545078133361 0.01292945492135496 0
-0.005338832765679644 0.01250320912133186 0
-0.005032297087116282 0.01246770291224607 0
-0.005866184981914616 0.01200180801922852 0
-0.005540224299114553 0.01195977570010175 0
-0.006446272422421512 0.01145026680438836 0
-0.006098944235992246 0.01140105576305518 0
-0.00708436860410323 0.01084357147078929 0
-0.006713536166443256 0.01078646383240935 0
-0.007786274401006741 0.01017620660662154 0
-0.007389587287002281 0.01011041271162607 0
-0.00855837077486615 0.009442105258625735 0
-0.008133243516751498 0.009366756481619208 0
-0.009407676786287629 0.00863459377565059 0
-0.008951265368185317 0.008548734629889941 0
-0.01034191340266321 0.007746331140740042 0
-0.009851089406774996 0.007648910590962015 0
-0.01136957368667863 0.006769242236616669 0
-0.01084089585417555 0.006659104143174822 0
-0.01192968294974708 0.005570317048825024 0
-0.002321853000890625 0.01497455239096994 0
-0.002108520106761113 0.01499529648287951 0
-0.002555760315914359 0.01472853868953613 0
-0.002318118641620509 0.01476258575574906 0
-0.002813058365656008 0.01445792361457286 0
-0.002548677030704 0.01450660395508195 0
-0.003096086219987125 0.01416024703251334 0
-0.002802291260024555 0.01422502397286847 0
-0.003407416860153832 0.01383280279181957 0
-0.003081266912285506 0.01391528599241951 0
-0.003749880559894901 0.01347261413172317 0
-0.003388140127876361 0.01357457421602558 0
-0.004126590625686786 0.01307640660973745 0
-0.00372570066109971 0.01319979126634593 0
-0.004540971698420859 0.01264057833516473 0
-0.004097017245974283 0.01278753002354721 0
-0.004996790878001999 0.01216116723357585 0
-0.004505465489306577 0.0123340426564945 0
-0.005498191979957307 0.01163381501717543 0
-0.004954758558844753 0.01183520655064953 0
-0.006049733194626498 0.01105372757647745 0
-0.005448980938591559 0.0112864868305977 0
-0.006656428528028543 0.01041563139457553 0
-0.005992625556211785 0.01068289513864363 0
-0.007323793391969714 0.009713725597418786 0
-0.006590634632995977 0.01001894428036825 0
-0.008057894739705451 0.008941629223268705 0
-0.007248444614923667 0.009288598339068282 0
-0.008865406222382598 0.008092323211514171 0
-0.007972035593902731 0.008485217804892937 0
-0.009753668856952237 0.007158086594757572 0
-0.008767985672559837 0.007601499215309728 0
-0.0107307577606862 0.006130426310306927 0
-0.009643530763462886 0.006629408761889678 0
-0.01060663036649467 0.005560109261481904 0
-0.002087328741945757 0.01480332100728098 0
-0.001879377457118319 0.01483115501282648 0
-0.002292764652516113 0.01456153057971681 0
-0.002061974752841362 0.01460226583124873 0
-0.002518744156967642 0.01429556110606801 0
-0.002262831778779756 0.01435048773070286 0
-0.002767321611526442 0.01400299468544724 0
-0.002483774508469529 0.01407353181864678 0
-0.003040756811894603 0.01368117162234315 0
-0.002726811511135539 0.01376888031537088 0
-0.003341535528397983 0.01332716625751493 0
-0.002994152212416226 0.0134337636638325 0
-0.003672392113105943 0.0129377603602531 0
-0.003288226980404217 0.0130651353514221 0
-0.004036334356603503 0.01250941387288291 0
-0.003611709223735163 0.01265964420958879 0
-0.00443667082407636 0.01203823273720877 0
-0.003967539691373286 0.01221360395359718 0
-0.004877040942175013 0.01151993348339394 0
-0.00435895320740662 0.01172295966995319 0
-0.005361448074295334 0.01094980430158517 0
-0.004789508077878788 0.01118325095438141 0
-0.005894295917226395 0.01032266220441157 0
-0.005263118435309945 0.01058957136735311 0
-0.006480428541990414 0.00963280590040491 0
-0.005784089826220832 0.009936523824448229 0
-0.007125174426947681 0.00887396396867245 0
-0.006357158354014428 0.009218171530009077 0
-0.007834394900548058 0.008039237843579733 0
-0.006987533733593006 0.008427984007359248 0
-0.008614537424692009 0.007121039102215929 0
-0.007680946652680229 0.007558777730485935 0
-0.009472694206262983 0.006111020480799688 0
-0.008443700867492106 0.006602650821125941 0
-0.00928273050643498 0.005550911219317785 0
-0.001838657215854482 0.01465052670109358 0
-0.001636742940534614 0.01468628192565233 0
-0.00201597065207069 0.01441250481284038 0
-0.00179265311508381 0.01446076568268524 0
-0.002211015434346045 0.01415068073248527 0
-0.001964154307636979 0.01421269781462279 0
-0.002425564694557304 0.01386267424448115 0
-0.00215280562043382 0.01393982315831964 0
-0.002661568881094774 0.01354586710726162 0
-0.002360322064516539 0.01363966103637189 0
-0.002921173482918481 0.01319737926083459 0
-0.002588590151597029 0.0133094827042637 0
-0.003206738541950487 0.01281404263375057 0
-0.002839685044464751 0.01294628654316306 0
-0.003520860107160846 0.01239237234358151 0
-0.003115889425376171 0.01254677076774329 0
-0.003866393828569035 0.01192853502482142 0
-0.003419714244356595 0.01210730341480575 0
-0.004246480925465602 0.0114183139696828 0
-0.003753921546628017 0.01162388932455103 0
-0.004664576733960839 0.01085707080645803 0
-0.004121549581547653 0.01109213382175942 0
-0.005124482121233013 0.01023970332968232 0
-0.004525940419883907 0.01050720276878724 0
-0.00563037804510901 0.009560599108067712 0
-0.004970770340121191 0.009863778613301804 0
-0.006186863559401986 0.008813584466924079 0
-0.005460083250496569 0.009156012044982714 0
-0.006798997625251445 0.007991868361481171 0
-0.005998327451060425 0.008377468821046001 0
-0.007472345100433568 0.007087980641789888 0
-0.006590396073004784 0.007521071272785123 0
-0.008213027327460319 0.006093704144304642 0
-0.00724167156040178 0.006579033964968589 0
-0.007958074598803122 0.005542792924986858 0
-0.001577499154423215 0.01451733232933753 0
-0.001382347247858375 0.01456177979302722 0
-0.001726998085871913 0.01428259556497697 0
-0.001511844125211317 0.01433916221162927 0
-0.00189144691252064 0.01402438512094872 0
-0.001654290690755574 0.0140942828713029 0
-0.002072340621588349 0.01374035363289853 0
-0.001810981913675168 0.0138249155955276 0
-0.00227132370182005 0.01342791899563373 0
-0.001983342258891861 0.01352861159216036 0
-0.002490205087235654 0.01308424089909425 0
-0.002172938637458675 0.01320267719046428 0
-0.002730974608685275 0.01270619499683116 0
-0.002381494651456178 0.01284414935276235 0
-0.002995821082511839 0.0122903445039699 0
-0.002610906265820943 0.01244976873305777 0
-0.003287152203448545 0.01183290896224204 0
-0.002863259041603788 0.01201595005140619 0
-0.003607616439301356 0.01132972986190053 0
-0.003140847096121884 0.01153874949959154 0
-0.00396012710034899 0.01077623284898751 0
-0.003446193958102693 0.01101382888912862 0
-0.004347888825753909 0.01016738613751588 0
-0.003782075506218992 0.01043641621771615 0
-0.004774426721909005 0.0094976547576959 0
-0.004151545207541723 0.009801262281909974 0
-0.0052436184060181 0.008760950242489289 0
-0.004557961877430535 0.009102592955202474 0
-0.005759729258645324 0.007950575275578842 0
-0.005005020213602999 0.00833405669702213 0
-0.006327451198851951 0.007059162808323499 0
-0.005496784384492491 0.007488666811117218 0
-0.00695194533672697 0.006078609088597198 0
-0.00603772497517714 0.006558737931952107 0
-0.006632759626812743 0.00553581616361034 0
-0.001305610319531882 0.01440475158160685 0
-0.001118010579589629 0.01445859615135685 0
-0.001427559411452617 0.01417279152394413 0
-0.001221325605773181 0.01423838089392171 0
-0.001561703414241852 0.01391763545732146 0
-0.001334972134938895 0.0139961441099627 0
-0.001709261817109432 0.01363696378441264 0
-0.001459983317676115 0.0137296836462065 0
-0.001871576060473584 0.01332822494380787 0
-0.001597495618691156 0.01343657713606015 0
-0.002050121725858106 0.01298861222354144 0
-0.001748759148873015 0.01311415997688503 0
-0.002246521955735626 0.01261503823513181 0
-0.001915149030137554 0.01275950110591089 0
-0.002462562208790122 0.01220410684751336 0
-0.002098177898704804 0.0123693763495874 0
-0.002700206486927768 0.01175208232154717 0
-0.002299509654114101 0.01194023911765434 0
-0.002961615195181486 0.01125485533859553 0
-0.00252097458598737 0.01146818816055116 0
-0.003249164775573502 0.01070790565484083 0
-0.002764586012652295 0.01094893210430774 0
-0.003565469312579262 0.01010626100541042 0
-0.003032558581933772 0.0103777504425351 0
-0.003913404301825197 0.009444451893802011 0
-0.003327328406862736 0.009749450617302452 0
-0.00429613278864039 0.008716461873596693 0
-0.003651575213035052 0.00905832081219623 0
-0.004717134124224556 0.007915672851189036 0
-0.004008246699261946 0.008298078027763601 0
-0.005180235595256885 0.007034804922929094 0
-0.00440058533498895 0.007461810963000911 0
-0.005689647216367961 0.006065850196164724 0
-0.004832157836447706 0.006541917187141711 0
-0.005306887589555223 0.005530034032554386 0
-0.00102482814072586 0.01431364126536986 0
-0.0008456287930551911 0.01437751629045833 0
-0.001119446739748796 0.01408392836479557 0
-0.0009229492747014744 0.01415918873624372 0
-0.00122352719997474 0.01383124417100087 0
-0.001008001804784641 0.01391902842583374 0
-0.00133801570606765 0.01355329155819888 0
-0.001101559588366274 0.01365485208299324 0
-0.001463953062932642 0.01324754368371525 0
-0.001204473150309136 0.01336425810585399 0
-0.001602484153687141 0.01291122102613912 0
-0.001317678067746767 0.01304460473296934 0
-0.001754868351930049 0.01254126610665083 0
-0.001442203475479636 0.01269298602687906 0
-0.001922490970144061 0.01213431569484901 0
-0.001579181423369306 0.01230620545191244 0
-0.002106875850006992 0.01168667024227666 0
-0.001729857166036953 0.01188074681947133 0
-0.00230969921964254 0.01119426024010026 0
-0.001895600483662162 0.01141274232182576 0
-0.002532804927260319 0.01065260923522208 0
-0.002077918134250564 0.01089793737101461 0
-0.002778221204533879 0.01005679313252909 0
-0.002278467549860426 0.01033165192521608 0
-0.003048179108401687 0.009401395422304414 0
-0.00249907190607283 0.009708737937531055 0
-0.003345132801604682 0.008680457943595635 0
-0.002741736696971318 0.009023532553703818 0
-0.003671781864195827 0.007887426716835136 0
-0.003008667966538563 0.00826980663266717 0
-0.004031095834512308 0.007015092363821186 0
-0.003302292363719186 0.00744070811765541 0
-0.004426341204169088 0.006055524569881458 0
-0.00362527920223369 0.006528699746560932 0
-0.003980564725724983 0.005525490537327074 0
-0.0007370577312676638 0.01424469478514703 0
-0.0005671589737896478 0.01431915727703043 0
-0.0008045181960532862 0.01401668238982943 0
-0.0006186266526194755 0.01410218843873274 0
-0.0008787247082448447 0.01376586875184026 0
-0.0006752410995134895 0.01386352271583595 0
-0.0009603518715445986 0.01348997375042132 0
-0.0007375169914231681 0.01360099041926834 0
-0.001050141751290391 0.01318648924846173 0
-0.0008060204725258528 0.01331220489302907 0
-0.001148910617729556 0.01285265630062946 0
-0.0008813743012731808 0.01299454081612186 0
-0.001257556369681121 0.0124854400618306 0
-0.0009642635119310409 0.012645110335581 0
-0.001377066696932512 0.01208150219878944 0
-0.001055441643244327 0.0122607368087076 0
-0.001508528056786064 0.01163717054985035 0
-0.001155737587681624 0.01183792592916846 0
-0.001653135553898573 0.01114840573170223 0
-0.001266063127022475 0.01137283395972682 0
-0.001812203801448617 0.01061076442927302 0
-0.001387421221096627 0.01086123278996064 0
-0.001987178872965119 0.01001935899925353 0
-0.00152091512455331 0.01029847150331047 0
-0.002179651450825391 0.009368813028948781 0
-0.00166775841771768 0.009679434090671252 0
-0.002391371285721932 0.008653212464132436 0
-0.001829286039576005 0.008998492939377401 0
-0.002624263104156498 0.007866051842654178 0
-0.002006966423339866 0.008249457674119443 0
-0.002880444105479894 0.007000175155476318 0
-0.002202414845917206 0.007425518880475086 0
-0.003162243208581628 0.006047710793996989 0
-0.002417408111827832 0.006519186202912376 0
-0.002653900705078874 0.005522220256669916 0
-0.0004442573890746787 0.01419843686528385 0
-0.0002846045409327248 0.01428396325840348 0
-0.0004846837785603157 0.01397156538151939 0
-0.0003103145150155188 0.01406781380807051 0
-0.0005291528075502504 0.01372200674625415 0
-0.0003385954865970766 0.0138300494119376 0
-0.0005780687393726874 0.01344749224782942 0
-0.0003697045554997697 0.01356850857481523 0
-0.0006318762644469192 0.01314552629916516 0
-0.0004039245312937537 0.0132808136539655 0
-0.0006910645412607965 0.0128133637599358 0
-0.0004415665044345367 0.01296434924297909 0
-0.0007561716450779875 0.01244798497058068 0
-0.000482972674407744 0.01261623839493548 0
-0.0008277894593396225 0.01204606830192908 0
-0.0005285194611732835 0.01223331646380216 0
-0.0009065690549537233 0.01160395996681603 0
-0.0005786209266117216 0.01181210233957665 0
-0.0009932266108924545 0.01111764079389769 0
-0.0006337325388237024 0.0113487668009869 0
-0.001088549922860289 0.01058268970123306 0
-0.0006943553126561169 0.0108390977051701 0
-0.001193405565552361 0.00999424350194076 0
-0.0007610403638593404 0.01027846169986335 0
-0.00130874677202951 0.009346952685421709 0
-0.000834393919864191 0.009661762096691215 0
-0.001435622098705072 0.008634932789756338 0
-0.0009150828311585771 0.008983392535800647 0
-0.001575184958077175 0.007851710904344299 0
-0.001003840633442381 0.008237186019981194 0
-0.001728704104012938 0.006990166826856223 0
-0.001101474216172908 0.007416358850725435 0
-0.001897575165528658 0.006042468336062677 0
-0.001208871157713764 0.006513448960006524 0
-0.001327007793783121 0.005520248079392762 0
-0.0001484236928895617 0.01417521955648177 0
-0.0001618908221259572 0.01394892070754106 0
-0.0001767046644711202 0.01369999197058959 0
-0.0001929998910286494 0.01342617036030884 0
-0.0002109246402651034 0.01312496658860366 0
-0.0002306418641694324 0.01279364244401813 0
-0.0002523308102383107 0.01242918588876131 0
-0.0002761886509349727 0.01202828367761836 0
-0.0003024322756767497 0.0115872912457634 0
-0.0003313002631469527 0.01110219956643935 0
-0.0003630550495091634 0.01056859871673412 0
-0.0003979853143501761 0.009981637784689964 0
-0.0004364086055140149 0.009335980762136443 0
-0.0004786742256445622 0.008625758039826166 0
-0.0005251664077978186 0.007844513045104452 0
-0.000576307808375089 0.006985143547383855 0
-0.0006325633493386752 0.00603983709434768 0
2 13 0 901
2170
2171
2172
2173
2174
2175
2176
2177
2178
2179
2180
2181
2182
2183
2184
2185
2186
2187
2188
2189
2190
2191
2192
2193
2194
2195
2196
2197
2198
2199
2200
2201
2202
2203
2204
2205
2206
2207
2208
2209
2210
2211
2212
2213
2214
2215
2216
2217
2218
2219
2220
2221
2222
2223
2224
2225
2226
2227
2228
2229
2230
2231
2232
2233
2234
2235
2236
2237
2238
2239
2240
2241
2242
2243
2244
2245
2246
2247
2248
2249
2250
2251
2252
2253
2254
2255
2256
2257
2258
2259
2260
2261
2262
2263
2264
2265
2266
2267
2268
2269
2270
2271
2272
2273
2274
2275
2276
2277
2278
2279
2280
2281
2282
2283
2284
2285
2286
2287
2288
2289
2290
2291
2292
2293
2294
2295
2296
2297
2298
2299
2300
2301
2302
2303
2304
2305
2306
2307
2308
2309
2310
2311
2312
2313
2314
2315
2316
2317
2318
2319
2320
2321
2322
2323
2324
2325
2326
2327
2328
2329
2330
2331
2332
2333
2334
2335
2336
2337
2338
2339
2340
2341
2342
2343
2344
2345
2346
2347
2348
2349
2350
2351
2352
2353
2354
2355
2356
2357
2358
2359
2360
2361
2362
2363
2364
2365
2366
2367
2368
2369
2370
2371
2372
2373
2374
2375
2376
2377
2378
2379
2380
2381
2382
2383
2384
2385
2386
2387
2388
2389
2390
2391
2392
2393
2394
2395
2396
2397
2398
2399
2400
2401
2402
2403
2404
2405
2406
2407
2408
2409
2410
2411
2412
2413
2414
2415
2416
2417
2418
2419
2420
2421
2422
2423
2424
2425
2426
2427
2428
2429
2430
2431
2432
2433
2434
2435
2436
2437
2438
2439
2440
2441
2442
2443
2444
2445
2446
2447
2448
2449
2450
2451
2452
2453
2454
2455
2456
2457
2458
2459
2460
2461
2462
2463
2464
2465
2466
2467
2468
2469
2470
2471
2472
2473
2474
2475
2476
2477
2478
2479
2480
2481
2482
2483
2484
2485
2486
2487
2488
2489
2490
2491
2492
2493
2494
2495
2496
2497
2498
2499
2500
2501
2502
2503
2504
2505
2506
2507
2508
2509
2510
2511
2512
2513
2514
2515
2516
2517
2518
2519
2520
2521
2522
2523
2524
2525
2526
2527
2528
2529
2530
2531
2532
2533
2534
2535
2536
2537
2538
2539
2540
2541
2542
2543
2544
2545
2546
2547
2548
2549
2550
2551
2552
2553
2554
2555
2556
2557
2558
2559
2560
2561
2562
2563
2564
2565
2566
2567
2568
2569
2570
2571
2572
2573
2574
2575
2576
2577
2578
2579
2580
2581
2582
2583
2584
2585
2586
2587
2588
2589
2590
2591
2592
2593
2594
2595
2596
2597
2598
2599
2600
2601
2602
2603
2604
2605
2606
2607
2608
2609
2610
2611
2612
2613
2614
2615
2616
2617
2618
2619
2620
2621
2622
2623
2624
2625
2626
2627
2628
2629
2630
2631
2632
2633
2634
2635
2636
2637
2638
2639
2640
2641
2642
2643
2644
2645
2646
2647
2648
2649
2650
2651
2652
2653
2654
2655
2656
2657
2658
2659
2660
2661
2662
2663
2664
2665
2666
2667
2668
2669
2670
2671
2672
2673
2674
2675
2676
2677
2678
2679
2680
2681
2682
2683
2684
2685
2686
2687
2688
2689
2690
2691
2692
2693
2694
2695
2696
2697
2698
2699
2700
2701
2702
2703
2704
2705
2706
2707
2708
2709
2710
2711
2712
2713
2714
2715
2716
2717
2718
2719
2720
2721
2722
2723
2724
2725
2726
2727
2728
2729
2730
2731
2732
2733
2734
2735
2736
2737
2738
2739
2740
2741
2742
2743
2744
2745
2746
2747
2748
2749
2750
2751
2752
2753
2754
2755
2756
2757
2758
2759
2760
2761
2762
2763
2764
2765
2766
2767
2768
2769
2770
2771
2772
2773
2774
2775
2776
2777
2778
2779
2780
2781
2782
2783
2784
2785
2786
2787
2788
2789
2790
2791
2792
2793
2794
2795
2796
2797
2798
2799
2800
2801
2802
2803
2804
2805
2806
2807
2808
2809
2810
2811
2812
2813
2814
2815
2816
2817
2818
2819
2820
2821
2822
2823
2824
2825
2826
2827
2828
2829
2830
2831
2832
2833
2834
2835
2836
2837
2838
2839
2840
2841
2842
2843
2844
2845
2846
2847
2848
2849
2850
2851
2852
2853
2854
2855
2856
2857
2858
2859
2860
2861
2862
2863
2864
2865
2866
2867
2868
2869
2870
2871
2872
2873
2874
2875
2876
2877
2878
2879
2880
2881
2882
2883
2884
2885
2886
2887
2888
2889
2890
2891
2892
2893
2894
2895
2896
2897
2898
2899
2900
2901
2902
2903
2904
2905
2906
2907
2908
2909
2910
2911
2912
2913
2914
2915
2916
2917
2918
2919
2920
2921
2922
2923
2924
2925
2926
2927
2928
2929
2930
2931
2932
2933
2934
2935
2936
2937
2938
2939
2940
2941
2942
2943
2944
2945
2946
2947
2948
2949
2950
2951
2952
2953
2954
2955
2956
2957
2958
2959
2960
2961
2962
2963
2964
2965
2966
2967
2968
2969
2970
2971
2972
2973
2974
2975
2976
2977
2978
2979
2980
2981
2982
2983
2984
2985
2986
2987
2988
2989
2990
2991
2992
2993
2994
2995
2996
2997
2998
2999
3000
3001
3002
3003
3004
3005
3006
3007
3008
3009
3010
3011
3012
3013
3014
3015
3016
3017
3018
3019
3020
3021
3022
3023
3024
3025
3026
3027
3028
3029
3030
3031
3032
3033
3034
3035
3036
3037
3038
3039
3040
3041
3042
3043
3044
3045
3046
3047
3048
3049
3050
3051
3052
3053
3054
3055
3056
3057
3058
3059
3060
3061
3062
3063
3064
3065
3066
3067
3068
3069
3070
0.000296847385785612 0.01418103494834161 0
0.0003237816442660585 0.0139545926677928 0
0.0003534093289655179 0.01370550615607032 0
0.0003859997820913879 0.01343151099354156 0
0.0004218492805770409 0.0131301163143632 0
0.0004612837284006539 0.01279858217155973 0
0.0005046616205558871 0.01243389461826541 0
0.0005523773019695654 0.01203273830928079 0
0.0006048645514767567 0.01159146636980006 0
0.0006626005264445314 0.01110606723208471 0
0.000726110099200563 0.01057212817814726 0
0.0007959706289190184 0.009984795221449062 0
0.0008728172112885887 0.009338728971777503 0
0.0009573484515977681 0.008628056099638643 0
0.001050332815959379 0.007846315940105014 0
0.001152615617176955 0.00698640176108868 0
0.001265126699176129 0.006040496158623248 0
0.0005916673923831049 0.01421583878221982 0
0.0006455859128969201 0.01398853809523213 0
0.0007048962862047353 0.01373850733641506 0
0.0007701376967561898 0.01346347350208365 0
0.0008419032484572554 0.01316093628392085 0
0.000920845354306284 0.01282814534825078 0
0.00100768166983789 0.01246207532281756 0
0.001103201617008579 0.01205939829447879 0
0.001208273558800538 0.01161645356371002 0
0.001323852695792367 0.01112921435556157 0
0.001450989747066885 0.01059325122413843 0
0.00159084050284191 0.01000369178221594 0
0.00174467633355238 0.009355176398807894 0
0.001913895746738651 0.00864180947956837 0
0.00210003710128662 0.007857105868223326 0
0.002304792592129763 0.006993931892201056 0
0.002530023633378136 0.006044440513008065 0
0.0008824480701843654 0.01427355078806356 0
0.0009634504792801523 0.01404482668440315 0
0.001052553130401159 0.01379323016722649 0
0.001150566046503354 0.01351647399870181 0
0.001258380254357688 0.01321204221292394 0
0.001376975881461866 0.01287716725290427 0
0.001507431069920898 0.01250880480071031 0
0.001650931777354915 0.01210360610293246 0
0.001808782555388412 0.01165788753578323 0
0.00198241841275863 0.01116759710758932 0
0.002173417856742476 0.01062827763410079 0
0.002383517244182843 0.01003502621592291 0
0.002614626569402674 0.009382449658650878 0
0.002868846826250244 0.008664615448176691 0
0.003148489108847276 0.007874997816472381 0
0.003456095620966521 0.007006418418032729 0
0.003794462786282117 0.006050981074145749 0
0.001167208211312322 0.0143537317426609 0
0.001275443000316174 0.01412303004515429 0
0.001394501269711129 0.01386925817471956 0
0.001525465365870652 0.01359010911761422 0
0.001669525871835757 0.01328304515439415 0
0.001827992426345536 0.01294527479922555 0
0.002002305634494996 0.01257372741240086 0
0.002194050163631881 0.01216502528652606 0
0.002404969145490141 0.01171545294847369 0
0.002636980027583112 0.0112209233722489 0
0.002892191999056694 0.01067694083590499 0
0.003172925166419122 0.01007856004860919 0
0.003481731649228937 0.009420341185331003 0
0.003821418779124854 0.008696300438271872 0
0.004195074622096821 0.007899855616322546 0
0.004606096051052941 0.007023766308582552 0
0.005058219625556243 0.006060068064416749 0
0.001444012427809289 0.01445577142053277 0
0.00157967582271615 0.01422255300268975 0
0.001728905558982184 0.01396601273985031 0
0.00189305826865557 0.01368381845110385 0
0.002073626249533979 0.01337340473307415 0
0.002272251025928419 0.01303194964766266 0
0.002490738277691988 0.0126563490576129 0
0.002731074254848107 0.01224318840818652 0
0.002995443829478792 0.01178871169423188 0
0.003286250364140648 0.01128878730446696 0
0.003606137553736836 0.01073887047320167 0
0.003958013460715204 0.01013396196152161 0
0.004345076956775933 0.009468562601450707 0
0.004770846800945052 0.008736623307947373 0
0.005239193629639451 0.007931490084907414 0
0.005754375143317749 0.007045843535928496 0
0.006321074811687406 0.006071632326338224 0
0.001710985881107936 0.01457889323811732 0
0.001874320349183281 0.01434263812720908 0
0.002053988266315761 0.01408275750195608 0
0.002251622974897512 0.01379688881455961 0
0.002469021154623608 0.01348243325800956 0
0.002708159149225934 0.01313653215028327 0
0.002971210940555105 0.01275604093573806 0
0.003260567911277486 0.01233750059936182 0
0.003578860578781885 0.01187710622976775 0
0.003928982516128645 0.01137067241874196 0
0.004314116648977683 0.01081359522405685 0
0.004737764193212436 0.01020081031265031 0
0.005203776489925682 0.009526746912916429 0
0.00571639001450709 0.008785277175817346 0
0.00628026489167711 0.007969660464819638 0
0.006900527259109876 0.007072482079039866 0
0.007582815867287341 0.00608558584889426 0
0.001966328550684854 0.01472216016403975 0
0.002157620955142399 0.01448237149840531 0
0.002368042602680366 0.01421860396290483 0
0.002599506414662966 0.01392845967424183 0
0.002854116608178974 0.01360930095629242 0
0.0031341878174202 0.01325822637109382 0
0.003442266144384287 0.01287204433138819 0
0.003781152304349627 0.01244724408732987 0
0.00415392707997161 0.01197996381929178 0
0.004563979336776954 0.01146595551991069 0
0.005015036821332992 0.0109005463879965 0
0.005511200052120363 0.01027859634567906 0
0.006056979603708567 0.00959445130198527 0
0.006657337108343783 0.008841891756569294 0
0.007317730363595322 0.00801407625642018 0
0.008044162947353512 0.007103479202518791 0
0.008843238794173869 0.006101822437352838 0
0.002208328933303619 0.01488448185048684 0
0.002427908350103049 0.01464068966095032 0
0.002669445711606684 0.0143725182491024 0
0.002935136808905808 0.01407752969646369 0
0.003227397016319551 0.01375304228813398 0
0.003548883240312036 0.01339610614359294 0
0.003902518083029131 0.01300347638867764 0
0.004291516410367858 0.01257158365788229 0
0.004719414570050305 0.01209650165444059 0
0.005190102549857634 0.01157391144603974 0
0.005707859330021974 0.01099906221416048 0
0.006277391785649568 0.01036672806192802 0
0.006903877484225177 0.009671160497375385 0
0.007593011750234257 0.008906036179058874 0
0.008351059443019643 0.008064399428715976 0
0.009184911908505951 0.007138598999539022 0
0.01010214962592022 0.006120218521471868 0
0.002435377068587837 0.01506462293141224 0
0.002683612281968058 0.01481638771803202 0
0.002956671020105238 0.01454332897989484 0
0.003257035631654944 0.01424296436834513 0
0.003587436704794537 0.01391256329520553 0
0.003950877880542223 0.01354912211945784 0
0.004350663169710481 0.01314933683028958 0
0.004790426988191159 0.0127095730118089 0
0.005274167188078834 0.01222583281192122 0
0.005806281412654363 0.01169371858734569 0
0.006391607062373841 0.01110839293762621 0
0.007035465274178886 0.01046453472582116 0
0.007743709304208461 0.009756290695791576 0
0.008522777734500551 0.008977222265499482 0
0.009379753008020138 0.008120246991979888 0
0.0103224258127607 0.007177574187239321 0
0.01135936590405666 0.006140634095943347 0
0.002615518149513225 0.01529167106669647 0
0.002859310339049753 0.01507209164989703 0
0.003127481750897674 0.0148305542883934 0
0.003422470303536377 0.01456486319109427 0
0.003746957711866084 0.01427260298368052 0
0.00410389385640712 0.01395111675968804 0
0.004496523611322421 0.01359748191697094 0
0.004928416342117761 0.01320848358963221 0
0.005403498345559463 0.01278058542994976 0
0.005926088553960313 0.01230989745014243 0
0.006500937785839563 0.01179214066997808 0
0.007133271938072018 0.01122260821435048 0
0.007828839502624651 0.01059612251577486 0
0.008593963820941155 0.009906988249765778 0
0.009435600571284048 0.009148940556980383 0
0.010361401000461 0.008315088091494069 0
0.01137978147852814 0.007397850374079792 0
0.00277783983596032 0.01553367144931524 0
0.003017628501594755 0.01534237904485769 0
0.003281396037095236 0.01513195739731972 0
0.003571540325758227 0.01490049358533712 0
0.003890699043707634 0.01464588339182111 0
0.004241773628906239 0.01436581218257988 0
0.004627955668611863 0.01405773385561579 0
0.005052755912670179 0.01371884769565044 0
0.005520036180708265 0.01334607292002845 0
0.006034044480089354 0.01293602066322311 0
0.00659945361200354 0.01248496317866706 0
0.007221403654320976 0.01198879994787969 0
0.007905548698014762 0.01144302039629148 0
0.008658108243430732 0.01084266289165626 0
0.00948592374357984 0.01018226963640471 0
0.01039652079748122 0.009455837052646509 0
0.01139817756264717 0.008656761205826142 0
0.002921106761882737 0.01578901411889216 0
0.003157361872790977 0.01562567965081681 0
0.003417242498043975 0.01544601173368433 0
0.003703111185440444 0.01524837702510257 0
0.004017566741990487 0.01503097884537648 0
0.004363467849716776 0.01479184085077415 0
0.004743959064261989 0.01452878905944497 0
0.00516249940063822 0.01423943208872259 0
0.005622893770232291 0.01392113942121818 0
0.006129327581258075 0.01357101748387142 0
0.006686404775943183 0.01318588335102238 0
0.007299189687349722 0.01276223580678762 0
0.007973253087083599 0.01229622351007437 0
0.008714722824182676 0.01178360998549295 0
0.009530339535180381 0.01121973510832292 0
0.01042751792096015 0.01059947274089015 0
0.01141441415110575 0.009917184132712671 0
0.003044228579467279 0.01605598757219081 0
0.003277446997310298 0.01592032417728395 0
0.003533987260149733 0.01577109444101791 0
0.003816181548896189 0.01560694173134452 0
0.004126595266925897 0.01542637375046611 0
0.004468050352337386 0.01522774897407167 0
0.004843650942387135 0.01500926172230809 0
0.005256811591813517 0.01476892574515197 0
0.005711288305768152 0.01450455617052128 0
0.00621121269553307 0.01421374963585942 0
0.006761129526798364 0.01389386244626323 0
0.007366038038478416 0.01354198653928485 0
0.008031437398549317 0.01315492304322412 0
0.008763376692052646 0.01272915319905499 0
0.009568509915092603 0.01226080637036058 0
0.01045415646407152 0.01174562485668228 0
0.01142836767366178 0.01117892518831261 0
0.003146268257339139 0.01633279178868778 0
0.003376969954845751 0.01622455699968393 0
0.003630741825280471 0.01610549873028897 0
0.003909890882385811 0.01597453463412945 0
0.004216954845605882 0.01583047412816434 0
0.004554725200774481 0.01567200757365455 0
0.004926272587599168 0.01549769436550509 0
0.00533497471347397 0.0153059498363682 0
0.00578454705152634 0.01509503085450994 0
0.006279076627751124 0.01486301997241696 0
0.006823059164095036 0.01460780800094337 0
0.007421439951390829 0.01432707483358094 0
0.008079658814669016 0.01401826835077111 0
0.008803699561728145 0.01367858122087519 0
0.009600144383677468 0.01330492537790321 0
0.01047623369141746 0.01289390394894709 0
0.01143993193558326 0.01244178037444377 0
0.003226449211936468 0.01661755192981574 0
0.003455173315596878 0.01653654952071995 0
0.003706769832773541 0.01644744686959894 0
0.003983526001298214 0.01634943395349674 0
0.004287957787076083 0.01624161974564241 0
0.00462283274709575 0.01612302411853822 0
0.00499119519928971 0.01599256893007919 0
0.005396393897067559 0.01584906822264517 0
0.005842112464216793 0.01569121744461167 0
0.006332402892410695 0.01551758158724144 0
0.006871722365899231 0.01532658214325759 0
0.007464973784077109 0.01511648275581721 0
0.008117550341349138 0.01488537343059738 0
0.008835384551823323 0.0146311531737498 0
0.009625002183527629 0.01435151089115276 0
0.01049358158196728 0.0140439043790335 0
0.01144901892585425 0.0137055372137179 0
0.003284161217780201 0.016908332607617 0
0.003511461904767891 0.01685441408710318 0
0.003761492663584956 0.01679510371379537 0
0.00403652649791637 0.01672986230324391 0
0.004339063716079164 0.01665809675154284 0
0.004671854651749233 0.01657915464569381 0
0.005037924677182453 0.0164923183301622 0
0.005440601705521219 0.0163967983829915 0
0.005883546436289995 0.01629172644119954 0
0.006370785644438444 0.01617614730420771 0
0.006906748775861581 0.01604901025293318 0
0.007496308217784069 0.01590915949715815 0
0.008144823601192116 0.01575532366644767 0
0.008858190520431639 0.01558610425326139 0
0.009642894131776681 0.01539996289871342 0
0.01050606810779895 0.01519520740787026 0
0.01145555948699194 0.01496997636662188 0
0.003318965051658403 0.0172031526142145 0
0.003545407332207214 0.01717621835573405 0
0.00379449384392969 0.01714659067103459 0
0.004068489006458445 0.01711400021790871 0
0.004369883685636809 0.01707815071942306 0
0.004701417828440276 0.01703871627159944 0
0.005066105381734602 0.0169953383794442 0
0.005467261690719216 0.01694762269803052 0
0.005908533630199948 0.01689513544852332 0
0.006393932767915301 0.01683739947355554 0
0.006927871821852742 0.0167738899007995 0
0.007515204778550946 0.01670402937108104 0
0.008161271028222504 0.01662718278871146 0
0.008871943900361364 0.01654265154840228 0
0.009653684059894989 0.01644966718404066 0
0.01051359823891132 0.01634738438282307 0
0.01145950384137675 0.01623487330082388 0
0.0001484236928928056 0.01417521955648074 0
0.0002846045409360745 0.01428396325840246 0
0.0001618908221330297 0.01394892070753878 0
0.0003103145150258352 0.0140678138080672 0
0.0001767046644827585 0.01369999197058583 0
0.0003385954866157882 0.01383004941193156 0
0.0001929998910456939 0.01342617036030331 0
0.0003697045555284533 0.01356850857480594 0
0.0002109246402885205 0.01312496658859606 0
0.0004039245313342144 0.01328081365395238 0
0.0002306418642003269 0.0127936424440081 0
0.0004415665044888474 0.01296434924296147 0
0.000252330810277944 0.01242918588874843 0
0.00048297267447827 0.01261623839491257 0
0.0002761886509847827 0.01202828367760217 0
0.0005285194612627258 0.0122333164637731 0
0.0003024322757383784 0.01158729124574337 0
0.0005786209267231611 0.01181210233954042 0
0.0003313002632222657 0.01110219956641486 0
0.000633732538960644 0.01134876680094238 0
0.0003630550496002815 0.01056859871670449 0
0.0006943553128225472 0.01083909770511599 0
0.0003979853144595088 0.009981637784654405 0
0.0007610403640597903 0.01027846169979816 0
0.0004364086056442944 0.009335980762094067 0
0.0008343939201038032 0.009661762096613282 0
0.000478674225798884 0.008625758039775966 0
0.0009150828314431784 0.008983392535708071 0
0.0005251664079796896 0.007844513045045288 0
0.001003840633778574 0.008237186019871829 0
0.0005763078085884773 0.006985143547314433 0
0.001101474216568167 0.007416358850596847 0
0.0006325633495880643 0.006039837094266544 0
0.001208871158176542 0.006513448959855964 0
0.001327007794032508 0.005520248079311625 0
0.0004442573890843585 0.01419843686528071 0
0.0005671589737961799 0.01431915727702834 0
0.0004846837785814889 0.01397156538151246 0
0.0006186266526400121 0.01410218843872597 0
0.000529152807585127 0.01372200674624269 0
0.0006752410995508277 0.0138635227158236 0
0.0005780687394237888 0.01344749224781261 0
0.0007375169914804625 0.01360099041924935 0
0.0006318762645171477 0.01314552629914203 0
0.0008060204726067222 0.01331220489300225 0
0.0006910645413534689 0.01281336375990526 0
0.0008813743013817692 0.01299454081608582 0
0.0007561716451968889 0.01244798497054149 0
0.0009642635120720869 0.01264511033553417 0
0.0008277894594890724 0.01204606830187979 0
0.001055441643423235 0.01226073680864818 0
0.0009065690551386474 0.01160395996675504 0
0.001155737587904559 0.01183792592909441 0
0.0009932266111184491 0.01111764079382314 0
0.001266063127296452 0.0113728339596358 0
0.001088549923133723 0.01058268970114285 0
0.001387421221429626 0.01086123278985 0
0.001193405565880464 0.009994243501832503 0
0.001520915124954397 0.01029847150317719 0
0.001308746772420485 0.009346952685292698 0
0.001667758418197145 0.009679434090511918 0
0.001435622099168209 0.008634932789603506 0
0.001829286040145516 0.008998492939188132 0
0.001575184958622999 0.007851710904164172 0
0.002006966424012636 0.008249457673895849 0
0.001728704104653358 0.006990166826644868 0
0.002202414846708191 0.007425518880212192 0
0.001897575166277133 0.006042468335815657 0
0.002417408112753949 0.00651918620260456 0
0.002653900705577954 0.005522220256504033 0
0.0007370577312837351 0.01424469478514169 0
0.0008456287930649169 0.01437751629045512 0
0.0008045181960885366 0.01401668238981764 0
0.0009229492747322588 0.01415918873623336 0
0.0008787247083029467 0.01376586875182077 0
0.001008001804840656 0.01391902842581482 0
0.0009603518716297717 0.01348997375039273 0
0.001101559588452256 0.01365485208296415 0
0.001050141751407472 0.0131864892484224 0
0.001204473150430521 0.01336425810581288 0
0.001148910617884075 0.01285265630057753 0
0.001317678067909777 0.01304460473291411 0
0.001257556369879394 0.01248544006176394 0
0.001442203475691382 0.01269298602680729 0
0.001377066697181748 0.01208150219870563 0
0.001579181423637907 0.01230620545182139 0
0.001508528057094475 0.01163717054974662 0
0.001729857166371663 0.01188074681935784 0
0.001653135554275499 0.01114840573157545 0
0.001895600484073521 0.01141274232168628 0
0.00181220380190468 0.01061076442911961 0
0.002077918134750553 0.01089793737084506 0
0.001987178873512376 0.01001935899906943 0
0.002278467550462659 0.01033165192501185 0
0.002179651451477527 0.009368813028729385 0
0.002499071906792758 0.009708737937286892 0
0.002391371286494448 0.008653212463872529 0
0.002741736697826459 0.009023532553413784 0
0.002624263105066948 0.007866051842347854 0
0.00300866796754876 0.008269806632324536 0
0.002880444106548142 0.007000175155116892 0
0.003302292364906898 0.007440708117252556 0
0.003162243209830126 0.006047710793576907 0
0.003625279203624319 0.00652869974608924 0
0.003980564726474388 0.005525490537072875 0
0.001024828140748344 0.01431364126536223 0
0.00111801057960256 0.01445859615135248 0
0.001119446739798163 0.01408392836477872 0
0.001221325605814248 0.01423838089390759 0
0.001223527200056144 0.01383124417097303 0
0.001334972135013652 0.01399614410993693 0
0.001338015706187003 0.01355329155815802 0
0.001459983317790891 0.01372968364616689 0
0.001463953063096723 0.01324754368365905 0
0.001597495618853204 0.01343657713600419 0
0.001602484153903701 0.01291122102606491 0
0.001748759149090647 0.01311415997680985 0
0.001754868352207947 0.01254126610655559 0
0.001915149030420266 0.01275950110581321 0
0.001922490970493398 0.01213431569472926 0
0.002098177899063438 0.01236937634946346 0
0.002106875850439276 0.01168667024212846 0
0.002299509654561011 0.01194023911749987 0
0.002309699220170871 0.01119426023991911 0
0.002520974586536626 0.01146818816036129 0
0.002532804927899585 0.01065260923500289 0
0.002764586013319903 0.01094893210407694 0
0.002778221205300982 0.01005679313226605 0
0.003032558582737908 0.01037775044225709 0
0.003048179109315805 0.00940139542199094 0
0.003327328407824029 0.009749450616970098 0
0.003345132802687549 0.008680457943224281 0
0.003651575214176896 0.009058320811801437 0
0.003671781865472048 0.007887426716397463 0
0.004008246700610838 0.008298078027297208 0
0.00403109583600973 0.007015092363307641 0
0.004400585336574881 0.007461810962452548 0
0.00442634120591918 0.006055524569281249 0
0.004832157838304593 0.00654191718649965 0
0.005306887590555897 0.005530034032208375 0
0.001305610319560805 0.01440475158159683 0
0.001382347247874524 0.01456177979302164 0
0.001427559411516162 0.01417279152392202 0
0.00151184412526272 0.01433916221161126 0
0.001561703414346656 0.01391763545728494 0
0.001654290690849167 0.01409428287127003 0
0.001709261817263111 0.01363696378435904 0
0.001810981913818876 0.01382491559547708 0
0.001871576060684868 0.01332822494373415 0
0.001983342259094774 0.013528611592089 0
0.002050121726136977 0.0129886122234441 0
0.002172938637731199 0.0132026771903684 0
0.002246521956093492 0.01261503823500688 0
0.002381494651810204 0.01284414935263778 0
0.002462562209239994 0.01220410684735629 0
0.002610906266270048 0.01244976873289971 0
0.002700206487484466 0.01175208232135279 0
0.002863259042163449 0.0120159500512092 0
0.00296161519586188 0.01125485533835793 0
0.00314084709680972 0.01153874949934942 0
0.003249164776396765 0.01070790565455333 0
0.003446193958938742 0.01101382888883431 0
0.003565469313567163 0.0101062610050654 0
0.00378207550722602 0.01043641621736164 0
0.003913404303002434 0.009444451893390856 0
0.004151545208745568 0.009801262281486159 0
0.004296132790034954 0.008716461873109623 0
0.004557961878860492 0.00910259295469904 0
0.004717134125868137 0.00791567285061498 0
0.005005020215292252 0.008334056696427394 0
0.005180235597185345 0.007034804922255524 0
0.0054967843864786 0.007488666810417955 0
0.005689647218621825 0.006065850195377486 0
0.006037724977502577 0.00655873793113336 0
0.006632759628065922 0.005535816163169113 0
0.001577499154458612 0.01451733232932504 0
0.001636742940554001 0.01468628192564549 0
0.001726998085949716 0.01428259556494941 0
0.001792653115145608 0.0144607656826632 0
0.001891446912648972 0.0140243851209032 0
0.001964154307749521 0.01421269781458258 0
0.002072340621776541 0.01374035363283173 0
0.002152805620606636 0.01393982315825784 0
0.002271323702078793 0.01342791899554185 0
0.00236032206476056 0.01363966103628459 0
0.002490205087577177 0.01308424089897296 0
0.002588590151924771 0.01330948270414642 0
0.002730974609123547 0.01270619499667548 0
0.002839685044890519 0.01294628654301066 0
0.002995821083062796 0.01229034450377417 0
0.003115889425916295 0.01254677076754994 0
0.003287152204130338 0.01183290896199982 0
0.003419714245029685 0.01210730341456479 0
0.003607616440134647 0.01132972986160446 0
0.003753921547455265 0.01162388932425486 0
0.003960127101357259 0.01077623284862926 0
0.004121549582553164 0.01109213382139941 0
0.00434788882696382 0.01016738613708596 0
0.004525940421095059 0.01050720276835358 0
0.004774426723350807 0.009497654757183569 0
0.004970770341569059 0.009863778612783369 0
0.005243618407726071 0.00876095024188236 0
0.005460083252216386 0.009156012044366888 0
0.005759729260658281 0.007950575274863526 0
0.0059983274530921 0.008377468820318493 0
0.006327451201213813 0.007059162807484181 0
0.006590396075393493 0.007521071271929752 0
0.006951945339487373 0.006078609087616242 0
0.007241671563198608 0.006579033963967063 0
0.007958074600310333 0.00554279292444713 0
0.001838657215896395 0.01465052670107853 0
0.001879377457140965 0.01483115501281834 0
0.00201597065216284 0.01441250481280719 0
0.002061974752913627 0.01460226583122253 0
0.002211015434498063 0.01415068073243045 0
0.002262831778911382 0.01435048773065507 0
0.002425564694780239 0.01386267424440072 0
0.002483774508671666 0.01407353181857333 0
0.002661568881401291 0.01354586710715099 0
0.00272681151142097 0.01376888031526713 0
0.002921173483323067 0.01319737926068854 0
0.002994152212799587 0.01343376366369312 0
0.003206738542469696 0.01281404263356312 0
0.003288226980902244 0.013065135351241 0
0.003520860107813556 0.01239237234334585 0
0.003611709224366957 0.01265964420935903 0
0.003866393829376747 0.01192853502452977 0
0.003967539692160618 0.01221360395331083 0
0.004246480926452799 0.01141831396932633 0
0.004358953208374282 0.01172295966960124 0
0.004664576735155337 0.01085707080602668 0
0.004789508079054972 0.01118325095395359 0
0.005124482122666399 0.01023970332916468 0
0.005263118436726676 0.01058957136683778 0
0.005630378046817125 0.00956059910745085 0
0.005784089827914464 0.009936523823832165 0
0.006186863561425436 0.008813584466193319 0
0.006357158356026175 0.009218171529277282 0
0.006798997627636216 0.007991868360619908 0
0.006987533735969552 0.008427984006494738 0
0.007472345103231694 0.007087980640779329 0
0.007680946655474417 0.007558777729469486 0
0.008213027330730606 0.006093704143123549 0
0.00844370087076369 0.006602650819935814 0
0.009282730508198044 0.005550911218676419 0
0.002087328741994236 0.0148033210072633 0
0.002108520106787051 0.01499529648287004 0
0.002292764652622724 0.01456153057967781 0
0.002318118641703334 0.01476258575571858 0
0.002518744157143525 0.01429556110600361 0
0.002548677030854866 0.01450660395502636 0
0.002767321611784387 0.01400299468535276 0
0.002802291260256246 0.01422502397278304 0
0.003040756812249262 0.0136811716222132 0
0.003081266912612679 0.01391528599229883 0
0.003341535528866118 0.01332716625734338 0
0.003388140128315793 0.01357457421586346 0
0.003672392113706709 0.01293776036003291 0
0.003725700661670584 0.01319979126613529 0
0.004036334357358742 0.01250941387260608 0
0.004097017246698495 0.01278753002327996 0
0.004436670825010958 0.01203823273686619 0
0.004505465490209082 0.01233404265616144 0
0.004877040943317293 0.01151993348297521 0
0.00495475855995397 0.01183520655024016 0
0.005361448075677483 0.01094980430107849 0
0.005448980939939804 0.01128648683010011 0
0.005894295918884965 0.01032266220380354 0
0.005992625557835771 0.01068289513804425 0
0.006480428543966871 0.009632805899680328 0
0.006590634634937372 0.0100189442796517 0
0.00712517442928902 0.008873963967814084 0
0.007248444617229717 0.00928859833821713 0
0.007834394903307482 0.008039237842568079 0
0.00797203559662695 0.008485217803887425 0
0.008614537427929732 0.007121039101028907 0
0.008767985675762797 0.007601499214127499 0
0.009472694210047046 0.006111020479412353 0
0.009643530767213086 0.006629408760505445 0
0.01060663036851566 0.005560109260735934 0
0.002321853000945728 0.01497455239094954 0
0.002322542879897919 0.01517745712010216 0
0.002555760316035553 0.01472853868949117 0
0.002559494675277947 0.01494050532472213 0
0.002813058365855961 0.01445792361449862 0
0.002820141651036648 0.01467985834896343 0
0.003096086220280376 0.01416024703240441 0
0.003106853325880091 0.01439314667411998 0
0.003407416860557044 0.01383280279166976 0
0.003422236168224741 0.01407776383177533 0
0.003749880560427129 0.01347261413152539 0
0.00376915729266838 0.01373084270733169 0
0.004126590626369806 0.01307640660948361 0
0.004150770525126352 0.01334922947487371 0
0.004540971699279509 0.0126405783348456 0
0.00457054507895082 0.01292945492104924 0
0.004996790879064569 0.01216116723318091 0
0.005032297088134996 0.01246770291186506 0
0.005498191981255998 0.01163381501669271 0
0.005540224300366598 0.01195977569963346 0
0.006049733196197907 0.01105372757589334 0
0.006098944237514102 0.01140105576248595 0
0.006656428529914228 0.01041563139387459 0
0.006713536168276363 0.01078646383172368 0
0.007323793394216819 0.00971372559658348 0
0.007389587289193674 0.01011041271080637 0
0.008057894742367403 0.008941629222279177 0
0.008133243519354506 0.009366756480645529 0
0.00886540622551989 0.008092323210347932 0
0.008951265371260344 0.008548734628739684 0
0.009753668860633323 0.007158086593389172 0
0.009851089410390416 0.007648910589609604 0
0.01073075776498844 0.006130426308707608 0
0.01084089585840868 0.006659104141591334 0
0.01192968295202833 0.005570317047971673 0
0.002525447609050531 0.01517814699905435 0
0.002504703517130031 0.01539147989321303 0
0.002771461310508905 0.01494423968396453 0
0.002737414244281489 0.01518188135829675 0
0.003042076385501456 0.01468694163414412 0
0.002993396044973713 0.01495132296914521 0
0.00333975296759566 0.0144039137797197 0
0.003274976027217025 0.01469770873974383 0
0.003667197208330311 0.01409258313944303 0
0.00358471400770123 0.0144187330873874 0
0.004027385868474671 0.01375011943957294 0
0.003925425784136602 0.01411185987168428 0
0.004423593390516452 0.01337340937363026 0
0.004300208733864771 0.01377429933832949 0
0.004859421665154459 0.01295902830072055 0
0.004712469976720091 0.01340298275330157 0
0.005338832766819148 0.01250320912093549 0
0.005165957343838611 0.01299453450979098 0
0.005866184983307337 0.01200180801874406 0
0.005664793449759887 0.01254524144004609 0
0.006446272424106701 0.01145026680380214 0
0.006213513169899937 0.01205101906006025 0
0.007084368606125453 0.01084357147008582 0
0.006817104861955791 0.01150737444216428 0
0.007786274403416556 0.01017620660578322 0
0.007481055720348334 0.01090936536506267 0
0.008558370777720852 0.00944210525763263 0
0.008211401661782903 0.01025155538277032 0
0.009407676789652094 0.008634593774480136 0
0.009014782196112601 0.009527964403373081 0
0.01034191340661085 0.007746331139366696 0
0.009898500785872521 0.008732014324237227 0
0.0113695736912924 0.006769242235011569 0
0.01087059123949457 0.00785646923278693 0
0.01193989073926407 0.006893369631484342 0
0.002696678992736772 0.01541267125800585 0
0.002668844987181722 0.01562062254285913 0
0.002938469420322254 0.01520723534737736 0
0.002897734168777537 0.01543802524708646 0
0.003204438893996455 0.01498125584285656 0
0.003149512269344996 0.01523716822108871 0
0.003497005314647302 0.01473267838821569 0
0.003426468181426732 0.01501622549132842 0
0.003818828377786859 0.01445924318775081 0
0.003731119684732931 0.01477318848857911 0
0.004172833742656679 0.01415846447113396 0
0.004066236336306936 0.01450584778720049 0
0.004562239639967142 0.01382760788629336 0
0.004434864648759051 0.01421177301909783 0
0.004990586127393969 0.01346366564264133 0
0.004840355790641021 0.01388829077563312 0
0.005461767263133864 0.01306332917498911 0
0.005286396046689222 0.01353246030783945 0
0.005980066517024834 0.01262295905668277 0
0.00577704033039881 0.01314104679162578 0
0.006550195698921551 0.01213855192432257 0
0.006316749046046447 0.01271049192094509 0
0.007177337796196497 0.01160570408111508 0
0.006910428633162258 0.01223688156327338 0
0.007867194100319707 0.01101957145603317 0
0.00756347617616787 0.01171591017208558 0
0.008626036032185943 0.01037482557071102 0
0.008281828470722747 0.01114284164397387 0
0.009460762157431944 0.009665605096692547 0
0.009072015993505286 0.01051246626403048 0
0.01037896089897111 0.008885462572070289 0
0.009941222270530532 0.009819053344525609 0
0.01138897952058766 0.008027305789952966 0
0.0108973491800642 0.009056299129236325 0
0.01194908878132359 0.008217269491801963 0
0.002849473298921529 0.0156613427841037 0
0.002813718074354563 0.0158632570594461 0
0.003087495187192866 0.01548402934783725 0
0.003039234317336857 0.01570734688485449 0
0.003349319267569606 0.01528898456550203 0
0.003287302185417476 0.01553584569225057 0
0.003637325755599336 0.01507443530521985 0
0.003560176841742209 0.01534719437939345 0
0.00395413289284906 0.01483843111859879 0
0.003860338963715465 0.01513967793523953 0
0.004302620739311508 0.01457882651667701 0
0.004190517295853631 0.01491140984807531 0
0.004685957366436926 0.01429326145753038 0
0.004553713456989383 0.01466031495510956 0
0.005107627656654199 0.01397913989218652 0
0.004953229232450104 0.01438411057408378 0
0.005571464975470278 0.01363360617062332 0
0.005392696585435256 0.01408028575497039 0
0.006081686030673715 0.01325351907354726 0
0.005876110675745183 0.0137460784525448 0
0.006642929193973361 0.01283542326484472 0
0.006407866178600629 0.0133784504174469 0
0.007260296670835349 0.01237551787733365 0
0.006992797231646452 0.012974059578905 0
0.00793940089254918 0.01186962195318292 0
0.00763622138721666 0.01252922965843099 0
0.008686415533806705 0.0113131364385746 0
0.008343987955633137 0.01203991674778366 0
0.009508131639380111 0.01070100237236381 0
0.00912253117968153 0.01150167254690793 0
0.01041201935922069 0.01002765489676833 0
0.009978928728070265 0.01090960392460653 0
0.01140629585687646 0.009286972669269406 0
0.01092096603603295 0.01025832843680141 0
0.01195720707555287 0.009541925399689673 0
0.002982667670675008 0.01592250084554149 0
0.002938220206978412 0.01611765275212558 0
0.003217404435050638 0.01577300191405038 0
0.003160837788388789 0.01598815587473738 0
0.003475614879096854 0.01560855308735112 0
0.003405717128730015 0.01584570930915093 0
0.003759646367168317 0.01542765937822355 0
0.003675084404522961 0.01568901808618122 0
0.004072081004458192 0.0152286762979213 0
0.003971388407911043 0.01551665774090532 0
0.004415759101027081 0.01500979491242291 0
0.00429732280963164 0.01532706136226889 0
0.004793805003324563 0.01476902539087653 0
0.004655850647362261 0.01511850534818988 0
0.005209655496225868 0.01450417891693728 0
0.005050231267100327 0.01488909373373003 0
0.005667091038000222 0.01421284779586973 0
0.005484049948790834 0.01463674095783663 0
0.006170270138395573 0.01389238355986542 0
0.005961250500650611 0.01435915290319035 0
0.006723767151370774 0.0135398728986428 0
0.006486171111165717 0.01405380604106132 0
0.007332613862914069 0.01315211117303624 0
0.00706358378263839 0.01371792449277404 0
0.008002345242816457 0.01272557327664924 0
0.007698737718513866 0.01334845479125448 0
0.008739049758117661 0.01225638159227397 0
0.008397407045300981 0.01294203812113955 0
0.009549424725136493 0.01174027073934175 0
0.009165943303572625 0.01249497978470778 0
0.01044083719251583 0.01117254879878621 0
0.01001133318958206 0.01200321561352143 0
0.01142139091238377 0.01054805466051264 0
0.01094126206886665 0.01146227502249744 0
0.01196418383683089 0.01086724037193408 0
0.003095248418403209 0.0161943896804393 0
0.003041403848647556 0.01638198942039755 0
0.003327208476078025 0.01607244058848394 0
0.003261619106092445 0.01627867439418586 0
0.003582364542715102 0.01593829658565344 0
0.003503855890063111 0.01616502786498645 0
0.003863036215641001 0.01579073818273698 0
0.003770316353833142 0.01604001668220921 0
0.004171775056265889 0.01562842393931523 0
0.004063422863995847 0.01590250438114689 0
0.004511387776555933 0.01544987827386311 0
0.004385840023190182 0.01575124085090945 0
0.004884961764993151 0.01525347804390659 0
0.004740498894186825 0.01558485096957982 0
0.005295893152643744 0.01503743779076009 0
0.005130623650536569 0.01540182210093665 0
0.005747917678647246 0.01479979351251561 0
0.005559760882500155 0.01520049034543907 0
0.006245144661642097 0.01453838480413819 0
0.006031811839638732 0.01497902541346345 0
0.006792094345446699 0.0142508352236033 0
0.006551067895923079 0.01473541398668016 0
0.007393738994934623 0.01393453068643289 0
0.007122249557742932 0.01446744141726215 0
0.008055548106609167 0.01358659569699761 0
0.007750549383029923 0.01417267159217602 0
0.008783538126890394 0.01320386720996509 0
0.008441679188198581 0.01384842478582315 0
0.009584327149385036 0.0127828658741319 0
0.009201921972702806 0.0134917532993892 0
0.01046519507774449 0.01231976440281468 0
0.01003818903754746 0.01309941466342515 0
0.01143414980462252 0.01181035278137819 0
0.01095808281350036 0.01266784216169543 0
0.01196996596779163 0.01219311240944411 0
0.003186358734637804 0.01647517185925176 0
0.003122483709544905 0.01665437120693519 0
0.003416071635221314 0.01638055326020194 0
0.003340811263766673 0.01657705072526785 0
0.003668755829027006 0.01627647279994396 0
0.00358097157418521 0.01649199819515944 0
0.003946708441842013 0.0161619842938131 0
0.003845147917035878 0.01639844041154784 0
0.004252456316340983 0.01603604693690337 0
0.004135741894187149 0.01629552684956958 0
0.004588778973935116 0.01589751584609639 0
0.004455395267085917 0.01618232193209031 0
0.004958733893444439 0.01574513164779214 0
0.00480701397319273 0.01605779652430871 0
0.005365684305270765 0.01557750902950668 0
0.005193794548178634 0.01592081857636218 0
0.005813329757871567 0.0153931241495608 0
0.005619253180642177 0.01577014283362842 0
0.00630573976008091 0.0151903007798292 0
0.006087257678313744 0.01560439951592655 0
0.006847390764997133 0.01496719507210048 0
0.006602062629154963 0.01542208186524952 0
0.007443206867733969 0.01472177879469908 0
0.00716834807498817 0.0152215324495374 0
0.008098604578009077 0.01445182089068425 0
0.007791262062713123 0.0150009280932073 0
0.008819542056775733 0.01415486719731249 0
0.008476467446586231 0.01475826330217359 0
0.009612573283602549 0.01382821813452799 0
0.009230193367675476 0.01449133203245128 0
0.01048490763669237 0.01346890416399029 0
0.01005929188274745 0.01419770763509313 0
0.01144447543071875 0.01307365879408083 0
0.01097130025391077 0.0138747207963757 0
0.01197450946292713 0.01351943527352562 0
0.003255305214858334 0.01676294226871637 0
0.003180842722971677 0.01693284102620393 0
0.003483317610182385 0.01669548180391157 0
0.003397811561274046 0.01688137334736009 0
0.003734131248179249 0.01662127529169716 0
0.003636477284176424 0.01682475890044928 0
0.004010026249607292 0.01653964812837033 0
0.003899009580750663 0.01676248300851964 0
0.004313510751577624 0.01644985824859262 0
0.004187795106997768 0.01669397952739337 0
0.004647343699422492 0.01635108938211602 0
0.004505459183914199 0.01661862569861832 0
0.005014559938236081 0.01624244363012069 0
0.004854889664465843 0.01653573648792801 0
0.00541849780129439 0.01612293330281833 0
0.005239263191351836 0.01644455835657685 0
0.005862829450253394 0.0159914719429056 0
0.005662074070905607 0.01634426241209552 0
0.006351594268424569 0.01584686444572457 0
0.00612716604036422 0.01623393687270362 0
0.006889235570880406 0.01568779619809538 0
0.006638767210150012 0.01611257877857044 0
0.007480641000930589 0.01551282112648768 0
0.007201528496822825 0.01597908487504567 0
0.008131186971270627 0.01532034854852253 0
0.007820565909488092 0.01583224158180291 0
0.008846787536127481 0.0151086287135056 0
0.008501507060811878 0.01567071395985453 0
0.009633948157652155 0.01487573689493309 0
0.00925054232610416 0.01549303357598741 0
0.01049982484488311 0.01461955589345188 0
0.01007448111978781 0.01529758515329184 0
0.01145228920642309 0.01433775679016989 0
0.01098081379739544 0.01508259188724607 0
0.01197777974349597 0.01484609929442205 0
0.003301563134719302 0.01705574261091575 0
0.003216036741597554 0.01721539545906404 0
0.003528434618487552 0.01701531622141862 0
0.003432186191932808 0.01718968548497427 0
0.003777993253757323 0.01697084719241498 0
0.003669950588068452 0.01716140451338432 0
0.004052507752187408 0.01692193126057631 0
0.003931491425194068 0.01713029544447165 0
0.004354473700857986 0.01686812373548295 0
0.004219186346047627 0.01709607546866588 0
0.004686636240094754 0.01680893545864662 0
0.004535650757038543 0.01705843349551125 0
0.005052015029458527 0.0167438283548032 0
0.004883761605087439 0.01701702732552182 0
0.005453931698120218 0.01667221054051101 0
0.00526668353622691 0.01697148053873736 0
0.005896040033244972 0.01659343094486143 0
0.005687897660459583 0.01692137907327692 0
0.006382359206176873 0.01650677338888162 0
0.006151233199057625 0.01686626746103943 0
0.006917310298857162 0.01641145007686634 0
0.006660902294884022 0.01680564468717752 0
0.007505756498167507 0.0163065944341196 0
0.007221538300201844 0.01673895963594027 0
0.008153047314707309 0.01619125322757957 0
0.007838237903386724 0.01666560607989625 0
0.008865067210396501 0.01606437790083183 0
0.008516607464291934 0.01658491716855687 0
0.009648289095835835 0.01592481504137704 0
0.009262813980128176 0.01649615936622147 0
0.01050983317335514 0.01577129589534667 0
0.01008364114940316 0.01639852578343187 0
0.01145753166418435 0.01560242483372288 0
0.01098655104014404 0.01629112884182348 0
0.01197975192068838 0.0161729922059675 0
0.003324780443519267 0.01735157630710725 0
0.00355107929246122 0.01733810917786702 0
0.003800008029414177 0.01732329533551729 0
0.004073829639696692 0.01730700010895436 0
0.004375033411403942 0.01728907535971153 0
0.004706357555991902 0.01726935813579972 0
0.00507081411125157 0.0172476691897221 0
0.005471716322397834 0.01722381134901526 0
0.005912708754256635 0.01719756772426166 0
0.006397800433585147 0.01716869973677777 0
0.006931401283295511 0.01713694495039975 0
0.007518362215345599 0.01710201468554052 0
0.008164019237905936 0.01706359139435573 0
0.008874241960224037 0.01702132577420114 0
0.009655486954954714 0.01697483359202033 0
0.01051485645268557 0.01692369219141154 0
0.01146016290573346 0.01686743665041194 0
2 17 0 901
3071
3072
3073
3074
3075
3076
3077
3078
3079
3080
3081
3082
3083
3084
3085
3086
3087
3088
3089
3090
3091
3092
3093
3094
3095
3096
3097
3098
3099
3100
3101
3102
3103
3104
3105
3106
3107
3108
3109
3110
3111
3112
3113
3114
3115
3116
3117
3118
3119
3120
3121
3122
3123
3124
3125
3126
3127
3128
3129
3130
3131
3132
3133
3134
3135
3136
3137
3138
3139
3140
3141
3142
3143
3144
3145
3146
3147
3148
3149
3150
3151
3152
3153
3154
3155
3156
3157
3158
3159
3160
3161
3162
3163
3164
3165
3166
3167
3168
3169
3170
3171
3172
3173
3174
3175
3176
3177
3178
3179
3180
3181
3182
3183
3184
3185
3186
3187
3188
3189
3190
3191
3192
3193
3194
3195
3196
3197
3198
3199
3200
3201
3202
3203
3204
3205
3206
3207
3208
3209
3210
3211
3212
3213
3214
3215
3216
3217
3218
3219
3220
3221
3222
3223
3224
3225
3226
3227
3228
3229
3230
3231
3232
3233
3234
3235
3236
3237
3238
3239
3240
3241
3242
3243
3244
3245
3246
3247
3248
3249
3250
3251
3252
3253
3254
3255
3256
3257
3258
3259
3260
3261
3262
3263
3264
3265
3266
3267
3268
3269
3270
3271
3272
3273
3274
3275
3276
3277
3278
3279
3280
3281
3282
3283
3284
3285
3286
3287
3288
3289
3290
3291
3292
3293
3294
3295
3296
3297
3298
3299
3300
3301
3302
3303
3304
3305
3306
3307
3308
3309
3310
3311
3312
3313
3314
3315
3316
3317
3318
3319
3320
3321
3322
3323
3324
3325
3326
3327
3328
3329
3330
3331
3332
3333
3334
3335
3336
3337
3338
3339
3340
3341
3342
3343
3344
3345
3346
3347
3348
3349
3350
3351
3352
3353
3354
3355
3356
3357
3358
3359
3360
3361
3362
3363
3364
3365
3366
3367
3368
3369
3370
3371
3372
3373
3374
3375
3376
3377
3378
3379
3380
3381
3382
3383
3384
3385
3386
3387
3388
3389
3390
3391
3392
3393
3394
3395
3396
3397
3398
3399
3400
3401
3402
3403
3404
3405
3406
3407
3408
3409
3410
3411
3412
3413
3414
3415
3416
3417
3418
3419
3420
3421
3422
3423
3424
3425
3426
3427
3428
3429
3430
3431
3432
3433
3434
3435
3436
3437
3438
3439
3440
3441
3442
3443
3444
3445
3446
3447
3448
3449
3450
3451
3452
3453
3454
3455
3456
3457
3458
3459
3460
3461
3462
3463
3464
3465
3466
3467
3468
3469
3470
3471
3472
3473
3474
3475
3476
3477
3478
3479
3480
3481
3482
3483
3484
3485
3486
3487
3488
3489
3490
3491
3492
3493
3494
3495
3496
3497
3498
3499
3500
3501
3502
3503
3504
3505
3506
3507
3508
3509
3510
3511
3512
3513
3514
3515
3516
3517
3518
3519
3520
3521
3522
3523
3524
3525
3526
3527
3528
3529
3530
3531
3532
3533
3534
3535
3536
3537
3538
3539
3540
3541
3542
3543
3544
3545
3546
3547
3548
3549
3550
3551
3552
3553
3554
3555
3556
3557
3558
3559
3560
3561
3562
3563
3564
3565
3566
3567
3568
3569
3570
3571
3572
3573
3574
3575
3576
3577
3578
3579
3580
3581
3582
3583
3584
3585
3586
3587
3588
3589
3590
3591
3592
3593
3594
3595
3596
3597
3598
3599
3600
3601
3602
3603
3604
3605
3606
3607
3608
3609
3610
3611
3612
3613
3614
3615
3616
3617
3618
3619
3620
3621
3622
3623
3624
3625
3626
3627
3628
3629
3630
3631
3632
3633
3634
3635
3636
3637
3638
3639
3640
3641
3642
3643
3644
3645
3646
3647
3648
3649
3650
3651
3652
3653
3654
3655
3656
3657
3658
3659
3660
3661
3662
3663
3664
3665
3666
3667
3668
3669
3670
3671
3672
3673
3674
3675
3676
3677
3678
3679
3680
3681
3682
3683
3684
3685
3686
3687
3688
3689
3690
3691
3692
3693
3694
3695
3696
3697
3698
3699
3700
3701
3702
3703
3704
3705
3706
3707
3708
3709
3710
3711
3712
3713
3714
3715
3716
3717
3718
3719
3720
3721
3722
3723
3724
3725
3726
3727
3728
3729
3730
3731
3732
3733
3734
3735
3736
3737
3738
3739
3740
3741
3742
3743
3744
3745
3746
3747
3748
3749
3750
3751
3752
3753
3754
3755
3756
3757
3758
3759
3760
3761
3762
3763
3764
3765
3766
3767
3768
3769
3770
3771
3772
3773
3774
3775
3776
3777
3778
3779
3780
3781
3782
3783
3784
3785
3786
3787
3788
3789
3790
3791
3792
3793
3794
3795
3796
3797
3798
3799
3800
3801
3802
3803
3804
3805
3806
3807
3808
3809
3810
3811
3812
3813
3814
3815
3816
3817
3818
3819
3820
3821
3822
3823
3824
3825
3826
3827
3828
3829
3830
3831
3832
3833
3834
3835
3836
3837
3838
3839
3840
3841
3842
3843
3844
3845
3846
3847
3848
3849
3850
3851
3852
3853
3854
3855
3856
3857
3858
3859
3860
3861
3862
3863
3864
3865
3866
3867
3868
3869
3870
3871
3872
3873
3874
3875
3876
3877
3878
3879
3880
3881
3882
3883
3884
3885
3886
3887
3888
3889
3890
3891
3892
3893
3894
3895
3896
3897
3898
3899
3900
3901
3902
3903
3904
3905
3906
3907
3908
3909
3910
3911
3912
3913
3914
3915
3916
3917
3918
3919
3920
3921
3922
3923
3924
3925
3926
3927
3928
3929
3930
3931
3932
3933
3934
3935
3936
3937
3938
3939
3940
3941
3942
3943
3944
3945
3946
3947
3948
3949
3950
3951
3952
3953
3954
3955
3956
3957
3958
3959
3960
3961
3962
3963
3964
3965
3966
3967
3968
3969
3970
3971
-0.003318965051585191 0.01779684738577681 0
-0.003545407332046151 0.01782378164424681 0
-0.003794493843663934 0.01785340932893382 0
-0.00406848900606867 0.01788599978204494 0
-0.004369883685100866 0.01792184928051321 0
-0.004701417827732835 0.01796128372831643 0
-0.005066105380826713 0.01800466162044783 0
-0.005467261689577872 0.01805237730183374 0
-0.005908533628787538 0.01810486455130869 0
-0.006393932766189022 0.01816260052623914 0
-0.006927871819763945 0.01822611009895206 0
-0.007515204776044391 0.01829597062862082 0
-0.008161271025235521 0.01837281721093326 0
-0.008871943896822936 0.01845734845117685 0
-0.009653684055724705 0.01855033281546332 0
-0.01051359823401819 0.01865261561659492 0
-0.01145950383565793 0.01876512669849589 0
-0.00328416121770671 0.01809166739236559 0
-0.003511461904606215 0.01814558591285849 0
-0.003761492663318189 0.01820489628614138 0
-0.004036526497525115 0.0182701376966633 0
-0.004339063715541189 0.01834190324832957 0
-0.004671854651039107 0.01842084535413776 0
-0.005037924676271122 0.01850768166962164 0
-0.005440601704375547 0.01860320161673675 0
-0.005883546434872228 0.01870827355846417 0
-0.006370785642705618 0.01882385269538127 0
-0.006906748773764862 0.01895098974656947 0
-0.00749630821526801 0.01909084050224503 0
-0.008144823598193811 0.01924467633284111 0
-0.008858190516879798 0.01941389574589608 0
-0.009642894127590586 0.0196000371002936 0
-0.01050606810288727 0.01980479259096464 0
-0.01145555948125144 0.02003002363201641 0
-0.003226449211862513 0.01838244807015811 0
-0.003455173315434185 0.01846345047922247 0
-0.003706769832505099 0.01855255313030603 0
-0.003983526000904505 0.01865056604636386 0
-0.004287957786534733 0.01875838025416591 0
-0.004622832746381173 0.01887697588120874 0
-0.004991195198372668 0.01900743106959608 0
-0.005396393895914708 0.01915093177694659 0
-0.005842112462790145 0.01930878255488312 0
-0.006332402890667014 0.01948241841214107 0
-0.006871722363789381 0.01967341785599524 0
-0.007464973781545293 0.01988351724328617 0
-0.008117550338332053 0.02011462656833415 0
-0.008835384548249238 0.02036884682498446 0
-0.00962500217931532 0.02064848910735547 0
-0.01049358157702484 0.02095609561921614 0
-0.0114490189200778 0.02129446278423639 0
-0.003146268257264535 0.01866720821127728 0
-0.003376969954681642 0.01877544300023914 0
-0.003630741825009701 0.01889450126958405 0
-0.003909890881988691 0.0190254653656843 0
-0.004216954845059845 0.01916952587157954 0
-0.004554725200053718 0.01932799242600735 0
-0.004926272586674191 0.019502305634061 0
-0.005334974712311145 0.0196940501630863 0
-0.005784547050087349 0.019904969144815 0
-0.006279076625992363 0.02013698002675795 0
-0.006823059161966936 0.02039219199805826 0
-0.007421439948837117 0.02067292516522101 0
-0.008079658811625841 0.0209817316478012 0
-0.008803699558123153 0.02132141877743354 0
-0.009600144379428735 0.02169507462010349 0
-0.01047623368643228 0.02210609604871411 0
-0.01143993192975686 0.02255821962282276 0
-0.003044228579391852 0.01894401242776539 0
-0.003277446997144392 0.01907967582261962 0
-0.003533987259876 0.01922890555882293 0
-0.003816181548494728 0.01939305826842201 0
-0.004126595266373895 0.01957362624921286 0
-0.004468050351608753 0.01977225102550455 0
-0.004843650941452062 0.01999073827714803 0
-0.005256811590638 0.02023107425416429 0
-0.005711288304313457 0.02049544382863257 0
-0.006211212693755116 0.02078625036310639 0
-0.006761129524647045 0.02110613755248539 0
-0.00736603803589684 0.02145801345921348 0
-0.00803143739547294 0.02184507695498639 0
-0.008763376688408325 0.02227084679882513 0
-0.009568509910797518 0.02273919362714099 0
-0.01045415645903195 0.02325437514038622 0
-0.01142836766777183 0.02382107480826121 0
-0.00292110676180632 0.0192109858810551 0
-0.003157361872622899 0.01937432034906707 0
-0.003417242497766668 0.01955398826612404 0
-0.003703111185033746 0.01975162297461634 0
-0.004017566741431288 0.019969021154237 0
-0.004363467848978648 0.02020815914871563 0
-0.004743959063314731 0.02047121093990022 0
-0.005162499399447388 0.0207605679104542 0
-0.005622893768758648 0.02107886057776308 0
-0.006129327579456962 0.02142898251488345 0
-0.006686404773763846 0.021814116647471 0
-0.007299189684734527 0.02223776419140442 0
-0.007973253083967159 0.02270377648777114 0
-0.008714722820490899 0.02321639001195479 0
-0.009530339530829369 0.02378026488866904 0
-0.01042751791585496 0.02440052725558042 0
-0.0114144141451391 0.02508281586316231 0
-0.002777839835882746 0.01946632855062299 0
-0.003017628501424153 0.01965762095500632 0
-0.00328139603681377 0.01986804260245584 0
-0.003571540325345437 0.02009950641433368 0
-0.003890699043140062 0.02035411660772621 0
-0.004241773628157062 0.02063418781682256 0
-0.004627955667650429 0.02094226614361731 0
-0.005052755911461528 0.02128115230338544 0
-0.005520036179212573 0.02165392707877843 0
-0.006034044478261297 0.02206397933531863 0
-0.006599453609791601 0.02251503681956842 0
-0.00722140365166666 0.02301120005000288 0
-0.007905548694851706 0.02355697960118524 0
-0.008658108239683734 0.02415733710535461 0
-0.009485923739163748 0.02481773036007237 0
-0.01039652079229968 0.02554416294321992 0
-0.01139817755659128 0.02634323878934276 0
-0.002615518149434346 0.01970832893323262 0
-0.002859310338876289 0.01992790834994686 0
-0.003127481750611499 0.02016944571134898 0
-0.003422470303116684 0.02043513680852784 0
-0.003746957711289024 0.02072739701579984 0
-0.004103893855645425 0.02104888323962603 0
-0.004496523610344926 0.02140251808214876 0
-0.004928416340888921 0.0217915164092611 0
-0.005403498344038788 0.0222194145686807 0
-0.005926088552101726 0.02269010254818367 0
-0.006500937783590685 0.02320785932799648 0
-0.00713327193537338 0.02377739178321898 0
-0.007828839499408779 0.02440387748132872 0
-0.008593963817131591 0.02509301174680307 0
-0.00943560056679422 0.02585105943897575 0
-0.01036140099519294 0.02668491190376111 0
-0.01137978147237114 0.02760214962037472 0
-0.002435377068507508 0.01993537706850759 0
-0.00268361228179142 0.0201836122817915 0
-0.002956671019813832 0.02045667101981391 0
-0.003257035631227589 0.02075703563122766 0
-0.003587436704206947 0.02108743670420702 0
-0.003950877879766632 0.0214508778797667 0
-0.004350663168715161 0.02185066316871522 0
-0.004790426986939912 0.02229042698693997 0
-0.005274167186530436 0.02277416718653049 0
-0.005806281410761894 0.02330628141076195 0
-0.00639160706008397 0.02389160706008402 0
-0.007035465271431058 0.0245354652714311 0
-0.007743709300933974 0.02524370930093401 0
-0.008522777730621555 0.02602277773062158 0
-0.009379753003448479 0.0268797530034485 0
-0.01032242580739663 0.02782242580739665 0
-0.01135936589778745 0.02885936589778746 0
-0.002208328933232535 0.02011551814943442 0
-0.002427908349946778 0.02035931033887636 0
-0.002669445711348894 0.02062748175061157 0
-0.002935136808527762 0.02092247030311675 0
-0.003227397015799768 0.02124695771128909 0
-0.003548883239625957 0.02160389385564548 0
-0.003902518082148687 0.02199652361034498 0
-0.004291516409261034 0.02242841634088898 0
-0.004719414568680635 0.02290349834403884 0
-0.00519010254818361 0.02342608855210178 0
-0.005707859327996428 0.02400093778359073 0
-0.006277391783218931 0.02463327193537342 0
-0.00690387748132868 0.02532883949940881 0
-0.007593011746803035 0.02609396381713162 0
-0.008351059438975723 0.02693560056679424 0
-0.009184911903761098 0.02786140099519295 0
-0.01010214962037471 0.02887978147237115 0
-0.001966328550622901 0.02027783983588281 0
-0.002157620955006233 0.02051762850142421 0
-0.002368042602455756 0.02078139603681383 0
-0.002599506414333596 0.02107154032534549 0
-0.00285411660772613 0.02139069904314012 0
-0.003134187816822481 0.02174177362815712 0
-0.003442266143617244 0.02212795566765048 0
-0.003781152303385368 0.02255275591146158 0
-0.004153927078778369 0.02302003617921262 0
-0.004563979335318569 0.02353404447826134 0
-0.005015036819568369 0.02409945360979164 0
-0.005511200050002838 0.0247214036516667 0
-0.006056979601185199 0.02540554869485174 0
-0.006657337105354577 0.02615810823968376 0
-0.00731773036007235 0.02698592373916377 0
-0.008044162943219907 0.0278965207922997 0
-0.008843238789342758 0.02889817755659129 0
-0.001710985881055004 0.02042110676180637 0
-0.001874320349066983 0.02065736187262295 0
-0.002053988266123952 0.02091724249776672 0
-0.002251622974616254 0.0212031111850338 0
-0.00246902115423692 0.02151756674143134 0
-0.002708159148715548 0.0218634678489787 0
-0.002971210939900143 0.02224395906331478 0
-0.003260567910454132 0.02266249939944743 0
-0.003578860577763018 0.02312289376875869 0
-0.003928982514883388 0.023629327579457 0
-0.004314116647470947 0.02418640477376388 0
-0.004737764191404379 0.02479918968473456 0
-0.005203776487771099 0.02547325308396719 0
-0.005716390011954758 0.02621472282049092 0
-0.006280264888669024 0.02703033953082939 0
-0.006900527255580406 0.02792751791585497 0
-0.00758281586316231 0.0289144141451391 0
-0.001444012427765286 0.0205442285793919 0
-0.001579675822619519 0.02077744699714444 0
-0.001728905558822835 0.02103398725987604 0
-0.001893058268421923 0.02131618154849477 0
-0.002073626249212769 0.02162659526637394 0
-0.002272251025504467 0.02196805035160879 0
-0.002490738277147955 0.0223436509414521 0
-0.002731074254164211 0.02275681159063804 0
-0.002995443828632507 0.02321128830431349 0
-0.00328625036310633 0.02371121269375515 0
-0.003606137552485339 0.02426112952464708 0
-0.003958013459213435 0.02486603803589687 0
-0.004345076954986348 0.02553143739547296 0
-0.004770846798825102 0.02626337668840834 0
-0.005239193627140964 0.02706850991079753 0
-0.00575437514038621 0.02795415645903196 0
-0.006321074808261206 0.02892836766777183 0
-0.001167208211277173 0.02064626825726457 0
-0.001275443000239037 0.02087696995468168 0
-0.001394501269583953 0.02113074182500974 0
-0.001525465365684205 0.02140989088198873 0
-0.001669525871579451 0.02171695484505988 0
-0.001827992426007261 0.02205472520005375 0
-0.002002305634060919 0.02242627258667422 0
-0.002194050163086223 0.02283497471231118 0
-0.002404969144814927 0.02328454705008738 0
-0.002636980026757884 0.02377907662599239 0
-0.002892191998058198 0.02432305916196696 0
-0.003172925165220958 0.02492143994883714 0
-0.00348173164780115 0.02557965881162586 0
-0.003821418777433503 0.02630369955812317 0
-0.00419507462010347 0.02710014437942875 0
-0.004606096048714096 0.02797623368643229 0
-0.005058219622822755 0.02893993192975687 0
-0.0008824480701580028 0.02072644921186254 0
-0.0009634504792223652 0.02095517331543421 0
-0.001052553130305927 0.02120676983250513 0
-0.001150566046363766 0.02148352600090453 0
-0.001258380254165817 0.02178795778653476 0
-0.001376975881208655 0.0221228327463812 0
-0.001507431069595991 0.02249119519837269 0
-0.001650931776946507 0.02289639389591473 0
-0.001808782554883045 0.02334211246279017 0
-0.001982418412140998 0.02383240289066704 0
-0.002173417855995175 0.0243717223637894 0
-0.002383517243286117 0.02496497378154531 0
-0.002614626568334102 0.02561755033833207 0
-0.002868846824984426 0.02633538454824925 0
-0.003148489107355447 0.02712500217931533 0
-0.003456095619216134 0.02799358157702484 0
-0.003794462784236384 0.02894901892007781 0
-0.0005916673923654844 0.02078416121770673 0
-0.0006455859128583832 0.02101146190460623 0
-0.0007048962861412756 0.02126149266331821 0
-0.000770137696663206 0.02153652649752514 0
-0.0008419032483294765 0.0218390637155412 0
-0.0009208453541376723 0.02217185465103912 0
-0.001007681669621557 0.02253792467627114 0
-0.001103201616736671 0.02294060170437556 0
-0.001208273558464093 0.02338354643487224 0
-0.001323852695381198 0.02387078564270563 0
-0.001450989746569408 0.02440674877376487 0
-0.001590840502244974 0.02499630821526802 0
-0.001744676332841061 0.02564482359819382 0
-0.001913895745896043 0.02635819051687981 0
-0.002100037100293574 0.02714289412759059 0
-0.002304792590964618 0.02800606810288727 0
-0.002530023632016406 0.02895555948125144 0
-0.0002968473857766999 0.0208189650515852 0
-0.0003237816442467033 0.02104540733204616 0
-0.0003534093289337134 0.02129449384366395 0
-0.0003859997820448444 0.02156848900606868 0
-0.0004218492805131121 0.02186988368510088 0
-0.0004612837283163342 0.02220141782773285 0
-0.0005046616204477357 0.02256610538082672 0
-0.0005523773018336533 0.02296726168957788 0
-0.0006048645513086108 0.02340853362878755 0
-0.0006626005262390638 0.02389393276618903 0
-0.0007261100989519884 0.02442787181976395 0
-0.0007959706286207666 0.0250152047760444 0
-0.0008728172109332072 0.02566127102523553 0
-0.0009573484511768105 0.02637194389682294 0
-0.001050332815463283 0.02715368405572471 0
-0.001152615616594898 0.02801359823401819 0
-0.001265126698495883 0.02895950383565793 0
-0.003216036741560947 0.01778460454093162 0
-0.003324780443446102 0.01764842369288841 0
-0.003432186191815671 0.01781031451501181 0
-0.00355107929230026 0.01766189082212341 0
-0.003669950587855043 0.01783859548659032 0
-0.003800008029148589 0.01767670466446691 0
-0.003931491424866302 0.01786970455548938 0
-0.004073829639307166 0.01769299989102247 0
-0.004219186345584768 0.01790392453127908 0
-0.004375033410868339 0.0177109246402566 0
-0.00453565075641685 0.01794156650441482 0
-0.00470635755528491 0.01773064186415822 0
-0.004883761604279774 0.01798297267438213 0
-0.005070814110344258 0.01775233081022391 0
-0.005266683535202293 0.01802851946114078 0
-0.005471716321257213 0.01777618865091687 0
-0.005687897659182706 0.01807862092657121 0
-0.005912708752845119 0.01780243227565435 0
-0.00615123319748828 0.01813373253877391 0
-0.00639780043185996 0.01783130026311957 0
-0.006660902292976483 0.0181943553125956 0
-0.006931401281208037 0.01786305504947603 0
-0.007221538297904168 0.01826104036378644 0
-0.007518362212840632 0.01789798531431041 0
-0.007838237900639956 0.01833439391977704 0
-0.008164019234920848 0.01793640860546663 0
-0.008516607461029229 0.01841508283105505 0
-0.008874241956687852 0.01797867422558843 0
-0.00926281397627382 0.01850384063332008 0
-0.009655486950787072 0.01802516640773166 0
-0.01008364114487145 0.01860147421602912 0
-0.01051485644779554 0.01807630780829746 0
-0.01098655103483806 0.01870887115754541 0
-0.01146016290001826 0.01813256334924795 0
-0.01197975191782897 0.01882700779369239 0
-0.003180842722934929 0.01806715897378738 0
-0.003301563134645951 0.0179442573890712 0
-0.003397811561156463 0.01811862665261204 0
-0.003528434618326183 0.01798468377855265 0
-0.003636477283962202 0.01817524109949993 0
-0.003777993253491061 0.0180291528075376 0
-0.003899009580421652 0.01823751699140234 0
-0.004052507751796892 0.01807806873935412 0
-0.004187795106533151 0.01830602047249644 0
-0.004354473700321027 0.01813187626442139 0
-0.004505459183290148 0.01838137430123367 0
-0.00468663623938597 0.0181910645412271 0
-0.004854889663655115 0.0184642635118797 0
-0.005052015028548918 0.01825617164503474 0
-0.005239263190323334 0.0185554416431792 0
-0.00545393169697671 0.01832778945928525 0
-0.005662074069623888 0.01865573758760046 0
-0.005896040031829883 0.01840656905488643 0
-0.006127166038788923 0.01876606312692271 0
-0.00638235920444732 0.0184932266108102 0
-0.00663876720823524 0.01888742122097536 0
-0.006917310296764403 0.01858854992276076 0
-0.007201528494516436 0.01902091512440725 0
-0.007505756495656201 0.01869340556543293 0
-0.007820565906730911 0.01916775841754307 0
-0.008153047311714666 0.01880874677188718 0
-0.008501507057536804 0.01932928603936859 0
-0.008865067206851367 0.01893562209853647 0
-0.009250542322235192 0.01950696642309484 0
-0.009648289091657646 0.01907518495787846 0
-0.01007448111523893 0.01970241484562912 0
-0.01050983316845273 0.01922870410377978 0
-0.01098081379206935 0.01991740811149052 0
-0.01145753165845468 0.01939757516525615 0
-0.01197777974062572 0.02015390070489709 0
-0.003122483709507923 0.01834562879305175 0
-0.003255305214784612 0.01823705773126185 0
-0.003340811263648349 0.01842294927469029 0
-0.0034833176100202 0.01830451819604048 0
-0.003580971573969642 0.01850800180476425 0
-0.003734131247911644 0.0183787247082237 0
-0.003845147916704802 0.01860155958833494 0
-0.00401002624921481 0.01846035187151358 0
-0.004135741893719619 0.01870447315026488 0
-0.004313510751037961 0.01855014175124774 0
-0.004455395266457954 0.01881767806768733 0
-0.00464734369871014 0.01864891061767325 0
-0.004807013972376921 0.01894220347540241 0
-0.005014559937321895 0.01875755636960886 0
-0.005193794547143688 0.01907918142327133 0
-0.005418497800145128 0.01887706669684167 0
-0.005619253179352426 0.01922985716591485 0
-0.005862829448831187 0.01900852805667364 0
-0.006087257676728579 0.01939560048351209 0
-0.006351594266686316 0.01915313555376116 0
-0.006602062627228197 0.01957791813406815 0
-0.006889235568777121 0.01931220380128235 0
-0.007168348072667336 0.0197784675496407 0
-0.007480640998406651 0.0194871788727656 0
-0.007791262059938672 0.01999907190581016 0
-0.008131186968262932 0.01967965145058763 0
-0.008476467443290645 0.0202417366966593 0
-0.008846787532564519 0.01989137128544027 0
-0.00923019336378228 0.02050866796616996 0
-0.009633948153452953 0.02012426310382454 0
-0.01005929187817008 0.02080229236328581 0
-0.01049982483995605 0.02038044410509039 0
-0.01097130024855132 0.02112527920172627 0
-0.01145228920066462 0.0206622432081264 0
-0.0119745094600389 0.02148056472545153 0
-0.003041403848610245 0.01861801057958501 0
-0.003186358734563524 0.01852482814071769 0
-0.003261619105973088 0.01872132560575821 0
-0.003416071635057913 0.0186194467397308 0
-0.003503855889845671 0.01883497213491159 0
-0.0036687558287574 0.01872352719994504 0
-0.003770316353499196 0.01895998331763418 0
-0.003946708441446598 0.01883801570602408 0
-0.004063422863524268 0.01909749561863192 0
-0.004252456315797289 0.01896395306287273 0
-0.004385840022556781 0.01924875914879344 0
-0.004588778973217446 0.01910248415360805 0
-0.004740498893363955 0.01941514903003417 0
-0.00495873389252343 0.01925486835182854 0
-0.005130623649492668 0.01959817789857365 0
-0.005365684304112927 0.01942249097001644 0
-0.005559760881199247 0.01979950965395065 0
-0.005813329756438747 0.01960687584984906 0
-0.006031811838039856 0.02002097458578647 0
-0.006305739758329688 0.01980969921944951 0
-0.00655106789397965 0.0202645860124081 0
-0.006847390762878158 0.02003280492702675 0
-0.007122249555402026 0.02053255858163964 0
-0.007443206865191204 0.02027822120425359 0
-0.007750549380231479 0.02082732840651111 0
-0.008098604574978947 0.02054817910806767 0
-0.008441679184874496 0.02115157521261737 0
-0.008819542053186195 0.020845132801209 0
-0.009201921968775943 0.02150824669876852 0
-0.009612573279372028 0.02117178186372948 0
-0.01003818903293051 0.0219005853344088 0
-0.01048490763172856 0.02153109583396513 0
-0.01095808280809457 0.02233215783576844 0
-0.01144447542491733 0.02192634120352957 0
-0.01196996596487843 0.02280688758918915 0
-0.002938220206940685 0.01888234724785255 0
-0.003095248418328193 0.01880561031952133 0
-0.003160837788268121 0.0190118441251925 0
-0.003327208475913016 0.01892755941142938 0
-0.003405717128510195 0.01915429069072127 0
-0.00358236454244285 0.01906170341420349 0
-0.003675084404185364 0.01931098191362247 0
-0.00386303621524171 0.01920926181705316 0
-0.003971388407434311 0.01948334225881743 0
-0.004171775055716869 0.0193715760603962 0
-0.004297322808991324 0.0196729386373587 0
-0.004511387775831236 0.01955012172575595 0
-0.004655850646530407 0.01988149465132629 0
-0.004884961764063126 0.01974652195560452 0
-0.005050231266045031 0.02011090626565616 0
-0.005295893151474573 0.01996256220862529 0
-0.005484049947475729 0.02036325904139843 0
-0.005747917677200403 0.02020020648672378 0
-0.005961250499034287 0.02064084709586948 0
-0.006245144659873739 0.02046161519493217 0
-0.00648617110920108 0.02094619395779589 0
-0.006792094343306991 0.02074916477527183 0
-0.007063583780271943 0.02128207550584944 0
-0.007393738992366979 0.02106546931221725 0
-0.00769873771568489 0.02165154520709994 0
-0.00805554810354939 0.02141340430139379 0
-0.008397407041940632 0.02205796187690576 0
-0.008783538123265738 0.02179613278812934 0
-0.009165943299602922 0.02250502021298306 0
-0.009584327145113127 0.02221713412362224 0
-0.01001133318491474 0.02299678438376361 0
-0.01046519507273212 0.02268023559455017 0
-0.01094126206340189 0.02353772497432372 0
-0.01143414979876434 0.02318964721554198 0
-0.01196418383388591 0.02413275962635283 0
-0.002813718074316336 0.01913674294052757 0
-0.002982667670599086 0.01907749915441024 0
-0.00303923431721461 0.01929265311506109 0
-0.003217404434883646 0.01922699808584334 0
-0.003287302185194784 0.01946415430759556 0
-0.003475614878821334 0.01939144691247349 0
-0.003560176841400207 0.01965280562037019 0
-0.003759646366764237 0.01957234062151918 0
-0.003860338963232517 0.01986032206442667 0
-0.004072081003902592 0.01977132370172493 0
-0.004190517295204968 0.02008859015147631 0
-0.0044157591002937 0.01999020508711009 0
-0.00455371345614669 0.02033968504430792 0
-0.004793805002383396 0.02023097460852413 0
-0.00495322923138106 0.02061588942517721 0
-0.005209655495042694 0.02049582108230924 0
-0.005392696584103018 0.02091971424410864 0
-0.005667091036536053 0.02078715220319783 0
-0.005876110674107806 0.02125392154632327 0
-0.006170270136606039 0.02110761643899492 0
-0.006407866176610404 0.02162154958117722 0
-0.006723767149205445 0.0214601270999782 0
-0.006992797229249187 0.02202594041943771 0
-0.007332613860315684 0.02184788882530896 0
-0.007636221384350843 0.02247077033958778 0
-0.00800234523972005 0.02227442672137876 0
-0.008343987952229029 0.02296008324986296 0
-0.008739049754449613 0.02274361840538996 0
-0.009122531175660134 0.02349832745031192 0
-0.009549424720813443 0.02325972925790502 0
-0.009978928723342165 0.02409039607212473 0
-0.01044083718744346 0.02382745119798332 0
-0.01092096603049703 0.02474167155937137 0
-0.01142139090645546 0.02445194533571176 0
-0.01195720707256955 0.02545807459824782 0
-0.00266884498714291 0.01937937745711002 0
-0.002849473298844533 0.01933865721583904 0
-0.002897734168653449 0.01956197475281465 0
-0.003087495187023526 0.0195159706520367 0
-0.003149512269118961 0.01976283177873108 0
-0.003349319267290219 0.01971101543428994 0
-0.003426468181079603 0.01998377450839476 0
-0.003637325755189592 0.01992556469447501 0
-0.003731119684242749 0.02022681151102994 0
-0.003954132892285675 0.0201615688809816 0
-0.004066236335648562 0.02049415221227438 0
-0.004302620738567854 0.02042117348276909 0
-0.004434864647903745 0.02078822698021994 0
-0.00468595736548258 0.02070673854175877 0
-0.004840355789555978 0.02111170922350138 0
-0.005107627655454458 0.02102086010691982 0
-0.005286396045337051 0.02146753969108193 0
-0.005571464973985611 0.02136639382827075 0
-0.005777040328736935 0.02185895320704853 0
-0.00608168602885913 0.02174648092510104 0
-0.006316749044026449 0.02228950807744352 0
-0.006642929191777723 0.02216457673351971 0
-0.00691042863072913 0.02276311843478565 0
-0.007260296668200594 0.02262448212070365 0
-0.007563476173259183 0.02328408982559406 0
-0.007939400889409432 0.02313037804447819 0
-0.008281828467267719 0.02385715835326992 0
-0.008686415530087317 0.0236868635586547 0
-0.00907201598942374 0.02448753373271349 0
-0.009508131634996558 0.02429899762437071 0
-0.009941222265731714 0.02518094665164615 0
-0.01041201935407732 0.02497234509940017 0
-0.01089734917444548 0.02594370086628134 0
-0.01140629585086519 0.02571302732625254 0
-0.01194908877829564 0.02678273050578249 0
-0.00250470351709056 0.01960852010675155 0
-0.002696678992658546 0.0195873287419278 0
-0.002737414244155318 0.01981811864158974 0
-0.002938469420150221 0.01979276465247659 0
-0.002993396044743894 0.02004867703064792 0
-0.003204438893712634 0.02001874415690241 0
-0.003274976026864091 0.02030229125993841 0
-0.003497005314231061 0.02026732161143076 0
-0.003584714007202854 0.02058126691216384 0
-0.003818828377214543 0.02054075681176303 0
-0.003925425783467225 0.02088814012771294 0
-0.004172833741901243 0.02084153552822429 0
-0.004300208732995175 0.02122570066088739 0
-0.004562239638997677 0.02117239211288303 0
-0.004712469975616924 0.02159701724570493 0
-0.004990586126175225 0.02153633435632327 0
-0.005165957342463855 0.0220054654889709 0
-0.005461767261625681 0.02193667082372956 0
-0.005664793448070258 0.02245475855843218 0
-0.005980066515181511 0.02237704094175115 0
-0.006213513167846206 0.02294898093809007 0
-0.006550195696691143 0.02286144807378245 0
-0.006817104859482032 0.02349262555560773 0
-0.00717733779352002 0.02339429591661093 0
-0.007481055717391079 0.02409063463227385 0
-0.007867194097130242 0.02398042854125698 0
-0.008211401658270185 0.02474844461406589 0
-0.008626036028407662 0.02462517442607884 0
-0.009014782191962906 0.02547203559288941 0
-0.009460762152978985 0.02533439489952406 0
-0.00989850078099358 0.02626798567136843 0
-0.01037896089374631 0.02611453742349052 0
-0.01087059123378204 0.02714353076206792 0
-0.01138897951448121 0.02697269420485874 0
-0.01193989073618557 0.02810663036574292 0
-0.002322542879857715 0.01982254287985779 0
-0.002525447608970927 0.0198218530008701 0
-0.002559494675149464 0.02005949467514954 0
-0.002771461310333855 0.02005576031586918 0
-0.002820141650802626 0.0203201416508027 0
-0.003042076385212665 0.02031305836558144 0
-0.00310685332552071 0.02060685332552078 0
-0.003339752967172136 0.02059608621987775 0
-0.003422236167717268 0.02092223616771734 0
-0.003667197207747986 0.02090741686000343 0
-0.00376915729198679 0.02126915729198686 0
-0.004027385867706028 0.02124988055969636 0
-0.004150770524240896 0.02165077052424096 0
-0.004423593389530044 0.02162659062543199 0
-0.004570545077827537 0.0220705450778276 0
-0.004859421663914417 0.02204097169810054 0
-0.005032297086735174 0.02253229708673523 0
-0.005338832765284613 0.02249679087760559 0
-0.005540224298646165 0.02304022429864622 0
-0.00586618498143181 0.02299819197947281 0
-0.006098944235422932 0.02359894423542298 0
-0.006446272421837328 0.02354973319404025 0
-0.006713536165757514 0.02421353616575756 0
-0.007084368603402219 0.02415642852732504 0
-0.007389587286182516 0.02488958728618255 0
-0.007786274400171376 0.02482379339113137 0
-0.008133243515777764 0.0256332435157778 0
-0.008558370773876573 0.02555789473871233 0
-0.008951265367035017 0.02645126536703505 0
-0.00940767678512135 0.02636540622121213 0
-0.009851089405422554 0.02735108940542258 0
-0.01034191340129478 0.02725366885557888 0
-0.01084089585259204 0.02834089585259205 0
-0.01136957368507929 0.02823075775908109 0
-0.01192968294889372 0.02942968294889373 0
-0.002108520106751461 0.02000470351709063 0
-0.002321853000870022 0.020025447608971 0
-0.002318118641589656 0.02023741424415539 0
-0.002555760315869099 0.02027146131033393 0
-0.002548677030647836 0.02049339604474396 0
-0.002813058365581363 0.02054207638521274 0
-0.002802291259938328 0.02077497602686416 0
-0.003096086219877675 0.02083975296717221 0
-0.003081266912163765 0.02108471400720292 0
-0.003407416860003358 0.02116719720774805 0
-0.003388140127712862 0.02142542578346729 0
-0.003749880559696295 0.02152738586770609 0
-0.003725700660887322 0.02180020873299524 0
-0.004126590625431924 0.0219235933895301 0
-0.004097017245704861 0.02221246997561698 0
-0.004540971698100473 0.02235942166391447 0
-0.004505465488970835 0.02266595734246391 0
-0.004996790877605536 0.02283883276528467 0
-0.004954758558432123 0.02316479344807031 0
-0.005498191979472752 0.02336618498143186 0
-0.005448980938090019 0.02371351316784625 0
-0.006049733194040199 0.02394627242183738 0
-0.005992625555607679 0.02431710485948207 0
-0.006656428527324995 0.02458436860340226 0
-0.006590634632273806 0.02498105571739112 0
-0.007323793391131327 0.02528627440017141 0
-0.007248444614065858 0.02571140165827022 0
-0.008057894738712296 0.0260583707738766 0
-0.007972035592889379 0.02651478219196293 0
-0.008865406221212102 0.02690767678512138 0
-0.008767985671368411 0.0273985007809936 0
-0.009753668855578863 0.0278419134012948 0
-0.009643530762067904 0.02837059123378205 0
-0.01073075775908108 0.0288695736850793 0
-0.01060663036574291 0.02943989073618557 0
-0.001879377457109933 0.02016884498714298 0
-0.002087328741927718 0.02019667899265861 0
-0.002061974752814567 0.02039773416865351 0
-0.002292764652476506 0.02043846942015029 0
-0.002262831778730994 0.02064951226911902 0
-0.002518744156902325 0.0207044388937127 0
-0.002483774508394676 0.02092646818107966 0
-0.002767321611430679 0.02099700531423112 0
-0.002726811511029863 0.02123111968424281 0
-0.003040756811762949 0.0213188283772146 0
-0.002994152212274306 0.02156623633564862 0
-0.003341535528224219 0.0216728337419013 0
-0.003288226980219863 0.0219348646479038 0
-0.003672392112882966 0.02206223963899773 0
-0.003611709223501306 0.02234035578955603 0
-0.004036334356323201 0.02249058612617528 0
-0.003967539691081869 0.0227863960453371 0
-0.004436670823729502 0.02296176726162573 0
-0.004358953207048469 0.02327704032873698 0
-0.004877040941751089 0.02348006651518156 0
-0.00478950807744347 0.02381674904402649 0
-0.005361448073782398 0.02405019569669118 0
-0.005263118434785603 0.02441042863072917 0
-0.005894295916610884 0.02467733779352006 0
-0.005784089825594019 0.02506347617325922 0
-0.00648042854125694 0.02536719409713028 0
-0.006357158353269888 0.02578182846726775 0
-0.007125174426078806 0.02612603602840769 0
-0.006987533732713463 0.02657201598942376 0
-0.007834394899524037 0.026960762152979 0
-0.007680946651646129 0.02744122226573173 0
-0.008614537423490502 0.02787896089374632 0
-0.008443700866281333 0.02839734917444549 0
-0.009472694204858734 0.02888897951448122 0
-0.009282730505782492 0.02944908877829564 0
-0.00163674294052747 0.02031371807431639 0
-0.001838657215838953 0.02034947329884459 0
-0.001792653115060994 0.02053923431721466 0
-0.002015970652036608 0.02058749518702358 0
-0.001964154307595467 0.02078730218519484 0
-0.002211015434289854 0.02084931926729027 0
-0.002152805620370103 0.02106017684140026 0
-0.002425564694474925 0.02113732575518965 0
-0.002360322064426587 0.02136033896323257 0
-0.002661568880981525 0.02145413289228573 0
-0.002588590151476234 0.02169051729520502 0
-0.002921173482769014 0.02180262073856791 0
-0.002839685044307845 0.02205371345614674 0
-0.003206738541758694 0.02218595736548263 0
-0.003115889425177138 0.0224532292313811 0
-0.00352086010691975 0.0226076276554545 0
-0.003419714244108575 0.02289269658410306 0
-0.003866393828270693 0.02307146497398566 0
-0.003753921546323203 0.02337611067410784 0
-0.004246480925100979 0.02358168602885917 0
-0.004121549581177168 0.02390786617661044 0
-0.004664576733519658 0.02414292919177776 0
-0.004525940419437663 0.02449279722924922 0
-0.005124482120703608 0.02476029666820063 0
-0.004970770339587738 0.02513622138435087 0
-0.005630378044478149 0.02543940088940946 0
-0.005460083249862928 0.02584398795222905 0
-0.006186863558654667 0.02618641553008734 0
-0.005998327450311891 0.02662253117566015 0
-0.006798997624370687 0.02700813163499658 0
-0.006590396072124715 0.02747892872334218 0
-0.007472345099400157 0.02791201935407733 0
-0.007241671559371358 0.02842096603049704 0
-0.008213027326252535 0.0289062958508652 0
-0.007958074598247825 0.02945720707256955 0
-0.00138234724785245 0.02043822020694073 0
-0.001577499154410145 0.02048266767059913 0
-0.001511844125192402 0.02066083778826817 0
-0.001726998085843251 0.02071740443488369 0
-0.001654290690721177 0.02090571712851024 0
-0.001891446912473393 0.02097561487882138 0
-0.001810981913622379 0.02117508440418541 0
-0.002072340621519089 0.02125964636676429 0
-0.001983342258817346 0.02147138840743435 0
-0.002271323701724844 0.02157208100390264 0
-0.002172938637358618 0.02179732280899136 0
-0.002490205087110007 0.02191575910029375 0
-0.002381494651326211 0.02215585064653045 0
-0.002730974608524049 0.02229380500238344 0
-0.002610906265656083 0.02255023126604507 0
-0.002995821082309172 0.02270965549504273 0
-0.002863259041398359 0.02298404994747576 0
-0.003287152203197762 0.02316709103653609 0
-0.003140847095869418 0.02346125049903432 0
-0.003607616438994859 0.02367027013660607 0
-0.003446193957795835 0.02398617110920111 0
-0.003960127099978143 0.02422376714920548 0
-0.003782075505849387 0.02456358378027197 0
-0.004347888825308907 0.02483261386031571 0
-0.004151545207099891 0.02519873771568491 0
-0.004774426721378723 0.02550234523972007 0
-0.004557961876905724 0.02589740704194065 0
-0.00524361840538993 0.02623904975444963 0
-0.005005020212983033 0.02666594329960294 0
-0.005759729257904994 0.02704942472081346 0
-0.005496784383763587 0.02751133318491475 0
-0.006327451197983308 0.02794083718744347 0
-0.006037724974323708 0.0284412620634019 0
-0.006951945335711758 0.02892139090645547 0
-0.006632759626352827 0.02946418383388592 0
-0.001118010579584904 0.02054140384861029 0
-0.001305610319521229 0.02059524841832824 0
-0.001221325605758106 0.02076161910597313 0
-0.001427559411429278 0.02082720847591306 0
-0.001334972134911495 0.02100385588984571 0
-0.001561703414203394 0.02108236454244289 0
-0.001459983317634079 0.02127031635349923 0
-0.001709261817053064 0.02136303621524175 0
-0.001597495618631828 0.0215634228635243 0
-0.00187157606039611 0.02167177505571691 0
-0.001748759148793356 0.02188584002255681 0
-0.002050121725755864 0.02201138777583127 0
-0.001915149030034089 0.02224049889336399 0
-0.002246521955604437 0.02238496176406316 0
-0.002098177898573571 0.0226306236494927 0
-0.002462562208625217 0.0227958931514746 0
-0.002299509653950575 0.02305976088119928 0
-0.002700206486723717 0.02324791767720043 0
-0.002520974585786406 0.02353181183803988 0
-0.002961615194932107 0.02374514465987377 0
-0.002764586012408041 0.02405106789397967 0
-0.003249164775271769 0.02429209434330702 0
-0.003032558581639578 0.02462224955540205 0
-0.003565469312217197 0.024893738992367 0
-0.003327328406511054 0.0252505493802315 0
-0.003913404301393749 0.02555554810354941 0
-0.003651575212617327 0.02594167918487451 0
-0.004296132788129303 0.02628353812326575 0
-0.004008246698768487 0.02670192196877596 0
-0.004717134123622217 0.02708432714511314 0
-0.004400585334408783 0.02753818903293052 0
-0.005180235594550153 0.02796519507273212 0
-0.004832157835768425 0.02845808280809458 0
-0.005689647215541981 0.02893414979876435 0
-0.005306887589189158 0.02946996596487843 0
-0.0008456287930516462 0.02062248370950795 0
-0.001024828140717588 0.02068635873456356 0
-0.000922949274690184 0.02084081126364838 0
-0.001119446739730702 0.02091607163505795 0
-0.001008001804764146 0.02108097157396967 0
-0.00122352719994494 0.02116875582875743 0
-0.001101559588334846 0.02134514791670483 0
-0.001338015706023985 0.02144670844144663 0
-0.001204473150264791 0.02163574189371964 0
-0.001463953062872634 0.02175245631579732 0
-0.001317678067687236 0.02195539526645798 0
-0.001602484153607958 0.02208877897321748 0
-0.001442203475402323 0.02230701397237695 0
-0.001754868351828455 0.02245873389252346 0
-0.001579181423271249 0.02269379454714371 0
-0.001922490970016365 0.02286568430411295 0
-0.001729857165914776 0.02311925317935245 0
-0.002106875849848986 0.02331332975643877 0
-0.001895600483512021 0.0235872576767286 0
-0.002309699219449441 0.02380573975832971 0
-0.002077918134068086 0.02410206262722822 0
-0.002532804927026687 0.02434739076287818 0
-0.002278467549640647 0.02466834807266735 0
-0.002778221204253538 0.02494320686519122 0
-0.002499071905810109 0.02529126205993869 0
-0.003048179108067626 0.02559860457497896 0
-0.002741736696659264 0.02597646744329066 0
-0.003345132801208964 0.02631954205318621 0
-0.003008667966169937 0.02673019336378229 0
-0.003671781863729459 0.02711257327937204 0
-0.003302292363285791 0.02755929187817008 0
-0.004031095833965115 0.02798490763172857 0
-0.003625279201726259 0.02847130024855133 0
-0.00442634120352957 0.02894447542491734 0
-0.003980564725451529 0.02947450946003891 0
-0.0005671589737872729 0.02068084272293495 0
-0.0007370577312617432 0.02075530521478464 0
-0.0006186266526119338 0.02089781156115648 0
-0.0008045181960403738 0.02098331761002022 0
-0.0006752410994998294 0.02113647728396222 0
-0.0008787247082236013 0.02123413124791167 0
-0.0007375169914022404 0.02139900958042167 0
-0.0009603518715134863 0.02151002624921483 0
-0.0008060204724963417 0.02168779510653317 0
-0.001050141751247647 0.02181351075103798 0
-0.0008813743012335744 0.02200545918329017 0
-0.001148910617673164 0.02214734369871016 0
-0.000964263511879615 0.02235488966365513 0
-0.001257556369608774 0.02251455993732191 0
-0.001055441643179114 0.02273926319032335 0
-0.001377066696841589 0.02291849780014515 0
-0.001155737587600382 0.0231620740696239 0
-0.001508528056673569 0.0233628294488312 0
-0.001266063126922646 0.02362716603878894 0
-0.001653135553761098 0.02385159426668633 0
-0.001387421220975303 0.02413876720823525 0
-0.001812203801282291 0.02438923556877714 0
-0.001520915124407191 0.02470152849451645 0
-0.001987178872765545 0.02498064099840666 0
-0.001667758417543018 0.02532056590673092 0
-0.002179651450587581 0.02563118696826294 0
-0.001829286039368551 0.02600150705753681 0
-0.002391371285440234 0.02634678753256453 0
-0.002006966423094808 0.0267505423222352 0
-0.002624263103824511 0.02713394815345296 0
-0.002202414845629096 0.02757448111523893 0
-0.002880444105090376 0.02799982483995606 0
-0.002417408111490512 0.02848081379206936 0
-0.003162243208126395 0.02895228920066462 0
-0.002653900704897095 0.02947777974062572 0
-0.0002846045409315139 0.02071603674156096 0
-0.0004442573890710922 0.02080156313464597 0
-0.0003103145150117016 0.02093218619181568 0
-0.0004846837785525433 0.0210284346183262 0
-0.0003385954865902079 0.02116995058785505 0
-0.000529152807537495 0.02127799325349108 0
-0.0003697045554892789 0.02143149142486631 0
-0.0005780687393540252 0.02155250775179691 0
-0.0004039245312789782 0.02171918634558478 0
-0.0006318762644212939 0.02185447370032104 0
-0.0004415665044147227 0.02203565075641686 0
-0.0006910645412270032 0.02218663623938599 0
-0.0004829726743820345 0.02238376160427978 0
-0.0007561716450346463 0.02255201502854893 0
-0.0005285194611406949 0.0227666835352023 0
-0.0008277894592851626 0.02295393169697672 0
-0.0005786209265711325 0.02318789765918271 0
-0.0009065690548863518 0.0233960400318299 0
-0.0006337325387738377 0.02365123319748829 0
-0.0009932266108101315 0.02388235920444733 0
-0.0006943553125955265 0.02416090229297649 0
-0.001088549922760698 0.02441731029676441 0
-0.000761040363786377 0.02472153829790417 0
-0.00119340556543287 0.02500575649565621 0
-0.0008343939197769865 0.02533823790063996 0
-0.001308746771887134 0.02565304731171467 0
-0.0009150828310550089 0.02601660746102923 0
-0.001435622098536427 0.02636506720685137 0
-0.001003840633320046 0.02676281397627383 0
-0.001575184957878428 0.02714828909165765 0
-0.00110147421602909 0.02758364114487145 0
-0.001728704103779758 0.02800983316845273 0
-0.00120887115754539 0.02848655103483806 0
-0.001897575165256144 0.02895753165845469 0
-0.001327007793692387 0.02947975191782897 0
-0.00014842369288835 0.02082478044344611 0
-0.0001618908221233516 0.02105107929230026 0
-0.0001767046644668563 0.0213000080291486 0
-0.0001929998910224218 0.02157382963930717 0
-0.0002109246402565556 0.02187503341086834 0
-0.0002306418641581671 0.02220635755528491 0
-0.0002523308102238674 0.02257081411034426 0
-0.0002761886509168266 0.02297171632125722 0
-0.000302432275654305 0.02341270875284512 0
-0.0003313002631195319 0.02389780043185996 0
-0.0003630550494759938 0.02443140128120804 0
-0.0003979853143103833 0.02501836221284064 0
-0.0004364086054666032 0.02566401923492085 0
-0.0004786742255884057 0.02637424195668785 0
-0.0005251664077316415 0.02715548695078707 0
-0.0005763078082974488 0.02801485644779554 0
-0.0006325633492479414 0.02896016290001826 0
2 21 0 901
3972
3973
3974
3975
3976
3977
3978
3979
3980
3981
3982
3983
3984
3985
3986
3987
3988
3989
3990
3991
3992
3993
3994
3995
3996
3997
3998
3999
4000
4001
4002
4003
4004
4005
4006
4007
4008
4009
4010
4011
4012
4013
4014
4015
4016
4017
4018
4019
4020
4021
4022
4023
4024
4025
4026
4027
4028
4029
4030
4031
4032
4033
4034
4035
4036
4037
4038
4039
4040
4041
4042
4043
4044
4045
4046
4047
4048
4049
4050
4051
4052
4053
4054
4055
4056
4057
4058
4059
4060
4061
4062
4063
4064
4065
4066
4067
4068
4069
4070
4071
4072
4073
4074
4075
4076
4077
4078
4079
4080
4081
4082
4083
4084
4085
4086
4087
4088
4089
4090
4091
4092
4093
4094
4095
4096
4097
4098
4099
4100
4101
4102
4103
4104
4105
4106
4107
4108
4109
4110
4111
4112
4113
4114
4115
4116
4117
4118
4119
4120
4121
4122
4123
4124
4125
4126
4127
4128
4129
4130
4131
4132
4133
4134
4135
4136
4137
4138
4139
4140
4141
4142
4143
4144
4145
4146
4147
4148
4149
4150
4151
4152
4153
4154
4155
4156
4157
4158
4159
4160
4161
4162
4163
4164
4165
4166
4167
4168
4169
4170
4171
4172
4173
4174
4175
4176
4177
4178
4179
4180
4181
4182
4183
4184
4185
4186
4187
4188
4189
4190
4191
4192
4193
4194
4195
4196
4197
4198
4199
4200
4201
4202
4203
4204
4205
4206
4207
4208
4209
4210
4211
4212
4213
4214
4215
4216
4217
4218
4219
4220
4221
4222
4223
4224
4225
4226
4227
4228
4229
4230
4231
4232
4233
4234
4235
4236
4237
4238
4239
4240
4241
4242
4243
4244
4245
4246
4247
4248
4249
4250
4251
4252
4253
4254
4255
4256
4257
4258
4259
4260
4261
4262
4263
4264
4265
4266
4267
4268
4269
4270
4271
4272
4273
4274
4275
4276
4277
4278
4279
4280
4281
4282
4283
4284
4285
4286
4287
4288
4289
4290
4291
4292
4293
4294
4295
4296
4297
4298
4299
4300
4301
4302
4303
4304
4305
4306
4307
4308
4309
4310
4311
4312
4313
4314
4315
4316
4317
4318
4319
4320
4321
4322
4323
4324
4325
4326
4327
4328
4329
4330
4331
4332
4333
4334
4335
4336
4337
4338
4339
4340
4341
4342
4343
4344
4345
4346
4347
4348
4349
4350
4351
4352
4353
4354
4355
4356
4357
4358
4359
4360
4361
4362
4363
4364
4365
4366
4367
4368
4369
4370
4371
4372
4373
4374
4375
4376
4377
4378
4379
4380
4381
4382
4383
4384
4385
4386
4387
4388
4389
4390
4391
4392
4393
4394
4395
4396
4397
4398
4399
4400
4401
4402
4403
4404
4405
4406
4407
4408
4409
4410
4411
4412
4413
4414
4415
4416
4417
4418
4419
4420
4421
4422
4423
4424
4425
4426
4427
4428
4429
4430
4431
4432
4433
4434
4435
4436
4437
4438
4439
4440
4441
4442
4443
4444
4445
4446
4447
4448
4449
4450
4451
4452
4453
4454
4455
4456
4457
4458
4459
4460
4461
4462
4463
4464
4465
4466
4467
4468
4469
4470
4471
4472
4473
4474
4475
4476
4477
4478
4479
4480
4481
4482
4483
4484
4485
4486
4487
4488
4489
4490
4491
4492
4493
4494
4495
4496
4497
4498
4499
4500
4501
4502
4503
4504
4505
4506
4507
4508
4509
4510
4511
4512
4513
4514
4515
4516
4517
4518
4519
4520
4521
4522
4523
4524
4525
4526
4527
4528
4529
4530
4531
4532
4533
4534
4535
4536
4537
4538
4539
4540
4541
4542
4543
4544
4545
4546
4547
4548
4549
4550
4551
4552
4553
4554
4555
4556
4557
4558
4559
4560
4561
4562
4563
4564
4565
4566
4567
4568
4569
4570
4571
4572
4573
4574
4575
4576
4577
4578
4579
4580
4581
4582
4583
4584
4585
4586
4587
4588
4589
4590
4591
4592
4593
4594
4595
4596
4597
4598
4599
4600
4601
4602
4603
4604
4605
4606
4607
4608
4609
4610
4611
4612
4613
4614
4615
4616
4617
4618
4619
4620
4621
4622
4623
4624
4625
4626
4627
4628
4629
4630
4631
4632
4633
4634
4635
4636
4637
4638
4639
4640
4641
4642
4643
4644
4645
4646
4647
4648
4649
4650
4651
4652
4653
4654
4655
4656
4657
4658
4659
4660
4661
4662
4663
4664
4665
4666
4667
4668
4669
4670
4671
4672
4673
4674
4675
4676
4677
4678
4679
4680
4681
4682
4683
4684
4685
4686
4687
4688
4689
4690
4691
4692
4693
4694
4695
4696
4697
4698
4699
4700
4701
4702
4703
4704
4705
4706
4707
4708
4709
4710
4711
4712
4713
4714
4715
4716
4717
4718
4719
4720
4721
4722
4723
4724
4725
4726
4727
4728
4729
4730
4731
4732
4733
4734
4735
4736
4737
4738
4739
4740
4741
4742
4743
4744
4745
4746
4747
4748
4749
4750
4751
4752
4753
4754
4755
4756
4757
4758
4759
4760
4761
4762
4763
4764
4765
4766
4767
4768
4769
4770
4771
4772
4773
4774
4775
4776
4777
4778
4779
4780
4781
4782
4783
4784
4785
4786
4787
4788
4789
4790
4791
4792
4793
4794
4795
4796
4797
4798
4799
4800
4801
4802
4803
4804
4805
4806
4807
4808
4809
4810
4811
4812
4813
4814
4815
4816
4817
4818
4819
4820
4821
4822
4823
4824
4825
4826
4827
4828
4829
4830
4831
4832
4833
4834
4835
4836
4837
4838
4839
4840
4841
4842
4843
4844
4845
4846
4847
4848
4849
4850
4851
4852
4853
4854
4855
4856
4857
4858
4859
4860
4861
4862
4863
4864
4865
4866
4867
4868
4869
4870
4871
4872
0.003318965051656326 0.01779684738577912 0
0.003545407332202645 0.01782378164425191 0
0.00379449384392215 0.01785340932894224 0
0.004068489006447385 0.0178859997820573 0
0.004369883685621602 0.0179218492805302 0
0.004701417828420202 0.01796128372833887 0
0.00506610538170884 0.01800466162047662 0
0.00546726169068683 0.01805237730186994 0
0.005908533630159871 0.0181048645513535 0
0.006393932767866316 0.01816260052629391 0
0.006927871821793471 0.01822611009901833 0
0.00751520477847982 0.01829597062870035 0
0.008161271028137745 0.01837281721102803 0
0.008871943900260956 0.01845734845128912 0
0.009653684059776652 0.01855033281559564 0
0.01051359823877248 0.01865261561675018 0
0.01145950384121448 0.01876512669867735 0
0.003284161217775954 0.01809166739237022 0
0.003511461904758548 0.0181455859128687 0
0.003761492663569538 0.01820489628615825 0
0.00403652649789376 0.01827013769668806 0
0.004339063716048073 0.01834190324836362 0
0.004671854651708191 0.01842084535418272 0
0.005037924677129784 0.01850768166967934 0
0.005440601705455006 0.01860320161680929 0
0.005883546436208056 0.01870827355855394 0
0.006370785644338296 0.01882385269549099 0
0.006906748775740401 0.01895098974670224 0
0.007496308217638653 0.01909084050240436 0
0.008144823601018829 0.01924467633303099 0
0.00885819052022636 0.01941389574612102 0
0.009642894131534746 0.01960003710055871 0
0.01050606810751508 0.0198047925912757 0
0.01145555948666017 0.02003002363237997 0
0.003226449211929961 0.01838244807016507 0
0.003455173315582562 0.01846345047923784 0
0.003706769832749916 0.01855255313033141 0
0.003983526001263563 0.01865056604640111 0
0.004287957787028439 0.01875838025421714 0
0.004622832747032861 0.01887697588127637 0
0.004991195199209 0.01900743106968287 0
0.005396393896966095 0.01915093177705571 0
0.005842112464091232 0.01930878255501817 0
0.006332402892257229 0.01948241841230613 0
0.00687172236571354 0.01967341785619497 0
0.007464973783854278 0.01988351724352586 0
0.008117550341083595 0.02011462656861978 0
0.008835384551508757 0.02036884682532284 0
0.009625002183156893 0.02064848910775428 0
0.01049358158153228 0.02095609561968409 0
0.01144901892534585 0.02129446278478329 0
0.00314626825733028 0.0186672082112866 0
0.003376969954826261 0.01877544300025972 0
0.003630741825248313 0.01889450126961803 0
0.003909890882338646 0.01902546536573416 0
0.004216954845541028 0.01916952587164811 0
0.004554725200688874 0.01932799242609788 0
0.004926272587489306 0.01950230563417719 0
0.005334974713335858 0.01969405016323238 0
0.005784547051355426 0.01990496914499579 0
0.006279076627542229 0.02013698002697892 0
0.006823059163842272 0.02039219199832564 0
0.007421439951087514 0.02067292516554188 0
0.008079658814307564 0.02098173164818357 0
0.008803699561299963 0.02132141877788651 0
0.009600144383172826 0.02169507462063737 0
0.01047623369082534 0.02210609604934053 0
0.01143993193489123 0.02255821962355489 0
0.003044228579455982 0.01894401242777711 0
0.003277446997285445 0.01907967582264547 0
0.003533987260108723 0.01922890555886562 0
0.003816181548836044 0.01939305826848466 0
0.004126595266843195 0.01957362624929901 0
0.004468050352228221 0.01977225102561829 0
0.004843650942247041 0.01999073827729402 0
0.005256811591637398 0.02023107425434782 0
0.005711288305550205 0.02049544382885971 0
0.00621121269526669 0.02078625036338402 0
0.006761129526476044 0.02110613755282133 0
0.007366038038091632 0.02145801345961662 0
0.0080314373980884 0.0218450769554668 0
0.008763376691506636 0.02227084679939425 0
0.009568509914449092 0.02273919362781173 0
0.01045415646331646 0.02325437514117324 0
0.01142836767277932 0.02382107480918104 0
0.002921106761868918 0.01921098588106925 0
0.003157361872760575 0.01937432034909829 0
0.003417242497993811 0.01955398826617559 0
0.003703111185366871 0.01975162297469198 0
0.004017566741889324 0.01996902115434103 0
0.004363467849583243 0.02020815914885296 0
0.00474395906409062 0.02047121094007648 0
0.005162499400422783 0.02076056791067581 0
0.005622893769965689 0.02107886057803733 0
0.006129327580932228 0.02142898251521865 0
0.00668640477554891 0.02181411664787661 0
0.007299189686876593 0.02223776419189116 0
0.007973253086519786 0.02270377648835118 0
0.008714722823514775 0.02321639001264193 0
0.009530339534393214 0.0237802648894789 0
0.01042751792003654 0.02440052725653065 0
0.01141441415002628 0.0250828158642729 0
0.002777839835943899 0.01946632855063963 0
0.003017628501558628 0.019657620955043 0
0.003281396037035627 0.01986804260251642 0
0.003571540325670801 0.02009950641442255 0
0.003890699043587422 0.02035411660784844 0
0.004241773628747559 0.02063418781698393 0
0.004627955668408224 0.02094226614382443 0
0.005052755912414173 0.02128115230364583 0
0.005520036180391459 0.02165392707910068 0
0.006034044479702148 0.0220639793357125 0
0.00659945361153502 0.02251503682004502 0
0.007221403653758754 0.02301120005057482 0
0.007905548697344777 0.02355697960186681 0
0.008658108242637059 0.02415733710616201 0
0.009485923742644441 0.02481773036102397 0
0.01039652079638369 0.02554416294433647 0
0.01139817756136443 0.02634323879064773 0
0.00261551814949413 0.01970832893325179 0
0.002859310339007735 0.01992790834998913 0
0.003127481750828341 0.02016944571141877 0
0.003422470303434693 0.02043513680863025 0
0.003746957711726264 0.02072739701594068 0
0.004103893856222561 0.02104888323981196 0
0.00449652361108557 0.02140251808238738 0
0.004928416341820003 0.02179151640956111 0
0.005403498345190987 0.02221941456905198 0
0.005926088553509954 0.02269010254863747 0
0.00650093778529463 0.02320785932854559 0
0.007133271937418098 0.02377739178387793 0
0.007828839501845396 0.02440387748211398 0
0.008593963820018036 0.02509301174773331 0
0.009435600570196087 0.02585105944007212 0
0.01036140099918445 0.02668491190504753 0
0.01137978147703619 0.02760214962187823 0
0.00243537706856599 0.01993537706852936 0
0.002683612281919993 0.02018361228183949 0
0.002956671020025926 0.02045667101989315 0
0.003257035631538622 0.02075703563134391 0
0.003587436704634592 0.0210874367043669 0
0.003950877880331096 0.02145087787997776 0
0.004350663169439537 0.02185066316898611 0
0.004790426987850538 0.02229042698728053 0
0.005274167187657317 0.02277416718695195 0
0.005806281412139177 0.02330628141127708 0
0.006391607061750468 0.02389160706070735 0
0.007035465273430838 0.02453546527217911 0
0.007743709303317034 0.0252437093018254 0
0.008522777733444554 0.02602277773167755 0
0.009379753006775571 0.02687975300469305 0
0.0103224258113004 0.02782242580885692 0
0.01135936590234995 0.02885936589949416 0
0.002208328933284367 0.02011551814945344 0
0.002427908350060703 0.0203593103389183 0
0.002669445711536814 0.02062748175068082 0
0.002935136808803332 0.02092247030321837 0
0.003227397016178647 0.02124695771142884 0
0.003548883240126045 0.02160389385582998 0
0.003902518082790444 0.02199652361058177 0
0.004291516410067791 0.02242841634118668 0
0.004719414569678975 0.02290349834440726 0
0.005190102549403781 0.02342608855255208 0
0.005707859329472818 0.02400093778413562 0
0.00627739178499058 0.0246332719360273 0
0.006903877483439882 0.02532883950018803 0
0.007593011749303984 0.02609396381805471 0
0.008351059441923252 0.02693560056788218 0
0.009184911907219517 0.02786140099646948 0
0.01010214962441671 0.02887978147386309 0
0.001966328550668148 0.02027783983589915 0
0.002157620955105646 0.02051762850146027 0
0.002368042602619721 0.02078139603687337 0
0.002599506414574019 0.02107154032543285 0
0.002854116608056678 0.02139069904326027 0
0.003134187817258768 0.02174177362831573 0
0.003442266144177118 0.02212795566785406 0
0.003781152304089185 0.02255275591171753 0
0.004153927079649314 0.02302003617952937 0
0.004563979336383036 0.0235340444786485 0
0.005015036820856352 0.02409945361026011 0
0.005511200051548395 0.02472140365222888 0
0.006056979603026972 0.02540554869552169 0
0.006657337107536352 0.0261581082404774 0
0.00731773036264371 0.02698592374009914 0
0.008044162946236956 0.02789652079339722 0
0.008843238792868901 0.02889817755787402 0
0.001710985881093717 0.02042110676182012 0
0.001874320349152001 0.02065736187265329 0
0.002053988266264149 0.02091724249781682 0
0.00225162297482182 0.0212031111851073 0
0.002469021154519526 0.02151756674153243 0
0.002708159149088549 0.02186346784911217 0
0.002971210940378796 0.02224395906348609 0
0.003260567911055837 0.02266249939966281 0
0.003578860578507597 0.02312289376902524 0
0.003928982515793403 0.0236293275797828 0
0.004314116648572041 0.02418640477415811 0
0.004737764192725666 0.02479918968520765 0
0.005203776489345615 0.02547325308453096 0
0.005716390013819933 0.02621472282115879 0
0.006280264890867249 0.02703033953161653 0
0.006900527258159638 0.02792751791677857 0
0.007582815866176756 0.02891441414621856 0
0.001444012427797507 0.02054422857940313 0
0.001579675822690241 0.02077744699716923 0
0.001728905558939438 0.02103398725991699 0
0.001893058268592876 0.02131618154855486 0
0.002073626249447773 0.02162659526645658 0
0.002272251025814629 0.0219680503517179 0
0.002490738277545961 0.02234365094159214 0
0.00273107425466453 0.0227568115908141 0
0.002995443829251616 0.02321128830453139 0
0.003286250363862989 0.02371121269402148 0
0.00360613755340087 0.02426112952496935 0
0.003958013460312045 0.02486603803628362 0
0.004345076956295502 0.02553143739593385 0
0.004770846800375927 0.02626337668895433 0
0.005239193628968697 0.02706850991144102 0
0.005754375142530731 0.027954156459787 0
0.006321074810767584 0.02892836766865429 0
0.001167208211302949 0.02064626825727338 0
0.001275443000295557 0.02087696995470111 0
0.001394501269677106 0.02113074182504184 0
0.001525465365820751 0.02140989088203584 0
0.001669525871767145 0.02171695484512468 0
0.001827992426254969 0.02205472520013931 0
0.002002305634378767 0.02242627258678404 0
0.002194050163485763 0.02283497471244924 0
0.002404969145309324 0.02328454705025825 0
0.002636980027362112 0.02377907662620125 0
0.002892191998789284 0.02432305916221969 0
0.003172925166098233 0.02492143994914042 0
0.003481731648846543 0.02557965881198728 0
0.003821418778671867 0.02630369955855133 0
0.004195074621562944 0.02710014437993337 0
0.004606096050426524 0.02797623368702439 0
0.005058219624824123 0.02893993193044889 0
0.0008824480701773623 0.020726449211869 0
0.0009634504792647462 0.02095517331544849 0
0.001052553130375742 0.02120676983252871 0
0.001150566046466078 0.02148352600093914 0
0.001258380254306431 0.02178795778658237 0
0.00137697588139421 0.02212283274644405 0
0.001507431069834074 0.02249119519845336 0
0.001650931777245766 0.02289639389601616 0
0.00180878255525334 0.0233421124629157 0
0.001982418412593543 0.02383240289082047 0
0.002173417856542721 0.02437172236397506 0
0.00238351724394314 0.02496497378176812 0
0.002614626569117024 0.02561755033859759 0
0.00286884682591186 0.02633538454856379 0
0.003148489108448467 0.02712500217968605 0
0.003456095620498585 0.02799358157745983 0
0.003794462785735218 0.0289490189205862 0
0.0005916673923784498 0.02078416121771094 0
0.00064558591288668 0.02101146190461554 0
0.0007048962861878399 0.02126149266333359 0
0.0007701376967314101 0.02153652649754772 0
0.0008419032484231872 0.02183906371557227 0
0.0009208453542613095 0.02217185465108014 0
0.001007681669780172 0.02253792467632378 0
0.001103201616936022 0.02294060170444175 0
0.001208273558710748 0.02338354643495416 0
0.001323852695682627 0.02387078564280576 0
0.001450989746934098 0.02440674877388603 0
0.001590840502682568 0.02499630821541342 0
0.001744676333362494 0.02564482359836709 0
0.001913895746513712 0.02635819051708507 0
0.002100037101021512 0.02714289412783252 0
0.002304792591818703 0.02800606810317113 0
0.002530023633014588 0.02895555948158321 0
0.0002968473857832866 0.02081896505158726 0
0.0003237816442609471 0.02104540733205072 0
0.0003534093289570819 0.02129449384367147 0
0.0003859997820790211 0.02156848900607972 0
0.0004218492805600329 0.02186988368511607 0
0.0004612837283782039 0.0222014178277529 0
0.0005046616205270802 0.02256610538085247 0
0.0005523773019333496 0.02296726168961025 0
0.000604864551431941 0.02340853362882761 0
0.000662600526389754 0.023893932766238 0
0.0007261100991342853 0.02442787181982321 0
0.0007959706288394848 0.02501520477611551 0
0.0008728172111938104 0.02566127102532028 0
0.0009573484514854916 0.02637194389692334 0
0.001050332815827056 0.02715368405584304 0
0.001152615617021694 0.02801359823415703 0
0.001265126698994669 0.02895950383582021 0
0.003324780443518228 0.01764842369288956 0
0.003216036741596516 0.01778460454093277 0
0.003551079292458935 0.01766189082212596 0
0.003432186191929486 0.01781031451501552 0
0.003800008029410407 0.01767670466447112 0
0.003669950588062398 0.01783859548659707 0
0.004073829639691162 0.01769299989102865 0
0.003931491425184768 0.01786970455549977 0
0.004375033411396338 0.0177109246402651 0
0.004219186346034493 0.01790392453129375 0
0.004706357555981866 0.01773064186416944 0
0.004535650757020902 0.01794156650443453 0
0.00507081411123869 0.01775233081023831 0
0.004883761605064521 0.01798297267440774 0
0.00547171632238164 0.01777618865093497 0
0.005266683536197836 0.01802851946117328 0
0.005912708754236596 0.01780243227567675 0
0.00568789766042335 0.01807862092661172 0
0.006397800433560655 0.01783130026314695 0
0.006151233199013093 0.0181337325388237 0
0.006931401283265875 0.01786305504950916 0
0.006660902294829894 0.01819435531265612 0
0.007518362215310036 0.01789798531435018 0
0.007221538300136646 0.01826104036385934 0
0.008164019237863557 0.01793640860551401 0
0.007838237903308783 0.01833439391986419 0
0.008874241960173834 0.01797867422564456 0
0.008516607464199352 0.01841508283115858 0
0.009655486954895546 0.01802516640779782 0
0.009262813980018804 0.01850384063344238 0
0.01051485645261615 0.01807630780837509 0
0.01008364114927456 0.01860147421617291 0
0.01146016290565232 0.01813256334933868 0
0.01098655103999348 0.01870887115771377 0
0.01197975192060724 0.01882700779378312 0
0.00330156313471614 0.01794425738907467 0
0.003180842722969553 0.01806715897378968 0
0.003528434618480597 0.01798468377856031 0
0.003397811561267251 0.01811862665261946 0
0.003777993253745844 0.01802915280755024 0
0.003636477284164043 0.01817524109951348 0
0.004052507752170572 0.01807806873937268 0
0.003899009580731649 0.01823751699142315 0
0.004354473700834837 0.01813187626444691 0
0.004187795106970916 0.01830602047252584 0
0.004686636240064197 0.01819106454126079 0
0.004505459183878132 0.01838137430127317 0
0.005052015029419312 0.01825617164507798 0
0.004854889664418987 0.01846426351193103 0
0.005453931698070917 0.01832778945933962 0
0.005239263191292394 0.01855544164324431 0
0.005896040033183963 0.01840656905495372 0
0.00566207407083153 0.01865573758768161 0
0.006382359206102306 0.01849322661089245 0
0.006127166040273175 0.01876606312702247 0
0.006917310298766937 0.01858854992286028 0
0.006638767210039349 0.01888742122109662 0
0.007505756498059237 0.01869340556555236 0
0.007201528496689528 0.0190209151245533 0
0.008153047314578287 0.01880874677202951 0
0.007820565909328741 0.01916775841771767 0
0.008865067210243658 0.01893562209870507 0
0.008501507060622596 0.019329286039576 0
0.0096482890956557 0.01907518495807718 0
0.009250542325880552 0.01950696642333986 0
0.01050983317314378 0.01922870410401294 0
0.01007448111952491 0.0197024148459172 0
0.01145753166393732 0.01939757516552866 0
0.01098081379708762 0.01991740811182783 0
0.01197777974333008 0.02015390070507888 0
0.003255305214852957 0.01823705773126765 0
0.003122483709541652 0.01834562879305522 0
0.003483317610170555 0.01830451819605327 0
0.003340811263756262 0.01842294927470146 0
0.003734131248159727 0.01837872470824483 0
0.003580971574166239 0.01850800180478462 0
0.004010026249578661 0.01846035187154459 0
0.00384514791700674 0.01860155958836626 0
0.004313510751538257 0.01855014175129038 0
0.004135741894146001 0.01870447315030912 0
0.004647343699370527 0.01864891061772955 0
0.00445539526703065 0.01881767806774675 0
0.005014559938169392 0.01875755636968111 0
0.004807013973120931 0.01894220347547962 0
0.005418497801210551 0.0188770666969325 0
0.005193794548087547 0.01907918142336929 0
0.005862829450149643 0.01900852805678606 0
0.005619253180528663 0.01922985716603694 0
0.006351594268297763 0.01915313555389856 0
0.006087257678174231 0.01939560048366215 0
0.006889235570726971 0.01931220380144861 0
0.006602062628985384 0.01957791813425055 0
0.007480641000746465 0.01948717887296511 0
0.007168348074783909 0.01977846754986042 0
0.008131186971051212 0.01967965145082538 0
0.007791262062468936 0.01999907190607282 0
0.008846787535867559 0.01989137128572193 0
0.008476467446296177 0.02024173669697131 0
0.00963394815734582 0.02012426310415649 0
0.009230193367332825 0.02050866796653856 0
0.01049982484452368 0.02038044410547989 0
0.01005929188234459 0.02080229236371918 0
0.01145228920600301 0.02066224320858163 0
0.01097130025343907 0.02112527920223369 0
0.01197450946267293 0.02148056472572498 0
0.003186358734630121 0.01852482814072584 0
0.003041403848643126 0.01861801057958965 0
0.003416071635204411 0.01861944673974877 0
0.003261619106078271 0.01872132560577316 0
0.003668755828999115 0.01872352719997472 0
0.003503855890037287 0.01883497213493887 0
0.003946708441801105 0.01883801570606763 0
0.00377031635379348 0.01895998331767609 0
0.004252456316284734 0.01896395306293262 0
0.004063422863939837 0.01909749561869113 0
0.004588778973860868 0.01910248415368712 0
0.004385840023114951 0.01924875914887299 0
0.004958733893349153 0.01925486835193003 0
0.00474049889408909 0.01941514903013753 0
0.005365684305150976 0.01942249097014405 0
0.005130623650412582 0.01959817789870479 0
0.005813329757723329 0.01960687585000698 0
0.005559760882345641 0.01979950965411408 0
0.006305739759899729 0.01980969921964253 0
0.006031811839448828 0.02002097458598735 0
0.006847390764777906 0.0200328049272603 0
0.00655106789569225 0.02026458601265228 0
0.007443206867470896 0.02027822120453387 0
0.007122249557464893 0.02053255858193376 0
0.008098604577695579 0.02054817910840168 0
0.007750549382697539 0.02082732840686272 0
0.00881954205640436 0.02084513280160468 0
0.008441679187803764 0.02115157521303504 0
0.009612573283164859 0.02117178186419582 0
0.009201921972236396 0.02150824669926194 0
0.01048490763617881 0.02153109583451231 0
0.01003818903699909 0.02190058533498895 0
0.01144447543011854 0.02192634120416909 0
0.01095808281285829 0.0223321578364477 0
0.01196996596744562 0.02280688758955522 0
0.003095248418393131 0.01880561031953185 0
0.002938220206972763 0.01888234724785838 0
0.003327208476055853 0.01892755941145259 0
0.003160837788370713 0.01901184412521129 0
0.003582364542678518 0.01906170341424183 0
0.003405717128697084 0.01915429069075554 0
0.003863036215587345 0.01920926181710941 0
0.003675084404472384 0.01931098191367514 0
0.004171775056192112 0.01937157606047356 0
0.00397138840783962 0.01948334225889183 0
0.004511387776458547 0.01955012172585809 0
0.004297322809535709 0.01967293863745865 0
0.004884961764868174 0.0197465219557356 0
0.004655850647237631 0.01988149465145615 0
0.005295893152486628 0.0199625622087901 0
0.00505023126694222 0.02011090626582092 0
0.005747917678452816 0.02020020648692775 0
0.005484049948593802 0.02036325904160377 0
0.00624514466140446 0.02046161519518147 0
0.005961250500408448 0.02064084709612186 0
0.006792094345159158 0.02074916477557349 0
0.006486171110871367 0.02094619395810268 0
0.007393738994589573 0.02106546931257925 0
0.007063583782283838 0.02128207550621897 0
0.008055548106197982 0.02141340430182518 0
0.007698737718090016 0.02165154520754171 0
0.008783538126403301 0.02179613278864038 0
0.008397407044797519 0.02205796187743052 0
0.00958432714881096 0.02221713412422455 0
0.009165943302977864 0.02250502021360299 0
0.0104651950770709 0.02268023559525688 0
0.01001133318888278 0.02299678438449249 0
0.01143414980383527 0.02318964721636796 0
0.01094126206804789 0.02353772497517714 0
0.01196418383638966 0.02413275962681274 0
0.00298266767066245 0.01907749915442318 0
0.002813718074347654 0.01913674294053461 0
0.00321740443502301 0.01922699808587188 0
0.003039234317314747 0.01929265311508378 0
0.003475614879051267 0.01939144691252061 0
0.003287302185377193 0.01946415430763694 0
0.003759646367101458 0.01957234062158832 0
0.003560176841680341 0.01965280562043378 0
0.004072081004366259 0.01977132370182002 0
0.003860338963628098 0.0198603220645165 0
0.004415759100905732 0.01999020508723563 0
0.004190517295736283 0.020088590151597 0
0.004793805003168831 0.02023097460868525 0
0.004553713456836931 0.02033968504446472 0
0.005209655496030091 0.02049582108251181 0
0.004953229232256702 0.02061588942537614 0
0.005667091037757947 0.02078715220344852 0
0.005392696585194236 0.02091971424435657 0
0.006170270138099459 0.02110761643930133 0
0.005876110675448958 0.02125392154662799 0
0.006723767151012477 0.02146012710034897 0
0.006407866178240568 0.02162154958154763 0
0.007332613862484114 0.02184788882575389 0
0.006992797231212751 0.02202594041988389 0
0.008002345242304093 0.02227442672190899 0
0.007636221386698189 0.02247077034012117 0
0.008739049757510706 0.02274361840601809 0
0.008343987955017281 0.02296008325049655 0
0.009549424724421152 0.02325972925864531 0
0.009122531178953994 0.02349832745106041 0
0.0104408371916765 0.02382745119885194 0
0.009978928727214875 0.02409039607300478 0
0.0114213909114028 0.02445194533672697 0
0.01092096603503141 0.02474167156040178 0
0.01195720707501314 0.02545807459880312 0
0.002849473298906409 0.01933865721585444 0
0.002668844987173511 0.01937937745711831 0
0.003087495187159602 0.01951597065207065 0
0.002897734168751264 0.01956197475284132 0
0.003349319267514719 0.01971101543434601 0
0.003149512269297128 0.01976283177877972 0
0.003637325755518836 0.01992556469455727 0
0.003426468181353214 0.01998377450846949 0
0.003954132892738373 0.02016156888109474 0
0.003731119684629112 0.0202268115111355 0
0.004302620739165401 0.02042117348291845 0
0.004066236336167491 0.02049415221241619 0
0.004685957366249422 0.02070673854195046 0
0.004434864648577891 0.02078822698040418 0
0.005107627656418478 0.02102086010716082 0
0.004840355790411198 0.02111170922373513 0
0.005571464975178574 0.02136639382856901 0
0.005286396046402816 0.02146753969137325 0
0.006081686030317188 0.02174648092546558 0
0.005777040330046804 0.02185895320740659 0
0.006642929193541965 0.02216457673396081 0
0.006316749045618584 0.02228950807787876 0
0.007260296670317674 0.02262448212123299 0
0.006910428632646888 0.02276311843530992 0
0.007939400891932281 0.02313037804510899 0
0.007563476175551765 0.02328408982622081 0
0.008686415533075916 0.02368686355940197 0
0.008281828469990919 0.02385715835401441 0
0.009508131638518828 0.02429899762525143 0
0.00907201599264075 0.02448753373359299 0
0.01041201935821011 0.02497234510043356 0
0.009941222269514063 0.02518094665268022 0
0.01140629585569536 0.02571302732746032 0
0.01089734917887406 0.0259437008674921 0
0.01194908878068222 0.02678273050643498 0
0.002696678992719014 0.01958732874194571 0
0.002504703517120483 0.0196085201067611 0
0.002938469420283182 0.01979276465251607 0
0.002737414244250932 0.01981811864162046 0
0.003204438893931984 0.0200187441569676 0
0.002993396044918038 0.02004867703070395 0
0.003497005314552747 0.0202673216115264 0
0.003274976027131517 0.02030229126002451 0
0.003818828377656843 0.02054075681189456 0
0.003584714007580478 0.02058126691228546 0
0.00417283374248506 0.02084153552839794 0
0.003925425783974413 0.02088814012787632 0
0.004562239639746897 0.02117239211310591 0
0.004300208733654065 0.02122570066109967 0
0.004990586127117088 0.02153633435660347 0
0.004712469976452787 0.02159701724597425 0
0.005461767262791223 0.02193667082407633 0
0.005165957343505495 0.02200546548930654 0
0.005980066516606051 0.02237704094217498 0
0.00566479344935047 0.02245475855884472 0
0.006550195698414825 0.02286144807429531 0
0.006213513169402292 0.02294898093859153 0
0.007177337795588426 0.02339429591722637 0
0.006817104861356364 0.02349262555621176 0
0.007867194099595087 0.02398042854199039 0
0.007481055719631747 0.02409063463299595 0
0.008626036031327548 0.02462517442694766 0
0.008211401660931716 0.02474844461492365 0
0.009460762156420263 0.02533439490054804 0
0.009014782195107061 0.02547203559390272 0
0.01037896089778407 0.026114537424692 0
0.009898500784690272 0.02626798567255983 0
0.01138897951920031 0.02697269420626298 0
0.01087059123811032 0.02714353076346288 0
0.0119398907385181 0.02810663036649467 0
0.00252544760903006 0.01982185300089057 0
0.002322542879886995 0.01982254287986864 0
0.002771461310463864 0.02005576031591431 0
0.002559494675242992 0.02005949467518442 0
0.003042076385427134 0.02031305836565596 0
0.00282014165097296 0.02032014165086632 0
0.003339752967486657 0.02059608621998708 0
0.003106853325782274 0.02060685332561853 0
0.003667197208180428 0.02090741686015379 0
0.003422236168086607 0.0209222361678554 0
0.004027385868276829 0.02124988055989486 0
0.003769157292482844 0.02126915729217233 0
0.004423593390262553 0.02162659062568675 0
0.004150770524885316 0.02165077052448193 0
0.004859421664835271 0.02204097169842082 0
0.004570545078645038 0.02207054507813332 0
0.005338832766424152 0.02249679087800197 0
0.005032297087753928 0.02253229708711624 0
0.005866184982824566 0.02299819197995728 0
0.005540224299898247 0.02304022429911452 0
0.006446272423522548 0.02354973319462647 0
0.006098944236944823 0.02359894423599222 0
0.007084368605424468 0.02415642852802852 0
0.006713536167590652 0.02421353616644323 0
0.007786274402581215 0.02482379339196969 0
0.007389587288373936 0.02488958728700226 0
0.008558370776731295 0.02555789473970543 0
0.008133243518380795 0.02563324351675147 0
0.009407676788485829 0.02636540622238258 0
0.008951265370110062 0.0264512653681853 0
0.01034191340524243 0.02725366885695223 0
0.009851089409037988 0.02735108940677498 0
0.01136957368969307 0.02823075776068619 0
0.01084089585682518 0.02834089585417554 0
0.01192968295117498 0.02942968294974708 0
0.002321853000925179 0.0200254476089914 0
0.002108520106777425 0.0200047035171001 0
0.002555760315990348 0.02027146131037889 0
0.002318118641672536 0.02023741424418587 0
0.00281305836578137 0.02054207638528699 0
0.002548677030798759 0.02049339604479956 0
0.003096086220170977 0.02083975296728114 0
0.002802291260170073 0.02077497602694959 0
0.00340741686040662 0.02116719720789786 0
0.003081266912490989 0.0210847140073236 0
0.00374988056022857 0.02152738586790387 0
0.003388140128152346 0.02142542578362941 0
0.004126590626114991 0.02192359338978394 0
0.003725700661458245 0.02180020873320588 0
0.004540971698959164 0.0223594216642336 0
0.004097017246429117 0.02221246997588423 0
0.004996790878668146 0.02283883276567961 0
0.004505465489873382 0.02266595734279697 0
0.005498191980771479 0.02336618498191458 0
0.004954758559541379 0.02316479344847967 0
0.006049733195611643 0.02394627242242148 0
0.0054489809394383 0.02371351316834385 0
0.006656428529210709 0.0245843686041032 0
0.005992625557231699 0.02431710486008146 0
0.007323793393378459 0.02528627440100671 0
0.00659063463421523 0.02498105571810767 0
0.008057894741374269 0.02605837077486613 0
0.007248444616371932 0.02571140165912137 0
0.008865406224349412 0.02690767678628761 0
0.007972035595613618 0.02651478219296844 0
0.009753668859259962 0.0278419134026632 0
0.008767985674571384 0.02739850078217583 0
0.01073075776338333 0.02886957368667863 0
0.009643530765818115 0.02837059123516628 0
0.01060663036776391 0.02943989073693155 0
0.002087328741976258 0.0201966789926763 0
0.001879377457132611 0.02016884498715111 0
0.002292764652583174 0.02043846942018928 0
0.002061974752886897 0.02039773416867971 0
0.002518744157078268 0.0207044388937771 0
0.002262831778862684 0.02064951226916682 0
0.002767321611688676 0.02099700531432561 0
0.00248377450859687 0.02092646818115311 0
0.003040756812117663 0.02131882837734455 0
0.002726811511315349 0.02123111968434656 0
0.003341535528692406 0.02167283374207286 0
0.002994152212657723 0.021566236335788 0
0.003672392113483781 0.02206223963921792 0
0.003288226980717943 0.0219348646480849 0
0.004036334357078487 0.0224905861264521 0
0.003611709224133151 0.02234035578978579 0
0.004436670824664144 0.02296176726196832 0
0.003967539691869249 0.02278639604562345 0
0.004877040942893409 0.02348006651560029 0
0.004358953208016175 0.02327704032908894 0
0.005361448075164585 0.02405019569719787 0
0.004789508078619694 0.02381674904445431 0
0.005894295918269487 0.02467733779412809 0
0.005263118436202373 0.0244104286312445 0
0.006480428543233427 0.02536719409785486 0
0.005784089827287684 0.02506347617387528 0
0.007125174428420168 0.02612603602926606 0
0.006357158355281663 0.02578182846799955 0
0.00783439490228348 0.02696076215399066 0
0.006987533735090031 0.02657201599028827 0
0.008614537426728236 0.02787896089493334 0
0.007680946654440333 0.02744122226674818 0
0.009472694208642805 0.02888897951586855 0
0.008443700869552928 0.02839734917563562 0
0.009282730507545559 0.02944908877893701 0
0.001838657215880933 0.02034947329885964 0
0.00163674294054689 0.02031371807432323 0
0.002015970652128824 0.02058749518705678 0
0.001792653115122859 0.0205392343172367 0
0.002211015434441936 0.02084931926734509 0
0.001964154307708075 0.02078730218523505 0
0.00242556469469792 0.02113732575527008 0
0.002152805620542985 0.02106017684146206 0
0.002661568881288102 0.02145413289239635 0
0.002360322064670673 0.02136033896331987 0
0.002921173483173658 0.02180262073871395 0
0.002588590151804037 0.0216905172953223 0
0.003206738542277957 0.02218595736567007 0
0.002839685044733672 0.02205371345629913 0
0.003520860107572511 0.02260762765569017 0
0.003115889425717317 0.02245322923157445 0
0.003866393829078455 0.0230714649742773 0
0.003419714244781717 0.02289269658434403 0
0.00424648092608822 0.02358168602921565 0
0.0037539215471505 0.02337611067440402 0
0.004664576734714197 0.02414292919220911 0
0.004121549582182723 0.02390786617697046 0
0.005124482122137031 0.02476029666871826 0
0.004525940420648853 0.02449279722968288 0
0.005630378046186293 0.02543940089002632 0
0.00497077034103564 0.02513622138486931 0
0.006186863560678143 0.0261864155308181 0
0.005460083251582774 0.02584398795284488 0
0.006798997626755478 0.02700813163585784 0
0.005998327452343591 0.02662253117638766 0
0.007472345102198297 0.02791201935508789 0
0.006590396074513442 0.02747892872419755 0
0.008213027329522827 0.02890629585204629 0
0.007241671562168196 0.02842096603149857 0
0.007958074599755042 0.02945720707310928 0
0.001577499154445612 0.02048266767061162 0
0.001382347247868633 0.02043822020694631 0
0.001726998085921121 0.02071740443491125 0
0.001511844125243874 0.02066083778828618 0
0.001891446912601794 0.0209756148788669 0
0.001654290690814839 0.02090571712854311 0
0.002072340621707348 0.02125964636683108 0
0.001810981913766157 0.02117508440423592 0
0.002271323701983649 0.02157208100399451 0
0.001983342259020324 0.02147138840750572 0
0.002490205087451589 0.02191575910041503 0
0.002172938637631201 0.02179732280908724 0
0.002730974608962379 0.02229380500253911 0
0.002381494651680295 0.02215585064665502 0
0.002995821082860184 0.02270965549523846 0
0.002610906266105246 0.02255023126620312 0
0.003287152203879606 0.02316709103677831 0
0.002863259041958073 0.02298404994767275 0
0.003607616439828196 0.02367027013690214 0
0.003140847096557303 0.02346125049927644 0
0.003960127100986456 0.02422376714956373 0
0.00344619395863193 0.02398617110949542 0
0.004347888826518856 0.02483261386074563 0
0.003782075506856458 0.02456358378062648 0
0.004774426722820559 0.02550234524023241 0
0.004151545208303773 0.02519873771610873 0
0.00524361840709793 0.02623904975505656 0
0.004557961878335714 0.02589740704244409 0
0.005759729259917972 0.02704942472152878 0
0.005005020214672312 0.02666594330019768 0
0.006327451200345184 0.02794083718828278 0
0.005496784385749715 0.02751133318561401 0
0.00695194533847217 0.02892139090743643 0
0.006037724976649158 0.02844126206422064 0
0.006632759627606012 0.02946418383432715 0
0.001305610319550228 0.02059524841833825 0
0.001118010579597871 0.02054140384861466 0
0.001427559411492899 0.02082720847593517 0
0.001221325605799253 0.02076161910598725 0
0.001561703414308272 0.02108236454247941 0
0.001334972134986331 0.02100385588987148 0
0.001709261817206813 0.02136303621529535 0
0.001459983317748928 0.02127031635353884 0
0.001871576060607459 0.02167177505579063 0
0.001597495618793947 0.02156342286358026 0
0.002050121726034799 0.02201138777592861 0
0.001748759149011058 0.021885840022632 0
0.002246521955962364 0.02238496176418809 0
0.001915149030316868 0.02224049889346167 0
0.002462562209075147 0.02279589315163167 0
0.002098177898932265 0.02263062364961664 0
0.00270020648728047 0.02324791767739482 0
0.002299509654397544 0.02305976088135375 0
0.002961615195612551 0.02374514466011136 0
0.002520974586335718 0.02353181183822975 0
0.003249164776095077 0.02429209434359452 0
0.002764586013075698 0.02405106789421047 0
0.003565469313205139 0.02489373899271202 0
0.003032558582443759 0.02462224955568006 0
0.003913404302571023 0.02555554810396057 0
0.003327328407472388 0.02525054938056385 0
0.004296132789523897 0.02628353812375283 0
0.003651575213759205 0.02594167918526931 0
0.00471713412526582 0.0270843271456872 0
0.004008246700117405 0.02670192196924235 0
0.005180235596478628 0.0279651950734057 0
0.004400585335994734 0.02753818903347888 0
0.005689647217795853 0.02893414979955159 0
0.004832157837625323 0.02845808280873664 0
0.005306887590189837 0.02946996596522445 0
0.001024828140740156 0.02068635873457119 0
0.0008456287930614145 0.02062248370951116 0
0.001119446739780152 0.0209160716350748 0
0.0009229492747210542 0.02084081126365874 0
0.001223527200026424 0.02116875582878528 0
0.001008001804820244 0.0210809715739886 0
0.001338015706143414 0.02144670844148749 0
0.001101559588420909 0.02134514791673392 0
0.001463953063036788 0.02175245631585352 0
0.001204473150386255 0.02163574189376075 0
0.00160248415382459 0.02208877897329168 0
0.00131767806785032 0.02195539526651321 0
0.00175486835210642 0.0224587338926187 0
0.001442203475614142 0.02230701397244871 0
0.001922490970365765 0.0228656843042327 0
0.001579181423539921 0.02269379454723476 0
0.002106875850281333 0.02331332975658697 0
0.001729857166249554 0.02311925317946593 0
0.002309699219977828 0.02380573975851086 0
0.001895600483923442 0.02358725767686808 0
0.002532804927666003 0.02434739076309738 0
0.002077918134568132 0.02410206262739777 0
0.002778221205020687 0.02494320686545427 0
0.00227846755024293 0.02466834807287159 0
0.003048179108981784 0.02559860457529244 0
0.002499071906530082 0.02529126206018285 0
0.003345132802291863 0.02631954205355756 0
0.002741736697514442 0.02597646744358069 0
0.003671781865005705 0.02711257327980971 0
0.003008667967180164 0.02673019336412492 0
0.004031095835462554 0.02798490763224211 0
0.003302292364473526 0.02755929187857294 0
0.00442634120527967 0.02894447542551755 0
0.003625279203116902 0.02847130024902302 0
0.003980564726200939 0.02947450946029311 0
0.0007370577312779056 0.02075530521478997 0
0.0005671589737938519 0.02068084272293704 0
0.0008045181960757136 0.02098331761003202 0
0.0006186266526325649 0.02089781156116324 0
0.0008787247082817909 0.02123413124793115 0
0.0006752410995372604 0.02113647728397457 0
0.0009603518715987445 0.02151002624924343 0
0.000737516991459625 0.02139900958044065 0
0.001050141751364809 0.02181351075107732 0
0.0008060204725772986 0.02168779510655999 0
0.00114891061782776 0.02214734369876209 0
0.0008813743013422488 0.0220054591833262 0
0.001257556369807123 0.02251455993738857 0
0.0009642635120207408 0.02235488966370196 0
0.001377066697090894 0.02291849780022896 0
0.001055441643358097 0.02273926319038277 0
0.001508528056982044 0.02336282944893493 0
0.001155737587823385 0.02316207406969795 0
0.001653135554138085 0.02385159426681311 0
0.001266063127196688 0.02362716603887996 0
0.001812203801738409 0.02438923556893055 0
0.001387421221308362 0.0241387672083459 0
0.001987178873312853 0.02498064099859077 0
0.001520915124808333 0.02470152849464973 0
0.002179651451239759 0.02563118696848234 0
0.001667758418022532 0.02532056590689025 0
0.002391371286212786 0.02634678753282443 0
0.001829286039938103 0.02600150705772608 0
0.00262426310473499 0.02713394815375928 0
0.002006966423767612 0.02675054232245879 0
0.002880444106158644 0.02799982484031548 0
0.002202414846420107 0.02757448111550182 0
0.003162243209374903 0.02895228920108471 0
0.002417408112416646 0.02848081379237717 0
0.002653900705396181 0.0294777797407916 0
0.0004442573890808682 0.0208015631346491 0
0.0002846045409349105 0.02071603674156198 0
0.0004846837785738136 0.02102843461833313 0
0.0003103145150221169 0.02093218619181899 0
0.0005291528075724609 0.02127799325350253 0
0.0003385954866090141 0.02116995058786109 0
0.0005780687394052152 0.02155250775181372 0
0.0003697045555180519 0.0214314914248756 0
0.00063187626449161 0.02185447370034417 0
0.0004039245313195265 0.0217191863455979 0
0.0006910645413197563 0.02218663623941652 0
0.0004415665044691184 0.02203565075643448 0
0.0007561716451536266 0.02255201502858813 0
0.0004829726744526421 0.02238376160430269 0
0.0008277894594346854 0.022953931697026 0
0.0005285194612302153 0.02276668353523136 0
0.0009065690550713445 0.02339604003189089 0
0.0005786209266826457 0.02318789765921893 0
0.0009932266110361902 0.02388235920452188 0
0.0006337325389108479 0.02365123319753281 0
0.001088549923034192 0.02441731029685463 0
0.0006943553127620201 0.02416090229303061 0
0.001193405565761026 0.02500575649576446 0
0.0007610403639868851 0.02472153829796936 0
0.001308746772278152 0.02565304731184368 0
0.0008343939200166472 0.0253382379007179 0
0.001435622098999602 0.0263650672070042 0
0.000915082831339651 0.02601660746112181 0
0.001575184958424285 0.02714828909183778 0
0.001003840633656274 0.02676281397638319 0
0.001728704104420199 0.02800983316866409 0
0.001101474216424375 0.02758364114500004 0
0.001897575166004629 0.02895753165870171 0
0.001208871158008181 0.02848655103498862 0
0.001327007793941778 0.02947975191791011 0
0.0001484236928916433 0.02082478044344714 0
0.0001618908221304735 0.02105107929230254 0
0.0001767046644785414 0.02130000802915236 0
0.0001929998910395105 0.02157382963931269 0
0.000210924640280016 0.02187503341087594 0
0.0002306418641891024 0.02220635755529494 0
0.0002523308102635406 0.02257081411035714 0
0.0002761886509666748 0.0229717163212734 0
0.0003024322757159709 0.02341270875286516 0
0.000331300263194877 0.02389780043188445 0
0.0003630550495671431 0.02443140128123767 0
0.000397985314419742 0.02501836221287619 0
0.0004364086055969052 0.02566401923496323 0
0.0004786742257427458 0.02637424195673805 0
0.0005251664079135281 0.02715548695084624 0
0.0005763078085108467 0.02801485644786496 0
0.0006325633494973348 0.0289601629000994 0
2 25 0 308
4873
4874
4875
4876
4877
4878
4879
4880
4881
4882
4883
4884
4885
4886
4887
4888
4889
4890
4891
4892
4893
4894
4895
4896
4897
4898
4899
4900
4901
4902
4903
4904
4905
4906
4907
4908
4909
4910
4911
4912
4913
4914
4915
4916
4917
4918
4919
4920
4921
4922
4923
4924
4925
4926
4927
4928
4929
4930
4931
4932
4933
4934
4935
4936
4937
4938
4939
4940
4941
4942
4943
4944
4945
4946
4947
4948
4949
4950
4951
4952
4953
4954
4955
4956
4957
4958
4959
4960
4961
4962
4963
4964
4965
4966
4967
4968
4969
4970
4971
4972
4973
4974
4975
4976
4977
4978
4979
4980
4981
4982
4983
4984
4985
4986
4987
4988
4989
4990
4991
4992
4993
4994
4995
4996
4997
4998
4999
5000
5001
5002
5003
5004
5005
5006
5007
5008
5009
5010
5011
5012
5013
5014
5015
5016
5017
5018
5019
5020
5021
5022
5023
5024
5025
5026
5027
5028
5029
5030
5031
5032
5033
5034
5035
5036
5037
5038
5039
5040
5041
5042
5043
5044
5045
5046
5047
5048
5049
5050
5051
5052
5053
5054
5055
5056
5057
5058
5059
5060
5061
5062
5063
5064
5065
5066
5067
5068
5069
5070
5071
5072
5073
5074
5075
5076
5077
5078
5079
5080
5081
5082
5083
5084
5085
5086
5087
5088
5089
5090
5091
5092
5093
5094
5095
5096
5097
5098
5099
5100
5101
5102
5103
5104
5105
5106
5107
5108
5109
5110
5111
5112
5113
5114
5115
5116
5117
5118
5119
5120
5121
5122
5123
5124
5125
5126
5127
5128
5129
5130
5131
5132
5133
5134
5135
5136
5137
5138
5139
5140
5141
5142
5143
5144
5145
5146
5147
5148
5149
5150
5151
5152
5153
5154
5155
5156
5157
5158
5159
5160
5161
5162
5163
5164
5165
5166
5167
5168
5169
5170
5171
5172
5173
5174
5175
5176
5177
5178
5179
5180
-0.01111111111111112 0.03038461538461539 0
-0.01111111111111111 0.03076923076923077 0
-0.01111111111111111 0.03115384615384616 0
-0.01111111111111111 0.03153846153846154 0
-0.01111111111111111 0.03192307692307693 0
-0.01111111111111111 0.03230769230769231 0
-0.01111111111111111 0.03269230769230769 0
-0.01111111111111111 0.03307692307692308 0
-0.01111111111111111 0.03346153846153847 0
-0.01111111111111111 0.03384615384615385 0
-0.01111111111111111 0.03423076923076923 0
-0.01111111111111111 0.03461538461538462 0
-0.009722222222222228 0.03038461538461539 0
-0.009722222222222229 0.03076923076923077 0
-0.009722222222222228 0.03115384615384616 0
-0.009722222222222228 0.03153846153846154 0
-0.009722222222222229 0.03192307692307693 0
-0.009722222222222228 0.03230769230769231 0
-0.009722222222222229 0.03269230769230769 0
-0.009722222222222229 0.03307692307692308 0
-0.009722222222222226 0.03346153846153847 0
-0.009722222222222229 0.03384615384615385 0
-0.009722222222222229 0.03423076923076923 0
-0.009722222222222229 0.03461538461538462 0
-0.00833333333333334 0.03038461538461539 0
-0.00833333333333334 0.03076923076923077 0
-0.00833333333333334 0.03115384615384616 0
-0.00833333333333334 0.03153846153846154 0
-0.00833333333333334 0.03192307692307693 0
-0.00833333333333334 0.03230769230769231 0
-0.00833333333333334 0.03269230769230769 0
-0.00833333333333334 0.03307692307692308 0
-0.00833333333333334 0.03346153846153847 0
-0.00833333333333334 0.03384615384615385 0
-0.00833333333333334 0.03423076923076923 0
-0.00833333333333334 0.03461538461538462 0
-0.00694444444444445 0.03038461538461539 0
-0.00694444444444445 0.03076923076923077 0
-0.00694444444444445 0.03115384615384616 0
-0.00694444444444445 0.03153846153846154 0
-0.00694444444444445 0.03192307692307693 0
-0.00694444444444445 0.03230769230769231 0
-0.00694444444444445 0.03269230769230769 0
-0.00694444444444445 0.03307692307692308 0
-0.00694444444444445 0.03346153846153847 0
-0.00694444444444445 0.03384615384615385 0
-0.006944444444444451 0.03423076923076923 0
-0.00694444444444445 0.03461538461538462 0
-0.005555555555555561 0.03038461538461539 0
-0.005555555555555561 0.03076923076923077 0
-0.005555555555555561 0.03115384615384616 0
-0.005555555555555561 0.03153846153846154 0
-0.005555555555555562 0.03192307692307693 0
-0.005555555555555561 0.03230769230769231 0
-0.005555555555555561 0.03269230769230769 0
-0.005555555555555562 0.03307692307692308 0
-0.005555555555555562 0.03346153846153847 0
-0.005555555555555562 0.03384615384615385 0
-0.005555555555555561 0.03423076923076923 0
-0.005555555555555561 0.03461538461538462 0
-0.004166666666666674 0.03038461538461539 0
-0.004166666666666674 0.03076923076923077 0
-0.004166666666666674 0.03115384615384616 0
-0.004166666666666674 0.03153846153846154 0
-0.004166666666666674 0.03192307692307692 0
-0.004166666666666674 0.03230769230769231 0
-0.004166666666666674 0.03269230769230769 0
-0.004166666666666674 0.03307692307692308 0
-0.004166666666666674 0.03346153846153847 0
-0.004166666666666674 0.03384615384615385 0
-0.004166666666666674 0.03423076923076923 0
-0.004166666666666674 0.03461538461538462 0
-0.002777777777777784 0.03038461538461539 0
-0.002777777777777782 0.03076923076923077 0
-0.002777777777777784 0.03115384615384616 0
-0.002777777777777784 0.03153846153846154 0
-0.002777777777777784 0.03192307692307692 0
-0.002777777777777783 0.03230769230769231 0
-0.002777777777777784 0.03269230769230769 0
-0.002777777777777784 0.03307692307692308 0
-0.002777777777777784 0.03346153846153847 0
-0.002777777777777783 0.03384615384615385 0
-0.002777777777777783 0.03423076923076923 0
-0.002777777777777784 0.03461538461538462 0
-0.00138888888888889 0.03038461538461539 0
-0.001388888888888891 0.03076923076923077 0
-0.001388888888888891 0.03115384615384616 0
-0.001388888888888891 0.03153846153846154 0
-0.001388888888888891 0.03192307692307693 0
-0.001388888888888891 0.03230769230769231 0
-0.001388888888888891 0.03269230769230769 0
-0.001388888888888891 0.03307692307692308 0
-0.001388888888888891 0.03346153846153847 0
-0.001388888888888891 0.03384615384615385 0
-0.001388888888888891 0.03423076923076923 0
-0.001388888888888891 0.03461538461538462 0
-0.01111111111111112 0.0301923076923077 0
-0.01180555555555556 0.03038461538461539 0
-0.01111111111111111 0.03057692307692308 0
-0.01180555555555556 0.03076923076923077 0
-0.01111111111111111 0.03096153846153846 0
-0.01180555555555556 0.03115384615384616 0
-0.01111111111111111 0.03134615384615385 0
-0.01180555555555556 0.03153846153846154 0
-0.01111111111111111 0.03173076923076924 0
-0.01180555555555556 0.03192307692307693 0
-0.01111111111111111 0.03211538461538462 0
-0.01180555555555556 0.03230769230769231 0
-0.01111111111111111 0.0325 0
-0.01180555555555556 0.03269230769230769 0
-0.01111111111111111 0.03288461538461539 0
-0.01180555555555556 0.03307692307692308 0
-0.01111111111111111 0.03326923076923077 0
-0.01180555555555556 0.03346153846153847 0
-0.01111111111111111 0.03365384615384616 0
-0.01180555555555556 0.03384615384615385 0
-0.01111111111111111 0.03403846153846155 0
-0.01180555555555556 0.03423076923076923 0
-0.01111111111111111 0.03442307692307692 0
-0.01180555555555556 0.03461538461538462 0
-0.01111111111111111 0.03480769230769231 0
-0.009722222222222228 0.0301923076923077 0
-0.01041666666666667 0.03038461538461539 0
-0.009722222222222228 0.03057692307692308 0
-0.01041666666666667 0.03076923076923077 0
-0.009722222222222229 0.03096153846153846 0
-0.01041666666666667 0.03115384615384616 0
-0.009722222222222228 0.03134615384615385 0
-0.01041666666666667 0.03153846153846154 0
-0.009722222222222229 0.03173076923076924 0
-0.01041666666666667 0.03192307692307693 0
-0.009722222222222228 0.03211538461538462 0
-0.01041666666666667 0.03230769230769231 0
-0.009722222222222228 0.0325 0
-0.01041666666666667 0.03269230769230769 0
-0.009722222222222229 0.03288461538461539 0
-0.01041666666666667 0.03307692307692308 0
-0.009722222222222228 0.03326923076923077 0
-0.01041666666666667 0.03346153846153847 0
-0.009722222222222228 0.03365384615384616 0
-0.01041666666666667 0.03384615384615385 0
-0.009722222222222229 0.03403846153846155 0
-0.01041666666666667 0.03423076923076923 0
-0.009722222222222229 0.03442307692307692 0
-0.01041666666666667 0.03461538461538462 0
-0.009722222222222228 0.03480769230769231 0
-0.00833333333333334 0.0301923076923077 0
-0.009027777777777784 0.03038461538461539 0
-0.00833333333333334 0.03057692307692308 0
-0.009027777777777784 0.03076923076923077 0
-0.00833333333333334 0.03096153846153846 0
-0.009027777777777784 0.03115384615384616 0
-0.00833333333333334 0.03134615384615385 0
-0.009027777777777784 0.03153846153846154 0
-0.00833333333333334 0.03173076923076924 0
-0.009027777777777784 0.03192307692307693 0
-0.00833333333333334 0.03211538461538462 0
-0.009027777777777784 0.03230769230769231 0
-0.00833333333333334 0.0325 0
-0.009027777777777784 0.03269230769230769 0
-0.00833333333333334 0.03288461538461539 0
-0.009027777777777784 0.03307692307692308 0
-0.00833333333333334 0.03326923076923077 0
-0.009027777777777784 0.03346153846153847 0
-0.00833333333333334 0.03365384615384616 0
-0.009027777777777784 0.03384615384615385 0
-0.00833333333333334 0.03403846153846155 0
-0.009027777777777784 0.03423076923076923 0
-0.00833333333333334 0.03442307692307692 0
-0.009027777777777784 0.03461538461538462 0
-0.00833333333333334 0.03480769230769231 0
-0.00694444444444445 0.0301923076923077 0
-0.007638888888888895 0.03038461538461539 0
-0.00694444444444445 0.03057692307692308 0
-0.007638888888888895 0.03076923076923077 0
-0.00694444444444445 0.03096153846153846 0
-0.007638888888888895 0.03115384615384616 0
-0.00694444444444445 0.03134615384615385 0
-0.007638888888888895 0.03153846153846154 0
-0.00694444444444445 0.03173076923076924 0
-0.007638888888888895 0.03192307692307693 0
-0.00694444444444445 0.03211538461538462 0
-0.007638888888888896 0.03230769230769231 0
-0.00694444444444445 0.0325 0
-0.007638888888888895 0.03269230769230769 0
-0.00694444444444445 0.03288461538461539 0
-0.007638888888888895 0.03307692307692308 0
-0.00694444444444445 0.03326923076923077 0
-0.007638888888888895 0.03346153846153847 0
-0.00694444444444445 0.03365384615384616 0
-0.007638888888888895 0.03384615384615385 0
-0.00694444444444445 0.03403846153846155 0
-0.007638888888888896 0.03423076923076923 0
-0.00694444444444445 0.03442307692307692 0
-0.007638888888888895 0.03461538461538462 0
-0.00694444444444445 0.03480769230769231 0
-0.005555555555555561 0.0301923076923077 0
-0.006250000000000006 0.03038461538461539 0
-0.005555555555555561 0.03057692307692308 0
-0.006250000000000006 0.03076923076923077 0
-0.005555555555555561 0.03096153846153846 0
-0.006250000000000006 0.03115384615384616 0
-0.005555555555555561 0.03134615384615385 0
-0.006250000000000006 0.03153846153846154 0
-0.005555555555555561 0.03173076923076924 0
-0.006250000000000006 0.03192307692307693 0
-0.005555555555555561 0.03211538461538462 0
-0.006250000000000006 0.03230769230769231 0
-0.005555555555555561 0.0325 0
-0.006250000000000006 0.03269230769230769 0
-0.005555555555555561 0.03288461538461539 0
-0.006250000000000006 0.03307692307692308 0
-0.005555555555555562 0.03326923076923077 0
-0.006250000000000006 0.03346153846153847 0
-0.005555555555555562 0.03365384615384616 0
-0.006250000000000006 0.03384615384615385 0
-0.005555555555555561 0.03403846153846155 0
-0.006250000000000006 0.03423076923076923 0
-0.005555555555555561 0.03442307692307692 0
-0.006250000000000006 0.03461538461538462 0
-0.005555555555555561 0.03480769230769231 0
-0.004166666666666674 0.0301923076923077 0
-0.004861111111111118 0.03038461538461539 0
-0.004166666666666674 0.03057692307692308 0
-0.004861111111111117 0.03076923076923077 0
-0.004166666666666674 0.03096153846153846 0
-0.004861111111111118 0.03115384615384616 0
-0.004166666666666674 0.03134615384615385 0
-0.004861111111111118 0.03153846153846154 0
-0.004166666666666674 0.03173076923076924 0
-0.004861111111111118 0.03192307692307693 0
-0.004166666666666674 0.03211538461538462 0
-0.004861111111111117 0.03230769230769231 0
-0.004166666666666674 0.0325 0
-0.004861111111111118 0.03269230769230769 0
-0.004166666666666674 0.03288461538461539 0
-0.004861111111111118 0.03307692307692308 0
-0.004166666666666674 0.03326923076923077 0
-0.004861111111111118 0.03346153846153847 0
-0.004166666666666674 0.03365384615384616 0
-0.004861111111111118 0.03384615384615385 0
-0.004166666666666674 0.03403846153846155 0
-0.004861111111111117 0.03423076923076923 0
-0.004166666666666674 0.03442307692307692 0
-0.004861111111111117 0.03461538461538462 0
-0.004166666666666674 0.03480769230769231 0
-0.002777777777777784 0.0301923076923077 0
-0.003472222222222229 0.03038461538461539 0
-0.002777777777777783 0.03057692307692308 0
-0.003472222222222228 0.03076923076923077 0
-0.002777777777777783 0.03096153846153846 0
-0.003472222222222229 0.03115384615384616 0
-0.002777777777777784 0.03134615384615385 0
-0.003472222222222229 0.03153846153846154 0
-0.002777777777777784 0.03173076923076924 0
-0.003472222222222229 0.03192307692307692 0
-0.002777777777777783 0.03211538461538462 0
-0.003472222222222228 0.03230769230769231 0
-0.002777777777777783 0.0325 0
-0.003472222222222229 0.03269230769230769 0
-0.002777777777777784 0.03288461538461539 0
-0.003472222222222229 0.03307692307692308 0
-0.002777777777777784 0.03326923076923077 0
-0.003472222222222229 0.03346153846153847 0
-0.002777777777777783 0.03365384615384616 0
-0.003472222222222229 0.03384615384615385 0
-0.002777777777777783 0.03403846153846155 0
-0.003472222222222228 0.03423076923076923 0
-0.002777777777777783 0.03442307692307692 0
-0.003472222222222229 0.03461538461538462 0
-0.002777777777777784 0.03480769230769231 0
-0.001388888888888891 0.0301923076923077 0
-0.002083333333333336 0.03038461538461539 0
-0.001388888888888891 0.03057692307692308 0
-0.002083333333333336 0.03076923076923077 0
-0.001388888888888891 0.03096153846153846 0
-0.002083333333333337 0.03115384615384616 0
-0.001388888888888891 0.03134615384615385 0
-0.002083333333333337 0.03153846153846154 0
-0.001388888888888891 0.03173076923076924 0
-0.002083333333333337 0.03192307692307692 0
-0.001388888888888891 0.03211538461538462 0
-0.002083333333333336 0.03230769230769231 0
-0.001388888888888891 0.0325 0
-0.002083333333333337 0.03269230769230769 0
-0.001388888888888891 0.03288461538461539 0
-0.002083333333333337 0.03307692307692308 0
-0.001388888888888891 0.03326923076923077 0
-0.002083333333333337 0.03346153846153847 0
-0.001388888888888891 0.03365384615384616 0
-0.002083333333333336 0.03384615384615385 0
-0.001388888888888891 0.03403846153846155 0
-0.002083333333333336 0.03423076923076923 0
-0.001388888888888891 0.03442307692307692 0
-0.002083333333333337 0.03461538461538462 0
-0.001388888888888891 0.03480769230769231 0
-0.0006944444444444454 0.03038461538461539 0
-0.0006944444444444454 0.03076923076923077 0
-0.0006944444444444454 0.03115384615384616 0
-0.0006944444444444454 0.03153846153846154 0
-0.0006944444444444454 0.03192307692307693 0
-0.0006944444444444454 0.03230769230769231 0
-0.0006944444444444454 0.03269230769230769 0
-0.0006944444444444454 0.03307692307692308 0
-0.0006944444444444454 0.03346153846153847 0
-0.0006944444444444454 0.03384615384615385 0
-0.0006944444444444454 0.03423076923076923 0
-0.0006944444444444454 0.03461538461538462 0
2 29 0 308
5181
5182
5183
5184
5185
5186
5187
5188
5189
5190
5191
5192
5193
5194
5195
5196
5197
5198
5199
5200
5201
5202
5203
5204
5205
5206
5207
5208
5209
5210
5211
5212
5213
5214
5215
5216
5217
5218
5219
5220
5221
5222
5223
5224
5225
5226
5227
5228
5229
5230
5231
5232
5233
5234
5235
5236
5237
5238
5239
5240
5241
5242
5243
5244
5245
5246
5247
5248
5249
5250
5251
5252
5253
5254
5255
5256
5257
5258
5259
5260
5261
5262
5263
5264
5265
5266
5267
5268
5269
5270
5271
5272
5273
5274
5275
5276
5277
5278
5279
5280
5281
5282
5283
5284
5285
5286
5287
5288
5289
5290
5291
5292
5293
5294
5295
5296
5297
5298
5299
5300
5301
5302
5303
5304
5305
5306
5307
5308
5309
5310
5311
5312
5313
5314
5315
5316
5317
5318
5319
5320
5321
5322
5323
5324
5325
5326
5327
5328
5329
5330
5331
5332
5333
5334
5335
5336
5337
5338
5339
5340
5341
5342
5343
5344
5345
5346
5347
5348
5349
5350
5351
5352
5353
5354
5355
5356
5357
5358
5359
5360
5361
5362
5363
5364
5365
5366
5367
5368
5369
5370
5371
5372
5373
5374
5375
5376
5377
5378
5379
5380
5381
5382
5383
5384
5385
5386
5387
5388
5389
5390
5391
5392
5393
5394
5395
5396
5397
5398
5399
5400
5401
5402
5403
5404
5405
5406
5407
5408
5409
5410
5411
5412
5413
5414
5415
5416
5417
5418
5419
5420
5421
5422
5423
5424
5425
5426
5427
5428
5429
5430
5431
5432
5433
5434
5435
5436
5437
5438
5439
5440
5441
5442
5443
5444
5445
5446
5447
5448
5449
5450
5451
5452
5453
5454
5455
5456
5457
5458
5459
5460
5461
5462
5463
5464
5465
5466
5467
5468
5469
5470
5471
5472
5473
5474
5475
5476
5477
5478
5479
5480
5481
5482
5483
5484
5485
5486
5487
5488
0.001388888888888887 0.03038461538461538 0
0.001388888888888889 0.03076923076923077 0
0.001388888888888888 0.03115384615384616 0
0.001388888888888887 0.03153846153846154 0
0.001388888888888887 0.03192307692307692 0
0.001388888888888887 0.03230769230769231 0
0.001388888888888887 0.03269230769230769 0
0.001388888888888888 0.03307692307692308 0
0.001388888888888887 0.03346153846153847 0
0.001388888888888888 0.03384615384615385 0
0.001388888888888887 0.03423076923076923 0
0.001388888888888887 0.03461538461538462 0
0.002777777777777771 0.03038461538461538 0
0.002777777777777772 0.03076923076923077 0
0.002777777777777773 0.03115384615384616 0
0.002777777777777773 0.03153846153846154 0
0.002777777777777772 0.03192307692307692 0
0.002777777777777773 0.03230769230769231 0
0.002777777777777772 0.03269230769230769 0
0.002777777777777773 0.03307692307692308 0
0.002777777777777773 0.03346153846153847 0
0.002777777777777773 0.03384615384615385 0
0.002777777777777773 0.03423076923076923 0
0.002777777777777772 0.03461538461538462 0
0.004166666666666661 0.03038461538461538 0
0.004166666666666661 0.03076923076923077 0
0.004166666666666661 0.03115384615384616 0
0.004166666666666661 0.03153846153846154 0
0.004166666666666661 0.03192307692307692 0
0.004166666666666661 0.03230769230769231 0
0.004166666666666661 0.03269230769230769 0
0.004166666666666661 0.03307692307692308 0
0.004166666666666661 0.03346153846153847 0
0.004166666666666661 0.03384615384615385 0
0.004166666666666661 0.03423076923076923 0
0.004166666666666661 0.03461538461538462 0
0.005555555555555551 0.03038461538461538 0
0.00555555555555555 0.03076923076923077 0
0.00555555555555555 0.03115384615384616 0
0.00555555555555555 0.03153846153846154 0
0.005555555555555551 0.03192307692307693 0
0.005555555555555551 0.03230769230769231 0
0.00555555555555555 0.03269230769230769 0
0.005555555555555551 0.03307692307692308 0
0.005555555555555551 0.03346153846153847 0
0.00555555555555555 0.03384615384615385 0
0.005555555555555551 0.03423076923076923 0
0.005555555555555551 0.03461538461538462 0
0.006944444444444439 0.03038461538461539 0
0.00694444444444444 0.03076923076923077 0
0.00694444444444444 0.03115384615384616 0
0.00694444444444444 0.03153846153846154 0
0.00694444444444444 0.03192307692307692 0
0.00694444444444444 0.03230769230769231 0
0.00694444444444444 0.03269230769230769 0
0.00694444444444444 0.03307692307692308 0
0.00694444444444444 0.03346153846153847 0
0.00694444444444444 0.03384615384615385 0
0.00694444444444444 0.03423076923076923 0
0.006944444444444439 0.03461538461538462 0
0.008333333333333326 0.03038461538461538 0
0.008333333333333326 0.03076923076923077 0
0.008333333333333325 0.03115384615384616 0
0.008333333333333326 0.03153846153846154 0
0.008333333333333326 0.03192307692307692 0
0.008333333333333326 0.03230769230769231 0
0.008333333333333326 0.03269230769230769 0
0.008333333333333326 0.03307692307692308 0
0.008333333333333326 0.03346153846153847 0
0.008333333333333326 0.03384615384615385 0
0.008333333333333326 0.03423076923076923 0
0.008333333333333326 0.03461538461538462 0
0.009722222222222217 0.03038461538461538 0
0.009722222222222219 0.03076923076923077 0
0.009722222222222217 0.03115384615384616 0
0.009722222222222217 0.03153846153846154 0
0.009722222222222217 0.03192307692307692 0
0.009722222222222217 0.03230769230769231 0
0.009722222222222217 0.03269230769230769 0
0.009722222222222217 0.03307692307692308 0
0.009722222222222217 0.03346153846153847 0
0.009722222222222219 0.03384615384615385 0
0.009722222222222219 0.03423076923076923 0
0.009722222222222217 0.03461538461538462 0
0.01111111111111111 0.03038461538461538 0
0.01111111111111111 0.03076923076923077 0
0.01111111111111111 0.03115384615384616 0
0.01111111111111111 0.03153846153846154 0
0.01111111111111111 0.03192307692307692 0
0.01111111111111111 0.03230769230769231 0
0.01111111111111111 0.03269230769230769 0
0.01111111111111111 0.03307692307692308 0
0.01111111111111111 0.03346153846153847 0
0.01111111111111111 0.03384615384615385 0
0.01111111111111111 0.03423076923076923 0
0.01111111111111111 0.03461538461538462 0
0.001388888888888887 0.0301923076923077 0
0.0006944444444444437 0.03038461538461538 0
0.001388888888888888 0.03057692307692308 0
0.0006944444444444446 0.03076923076923077 0
0.001388888888888889 0.03096153846153846 0
0.0006944444444444437 0.03115384615384616 0
0.001388888888888887 0.03134615384615385 0
0.0006944444444444437 0.03153846153846154 0
0.001388888888888887 0.03173076923076924 0
0.0006944444444444437 0.03192307692307692 0
0.001388888888888887 0.03211538461538462 0
0.0006944444444444437 0.03230769230769231 0
0.001388888888888887 0.0325 0
0.0006944444444444437 0.03269230769230769 0
0.001388888888888887 0.03288461538461539 0
0.0006944444444444437 0.03307692307692308 0
0.001388888888888887 0.03326923076923077 0
0.0006944444444444437 0.03346153846153847 0
0.001388888888888887 0.03365384615384616 0
0.0006944444444444437 0.03384615384615385 0
0.001388888888888887 0.03403846153846154 0
0.0006944444444444437 0.03423076923076923 0
0.001388888888888887 0.03442307692307692 0
0.0006944444444444437 0.03461538461538462 0
0.001388888888888887 0.03480769230769231 0
0.002777777777777772 0.0301923076923077 0
0.002083333333333329 0.03038461538461538 0
0.002777777777777771 0.03057692307692308 0
0.00208333333333333 0.03076923076923077 0
0.002777777777777772 0.03096153846153846 0
0.002083333333333331 0.03115384615384616 0
0.002777777777777773 0.03134615384615385 0
0.00208333333333333 0.03153846153846154 0
0.002777777777777773 0.03173076923076924 0
0.002083333333333329 0.03192307692307692 0
0.002777777777777773 0.03211538461538462 0
0.00208333333333333 0.03230769230769231 0
0.002777777777777773 0.0325 0
0.002083333333333329 0.03269230769230769 0
0.002777777777777772 0.03288461538461539 0
0.00208333333333333 0.03307692307692308 0
0.002777777777777773 0.03326923076923077 0
0.00208333333333333 0.03346153846153847 0
0.002777777777777773 0.03365384615384616 0
0.002083333333333331 0.03384615384615385 0
0.002777777777777773 0.03403846153846155 0
0.00208333333333333 0.03423076923076923 0
0.002777777777777772 0.03442307692307692 0
0.002083333333333329 0.03461538461538462 0
0.002777777777777773 0.03480769230769231 0
0.004166666666666661 0.0301923076923077 0
0.003472222222222216 0.03038461538461538 0
0.004166666666666661 0.03057692307692308 0
0.003472222222222216 0.03076923076923077 0
0.004166666666666661 0.03096153846153846 0
0.003472222222222217 0.03115384615384616 0
0.004166666666666661 0.03134615384615385 0
0.003472222222222217 0.03153846153846154 0
0.004166666666666661 0.03173076923076923 0
0.003472222222222216 0.03192307692307692 0
0.004166666666666661 0.03211538461538462 0
0.003472222222222217 0.03230769230769231 0
0.004166666666666661 0.0325 0
0.003472222222222216 0.03269230769230769 0
0.004166666666666661 0.03288461538461539 0
0.003472222222222217 0.03307692307692308 0
0.004166666666666661 0.03326923076923077 0
0.003472222222222217 0.03346153846153847 0
0.004166666666666661 0.03365384615384616 0
0.003472222222222217 0.03384615384615385 0
0.004166666666666661 0.03403846153846154 0
0.003472222222222217 0.03423076923076923 0
0.004166666666666661 0.03442307692307692 0
0.003472222222222216 0.03461538461538462 0
0.004166666666666661 0.03480769230769231 0
0.005555555555555551 0.0301923076923077 0
0.004861111111111106 0.03038461538461538 0
0.005555555555555551 0.03057692307692308 0
0.004861111111111105 0.03076923076923077 0
0.00555555555555555 0.03096153846153846 0
0.004861111111111105 0.03115384615384616 0
0.00555555555555555 0.03134615384615385 0
0.004861111111111105 0.03153846153846154 0
0.00555555555555555 0.03173076923076924 0
0.004861111111111106 0.03192307692307692 0
0.005555555555555551 0.03211538461538462 0
0.004861111111111106 0.03230769230769231 0
0.005555555555555551 0.0325 0
0.004861111111111105 0.03269230769230769 0
0.005555555555555551 0.03288461538461539 0
0.004861111111111106 0.03307692307692308 0
0.005555555555555551 0.03326923076923077 0
0.004861111111111106 0.03346153846153847 0
0.005555555555555551 0.03365384615384616 0
0.004861111111111106 0.03384615384615385 0
0.005555555555555551 0.03403846153846155 0
0.004861111111111106 0.03423076923076923 0
0.005555555555555551 0.03442307692307692 0
0.004861111111111106 0.03461538461538462 0
0.005555555555555551 0.03480769230769231 0
0.00694444444444444 0.0301923076923077 0
0.006249999999999995 0.03038461538461538 0
0.00694444444444444 0.03057692307692308 0
0.006249999999999995 0.03076923076923077 0
0.00694444444444444 0.03096153846153846 0
0.006249999999999995 0.03115384615384616 0
0.00694444444444444 0.03134615384615385 0
0.006249999999999995 0.03153846153846154 0
0.00694444444444444 0.03173076923076924 0
0.006249999999999995 0.03192307692307692 0
0.00694444444444444 0.03211538461538462 0
0.006249999999999995 0.03230769230769231 0
0.00694444444444444 0.0325 0
0.006249999999999995 0.03269230769230769 0
0.00694444444444444 0.03288461538461539 0
0.006249999999999995 0.03307692307692308 0
0.00694444444444444 0.03326923076923077 0
0.006249999999999995 0.03346153846153847 0
0.00694444444444444 0.03365384615384616 0
0.006249999999999995 0.03384615384615385 0
0.00694444444444444 0.03403846153846155 0
0.006249999999999995 0.03423076923076923 0
0.00694444444444444 0.03442307692307692 0
0.006249999999999995 0.03461538461538462 0
0.00694444444444444 0.03480769230769231 0
0.008333333333333326 0.0301923076923077 0
0.007638888888888883 0.03038461538461538 0
0.008333333333333326 0.03057692307692308 0
0.007638888888888883 0.03076923076923077 0
0.008333333333333326 0.03096153846153846 0
0.007638888888888883 0.03115384615384616 0
0.008333333333333326 0.03134615384615385 0
0.007638888888888883 0.03153846153846154 0
0.008333333333333326 0.03173076923076924 0
0.007638888888888883 0.03192307692307692 0
0.008333333333333326 0.03211538461538462 0
0.007638888888888883 0.03230769230769231 0
0.008333333333333326 0.0325 0
0.007638888888888883 0.03269230769230769 0
0.008333333333333326 0.03288461538461539 0
0.007638888888888883 0.03307692307692308 0
0.008333333333333326 0.03326923076923077 0
0.007638888888888883 0.03346153846153847 0
0.008333333333333326 0.03365384615384616 0
0.007638888888888883 0.03384615384615385 0
0.008333333333333326 0.03403846153846154 0
0.007638888888888883 0.03423076923076923 0
0.008333333333333326 0.03442307692307692 0
0.007638888888888883 0.03461538461538462 0
0.008333333333333326 0.03480769230769231 0
0.009722222222222217 0.0301923076923077 0
0.009027777777777772 0.03038461538461538 0
0.009722222222222217 0.03057692307692308 0
0.009027777777777772 0.03076923076923077 0
0.009722222222222217 0.03096153846153846 0
0.009027777777777772 0.03115384615384616 0
0.009722222222222217 0.03134615384615385 0
0.009027777777777772 0.03153846153846154 0
0.009722222222222217 0.03173076923076924 0
0.009027777777777772 0.03192307692307692 0
0.009722222222222217 0.03211538461538462 0
0.009027777777777772 0.03230769230769231 0
0.009722222222222217 0.0325 0
0.009027777777777772 0.03269230769230769 0
0.009722222222222217 0.03288461538461539 0
0.009027777777777772 0.03307692307692308 0
0.009722222222222217 0.03326923076923077 0
0.009027777777777772 0.03346153846153847 0
0.009722222222222217 0.03365384615384616 0
0.009027777777777772 0.03384615384615385 0
0.009722222222222219 0.03403846153846155 0
0.009027777777777773 0.03423076923076923 0
0.009722222222222219 0.03442307692307692 0
0.009027777777777772 0.03461538461538462 0
0.009722222222222217 0.03480769230769231 0
0.01111111111111111 0.0301923076923077 0
0.01041666666666666 0.03038461538461538 0
0.01111111111111111 0.03057692307692308 0
0.01041666666666666 0.03076923076923077 0
0.01111111111111111 0.03096153846153846 0
0.01041666666666666 0.03115384615384616 0
0.01111111111111111 0.03134615384615385 0
0.01041666666666666 0.03153846153846154 0
0.01111111111111111 0.03173076923076924 0
0.01041666666666666 0.03192307692307692 0
0.01111111111111111 0.03211538461538462 0
0.01041666666666666 0.03230769230769231 0
0.01111111111111111 0.0325 0
0.01041666666666666 0.03269230769230769 0
0.01111111111111111 0.03288461538461539 0
0.01041666666666666 0.03307692307692308 0
0.01111111111111111 0.03326923076923077 0
0.01041666666666666 0.03346153846153847 0
0.01111111111111111 0.03365384615384616 0
0.01041666666666666 0.03384615384615385 0
0.01111111111111111 0.03403846153846155 0
0.01041666666666666 0.03423076923076923 0
0.01111111111111111 0.03442307692307692 0
0.01041666666666666 0.03461538461538462 0
0.01111111111111111 0.03480769230769231 0
0.01180555555555556 0.03038461538461538 0
0.01180555555555556 0.03076923076923077 0
0.01180555555555556 0.03115384615384616 0
0.01180555555555556 0.03153846153846154 0
0.01180555555555556 0.03192307692307692 0
0.01180555555555556 0.03230769230769231 0
0.01180555555555556 0.03269230769230769 0
0.01180555555555556 0.03307692307692308 0
0.01180555555555556 0.03346153846153847 0
0.01180555555555556 0.03384615384615385 0
0.01180555555555556 0.03423076923076923 0
0.01180555555555556 0.03461538461538462 0
$EndNodes
$Elements
14 1802 1 1802
0 2 15 1
1 2 
0 13 15 1
2 10 
1 1 8 9
3 1 19 27 
4 19 20 28 
5 20 21 29 
6 21 22 30 
7 22 23 31 
8 23 24 32 
9 24 25 33 
10 25 26 34 
11 26 2 35 
1 5 8 9
12 2 103 111 
13 103 104 112 
14 104 105 113 
15 105 106 114 
16 106 107 115 
17 107 108 116 
18 108 109 117 
19 109 110 118 
20 110 5 119 
1 19 8 9
21 10 221 229 
22 221 222 230 
23 222 223 231 
24 223 224 232 
25 224 225 233 
26 225 226 234 
27 226 227 235 
28 227 228 236 
29 228 11 237 
1 22 8 9
30 12 288 296 
31 288 289 297 
32 289 290 298 
33 290 291 299 
34 291 292 300 
35 292 293 301 
36 293 294 302 
37 294 295 303 
38 295 10 304 
2 1 16 117
39 1 19 653 89 27 749 750 102 
40 89 653 654 88 750 751 752 101 
41 88 654 655 87 752 753 754 100 
42 87 655 656 86 754 755 756 99 
43 86 656 657 85 756 757 758 98 
44 85 657 658 84 758 759 760 97 
45 84 658 659 83 760 761 762 96 
46 83 659 660 82 762 763 764 95 
47 82 660 661 81 764 765 766 94 
48 81 661 662 80 766 767 768 93 
49 80 662 663 79 768 769 770 92 
50 79 663 664 78 770 771 772 91 
51 78 664 68 4 772 773 77 90 
52 19 20 665 653 28 774 775 749 
53 653 665 666 654 775 776 777 751 
54 654 666 667 655 777 778 779 753 
55 655 667 668 656 779 780 781 755 
56 656 668 669 657 781 782 783 757 
57 657 669 670 658 783 784 785 759 
58 658 670 671 659 785 786 787 761 
59 659 671 672 660 787 788 789 763 
60 660 672 673 661 789 790 791 765 
61 661 673 674 662 791 792 793 767 
62 662 674 675 663 793 794 795 769 
63 663 675 676 664 795 796 797 771 
64 664 676 67 68 797 798 76 773 
65 20 21 677 665 29 799 800 774 
66 665 677 678 666 800 801 802 776 
67 666 678 679 667 802 803 804 778 
68 667 679 680 668 804 805 806 780 
69 668 680 681 669 806 807 808 782 
70 669 681 682 670 808 809 810 784 
71 670 682 683 671 810 811 812 786 
72 671 683 684 672 812 813 814 788 
73 672 684 685 673 814 815 816 790 
74 673 685 686 674 816 817 818 792 
75 674 686 687 675 818 819 820 794 
76 675 687 688 676 820 821 822 796 
77 676 688 66 67 822 823 75 798 
78 21 22 689 677 30 824 825 799 
79 677 689 690 678 825 826 827 801 
80 678 690 691 679 827 828 829 803 
81 679 691 692 680 829 830 831 805 
82 680 692 693 681 831 832 833 807 
83 681 693 694 682 833 834 835 809 
84 682 694 695 683 835 836 837 811 
85 683 695 696 684 837 838 839 813 
86 684 696 697 685 839 840 841 815 
87 685 697 698 686 841 842 843 817 
88 686 698 699 687 843 844 845 819 
89 687 699 700 688 845 846 847 821 
90 688 700 65 66 847 848 74 823 
91 22 23 701 689 31 849 850 824 
92 689 701 702 690 850 851 852 826 
93 690 702 703 691 852 853 854 828 
94 691 703 704 692 854 855 856 830 
95 692 704 705 693 856 857 858 832 
96 693 705 706 694 858 859 860 834 
97 694 706 707 695 860 861 862 836 
98 695 707 708 696 862 863 864 838 
99 696 708 709 697 864 865 866 840 
100 697 709 710 698 866 867 868 842 
101 698 710 711 699 868 869 870 844 
102 699 711 712 700 870 871 872 846 
103 700 712 64 65 872 873 73 848 
104 23 24 713 701 32 874 875 849 
105 701 713 714 702 875 876 877 851 
106 702 714 715 703 877 878 879 853 
107 703 715 716 704 879 880 881 855 
108 704 716 717 705 881 882 883 857 
109 705 717 718 706 883 884 885 859 
110 706 718 719 707 885 886 887 861 
111 707 719 720 708 887 888 889 863 
112 708 720 721 709 889 890 891 865 
113 709 721 722 710 891 892 893 867 
114 710 722 723 711 893 894 895 869 
115 711 723 724 712 895 896 897 871 
116 712 724 63 64 897 898 72 873 
117 24 25 725 713 33 899 900 874 
118 713 725 726 714 900 901 902 876 
119 714 726 727 715 902 903 904 878 
120 715 727 728 716 904 905 906 880 
121 716 728 729 717 906 907 908 882 
122 717 729 730 718 908 909 910 884 
123 718 730 731 719 910 911 912 886 
124 719 731 732 720 912 913 914 888 
125 720 732 733 721 914 915 916 890 
126 721 733 734 722 916 917 918 892 
127 722 734 735 723 918 919 920 894 
128 723 735 736 724 920 921 922 896 
129 724 736 62 63 922 923 71 898 
130 25 26 737 725 34 924 925 899 
131 725 737 738 726 925 926 927 901 
132 726 738 739 727 927 928 929 903 
133 727 739 740 728 929 930 931 905 
134 728 740 741 729 931 932 933 907 
135 729 741 742 730 933 934 935 909 
136 730 742 743 731 935 936 937 911 
137 731 743 744 732 937 938 939 913 
138 732 744 745 733 939 940 941 915 
139 733 745 746 734 941 942 943 917 
140 734 746 747 735 943 944 945 919 
141 735 747 748 736 945 946 947 921 
142 736 748 61 62 947 948 70 923 
143 26 2 36 737 35 48 949 924 
144 737 36 37 738 949 49 950 926 
145 738 37 38 739 950 50 951 928 
146 739 38 39 740 951 51 952 930 
147 740 39 40 741 952 52 953 932 
148 741 40 41 742 953 53 954 934 
149 742 41 42 743 954 54 955 936 
150 743 42 43 744 955 55 956 938 
151 744 43 44 745 956 56 957 940 
152 745 44 45 746 957 57 958 942 
153 746 45 46 747 958 58 959 944 
154 747 46 47 748 959 59 960 946 
155 748 47 3 61 960 60 69 948 
2 5 16 117
156 2 103 961 36 111 1057 1058 48 
157 36 961 962 37 1058 1059 1060 49 
158 37 962 963 38 1060 1061 1062 50 
159 38 963 964 39 1062 1063 1064 51 
160 39 964 965 40 1064 1065 1066 52 
161 40 965 966 41 1066 1067 1068 53 
162 41 966 967 42 1068 1069 1070 54 
163 42 967 968 43 1070 1071 1072 55 
164 43 968 969 44 1072 1073 1074 56 
165 44 969 970 45 1074 1075 1076 57 
166 45 970 971 46 1076 1077 1078 58 
167 46 971 972 47 1078 1079 1080 59 
168 47 972 152 3 1080 1081 161 60 
169 103 104 973 961 112 1082 1083 1057 
170 961 973 974 962 1083 1084 1085 1059 
171 962 974 975 963 1085 1086 1087 1061 
172 963 975 976 964 1087 1088 1089 1063 
173 964 976 977 965 1089 1090 1091 1065 
174 965 977 978 966 1091 1092 1093 1067 
175 966 978 979 967 1093 1094 1095 1069 
176 967 979 980 968 1095 1096 1097 1071 
177 968 980 981 969 1097 1098 1099 1073 
178 969 981 982 970 1099 1100 1101 1075 
179 970 982 983 971 1101 1102 1103 1077 
180 971 983 984 972 1103 1104 1105 1079 
181 972 984 151 152 1105 1106 160 1081 
182 104 105 985 973 113 1107 1108 1082 
183 973 985 986 974 1108 1109 1110 1084 
184 974 986 987 975 1110 1111 1112 1086 
185 975 987 988 976 1112 1113 1114 1088 
186 976 988 989 977 1114 1115 1116 1090 
187 977 989 990 978 1116 1117 1118 1092 
188 978 990 991 979 1118 1119 1120 1094 
189 979 991 992 980 1120 1121 1122 1096 
190 980 992 993 981 1122 1123 1124 1098 
191 981 993 994 982 1124 1125 1126 1100 
192 982 994 995 983 1126 1127 1128 1102 
193 983 995 996 984 1128 1129 1130 1104 
194 984 996 150 151 1130 1131 159 1106 
195 105 106 997 985 114 1132 1133 1107 
196 985 997 998 986 1133 1134 1135 1109 
197 986 998 999 987 1135 1136 1137 1111 
198 987 999 1000 988 1137 1138 1139 1113 
199 988 1000 1001 989 1139 1140 1141 1115 
200 989 1001 1002 990 1141 1142 1143 1117 
201 990 1002 1003 991 1143 1144 1145 1119 
202 991 1003 1004 992 1145 1146 1147 1121 
203 992 1004 1005 993 1147 1148 1149 1123 
204 993 1005 1006 994 1149 1150 1151 1125 
205 994 1006 1007 995 1151 1152 1153 1127 
206 995 1007 1008 996 1153 1154 1155 1129 
207 996 1008 149 150 1155 1156 158 1131 
208 106 107 1009 997 115 1157 1158 1132 
209 997 1009 1010 998 1158 1159 1160 1134 
210 998 1010 1011 999 1160 1161 1162 1136 
211 999 1011 1012 1000 1162 1163 1164 1138 
212 1000 1012 1013 1001 1164 1165 1166 1140 
213 1001 1013 1014 1002 1166 1167 1168 1142 
214 1002 1014 1015 1003 1168 1169 1170 1144 
215 1003 1015 1016 1004 1170 1171 1172 1146 
216 1004 1016 1017 1005 1172 1173 1174 1148 
217 1005 1017 1018 1006 1174 1175 1176 1150 
218 1006 1018 1019 1007 1176 1177 1178 1152 
219 1007 1019 1020 1008 1178 1179 1180 1154 
220 1008 1020 148 149 1180 1181 157 1156 
221 107 108 1021 1009 116 1182 1183 1157 
222 1009 1021 1022 1010 1183 1184 1185 1159 
223 1010 1022 1023 1011 1185 1186 1187 1161 
224 1011 1023 1024 1012 1187 1188 1189 1163 
225 1012 1024 1025 1013 1189 1190 1191 1165 
226 1013 1025 1026 1014 1191 1192 1193 1167 
227 1014 1026 1027 1015 1193 1194 1195 1169 
228 1015 1027 1028 1016 1195 1196 1197 1171 
229 1016 1028 1029 1017 1197 1198 1199 1173 
230 1017 1029 1030 1018 1199 1200 1201 1175 
231 1018 1030 1031 1019 1201 1202 1203 1177 
232 1019 1031 1032 1020 1203 1204 1205 1179 
233 1020 1032 147 148 1205 1206 156 1181 
234 108 109 1033 1021 117 1207 1208 1182 
235 1021 1033 1034 1022 1208 1209 1210 1184 
236 1022 1034 1035 1023 1210 1211 1212 1186 
237 1023 1035 1036 1024 1212 1213 1214 1188 
238 1024 1036 1037 1025 1214 1215 1216 1190 
239 1025 1037 1038 1026 1216 1217 1218 1192 
240 1026 1038 1039 1027 1218 1219 1220 1194 
241 1027 1039 1040 1028 1220 1221 1222 1196 
242 1028 1040 1041 1029 1222 1223 1224 1198 
243 1029 1041 1042 1030 1224 1225 1226 1200 
244 1030 1042 1043 1031 1226 1227 1228 1202 
245 1031 1043 1044 1032 1228 1229 1230 1204 
246 1032 1044 146 147 1230 1231 155 1206 
247 109 110 1045 1033 118 1232 1233 1207 
248 1033 1045 1046 1034 1233 1234 1235 1209 
249 1034 1046 1047 1035 1235 1236 1237 1211 
250 1035 1047 1048 1036 1237 1238 1239 1213 
251 1036 1048 1049 1037 1239 1240 1241 1215 
252 1037 1049 1050 1038 1241 1242 1243 1217 
253 1038 1050 1051 1039 1243 1244 1245 1219 
254 1039 1051 1052 1040 1245 1246 1247 1221 
255 1040 1052 1053 1041 1247 1248 1249 1223 
256 1041 1053 1054 1042 1249 1250 1251 1225 
257 1042 1054 1055 1043 1251 1252 1253 1227 
258 1043 1055 1056 1044 1253 1254 1255 1229 
259 1044 1056 145 146 1255 1256 154 1231 
260 110 5 120 1045 119 132 1257 1232 
261 1045 120 121 1046 1257 133 1258 1234 
262 1046 121 122 1047 1258 134 1259 1236 
263 1047 122 123 1048 1259 135 1260 1238 
264 1048 123 124 1049 1260 136 1261 1240 
265 1049 124 125 1050 1261 137 1262 1242 
266 1050 125 126 1051 1262 138 1263 1244 
267 1051 126 127 1052 1263 139 1264 1246 
268 1052 127 128 1053 1264 140 1265 1248 
269 1053 128 129 1054 1265 141 1266 1250 
270 1054 129 130 1055 1266 142 1267 1252 
271 1055 130 131 1056 1267 143 1268 1254 
272 1056 131 6 145 1268 144 153 1256 
2 9 16 324
273 14 322 1269 357 339 1558 1559 374 
274 322 323 1270 1269 340 1560 1561 1558 
275 323 324 1271 1270 341 1562 1563 1560 
276 324 325 1272 1271 342 1564 1565 1562 
277 325 326 1273 1272 343 1566 1567 1564 
278 326 327 1274 1273 344 1568 1569 1566 
279 327 328 1275 1274 345 1570 1571 1568 
280 328 329 1276 1275 346 1572 1573 1570 
281 329 330 1277 1276 347 1574 1575 1572 
282 330 331 1278 1277 348 1576 1577 1574 
283 331 332 1279 1278 349 1578 1579 1576 
284 332 333 1280 1279 350 1580 1581 1578 
285 333 334 1281 1280 351 1582 1583 1580 
286 334 335 1282 1281 352 1584 1585 1582 
287 335 336 1283 1282 353 1586 1587 1584 
288 336 337 1284 1283 354 1588 1589 1586 
289 337 338 1285 1284 355 1590 1591 1588 
290 338 13 305 1285 356 313 1592 1590 
291 357 1269 1286 358 1559 1593 1594 375 
292 1269 1270 1287 1286 1561 1595 1596 1593 
293 1270 1271 1288 1287 1563 1597 1598 1595 
294 1271 1272 1289 1288 1565 1599 1600 1597 
295 1272 1273 1290 1289 1567 1601 1602 1599 
296 1273 1274 1291 1290 1569 1603 1604 1601 
297 1274 1275 1292 1291 1571 1605 1606 1603 
298 1275 1276 1293 1292 1573 1607 1608 1605 
299 1276 1277 1294 1293 1575 1609 1610 1607 
300 1277 1278 1295 1294 1577 1611 1612 1609 
301 1278 1279 1296 1295 1579 1613 1614 1611 
302 1279 1280 1297 1296 1581 1615 1616 1613 
303 1280 1281 1298 1297 1583 1617 1618 1615 
304 1281 1282 1299 1298 1585 1619 1620 1617 
305 1282 1283 1300 1299 1587 1621 1622 1619 
306 1283 1284 1301 1300 1589 1623 1624 1621 
307 1284 1285 1302 1301 1591 1625 1626 1623 
308 1285 305 306 1302 1592 314 1627 1625 
309 358 1286 1303 359 1594 1628 1629 376 
310 1286 1287 1304 1303 1596 1630 1631 1628 
311 1287 1288 1305 1304 1598 1632 1633 1630 
312 1288 1289 1306 1305 1600 1634 1635 1632 
313 1289 1290 1307 1306 1602 1636 1637 1634 
314 1290 1291 1308 1307 1604 1638 1639 1636 
315 1291 1292 1309 1308 1606 1640 1641 1638 
316 1292 1293 1310 1309 1608 1642 1643 1640 
317 1293 1294 1311 1310 1610 1644 1645 1642 
318 1294 1295 1312 1311 1612 1646 1647 1644 
319 1295 1296 1313 1312 1614 1648 1649 1646 
320 1296 1297 1314 1313 1616 1650 1651 1648 
321 1297 1298 1315 1314 1618 1652 1653 1650 
322 1298 1299 1316 1315 1620 1654 1655 1652 
323 1299 1300 1317 1316 1622 1656 1657 1654 
324 1300 1301 1318 1317 1624 1658 1659 1656 
325 1301 1302 1319 1318 1626 1660 1661 1658 
326 1302 306 307 1319 1627 315 1662 1660 
327 359 1303 1320 360 1629 1663 1664 377 
328 1303 1304 1321 1320 1631 1665 1666 1663 
329 1304 1305 1322 1321 1633 1667 1668 1665 
330 1305 1306 1323 1322 1635 1669 1670 1667 
331 1306 1307 1324 1323 1637 1671 1672 1669 
332 1307 1308 1325 1324 1639 1673 1674 1671 
333 1308 1309 1326 1325 1641 1675 1676 1673 
334 1309 1310 1327 1326 1643 1677 1678 1675 
335 1310 1311 1328 1327 1645 1679 1680 1677 
336 1311 1312 1329 1328 1647 1681 1682 1679 
337 1312 1313 1330 1329 1649 1683 1684 1681 
338 1313 1314 1331 1330 1651 1685 1686 1683 
339 1314 1315 1332 1331 1653 1687 1688 1685 
340 1315 1316 1333 1332 1655 1689 1690 1687 
341 1316 1317 1334 1333 1657 1691 1692 1689 
342 1317 1318 1335 1334 1659 1693 1694 1691 
343 1318 1319 1336 1335 1661 1695 1696 1693 
344 1319 307 308 1336 1662 316 1697 1695 
345 360 1320 1337 361 1664 1698 1699 378 
346 1320 1321 1338 1337 1666 1700 1701 1698 
347 1321 1322 1339 1338 1668 1702 1703 1700 
348 1322 1323 1340 1339 1670 1704 1705 1702 
349 1323 1324 1341 1340 1672 1706 1707 1704 
350 1324 1325 1342 1341 1674 1708 1709 1706 
351 1325 1326 1343 1342 1676 1710 1711 1708 
352 1326 1327 1344 1343 1678 1712 1713 1710 
353 1327 1328 1345 1344 1680 1714 1715 1712 
354 1328 1329 1346 1345 1682 1716 1717 1714 
355 1329 1330 1347 1346 1684 1718 1719 1716 
356 1330 1331 1348 1347 1686 1720 1721 1718 
357 1331 1332 1349 1348 1688 1722 1723 1720 
358 1332 1333 1350 1349 1690 1724 1725 1722 
359 1333 1334 1351 1350 1692 1726 1727 1724 
360 1334 1335 1352 1351 1694 1728 1729 1726 
361 1335 1336 1353 1352 1696 1730 1731 1728 
362 1336 308 309 1353 1697 317 1732 1730 
363 361 1337 1354 362 1699 1733 1734 379 
364 1337 1338 1355 1354 1701 1735 1736 1733 
365 1338 1339 1356 1355 1703 1737 1738 1735 
366 1339 1340 1357 1356 1705 1739 1740 1737 
367 1340 1341 1358 1357 1707 1741 1742 1739 
368 1341 1342 1359 1358 1709 1743 1744 1741 
369 1342 1343 1360 1359 1711 1745 1746 1743 
370 1343 1344 1361 1360 1713 1747 1748 1745 
371 1344 1345 1362 1361 1715 1749 1750 1747 
372 1345 1346 1363 1362 1717 1751 1752 1749 
373 1346 1347 1364 1363 1719 1753 1754 1751 
374 1347 1348 1365 1364 1721 1755 1756 1753 
375 1348 1349 1366 1365 1723 1757 1758 1755 
376 1349 1350 1367 1366 1725 1759 1760 1757 
377 1350 1351 1368 1367 1727 1761 1762 1759 
378 1351 1352 1369 1368 1729 1763 1764 1761 
379 1352 1353 1370 1369 1731 1765 1766 1763 
380 1353 309 310 1370 1732 318 1767 1765 
381 362 1354 1371 363 1734 1768 1769 380 
382 1354 1355 1372 1371 1736 1770 1771 1768 
383 1355 1356 1373 1372 1738 1772 1773 1770 
384 1356 1357 1374 1373 1740 1774 1775 1772 
385 1357 1358 1375 1374 1742 1776 1777 1774 
386 1358 1359 1376 1375 1744 1778 1779 1776 
387 1359 1360 1377 1376 1746 1780 1781 1778 
388 1360 1361 1378 1377 1748 1782 1783 1780 
389 1361 1362 1379 1378 1750 1784 1785 1782 
390 1362 1363 1380 1379 1752 1786 1787 1784 
391 1363 1364 1381 1380 1754 1788 1789 1786 
392 1364 1365 1382 1381 1756 1790 1791 1788 
393 1365 1366 1383 1382 1758 1792 1793 1790 
394 1366 1367 1384 1383 1760 1794 1795 1792 
395 1367 1368 1385 1384 1762 1796 1797 1794 
396 1368 1369 1386 1385 1764 1798 1799 1796 
397 1369 1370 1387 1386 1766 1800 1801 1798 
398 1370 310 311 1387 1767 319 1802 1800 
399 363 1371 1388 364 1769 1803 1804 381 
400 1371 1372 1389 1388 1771 1805 1806 1803 
401 1372 1373 1390 1389 1773 1807 1808 1805 
402 1373 1374 1391 1390 1775 1809 1810 1807 
403 1374 1375 1392 1391 1777 1811 1812 1809 
404 1375 1376 1393 1392 1779 1813 1814 1811 
405 1376 1377 1394 1393 1781 1815 1816 1813 
406 1377 1378 1395 1394 1783 1817 1818 1815 
407 1378 1379 1396 1395 1785 1819 1820 1817 
408 1379 1380 1397 1396 1787 1821 1822 1819 
409 1380 1381 1398 1397 1789 1823 1824 1821 
410 1381 1382 1399 1398 1791 1825 1826 1823 
411 1382 1383 1400 1399 1793 1827 1828 1825 
412 1383 1384 1401 1400 1795 1829 1830 1827 
413 1384 1385 1402 1401 1797 1831 1832 1829 
414 1385 1386 1403 1402 1799 1833 1834 1831 
415 1386 1387 1404 1403 1801 1835 1836 1833 
416 1387 311 312 1404 1802 320 1837 1835 
417 364 1388 1405 365 1804 1838 1839 382 
418 1388 1389 1406 1405 1806 1840 1841 1838 
419 1389 1390 1407 1406 1808 1842 1843 1840 
420 1390 1391 1408 1407 1810 1844 1845 1842 
421 1391 1392 1409 1408 1812 1846 1847 1844 
422 1392 1393 1410 1409 1814 1848 1849 1846 
423 1393 1394 1411 1410 1816 1850 1851 1848 
424 1394 1395 1412 1411 1818 1852 1853 1850 
425 1395 1396 1413 1412 1820 1854 1855 1852 
426 1396 1397 1414 1413 1822 1856 1857 1854 
427 1397 1398 1415 1414 1824 1858 1859 1856 
428 1398 1399 1416 1415 1826 1860 1861 1858 
429 1399 1400 1417 1416 1828 1862 1863 1860 
430 1400 1401 1418 1417 1830 1864 1865 1862 
431 1401 1402 1419 1418 1832 1866 1867 1864 
432 1402 1403 1420 1419 1834 1868 1869 1866 
433 1403 1404 1421 1420 1836 1870 1871 1868 
434 1404 312 4 1421 1837 321 1872 1870 
435 365 1405 1422 366 1839 1873 1874 383 
436 1405 1406 1423 1422 1841 1875 1876 1873 
437 1406 1407 1424 1423 1843 1877 1878 1875 
438 1407 1408 1425 1424 1845 1879 1880 1877 
439 1408 1409 1426 1425 1847 1881 1882 1879 
440 1409 1410 1427 1426 1849 1883 1884 1881 
441 1410 1411 1428 1427 1851 1885 1886 1883 
442 1411 1412 1429 1428 1853 1887 1888 1885 
443 1412 1413 1430 1429 1855 1889 1890 1887 
444 1413 1414 1431 1430 1857 1891 1892 1889 
445 1414 1415 1432 1431 1859 1893 1894 1891 
446 1415 1416 1433 1432 1861 1895 1896 1893 
447 1416 1417 1434 1433 1863 1897 1898 1895 
448 1417 1418 1435 1434 1865 1899 1900 1897 
449 1418 1419 1436 1435 1867 1901 1902 1899 
450 1419 1420 1437 1436 1869 1903 1904 1901 
451 1420 1421 1438 1437 1871 1905 1906 1903 
452 1421 4 68 1438 1872 77 1907 1905 
453 366 1422 1439 367 1874 1908 1909 384 
454 1422 1423 1440 1439 1876 1910 1911 1908 
455 1423 1424 1441 1440 1878 1912 1913 1910 
456 1424 1425 1442 1441 1880 1914 1915 1912 
457 1425 1426 1443 1442 1882 1916 1917 1914 
458 1426 1427 1444 1443 1884 1918 1919 1916 
459 1427 1428 1445 1444 1886 1920 1921 1918 
460 1428 1429 1446 1445 1888 1922 1923 1920 
461 1429 1430 1447 1446 1890 1924 1925 1922 
462 1430 1431 1448 1447 1892 1926 1927 1924 
463 1431 1432 1449 1448 1894 1928 1929 1926 
464 1432 1433 1450 1449 1896 1930 1931 1928 
465 1433 1434 1451 1450 1898 1932 1933 1930 
466 1434 1435 1452 1451 1900 1934 1935 1932 
467 1435 1436 1453 1452 1902 1936 1937 1934 
468 1436 1437 1454 1453 1904 1938 1939 1936 
469 1437 1438 1455 1454 1906 1940 1941 1938 
470 1438 68 67 1455 1907 76 1942 1940 
471 367 1439 1456 368 1909 1943 1944 385 
472 1439 1440 1457 1456 1911 1945 1946 1943 
473 1440 1441 1458 1457 1913 1947 1948 1945 
474 1441 1442 1459 1458 1915 1949 1950 1947 
475 1442 1443 1460 1459 1917 1951 1952 1949 
476 1443 1444 1461 1460 1919 1953 1954 1951 
477 1444 1445 1462 1461 1921 1955 1956 1953 
478 1445 1446 1463 1462 1923 1957 1958 1955 
479 1446 1447 1464 1463 1925 1959 1960 1957 
480 1447 1448 1465 1464 1927 1961 1962 1959 
481 1448 1449 1466 1465 1929 1963 1964 1961 
482 1449 1450 1467 1466 1931 1965 1966 1963 
483 1450 1451 1468 1467 1933 1967 1968 1965 
484 1451 1452 1469 1468 1935 1969 1970 1967 
485 1452 1453 1470 1469 1937 1971 1972 1969 
486 1453 1454 1471 1470 1939 1973 1974 1971 
487 1454 1455 1472 1471 1941 1975 1976 1973 
488 1455 67 66 1472 1942 75 1977 1975 
489 368 1456 1473 369 1944 1978 1979 386 
490 1456 1457 1474 1473 1946 1980 1981 1978 
491 1457 1458 1475 1474 1948 1982 1983 1980 
492 1458 1459 1476 1475 1950 1984 1985 1982 
493 1459 1460 1477 1476 1952 1986 1987 1984 
494 1460 1461 1478 1477 1954 1988 1989 1986 
495 1461 1462 1479 1478 1956 1990 1991 1988 
496 1462 1463 1480 1479 1958 1992 1993 1990 
497 1463 1464 1481 1480 1960 1994 1995 1992 
498 1464 1465 1482 1481 1962 1996 1997 1994 
499 1465 1466 1483 1482 1964 1998 1999 1996 
500 1466 1467 1484 1483 1966 2000 2001 1998 
501 1467 1468 1485 1484 1968 2002 2003 2000 
502 1468 1469 1486 1485 1970 2004 2005 2002 
503 1469 1470 1487 1486 1972 2006 2007 2004 
504 1470 1471 1488 1487 1974 2008 2009 2006 
505 1471 1472 1489 1488 1976 2010 2011 2008 
506 1472 66 65 1489 1977 74 2012 2010 
507 369 1473 1490 370 1979 2013 2014 387 
508 1473 1474 1491 1490 1981 2015 2016 2013 
509 1474 1475 1492 1491 1983 2017 2018 2015 
510 1475 1476 1493 1492 1985 2019 2020 2017 
511 1476 1477 1494 1493 1987 2021 2022 2019 
512 1477 1478 1495 1494 1989 2023 2024 2021 
513 1478 1479 1496 1495 1991 2025 2026 2023 
514 1479 1480 1497 1496 1993 2027 2028 2025 
515 1480 1481 1498 1497 1995 2029 2030 2027 
516 1481 1482 1499 1498 1997 2031 2032 2029 
517 1482 1483 1500 1499 1999 2033 2034 2031 
518 1483 1484 1501 1500 2001 2035 2036 2033 
519 1484 1485 1502 1501 2003 2037 2038 2035 
520 1485 1486 1503 1502 2005 2039 2040 2037 
521 1486 1487 1504 1503 2007 2041 2042 2039 
522 1487 1488 1505 1504 2009 2043 2044 2041 
523 1488 1489 1506 1505 2011 2045 2046 2043 
524 1489 65 64 1506 2012 73 2047 2045 
525 370 1490 1507 371 2014 2048 2049 388 
526 1490 1491 1508 1507 2016 2050 2051 2048 
527 1491 1492 1509 1508 2018 2052 2053 2050 
528 1492 1493 1510 1509 2020 2054 2055 2052 
529 1493 1494 1511 1510 2022 2056 2057 2054 
530 1494 1495 1512 1511 2024 2058 2059 2056 
531 1495 1496 1513 1512 2026 2060 2061 2058 
532 1496 1497 1514 1513 2028 2062 2063 2060 
533 1497 1498 1515 1514 2030 2064 2065 2062 
534 1498 1499 1516 1515 2032 2066 2067 2064 
535 1499 1500 1517 1516 2034 2068 2069 2066 
536 1500 1501 1518 1517 2036 2070 2071 2068 
537 1501 1502 1519 1518 2038 2072 2073 2070 
538 1502 1503 1520 1519 2040 2074 2075 2072 
539 1503 1504 1521 1520 2042 2076 2077 2074 
540 1504 1505 1522 1521 2044 2078 2079 2076 
541 1505 1506 1523 1522 2046 2080 2081 2078 
542 1506 64 63 1523 2047 72 2082 2080 
543 371 1507 1524 372 2049 2083 2084 389 
544 1507 1508 1525 1524 2051 2085 2086 2083 
545 1508 1509 1526 1525 2053 2087 2088 2085 
546 1509 1510 1527 1526 2055 2089 2090 2087 
547 1510 1511 1528 1527 2057 2091 2092 2089 
548 1511 1512 1529 1528 2059 2093 2094 2091 
549 1512 1513 1530 1529 2061 2095 2096 2093 
550 1513 1514 1531 1530 2063 2097 2098 2095 
551 1514 1515 1532 1531 2065 2099 2100 2097 
552 1515 1516 1533 1532 2067 2101 2102 2099 
553 1516 1517 1534 1533 2069 2103 2104 2101 
554 1517 1518 1535 1534 2071 2105 2106 2103 
555 1518 1519 1536 1535 2073 2107 2108 2105 
556 1519 1520 1537 1536 2075 2109 2110 2107 
557 1520 1521 1538 1537 2077 2111 2112 2109 
558 1521 1522 1539 1538 2079 2113 2114 2111 
559 1522 1523 1540 1539 2081 2115 2116 2113 
560 1523 63 62 1540 2082 71 2117 2115 
561 372 1524 1541 373 2084 2118 2119 390 
562 1524 1525 1542 1541 2086 2120 2121 2118 
563 1525 1526 1543 1542 2088 2122 2123 2120 
564 1526 1527 1544 1543 2090 2124 2125 2122 
565 1527 1528 1545 1544 2092 2126 2127 2124 
566 1528 1529 1546 1545 2094 2128 2129 2126 
567 1529 1530 1547 1546 2096 2130 2131 2128 
568 1530 1531 1548 1547 2098 2132 2133 2130 
569 1531 1532 1549 1548 2100 2134 2135 2132 
570 1532 1533 1550 1549 2102 2136 2137 2134 
571 1533 1534 1551 1550 2104 2138 2139 2136 
572 1534 1535 1552 1551 2106 2140 2141 2138 
573 1535 1536 1553 1552 2108 2142 2143 2140 
574 1536 1537 1554 1553 2110 2144 2145 2142 
575 1537 1538 1555 1554 2112 2146 2147 2144 
576 1538 1539 1556 1555 2114 2148 2149 2146 
577 1539 1540 1557 1556 2116 2150 2151 2148 
578 1540 62 61 1557 2117 70 2152 2150 
579 373 1541 408 15 2119 2153 426 391 
580 1541 1542 407 408 2121 2154 425 2153 
581 1542 1543 406 407 2123 2155 424 2154 
582 1543 1544 405 406 2125 2156 423 2155 
583 1544 1545 404 405 2127 2157 422 2156 
584 1545 1546 403 404 2129 2158 421 2157 
585 1546 1547 402 403 2131 2159 420 2158 
586 1547 1548 401 402 2133 2160 419 2159 
587 1548 1549 400 401 2135 2161 418 2160 
588 1549 1550 399 400 2137 2162 417 2161 
589 1550 1551 398 399 2139 2163 416 2162 
590 1551 1552 397 398 2141 2164 415 2163 
591 1552 1553 396 397 2143 2165 414 2164 
592 1553 1554 395 396 2145 2166 413 2165 
593 1554 1555 394 395 2147 2167 412 2166 
594 1555 1556 393 394 2149 2168 411 2167 
595 1556 1557 392 393 2151 2169 410 2168 
596 1557 61 3 392 2152 69 409 2169 
2 13 16 324
597 15 408 2170 427 426 2459 2460 444 
598 408 407 2171 2170 425 2461 2462 2459 
599 407 406 2172 2171 424 2463 2464 2461 
600 406 405 2173 2172 423 2465 2466 2463 
601 405 404 2174 2173 422 2467 2468 2465 
602 404 403 2175 2174 421 2469 2470 2467 
603 403 402 2176 2175 420 2471 2472 2469 
604 402 401 2177 2176 419 2473 2474 2471 
605 401 400 2178 2177 418 2475 2476 2473 
606 400 399 2179 2178 417 2477 2478 2475 
607 399 398 2180 2179 416 2479 2480 2477 
608 398 397 2181 2180 415 2481 2482 2479 
609 397 396 2182 2181 414 2483 2484 2481 
610 396 395 2183 2182 413 2485 2486 2483 
611 395 394 2184 2183 412 2487 2488 2485 
612 394 393 2185 2184 411 2489 2490 2487 
613 393 392 2186 2185 410 2491 2492 2489 
614 392 3 152 2186 409 161 2493 2491 
615 427 2170 2187 428 2460 2494 2495 445 
616 2170 2171 2188 2187 2462 2496 2497 2494 
617 2171 2172 2189 2188 2464 2498 2499 2496 
618 2172 2173 2190 2189 2466 2500 2501 2498 
619 2173 2174 2191 2190 2468 2502 2503 2500 
620 2174 2175 2192 2191 2470 2504 2505 2502 
621 2175 2176 2193 2192 2472 2506 2507 2504 
622 2176 2177 2194 2193 2474 2508 2509 2506 
623 2177 2178 2195 2194 2476 2510 2511 2508 
624 2178 2179 2196 2195 2478 2512 2513 2510 
625 2179 2180 2197 2196 2480 2514 2515 2512 
626 2180 2181 2198 2197 2482 2516 2517 2514 
627 2181 2182 2199 2198 2484 2518 2519 2516 
628 2182 2183 2200 2199 2486 2520 2521 2518 
629 2183 2184 2201 2200 2488 2522 2523 2520 
630 2184 2185 2202 2201 2490 2524 2525 2522 
631 2185 2186 2203 2202 2492 2526 2527 2524 
632 2186 152 151 2203 2493 160 2528 2526 
633 428 2187 2204 429 2495 2529 2530 446 
634 2187 2188 2205 2204 2497 2531 2532 2529 
635 2188 2189 2206 2205 2499 2533 2534 2531 
636 2189 2190 2207 2206 2501 2535 2536 2533 
637 2190 2191 2208 2207 2503 2537 2538 2535 
638 2191 2192 2209 2208 2505 2539 2540 2537 
639 2192 2193 2210 2209 2507 2541 2542 2539 
640 2193 2194 2211 2210 2509 2543 2544 2541 
641 2194 2195 2212 2211 2511 2545 2546 2543 
642 2195 2196 2213 2212 2513 2547 2548 2545 
643 2196 2197 2214 2213 2515 2549 2550 2547 
644 2197 2198 2215 2214 2517 2551 2552 2549 
645 2198 2199 2216 2215 2519 2553 2554 2551 
646 2199 2200 2217 2216 2521 2555 2556 2553 
647 2200 2201 2218 2217 2523 2557 2558 2555 
648 2201 2202 2219 2218 2525 2559 2560 2557 
649 2202 2203 2220 2219 2527 2561 2562 2559 
650 2203 151 150 2220 2528 159 2563 2561 
651 429 2204 2221 430 2530 2564 2565 447 
652 2204 2205 2222 2221 2532 2566 2567 2564 
653 2205 2206 2223 2222 2534 2568 2569 2566 
654 2206 2207 2224 2223 2536 2570 2571 2568 
655 2207 2208 2225 2224 2538 2572 2573 2570 
656 2208 2209 2226 2225 2540 2574 2575 2572 
657 2209 2210 2227 2226 2542 2576 2577 2574 
658 2210 2211 2228 2227 2544 2578 2579 2576 
659 2211 2212 2229 2228 2546 2580 2581 2578 
660 2212 2213 2230 2229 2548 2582 2583 2580 
661 2213 2214 2231 2230 2550 2584 2585 2582 
662 2214 2215 2232 2231 2552 2586 2587 2584 
663 2215 2216 2233 2232 2554 2588 2589 2586 
664 2216 2217 2234 2233 2556 2590 2591 2588 
665 2217 2218 2235 2234 2558 2592 2593 2590 
666 2218 2219 2236 2235 2560 2594 2595 2592 
667 2219 2220 2237 2236 2562 2596 2597 2594 
668 2220 150 149 2237 2563 158 2598 2596 
669 430 2221 2238 431 2565 2599 2600 448 
670 2221 2222 2239 2238 2567 2601 2602 2599 
671 2222 2223 2240 2239 2569 2603 2604 2601 
672 2223 2224 2241 2240 2571 2605 2606 2603 
673 2224 2225 2242 2241 2573 2607 2608 2605 
674 2225 2226 2243 2242 2575 2609 2610 2607 
675 2226 2227 2244 2243 2577 2611 2612 2609 
676 2227 2228 2245 2244 2579 2613 2614 2611 
677 2228 2229 2246 2245 2581 2615 2616 2613 
678 2229 2230 2247 2246 2583 2617 2618 2615 
679 2230 2231 2248 2247 2585 2619 2620 2617 
680 2231 2232 2249 2248 2587 2621 2622 2619 
681 2232 2233 2250 2249 2589 2623 2624 2621 
682 2233 2234 2251 2250 2591 2625 2626 2623 
683 2234 2235 2252 2251 2593 2627 2628 2625 
684 2235 2236 2253 2252 2595 2629 2630 2627 
685 2236 2237 2254 2253 2597 2631 2632 2629 
686 2237 149 148 2254 2598 157 2633 2631 
687 431 2238 2255 432 2600 2634 2635 449 
688 2238 2239 2256 2255 2602 2636 2637 2634 
689 2239 2240 2257 2256 2604 2638 2639 2636 
690 2240 2241 2258 2257 2606 2640 2641 2638 
691 2241 2242 2259 2258 2608 2642 2643 2640 
692 2242 2243 2260 2259 2610 2644 2645 2642 
693 2243 2244 2261 2260 2612 2646 2647 2644 
694 2244 2245 2262 2261 2614 2648 2649 2646 
695 2245 2246 2263 2262 2616 2650 2651 2648 
696 2246 2247 2264 2263 2618 2652 2653 2650 
697 2247 2248 2265 2264 2620 2654 2655 2652 
698 2248 2249 2266 2265 2622 2656 2657 2654 
699 2249 2250 2267 2266 2624 2658 2659 2656 
700 2250 2251 2268 2267 2626 2660 2661 2658 
701 2251 2252 2269 2268 2628 2662 2663 2660 
702 2252 2253 2270 2269 2630 2664 2665 2662 
703 2253 2254 2271 2270 2632 2666 2667 2664 
704 2254 148 147 2271 2633 156 2668 2666 
705 432 2255 2272 433 2635 2669 2670 450 
706 2255 2256 2273 2272 2637 2671 2672 2669 
707 2256 2257 2274 2273 2639 2673 2674 2671 
708 2257 2258 2275 2274 2641 2675 2676 2673 
709 2258 2259 2276 2275 2643 2677 2678 2675 
710 2259 2260 2277 2276 2645 2679 2680 2677 
711 2260 2261 2278 2277 2647 2681 2682 2679 
712 2261 2262 2279 2278 2649 2683 2684 2681 
713 2262 2263 2280 2279 2651 2685 2686 2683 
714 2263 2264 2281 2280 2653 2687 2688 2685 
715 2264 2265 2282 2281 2655 2689 2690 2687 
716 2265 2266 2283 2282 2657 2691 2692 2689 
717 2266 2267 2284 2283 2659 2693 2694 2691 
718 2267 2268 2285 2284 2661 2695 2696 2693 
719 2268 2269 2286 2285 2663 2697 2698 2695 
720 2269 2270 2287 2286 2665 2699 2700 2697 
721 2270 2271 2288 2287 2667 2701 2702 2699 
722 2271 147 146 2288 2668 155 2703 2701 
723 433 2272 2289 434 2670 2704 2705 451 
724 2272 2273 2290 2289 2672 2706 2707 2704 
725 2273 2274 2291 2290 2674 2708 2709 2706 
726 2274 2275 2292 2291 2676 2710 2711 2708 
727 2275 2276 2293 2292 2678 2712 2713 2710 
728 2276 2277 2294 2293 2680 2714 2715 2712 
729 2277 2278 2295 2294 2682 2716 2717 2714 
730 2278 2279 2296 2295 2684 2718 2719 2716 
731 2279 2280 2297 2296 2686 2720 2721 2718 
732 2280 2281 2298 2297 2688 2722 2723 2720 
733 2281 2282 2299 2298 2690 2724 2725 2722 
734 2282 2283 2300 2299 2692 2726 2727 2724 
735 2283 2284 2301 2300 2694 2728 2729 2726 
736 2284 2285 2302 2301 2696 2730 2731 2728 
737 2285 2286 2303 2302 2698 2732 2733 2730 
738 2286 2287 2304 2303 2700 2734 2735 2732 
739 2287 2288 2305 2304 2702 2736 2737 2734 
740 2288 146 145 2305 2703 154 2738 2736 
741 434 2289 2306 435 2705 2739 2740 452 
742 2289 2290 2307 2306 2707 2741 2742 2739 
743 2290 2291 2308 2307 2709 2743 2744 2741 
744 2291 2292 2309 2308 2711 2745 2746 2743 
745 2292 2293 2310 2309 2713 2747 2748 2745 
746 2293 2294 2311 2310 2715 2749 2750 2747 
747 2294 2295 2312 2311 2717 2751 2752 2749 
748 2295 2296 2313 2312 2719 2753 2754 2751 
749 2296 2297 2314 2313 2721 2755 2756 2753 
750 2297 2298 2315 2314 2723 2757 2758 2755 
751 2298 2299 2316 2315 2725 2759 2760 2757 
752 2299 2300 2317 2316 2727 2761 2762 2759 
753 2300 2301 2318 2317 2729 2763 2764 2761 
754 2301 2302 2319 2318 2731 2765 2766 2763 
755 2302 2303 2320 2319 2733 2767 2768 2765 
756 2303 2304 2321 2320 2735 2769 2770 2767 
757 2304 2305 2322 2321 2737 2771 2772 2769 
758 2305 145 6 2322 2738 153 2773 2771 
759 435 2306 2323 436 2740 2774 2775 453 
760 2306 2307 2324 2323 2742 2776 2777 2774 
761 2307 2308 2325 2324 2744 2778 2779 2776 
762 2308 2309 2326 2325 2746 2780 2781 2778 
763 2309 2310 2327 2326 2748 2782 2783 2780 
764 2310 2311 2328 2327 2750 2784 2785 2782 
765 2311 2312 2329 2328 2752 2786 2787 2784 
766 2312 2313 2330 2329 2754 2788 2789 2786 
767 2313 2314 2331 2330 2756 2790 2791 2788 
768 2314 2315 2332 2331 2758 2792 2793 2790 
769 2315 2316 2333 2332 2760 2794 2795 2792 
770 2316 2317 2334 2333 2762 2796 2797 2794 
771 2317 2318 2335 2334 2764 2798 2799 2796 
772 2318 2319 2336 2335 2766 2800 2801 2798 
773 2319 2320 2337 2336 2768 2802 2803 2800 
774 2320 2321 2338 2337 2770 2804 2805 2802 
775 2321 2322 2339 2338 2772 2806 2807 2804 
776 2322 6 497 2339 2773 505 2808 2806 
777 436 2323 2340 437 2775 2809 2810 454 
778 2323 2324 2341 2340 2777 2811 2812 2809 
779 2324 2325 2342 2341 2779 2813 2814 2811 
780 2325 2326 2343 2342 2781 2815 2816 2813 
781 2326 2327 2344 2343 2783 2817 2818 2815 
782 2327 2328 2345 2344 2785 2819 2820 2817 
783 2328 2329 2346 2345 2787 2821 2822 2819 
784 2329 2330 2347 2346 2789 2823 2824 2821 
785 2330 2331 2348 2347 2791 2825 2826 2823 
786 2331 2332 2349 2348 2793 2827 2828 2825 
787 2332 2333 2350 2349 2795 2829 2830 2827 
788 2333 2334 2351 2350 2797 2831 2832 2829 
789 2334 2335 2352 2351 2799 2833 2834 2831 
790 2335 2336 2353 2352 2801 2835 2836 2833 
791 2336 2337 2354 2353 2803 2837 2838 2835 
792 2337 2338 2355 2354 2805 2839 2840 2837 
793 2338 2339 2356 2355 2807 2841 2842 2839 
794 2339 497 498 2356 2808 506 2843 2841 
795 437 2340 2357 438 2810 2844 2845 455 
796 2340 2341 2358 2357 2812 2846 2847 2844 
797 2341 2342 2359 2358 2814 2848 2849 2846 
798 2342 2343 2360 2359 2816 2850 2851 2848 
799 2343 2344 2361 2360 2818 2852 2853 2850 
800 2344 2345 2362 2361 2820 2854 2855 2852 
801 2345 2346 2363 2362 2822 2856 2857 2854 
802 2346 2347 2364 2363 2824 2858 2859 2856 
803 2347 2348 2365 2364 2826 2860 2861 2858 
804 2348 2349 2366 2365 2828 2862 2863 2860 
805 2349 2350 2367 2366 2830 2864 2865 2862 
806 2350 2351 2368 2367 2832 2866 2867 2864 
807 2351 2352 2369 2368 2834 2868 2869 2866 
808 2352 2353 2370 2369 2836 2870 2871 2868 
809 2353 2354 2371 2370 2838 2872 2873 2870 
810 2354 2355 2372 2371 2840 2874 2875 2872 
811 2355 2356 2373 2372 2842 2876 2877 2874 
812 2356 498 499 2373 2843 507 2878 2876 
813 438 2357 2374 439 2845 2879 2880 456 
814 2357 2358 2375 2374 2847 2881 2882 2879 
815 2358 2359 2376 2375 2849 2883 2884 2881 
816 2359 2360 2377 2376 2851 2885 2886 2883 
817 2360 2361 2378 2377 2853 2887 2888 2885 
818 2361 2362 2379 2378 2855 2889 2890 2887 
819 2362 2363 2380 2379 2857 2891 2892 2889 
820 2363 2364 2381 2380 2859 2893 2894 2891 
821 2364 2365 2382 2381 2861 2895 2896 2893 
822 2365 2366 2383 2382 2863 2897 2898 2895 
823 2366 2367 2384 2383 2865 2899 2900 2897 
824 2367 2368 2385 2384 2867 2901 2902 2899 
825 2368 2369 2386 2385 2869 2903 2904 2901 
826 2369 2370 2387 2386 2871 2905 2906 2903 
827 2370 2371 2388 2387 2873 2907 2908 2905 
828 2371 2372 2389 2388 2875 2909 2910 2907 
829 2372 2373 2390 2389 2877 2911 2912 2909 
830 2373 499 500 2390 2878 508 2913 2911 
831 439 2374 2391 440 2880 2914 2915 457 
832 2374 2375 2392 2391 2882 2916 2917 2914 
833 2375 2376 2393 2392 2884 2918 2919 2916 
834 2376 2377 2394 2393 2886 2920 2921 2918 
835 2377 2378 2395 2394 2888 2922 2923 2920 
836 2378 2379 2396 2395 2890 2924 2925 2922 
837 2379 2380 2397 2396 2892 2926 2927 2924 
838 2380 2381 2398 2397 2894 2928 2929 2926 
839 2381 2382 2399 2398 2896 2930 2931 2928 
840 2382 2383 2400 2399 2898 2932 2933 2930 
841 2383 2384 2401 2400 2900 2934 2935 2932 
842 2384 2385 2402 2401 2902 2936 2937 2934 
843 2385 2386 2403 2402 2904 2938 2939 2936 
844 2386 2387 2404 2403 2906 2940 2941 2938 
845 2387 2388 2405 2404 2908 2942 2943 2940 
846 2388 2389 2406 2405 2910 2944 2945 2942 
847 2389 2390 2407 2406 2912 2946 2947 2944 
848 2390 500 501 2407 2913 509 2948 2946 
849 440 2391 2408 441 2915 2949 2950 458 
850 2391 2392 2409 2408 2917 2951 2952 2949 
851 2392 2393 2410 2409 2919 2953 2954 2951 
852 2393 2394 2411 2410 2921 2955 2956 2953 
853 2394 2395 2412 2411 2923 2957 2958 2955 
854 2395 2396 2413 2412 2925 2959 2960 2957 
855 2396 2397 2414 2413 2927 2961 2962 2959 
856 2397 2398 2415 2414 2929 2963 2964 2961 
857 2398 2399 2416 2415 2931 2965 2966 2963 
858 2399 2400 2417 2416 2933 2967 2968 2965 
859 2400 2401 2418 2417 2935 2969 2970 2967 
860 2401 2402 2419 2418 2937 2971 2972 2969 
861 2402 2403 2420 2419 2939 2973 2974 2971 
862 2403 2404 2421 2420 2941 2975 2976 2973 
863 2404 2405 2422 2421 2943 2977 2978 2975 
864 2405 2406 2423 2422 2945 2979 2980 2977 
865 2406 2407 2424 2423 2947 2981 2982 2979 
866 2407 501 502 2424 2948 510 2983 2981 
867 441 2408 2425 442 2950 2984 2985 459 
868 2408 2409 2426 2425 2952 2986 2987 2984 
869 2409 2410 2427 2426 2954 2988 2989 2986 
870 2410 2411 2428 2427 2956 2990 2991 2988 
871 2411 2412 2429 2428 2958 2992 2993 2990 
872 2412 2413 2430 2429 2960 2994 2995 2992 
873 2413 2414 2431 2430 2962 2996 2997 2994 
874 2414 2415 2432 2431 2964 2998 2999 2996 
875 2415 2416 2433 2432 2966 3000 3001 2998 
876 2416 2417 2434 2433 2968 3002 3003 3000 
877 2417 2418 2435 2434 2970 3004 3005 3002 
878 2418 2419 2436 2435 2972 3006 3007 3004 
879 2419 2420 2437 2436 2974 3008 3009 3006 
880 2420 2421 2438 2437 2976 3010 3011 3008 
881 2421 2422 2439 2438 2978 3012 3013 3010 
882 2422 2423 2440 2439 2980 3014 3015 3012 
883 2423 2424 2441 2440 2982 3016 3017 3014 
884 2424 502 503 2441 2983 511 3018 3016 
885 442 2425 2442 443 2985 3019 3020 460 
886 2425 2426 2443 2442 2987 3021 3022 3019 
887 2426 2427 2444 2443 2989 3023 3024 3021 
888 2427 2428 2445 2444 2991 3025 3026 3023 
889 2428 2429 2446 2445 2993 3027 3028 3025 
890 2429 2430 2447 2446 2995 3029 3030 3027 
891 2430 2431 2448 2447 2997 3031 3032 3029 
892 2431 2432 2449 2448 2999 3033 3034 3031 
893 2432 2433 2450 2449 3001 3035 3036 3033 
894 2433 2434 2451 2450 3003 3037 3038 3035 
895 2434 2435 2452 2451 3005 3039 3040 3037 
896 2435 2436 2453 2452 3007 3041 3042 3039 
897 2436 2437 2454 2453 3009 3043 3044 3041 
898 2437 2438 2455 2454 3011 3045 3046 3043 
899 2438 2439 2456 2455 3013 3047 3048 3045 
900 2439 2440 2457 2456 3015 3049 3050 3047 
901 2440 2441 2458 2457 3017 3051 3052 3049 
902 2441 503 504 2458 3018 512 3053 3051 
903 443 2442 478 16 3020 3054 496 461 
904 2442 2443 477 478 3022 3055 495 3054 
905 2443 2444 476 477 3024 3056 494 3055 
906 2444 2445 475 476 3026 3057 493 3056 
907 2445 2446 474 475 3028 3058 492 3057 
908 2446 2447 473 474 3030 3059 491 3058 
909 2447 2448 472 473 3032 3060 490 3059 
910 2448 2449 471 472 3034 3061 489 3060 
911 2449 2450 470 471 3036 3062 488 3061 
912 2450 2451 469 470 3038 3063 487 3062 
913 2451 2452 468 469 3040 3064 486 3063 
914 2452 2453 467 468 3042 3065 485 3064 
915 2453 2454 466 467 3044 3066 484 3065 
916 2454 2455 465 466 3046 3067 483 3066 
917 2455 2456 464 465 3048 3068 482 3067 
918 2456 2457 463 464 3050 3069 481 3068 
919 2457 2458 462 463 3052 3070 480 3069 
920 2458 504 17 462 3053 513 479 3070 
2 17 16 324
921 14 582 3071 322 600 3360 3361 339 
922 322 3071 3072 323 3361 3362 3363 340 
923 323 3072 3073 324 3363 3364 3365 341 
924 324 3073 3074 325 3365 3366 3367 342 
925 325 3074 3075 326 3367 3368 3369 343 
926 326 3075 3076 327 3369 3370 3371 344 
927 327 3076 3077 328 3371 3372 3373 345 
928 328 3077 3078 329 3373 3374 3375 346 
929 329 3078 3079 330 3375 3376 3377 347 
930 330 3079 3080 331 3377 3378 3379 348 
931 331 3080 3081 332 3379 3380 3381 349 
932 332 3081 3082 333 3381 3382 3383 350 
933 333 3082 3083 334 3383 3384 3385 351 
934 334 3083 3084 335 3385 3386 3387 352 
935 335 3084 3085 336 3387 3388 3389 353 
936 336 3085 3086 337 3389 3390 3391 354 
937 337 3086 3087 338 3391 3392 3393 355 
938 338 3087 521 13 3393 3394 530 356 
939 582 581 3088 3071 599 3395 3396 3360 
940 3071 3088 3089 3072 3396 3397 3398 3362 
941 3072 3089 3090 3073 3398 3399 3400 3364 
942 3073 3090 3091 3074 3400 3401 3402 3366 
943 3074 3091 3092 3075 3402 3403 3404 3368 
944 3075 3092 3093 3076 3404 3405 3406 3370 
945 3076 3093 3094 3077 3406 3407 3408 3372 
946 3077 3094 3095 3078 3408 3409 3410 3374 
947 3078 3095 3096 3079 3410 3411 3412 3376 
948 3079 3096 3097 3080 3412 3413 3414 3378 
949 3080 3097 3098 3081 3414 3415 3416 3380 
950 3081 3098 3099 3082 3416 3417 3418 3382 
951 3082 3099 3100 3083 3418 3419 3420 3384 
952 3083 3100 3101 3084 3420 3421 3422 3386 
953 3084 3101 3102 3085 3422 3423 3424 3388 
954 3085 3102 3103 3086 3424 3425 3426 3390 
955 3086 3103 3104 3087 3426 3427 3428 3392 
956 3087 3104 520 521 3428 3429 529 3394 
957 581 580 3105 3088 598 3430 3431 3395 
958 3088 3105 3106 3089 3431 3432 3433 3397 
959 3089 3106 3107 3090 3433 3434 3435 3399 
960 3090 3107 3108 3091 3435 3436 3437 3401 
961 3091 3108 3109 3092 3437 3438 3439 3403 
962 3092 3109 3110 3093 3439 3440 3441 3405 
963 3093 3110 3111 3094 3441 3442 3443 3407 
964 3094 3111 3112 3095 3443 3444 3445 3409 
965 3095 3112 3113 3096 3445 3446 3447 3411 
966 3096 3113 3114 3097 3447 3448 3449 3413 
967 3097 3114 3115 3098 3449 3450 3451 3415 
968 3098 3115 3116 3099 3451 3452 3453 3417 
969 3099 3116 3117 3100 3453 3454 3455 3419 
970 3100 3117 3118 3101 3455 3456 3457 3421 
971 3101 3118 3119 3102 3457 3458 3459 3423 
972 3102 3119 3120 3103 3459 3460 3461 3425 
973 3103 3120 3121 3104 3461 3462 3463 3427 
974 3104 3121 519 520 3463 3464 528 3429 
975 580 579 3122 3105 597 3465 3466 3430 
976 3105 3122 3123 3106 3466 3467 3468 3432 
977 3106 3123 3124 3107 3468 3469 3470 3434 
978 3107 3124 3125 3108 3470 3471 3472 3436 
979 3108 3125 3126 3109 3472 3473 3474 3438 
980 3109 3126 3127 3110 3474 3475 3476 3440 
981 3110 3127 3128 3111 3476 3477 3478 3442 
982 3111 3128 3129 3112 3478 3479 3480 3444 
983 3112 3129 3130 3113 3480 3481 3482 3446 
984 3113 3130 3131 3114 3482 3483 3484 3448 
985 3114 3131 3132 3115 3484 3485 3486 3450 
986 3115 3132 3133 3116 3486 3487 3488 3452 
987 3116 3133 3134 3117 3488 3489 3490 3454 
988 3117 3134 3135 3118 3490 3491 3492 3456 
989 3118 3135 3136 3119 3492 3493 3494 3458 
990 3119 3136 3137 3120 3494 3495 3496 3460 
991 3120 3137 3138 3121 3496 3497 3498 3462 
992 3121 3138 518 519 3498 3499 527 3464 
993 579 578 3139 3122 596 3500 3501 3465 
994 3122 3139 3140 3123 3501 3502 3503 3467 
995 3123 3140 3141 3124 3503 3504 3505 3469 
996 3124 3141 3142 3125 3505 3506 3507 3471 
997 3125 3142 3143 3126 3507 3508 3509 3473 
998 3126 3143 3144 3127 3509 3510 3511 3475 
999 3127 3144 3145 3128 3511 3512 3513 3477 
1000 3128 3145 3146 3129 3513 3514 3515 3479 
1001 3129 3146 3147 3130 3515 3516 3517 3481 
1002 3130 3147 3148 3131 3517 3518 3519 3483 
1003 3131 3148 3149 3132 3519 3520 3521 3485 
1004 3132 3149 3150 3133 3521 3522 3523 3487 
1005 3133 3150 3151 3134 3523 3524 3525 3489 
1006 3134 3151 3152 3135 3525 3526 3527 3491 
1007 3135 3152 3153 3136 3527 3528 3529 3493 
1008 3136 3153 3154 3137 3529 3530 3531 3495 
1009 3137 3154 3155 3138 3531 3532 3533 3497 
1010 3138 3155 517 518 3533 3534 526 3499 
1011 578 577 3156 3139 595 3535 3536 3500 
1012 3139 3156 3157 3140 3536 3537 3538 3502 
1013 3140 3157 3158 3141 3538 3539 3540 3504 
1014 3141 3158 3159 3142 3540 3541 3542 3506 
1015 3142 3159 3160 3143 3542 3543 3544 3508 
1016 3143 3160 3161 3144 3544 3545 3546 3510 
1017 3144 3161 3162 3145 3546 3547 3548 3512 
1018 3145 3162 3163 3146 3548 3549 3550 3514 
1019 3146 3163 3164 3147 3550 3551 3552 3516 
1020 3147 3164 3165 3148 3552 3553 3554 3518 
1021 3148 3165 3166 3149 3554 3555 3556 3520 
1022 3149 3166 3167 3150 3556 3557 3558 3522 
1023 3150 3167 3168 3151 3558 3559 3560 3524 
1024 3151 3168 3169 3152 3560 3561 3562 3526 
1025 3152 3169 3170 3153 3562 3563 3564 3528 
1026 3153 3170 3171 3154 3564 3565 3566 3530 
1027 3154 3171 3172 3155 3566 3567 3568 3532 
1028 3155 3172 516 517 3568 3569 525 3534 
1029 577 576 3173 3156 594 3570 3571 3535 
1030 3156 3173 3174 3157 3571 3572 3573 3537 
1031 3157 3174 3175 3158 3573 3574 3575 3539 
1032 3158 3175 3176 3159 3575 3576 3577 3541 
1033 3159 3176 3177 3160 3577 3578 3579 3543 
1034 3160 3177 3178 3161 3579 3580 3581 3545 
1035 3161 3178 3179 3162 3581 3582 3583 3547 
1036 3162 3179 3180 3163 3583 3584 3585 3549 
1037 3163 3180 3181 3164 3585 3586 3587 3551 
1038 3164 3181 3182 3165 3587 3588 3589 3553 
1039 3165 3182 3183 3166 3589 3590 3591 3555 
1040 3166 3183 3184 3167 3591 3592 3593 3557 
1041 3167 3184 3185 3168 3593 3594 3595 3559 
1042 3168 3185 3186 3169 3595 3596 3597 3561 
1043 3169 3186 3187 3170 3597 3598 3599 3563 
1044 3170 3187 3188 3171 3599 3600 3601 3565 
1045 3171 3188 3189 3172 3601 3602 3603 3567 
1046 3172 3189 515 516 3603 3604 524 3569 
1047 576 575 3190 3173 593 3605 3606 3570 
1048 3173 3190 3191 3174 3606 3607 3608 3572 
1049 3174 3191 3192 3175 3608 3609 3610 3574 
1050 3175 3192 3193 3176 3610 3611 3612 3576 
1051 3176 3193 3194 3177 3612 3613 3614 3578 
1052 3177 3194 3195 3178 3614 3615 3616 3580 
1053 3178 3195 3196 3179 3616 3617 3618 3582 
1054 3179 3196 3197 3180 3618 3619 3620 3584 
1055 3180 3197 3198 3181 3620 3621 3622 3586 
1056 3181 3198 3199 3182 3622 3623 3624 3588 
1057 3182 3199 3200 3183 3624 3625 3626 3590 
1058 3183 3200 3201 3184 3626 3627 3628 3592 
1059 3184 3201 3202 3185 3628 3629 3630 3594 
1060 3185 3202 3203 3186 3630 3631 3632 3596 
1061 3186 3203 3204 3187 3632 3633 3634 3598 
1062 3187 3204 3205 3188 3634 3635 3636 3600 
1063 3188 3205 3206 3189 3636 3637 3638 3602 
1064 3189 3206 514 515 3638 3639 523 3604 
1065 575 574 3207 3190 592 3640 3641 3605 
1066 3190 3207 3208 3191 3641 3642 3643 3607 
1067 3191 3208 3209 3192 3643 3644 3645 3609 
1068 3192 3209 3210 3193 3645 3646 3647 3611 
1069 3193 3210 3211 3194 3647 3648 3649 3613 
1070 3194 3211 3212 3195 3649 3650 3651 3615 
1071 3195 3212 3213 3196 3651 3652 3653 3617 
1072 3196 3213 3214 3197 3653 3654 3655 3619 
1073 3197 3214 3215 3198 3655 3656 3657 3621 
1074 3198 3215 3216 3199 3657 3658 3659 3623 
1075 3199 3216 3217 3200 3659 3660 3661 3625 
1076 3200 3217 3218 3201 3661 3662 3663 3627 
1077 3201 3218 3219 3202 3663 3664 3665 3629 
1078 3202 3219 3220 3203 3665 3666 3667 3631 
1079 3203 3220 3221 3204 3667 3668 3669 3633 
1080 3204 3221 3222 3205 3669 3670 3671 3635 
1081 3205 3222 3223 3206 3671 3672 3673 3637 
1082 3206 3223 8 514 3673 3674 522 3639 
1083 574 573 3224 3207 591 3675 3676 3640 
1084 3207 3224 3225 3208 3676 3677 3678 3642 
1085 3208 3225 3226 3209 3678 3679 3680 3644 
1086 3209 3226 3227 3210 3680 3681 3682 3646 
1087 3210 3227 3228 3211 3682 3683 3684 3648 
1088 3211 3228 3229 3212 3684 3685 3686 3650 
1089 3212 3229 3230 3213 3686 3687 3688 3652 
1090 3213 3230 3231 3214 3688 3689 3690 3654 
1091 3214 3231 3232 3215 3690 3691 3692 3656 
1092 3215 3232 3233 3216 3692 3693 3694 3658 
1093 3216 3233 3234 3217 3694 3695 3696 3660 
1094 3217 3234 3235 3218 3696 3697 3698 3662 
1095 3218 3235 3236 3219 3698 3699 3700 3664 
1096 3219 3236 3237 3220 3700 3701 3702 3666 
1097 3220 3237 3238 3221 3702 3703 3704 3668 
1098 3221 3238 3239 3222 3704 3705 3706 3670 
1099 3222 3239 3240 3223 3706 3707 3708 3672 
1100 3223 3240 169 8 3708 3709 178 3674 
1101 573 572 3241 3224 590 3710 3711 3675 
1102 3224 3241 3242 3225 3711 3712 3713 3677 
1103 3225 3242 3243 3226 3713 3714 3715 3679 
1104 3226 3243 3244 3227 3715 3716 3717 3681 
1105 3227 3244 3245 3228 3717 3718 3719 3683 
1106 3228 3245 3246 3229 3719 3720 3721 3685 
1107 3229 3246 3247 3230 3721 3722 3723 3687 
1108 3230 3247 3248 3231 3723 3724 3725 3689 
1109 3231 3248 3249 3232 3725 3726 3727 3691 
1110 3232 3249 3250 3233 3727 3728 3729 3693 
1111 3233 3250 3251 3234 3729 3730 3731 3695 
1112 3234 3251 3252 3235 3731 3732 3733 3697 
1113 3235 3252 3253 3236 3733 3734 3735 3699 
1114 3236 3253 3254 3237 3735 3736 3737 3701 
1115 3237 3254 3255 3238 3737 3738 3739 3703 
1116 3238 3255 3256 3239 3739 3740 3741 3705 
1117 3239 3256 3257 3240 3741 3742 3743 3707 
1118 3240 3257 168 169 3743 3744 177 3709 
1119 572 571 3258 3241 589 3745 3746 3710 
1120 3241 3258 3259 3242 3746 3747 3748 3712 
1121 3242 3259 3260 3243 3748 3749 3750 3714 
1122 3243 3260 3261 3244 3750 3751 3752 3716 
1123 3244 3261 3262 3245 3752 3753 3754 3718 
1124 3245 3262 3263 3246 3754 3755 3756 3720 
1125 3246 3263 3264 3247 3756 3757 3758 3722 
1126 3247 3264 3265 3248 3758 3759 3760 3724 
1127 3248 3265 3266 3249 3760 3761 3762 3726 
1128 3249 3266 3267 3250 3762 3763 3764 3728 
1129 3250 3267 3268 3251 3764 3765 3766 3730 
1130 3251 3268 3269 3252 3766 3767 3768 3732 
1131 3252 3269 3270 3253 3768 3769 3770 3734 
1132 3253 3270 3271 3254 3770 3771 3772 3736 
1133 3254 3271 3272 3255 3772 3773 3774 3738 
1134 3255 3272 3273 3256 3774 3775 3776 3740 
1135 3256 3273 3274 3257 3776 3777 3778 3742 
1136 3257 3274 167 168 3778 3779 176 3744 
1137 571 570 3275 3258 588 3780 3781 3745 
1138 3258 3275 3276 3259 3781 3782 3783 3747 
1139 3259 3276 3277 3260 3783 3784 3785 3749 
1140 3260 3277 3278 3261 3785 3786 3787 3751 
1141 3261 3278 3279 3262 3787 3788 3789 3753 
1142 3262 3279 3280 3263 3789 3790 3791 3755 
1143 3263 3280 3281 3264 3791 3792 3793 3757 
1144 3264 3281 3282 3265 3793 3794 3795 3759 
1145 3265 3282 3283 3266 3795 3796 3797 3761 
1146 3266 3283 3284 3267 3797 3798 3799 3763 
1147 3267 3284 3285 3268 3799 3800 3801 3765 
1148 3268 3285 3286 3269 3801 3802 3803 3767 
1149 3269 3286 3287 3270 3803 3804 3805 3769 
1150 3270 3287 3288 3271 3805 3806 3807 3771 
1151 3271 3288 3289 3272 3807 3808 3809 3773 
1152 3272 3289 3290 3273 3809 3810 3811 3775 
1153 3273 3290 3291 3274 3811 3812 3813 3777 
1154 3274 3291 166 167 3813 3814 175 3779 
1155 570 569 3292 3275 587 3815 3816 3780 
1156 3275 3292 3293 3276 3816 3817 3818 3782 
1157 3276 3293 3294 3277 3818 3819 3820 3784 
1158 3277 3294 3295 3278 3820 3821 3822 3786 
1159 3278 3295 3296 3279 3822 3823 3824 3788 
1160 3279 3296 3297 3280 3824 3825 3826 3790 
1161 3280 3297 3298 3281 3826 3827 3828 3792 
1162 3281 3298 3299 3282 3828 3829 3830 3794 
1163 3282 3299 3300 3283 3830 3831 3832 3796 
1164 3283 3300 3301 3284 3832 3833 3834 3798 
1165 3284 3301 3302 3285 3834 3835 3836 3800 
1166 3285 3302 3303 3286 3836 3837 3838 3802 
1167 3286 3303 3304 3287 3838 3839 3840 3804 
1168 3287 3304 3305 3288 3840 3841 3842 3806 
1169 3288 3305 3306 3289 3842 3843 3844 3808 
1170 3289 3306 3307 3290 3844 3845 3846 3810 
1171 3290 3307 3308 3291 3846 3847 3848 3812 
1172 3291 3308 165 166 3848 3849 174 3814 
1173 569 568 3309 3292 586 3850 3851 3815 
1174 3292 3309 3310 3293 3851 3852 3853 3817 
1175 3293 3310 3311 3294 3853 3854 3855 3819 
1176 3294 3311 3312 3295 3855 3856 3857 3821 
1177 3295 3312 3313 3296 3857 3858 3859 3823 
1178 3296 3313 3314 3297 3859 3860 3861 3825 
1179 3297 3314 3315 3298 3861 3862 3863 3827 
1180 3298 3315 3316 3299 3863 3864 3865 3829 
1181 3299 3316 3317 3300 3865 3866 3867 3831 
1182 3300 3317 3318 3301 3867 3868 3869 3833 
1183 3301 3318 3319 3302 3869 3870 3871 3835 
1184 3302 3319 3320 3303 3871 3872 3873 3837 
1185 3303 3320 3321 3304 3873 3874 3875 3839 
1186 3304 3321 3322 3305 3875 3876 3877 3841 
1187 3305 3322 3323 3306 3877 3878 3879 3843 
1188 3306 3323 3324 3307 3879 3880 3881 3845 
1189 3307 3324 3325 3308 3881 3882 3883 3847 
1190 3308 3325 164 165 3883 3884 173 3849 
1191 568 567 3326 3309 585 3885 3886 3850 
1192 3309 3326 3327 3310 3886 3887 3888 3852 
1193 3310 3327 3328 3311 3888 3889 3890 3854 
1194 3311 3328 3329 3312 3890 3891 3892 3856 
1195 3312 3329 3330 3313 3892 3893 3894 3858 
1196 3313 3330 3331 3314 3894 3895 3896 3860 
1197 3314 3331 3332 3315 3896 3897 3898 3862 
1198 3315 3332 3333 3316 3898 3899 3900 3864 
1199 3316 3333 3334 3317 3900 3901 3902 3866 
1200 3317 3334 3335 3318 3902 3903 3904 3868 
1201 3318 3335 3336 3319 3904 3905 3906 3870 
1202 3319 3336 3337 3320 3906 3907 3908 3872 
1203 3320 3337 3338 3321 3908 3909 3910 3874 
1204 3321 3338 3339 3322 3910 3911 3912 3876 
1205 3322 3339 3340 3323 3912 3913 3914 3878 
1206 3323 3340 3341 3324 3914 3915 3916 3880 
1207 3324 3341 3342 3325 3916 3917 3918 3882 
1208 3325 3342 163 164 3918 3919 172 3884 
1209 567 566 3343 3326 584 3920 3921 3885 
1210 3326 3343 3344 3327 3921 3922 3923 3887 
1211 3327 3344 3345 3328 3923 3924 3925 3889 
1212 3328 3345 3346 3329 3925 3926 3927 3891 
1213 3329 3346 3347 3330 3927 3928 3929 3893 
1214 3330 3347 3348 3331 3929 3930 3931 3895 
1215 3331 3348 3349 3332 3931 3932 3933 3897 
1216 3332 3349 3350 3333 3933 3934 3935 3899 
1217 3333 3350 3351 3334 3935 3936 3937 3901 
1218 3334 3351 3352 3335 3937 3938 3939 3903 
1219 3335 3352 3353 3336 3939 3940 3941 3905 
1220 3336 3353 3354 3337 3941 3942 3943 3907 
1221 3337 3354 3355 3338 3943 3944 3945 3909 
1222 3338 3355 3356 3339 3945 3946 3947 3911 
1223 3339 3356 3357 3340 3947 3948 3949 3913 
1224 3340 3357 3358 3341 3949 3950 3951 3915 
1225 3341 3358 3359 3342 3951 3952 3953 3917 
1226 3342 3359 162 163 3953 3954 171 3919 
1227 566 18 531 3343 583 548 3955 3920 
1228 3343 531 532 3344 3955 549 3956 3922 
1229 3344 532 533 3345 3956 550 3957 3924 
1230 3345 533 534 3346 3957 551 3958 3926 
1231 3346 534 535 3347 3958 552 3959 3928 
1232 3347 535 536 3348 3959 553 3960 3930 
1233 3348 536 537 3349 3960 554 3961 3932 
1234 3349 537 538 3350 3961 555 3962 3934 
1235 3350 538 539 3351 3962 556 3963 3936 
1236 3351 539 540 3352 3963 557 3964 3938 
1237 3352 540 541 3353 3964 558 3965 3940 
1238 3353 541 542 3354 3965 559 3966 3942 
1239 3354 542 543 3355 3966 560 3967 3944 
1240 3355 543 544 3356 3967 561 3968 3946 
1241 3356 544 545 3357 3968 562 3969 3948 
1242 3357 545 546 3358 3969 563 3970 3950 
1243 3358 546 547 3359 3970 564 3971 3952 
1244 3359 547 7 162 3971 565 170 3954 
2 21 16 324
1245 16 478 3972 601 496 4261 4262 618 
1246 478 477 3973 3972 495 4263 4264 4261 
1247 477 476 3974 3973 494 4265 4266 4263 
1248 476 475 3975 3974 493 4267 4268 4265 
1249 475 474 3976 3975 492 4269 4270 4267 
1250 474 473 3977 3976 491 4271 4272 4269 
1251 473 472 3978 3977 490 4273 4274 4271 
1252 472 471 3979 3978 489 4275 4276 4273 
1253 471 470 3980 3979 488 4277 4278 4275 
1254 470 469 3981 3980 487 4279 4280 4277 
1255 469 468 3982 3981 486 4281 4282 4279 
1256 468 467 3983 3982 485 4283 4284 4281 
1257 467 466 3984 3983 484 4285 4286 4283 
1258 466 465 3985 3984 483 4287 4288 4285 
1259 465 464 3986 3985 482 4289 4290 4287 
1260 464 463 3987 3986 481 4291 4292 4289 
1261 463 462 3988 3987 480 4293 4294 4291 
1262 462 17 636 3988 479 644 4295 4293 
1263 601 3972 3989 602 4262 4296 4297 619 
1264 3972 3973 3990 3989 4264 4298 4299 4296 
1265 3973 3974 3991 3990 4266 4300 4301 4298 
1266 3974 3975 3992 3991 4268 4302 4303 4300 
1267 3975 3976 3993 3992 4270 4304 4305 4302 
1268 3976 3977 3994 3993 4272 4306 4307 4304 
1269 3977 3978 3995 3994 4274 4308 4309 4306 
1270 3978 3979 3996 3995 4276 4310 4311 4308 
1271 3979 3980 3997 3996 4278 4312 4313 4310 
1272 3980 3981 3998 3997 4280 4314 4315 4312 
1273 3981 3982 3999 3998 4282 4316 4317 4314 
1274 3982 3983 4000 3999 4284 4318 4319 4316 
1275 3983 3984 4001 4000 4286 4320 4321 4318 
1276 3984 3985 4002 4001 4288 4322 4323 4320 
1277 3985 3986 4003 4002 4290 4324 4325 4322 
1278 3986 3987 4004 4003 4292 4326 4327 4324 
1279 3987 3988 4005 4004 4294 4328 4329 4326 
1280 3988 636 637 4005 4295 645 4330 4328 
1281 602 3989 4006 603 4297 4331 4332 620 
1282 3989 3990 4007 4006 4299 4333 4334 4331 
1283 3990 3991 4008 4007 4301 4335 4336 4333 
1284 3991 3992 4009 4008 4303 4337 4338 4335 
1285 3992 3993 4010 4009 4305 4339 4340 4337 
1286 3993 3994 4011 4010 4307 4341 4342 4339 
1287 3994 3995 4012 4011 4309 4343 4344 4341 
1288 3995 3996 4013 4012 4311 4345 4346 4343 
1289 3996 3997 4014 4013 4313 4347 4348 4345 
1290 3997 3998 4015 4014 4315 4349 4350 4347 
1291 3998 3999 4016 4015 4317 4351 4352 4349 
1292 3999 4000 4017 4016 4319 4353 4354 4351 
1293 4000 4001 4018 4017 4321 4355 4356 4353 
1294 4001 4002 4019 4018 4323 4357 4358 4355 
1295 4002 4003 4020 4019 4325 4359 4360 4357 
1296 4003 4004 4021 4020 4327 4361 4362 4359 
1297 4004 4005 4022 4021 4329 4363 4364 4361 
1298 4005 637 638 4022 4330 646 4365 4363 
1299 603 4006 4023 604 4332 4366 4367 621 
1300 4006 4007 4024 4023 4334 4368 4369 4366 
1301 4007 4008 4025 4024 4336 4370 4371 4368 
1302 4008 4009 4026 4025 4338 4372 4373 4370 
1303 4009 4010 4027 4026 4340 4374 4375 4372 
1304 4010 4011 4028 4027 4342 4376 4377 4374 
1305 4011 4012 4029 4028 4344 4378 4379 4376 
1306 4012 4013 4030 4029 4346 4380 4381 4378 
1307 4013 4014 4031 4030 4348 4382 4383 4380 
1308 4014 4015 4032 4031 4350 4384 4385 4382 
1309 4015 4016 4033 4032 4352 4386 4387 4384 
1310 4016 4017 4034 4033 4354 4388 4389 4386 
1311 4017 4018 4035 4034 4356 4390 4391 4388 
1312 4018 4019 4036 4035 4358 4392 4393 4390 
1313 4019 4020 4037 4036 4360 4394 4395 4392 
1314 4020 4021 4038 4037 4362 4396 4397 4394 
1315 4021 4022 4039 4038 4364 4398 4399 4396 
1316 4022 638 639 4039 4365 647 4400 4398 
1317 604 4023 4040 605 4367 4401 4402 622 
1318 4023 4024 4041 4040 4369 4403 4404 4401 
1319 4024 4025 4042 4041 4371 4405 4406 4403 
1320 4025 4026 4043 4042 4373 4407 4408 4405 
1321 4026 4027 4044 4043 4375 4409 4410 4407 
1322 4027 4028 4045 4044 4377 4411 4412 4409 
1323 4028 4029 4046 4045 4379 4413 4414 4411 
1324 4029 4030 4047 4046 4381 4415 4416 4413 
1325 4030 4031 4048 4047 4383 4417 4418 4415 
1326 4031 4032 4049 4048 4385 4419 4420 4417 
1327 4032 4033 4050 4049 4387 4421 4422 4419 
1328 4033 4034 4051 4050 4389 4423 4424 4421 
1329 4034 4035 4052 4051 4391 4425 4426 4423 
1330 4035 4036 4053 4052 4393 4427 4428 4425 
1331 4036 4037 4054 4053 4395 4429 4430 4427 
1332 4037 4038 4055 4054 4397 4431 4432 4429 
1333 4038 4039 4056 4055 4399 4433 4434 4431 
1334 4039 639 640 4056 4400 648 4435 4433 
1335 605 4040 4057 606 4402 4436 4437 623 
1336 4040 4041 4058 4057 4404 4438 4439 4436 
1337 4041 4042 4059 4058 4406 4440 4441 4438 
1338 4042 4043 4060 4059 4408 4442 4443 4440 
1339 4043 4044 4061 4060 4410 4444 4445 4442 
1340 4044 4045 4062 4061 4412 4446 4447 4444 
1341 4045 4046 4063 4062 4414 4448 4449 4446 
1342 4046 4047 4064 4063 4416 4450 4451 4448 
1343 4047 4048 4065 4064 4418 4452 4453 4450 
1344 4048 4049 4066 4065 4420 4454 4455 4452 
1345 4049 4050 4067 4066 4422 4456 4457 4454 
1346 4050 4051 4068 4067 4424 4458 4459 4456 
1347 4051 4052 4069 4068 4426 4460 4461 4458 
1348 4052 4053 4070 4069 4428 4462 4463 4460 
1349 4053 4054 4071 4070 4430 4464 4465 4462 
1350 4054 4055 4072 4071 4432 4466 4467 4464 
1351 4055 4056 4073 4072 4434 4468 4469 4466 
1352 4056 640 641 4073 4435 649 4470 4468 
1353 606 4057 4074 607 4437 4471 4472 624 
1354 4057 4058 4075 4074 4439 4473 4474 4471 
1355 4058 4059 4076 4075 4441 4475 4476 4473 
1356 4059 4060 4077 4076 4443 4477 4478 4475 
1357 4060 4061 4078 4077 4445 4479 4480 4477 
1358 4061 4062 4079 4078 4447 4481 4482 4479 
1359 4062 4063 4080 4079 4449 4483 4484 4481 
1360 4063 4064 4081 4080 4451 4485 4486 4483 
1361 4064 4065 4082 4081 4453 4487 4488 4485 
1362 4065 4066 4083 4082 4455 4489 4490 4487 
1363 4066 4067 4084 4083 4457 4491 4492 4489 
1364 4067 4068 4085 4084 4459 4493 4494 4491 
1365 4068 4069 4086 4085 4461 4495 4496 4493 
1366 4069 4070 4087 4086 4463 4497 4498 4495 
1367 4070 4071 4088 4087 4465 4499 4500 4497 
1368 4071 4072 4089 4088 4467 4501 4502 4499 
1369 4072 4073 4090 4089 4469 4503 4504 4501 
1370 4073 641 642 4090 4470 650 4505 4503 
1371 607 4074 4091 608 4472 4506 4507 625 
1372 4074 4075 4092 4091 4474 4508 4509 4506 
1373 4075 4076 4093 4092 4476 4510 4511 4508 
1374 4076 4077 4094 4093 4478 4512 4513 4510 
1375 4077 4078 4095 4094 4480 4514 4515 4512 
1376 4078 4079 4096 4095 4482 4516 4517 4514 
1377 4079 4080 4097 4096 4484 4518 4519 4516 
1378 4080 4081 4098 4097 4486 4520 4521 4518 
1379 4081 4082 4099 4098 4488 4522 4523 4520 
1380 4082 4083 4100 4099 4490 4524 4525 4522 
1381 4083 4084 4101 4100 4492 4526 4527 4524 
1382 4084 4085 4102 4101 4494 4528 4529 4526 
1383 4085 4086 4103 4102 4496 4530 4531 4528 
1384 4086 4087 4104 4103 4498 4532 4533 4530 
1385 4087 4088 4105 4104 4500 4534 4535 4532 
1386 4088 4089 4106 4105 4502 4536 4537 4534 
1387 4089 4090 4107 4106 4504 4538 4539 4536 
1388 4090 642 643 4107 4505 651 4540 4538 
1389 608 4091 4108 609 4507 4541 4542 626 
1390 4091 4092 4109 4108 4509 4543 4544 4541 
1391 4092 4093 4110 4109 4511 4545 4546 4543 
1392 4093 4094 4111 4110 4513 4547 4548 4545 
1393 4094 4095 4112 4111 4515 4549 4550 4547 
1394 4095 4096 4113 4112 4517 4551 4552 4549 
1395 4096 4097 4114 4113 4519 4553 4554 4551 
1396 4097 4098 4115 4114 4521 4555 4556 4553 
1397 4098 4099 4116 4115 4523 4557 4558 4555 
1398 4099 4100 4117 4116 4525 4559 4560 4557 
1399 4100 4101 4118 4117 4527 4561 4562 4559 
1400 4101 4102 4119 4118 4529 4563 4564 4561 
1401 4102 4103 4120 4119 4531 4565 4566 4563 
1402 4103 4104 4121 4120 4533 4567 4568 4565 
1403 4104 4105 4122 4121 4535 4569 4570 4567 
1404 4105 4106 4123 4122 4537 4571 4572 4569 
1405 4106 4107 4124 4123 4539 4573 4574 4571 
1406 4107 643 9 4124 4540 652 4575 4573 
1407 609 4108 4125 610 4542 4576 4577 627 
1408 4108 4109 4126 4125 4544 4578 4579 4576 
1409 4109 4110 4127 4126 4546 4580 4581 4578 
1410 4110 4111 4128 4127 4548 4582 4583 4580 
1411 4111 4112 4129 4128 4550 4584 4585 4582 
1412 4112 4113 4130 4129 4552 4586 4587 4584 
1413 4113 4114 4131 4130 4554 4588 4589 4586 
1414 4114 4115 4132 4131 4556 4590 4591 4588 
1415 4115 4116 4133 4132 4558 4592 4593 4590 
1416 4116 4117 4134 4133 4560 4594 4595 4592 
1417 4117 4118 4135 4134 4562 4596 4597 4594 
1418 4118 4119 4136 4135 4564 4598 4599 4596 
1419 4119 4120 4137 4136 4566 4600 4601 4598 
1420 4120 4121 4138 4137 4568 4602 4603 4600 
1421 4121 4122 4139 4138 4570 4604 4605 4602 
1422 4122 4123 4140 4139 4572 4606 4607 4604 
1423 4123 4124 4141 4140 4574 4608 4609 4606 
1424 4124 9 179 4141 4575 187 4610 4608 
1425 610 4125 4142 611 4577 4611 4612 628 
1426 4125 4126 4143 4142 4579 4613 4614 4611 
1427 4126 4127 4144 4143 4581 4615 4616 4613 
1428 4127 4128 4145 4144 4583 4617 4618 4615 
1429 4128 4129 4146 4145 4585 4619 4620 4617 
1430 4129 4130 4147 4146 4587 4621 4622 4619 
1431 4130 4131 4148 4147 4589 4623 4624 4621 
1432 4131 4132 4149 4148 4591 4625 4626 4623 
1433 4132 4133 4150 4149 4593 4627 4628 4625 
1434 4133 4134 4151 4150 4595 4629 4630 4627 
1435 4134 4135 4152 4151 4597 4631 4632 4629 
1436 4135 4136 4153 4152 4599 4633 4634 4631 
1437 4136 4137 4154 4153 4601 4635 4636 4633 
1438 4137 4138 4155 4154 4603 4637 4638 4635 
1439 4138 4139 4156 4155 4605 4639 4640 4637 
1440 4139 4140 4157 4156 4607 4641 4642 4639 
1441 4140 4141 4158 4157 4609 4643 4644 4641 
1442 4141 179 180 4158 4610 188 4645 4643 
1443 611 4142 4159 612 4612 4646 4647 629 
1444 4142 4143 4160 4159 4614 4648 4649 4646 
1445 4143 4144 4161 4160 4616 4650 4651 4648 
1446 4144 4145 4162 4161 4618 4652 4653 4650 
1447 4145 4146 4163 4162 4620 4654 4655 4652 
1448 4146 4147 4164 4163 4622 4656 4657 4654 
1449 4147 4148 4165 4164 4624 4658 4659 4656 
1450 4148 4149 4166 4165 4626 4660 4661 4658 
1451 4149 4150 4167 4166 4628 4662 4663 4660 
1452 4150 4151 4168 4167 4630 4664 4665 4662 
1453 4151 4152 4169 4168 4632 4666 4667 4664 
1454 4152 4153 4170 4169 4634 4668 4669 4666 
1455 4153 4154 4171 4170 4636 4670 4671 4668 
1456 4154 4155 4172 4171 4638 4672 4673 4670 
1457 4155 4156 4173 4172 4640 4674 4675 4672 
1458 4156 4157 4174 4173 4642 4676 4677 4674 
1459 4157 4158 4175 4174 4644 4678 4679 4676 
1460 4158 180 181 4175 4645 189 4680 4678 
1461 612 4159 4176 613 4647 4681 4682 630 
1462 4159 4160 4177 4176 4649 4683 4684 4681 
1463 4160 4161 4178 4177 4651 4685 4686 4683 
1464 4161 4162 4179 4178 4653 4687 4688 4685 
1465 4162 4163 4180 4179 4655 4689 4690 4687 
1466 4163 4164 4181 4180 4657 4691 4692 4689 
1467 4164 4165 4182 4181 4659 4693 4694 4691 
1468 4165 4166 4183 4182 4661 4695 4696 4693 
1469 4166 4167 4184 4183 4663 4697 4698 4695 
1470 4167 4168 4185 4184 4665 4699 4700 4697 
1471 4168 4169 4186 4185 4667 4701 4702 4699 
1472 4169 4170 4187 4186 4669 4703 4704 4701 
1473 4170 4171 4188 4187 4671 4705 4706 4703 
1474 4171 4172 4189 4188 4673 4707 4708 4705 
1475 4172 4173 4190 4189 4675 4709 4710 4707 
1476 4173 4174 4191 4190 4677 4711 4712 4709 
1477 4174 4175 4192 4191 4679 4713 4714 4711 
1478 4175 181 182 4192 4680 190 4715 4713 
1479 613 4176 4193 614 4682 4716 4717 631 
1480 4176 4177 4194 4193 4684 4718 4719 4716 
1481 4177 4178 4195 4194 4686 4720 4721 4718 
1482 4178 4179 4196 4195 4688 4722 4723 4720 
1483 4179 4180 4197 4196 4690 4724 4725 4722 
1484 4180 4181 4198 4197 4692 4726 4727 4724 
1485 4181 4182 4199 4198 4694 4728 4729 4726 
1486 4182 4183 4200 4199 4696 4730 4731 4728 
1487 4183 4184 4201 4200 4698 4732 4733 4730 
1488 4184 4185 4202 4201 4700 4734 4735 4732 
1489 4185 4186 4203 4202 4702 4736 4737 4734 
1490 4186 4187 4204 4203 4704 4738 4739 4736 
1491 4187 4188 4205 4204 4706 4740 4741 4738 
1492 4188 4189 4206 4205 4708 4742 4743 4740 
1493 4189 4190 4207 4206 4710 4744 4745 4742 
1494 4190 4191 4208 4207 4712 4746 4747 4744 
1495 4191 4192 4209 4208 4714 4748 4749 4746 
1496 4192 182 183 4209 4715 191 4750 4748 
1497 614 4193 4210 615 4717 4751 4752 632 
1498 4193 4194 4211 4210 4719 4753 4754 4751 
1499 4194 4195 4212 4211 4721 4755 4756 4753 
1500 4195 4196 4213 4212 4723 4757 4758 4755 
1501 4196 4197 4214 4213 4725 4759 4760 4757 
1502 4197 4198 4215 4214 4727 4761 4762 4759 
1503 4198 4199 4216 4215 4729 4763 4764 4761 
1504 4199 4200 4217 4216 4731 4765 4766 4763 
1505 4200 4201 4218 4217 4733 4767 4768 4765 
1506 4201 4202 4219 4218 4735 4769 4770 4767 
1507 4202 4203 4220 4219 4737 4771 4772 4769 
1508 4203 4204 4221 4220 4739 4773 4774 4771 
1509 4204 4205 4222 4221 4741 4775 4776 4773 
1510 4205 4206 4223 4222 4743 4777 4778 4775 
1511 4206 4207 4224 4223 4745 4779 4780 4777 
1512 4207 4208 4225 4224 4747 4781 4782 4779 
1513 4208 4209 4226 4225 4749 4783 4784 4781 
1514 4209 183 184 4226 4750 192 4785 4783 
1515 615 4210 4227 616 4752 4786 4787 633 
1516 4210 4211 4228 4227 4754 4788 4789 4786 
1517 4211 4212 4229 4228 4756 4790 4791 4788 
1518 4212 4213 4230 4229 4758 4792 4793 4790 
1519 4213 4214 4231 4230 4760 4794 4795 4792 
1520 4214 4215 4232 4231 4762 4796 4797 4794 
1521 4215 4216 4233 4232 4764 4798 4799 4796 
1522 4216 4217 4234 4233 4766 4800 4801 4798 
1523 4217 4218 4235 4234 4768 4802 4803 4800 
1524 4218 4219 4236 4235 4770 4804 4805 4802 
1525 4219 4220 4237 4236 4772 4806 4807 4804 
1526 4220 4221 4238 4237 4774 4808 4809 4806 
1527 4221 4222 4239 4238 4776 4810 4811 4808 
1528 4222 4223 4240 4239 4778 4812 4813 4810 
1529 4223 4224 4241 4240 4780 4814 4815 4812 
1530 4224 4225 4242 4241 4782 4816 4817 4814 
1531 4225 4226 4243 4242 4784 4818 4819 4816 
1532 4226 184 185 4243 4785 193 4820 4818 
1533 616 4227 4244 617 4787 4821 4822 634 
1534 4227 4228 4245 4244 4789 4823 4824 4821 
1535 4228 4229 4246 4245 4791 4825 4826 4823 
1536 4229 4230 4247 4246 4793 4827 4828 4825 
1537 4230 4231 4248 4247 4795 4829 4830 4827 
1538 4231 4232 4249 4248 4797 4831 4832 4829 
1539 4232 4233 4250 4249 4799 4833 4834 4831 
1540 4233 4234 4251 4250 4801 4835 4836 4833 
1541 4234 4235 4252 4251 4803 4837 4838 4835 
1542 4235 4236 4253 4252 4805 4839 4840 4837 
1543 4236 4237 4254 4253 4807 4841 4842 4839 
1544 4237 4238 4255 4254 4809 4843 4844 4841 
1545 4238 4239 4256 4255 4811 4845 4846 4843 
1546 4239 4240 4257 4256 4813 4847 4848 4845 
1547 4240 4241 4258 4257 4815 4849 4850 4847 
1548 4241 4242 4259 4258 4817 4851 4852 4849 
1549 4242 4243 4260 4259 4819 4853 4854 4851 
1550 4243 185 186 4260 4820 194 4855 4853 
1551 617 4244 531 18 4822 4856 548 635 
1552 4244 4245 532 531 4824 4857 549 4856 
1553 4245 4246 533 532 4826 4858 550 4857 
1554 4246 4247 534 533 4828 4859 551 4858 
1555 4247 4248 535 534 4830 4860 552 4859 
1556 4248 4249 536 535 4832 4861 553 4860 
1557 4249 4250 537 536 4834 4862 554 4861 
1558 4250 4251 538 537 4836 4863 555 4862 
1559 4251 4252 539 538 4838 4864 556 4863 
1560 4252 4253 540 539 4840 4865 557 4864 
1561 4253 4254 541 540 4842 4866 558 4865 
1562 4254 4255 542 541 4844 4867 559 4866 
1563 4255 4256 543 542 4846 4868 560 4867 
1564 4256 4257 544 543 4848 4869 561 4868 
1565 4257 4258 545 544 4850 4870 562 4869 
1566 4258 4259 546 545 4852 4871 563 4870 
1567 4259 4260 547 546 4854 4872 564 4871 
1568 4260 186 7 547 4855 195 565 4872 
2 25 16 117
1569 8 169 4873 249 178 4969 4970 262 
1570 249 4873 4874 248 4970 4971 4972 261 
1571 248 4874 4875 247 4972 4973 4974 260 
1572 247 4875 4876 246 4974 4975 4976 259 
1573 246 4876 4877 245 4976 4977 4978 258 
1574 245 4877 4878 244 4978 4979 4980 257 
1575 244 4878 4879 243 4980 4981 4982 256 
1576 243 4879 4880 242 4982 4983 4984 255 
1577 242 4880 4881 241 4984 4985 4986 254 
1578 241 4881 4882 240 4986 4987 4988 253 
1579 240 4882 4883 239 4988 4989 4990 252 
1580 239 4883 4884 238 4990 4991 4992 251 
1581 238 4884 228 11 4992 4993 237 250 
1582 169 168 4885 4873 177 4994 4995 4969 
1583 4873 4885 4886 4874 4995 4996 4997 4971 
1584 4874 4886 4887 4875 4997 4998 4999 4973 
1585 4875 4887 4888 4876 4999 5000 5001 4975 
1586 4876 4888 4889 4877 5001 5002 5003 4977 
1587 4877 4889 4890 4878 5003 5004 5005 4979 
1588 4878 4890 4891 4879 5005 5006 5007 4981 
1589 4879 4891 4892 4880 5007 5008 5009 4983 
1590 4880 4892 4893 4881 5009 5010 5011 4985 
1591 4881 4893 4894 4882 5011 5012 5013 4987 
1592 4882 4894 4895 4883 5013 5014 5015 4989 
1593 4883 4895 4896 4884 5015 5016 5017 4991 
1594 4884 4896 227 228 5017 5018 236 4993 
1595 168 167 4897 4885 176 5019 5020 4994 
1596 4885 4897 4898 4886 5020 5021 5022 4996 
1597 4886 4898 4899 4887 5022 5023 5024 4998 
1598 4887 4899 4900 4888 5024 5025 5026 5000 
1599 4888 4900 4901 4889 5026 5027 5028 5002 
1600 4889 4901 4902 4890 5028 5029 5030 5004 
1601 4890 4902 4903 4891 5030 5031 5032 5006 
1602 4891 4903 4904 4892 5032 5033 5034 5008 
1603 4892 4904 4905 4893 5034 5035 5036 5010 
1604 4893 4905 4906 4894 5036 5037 5038 5012 
1605 4894 4906 4907 4895 5038 5039 5040 5014 
1606 4895 4907 4908 4896 5040 5041 5042 5016 
1607 4896 4908 226 227 5042 5043 235 5018 
1608 167 166 4909 4897 175 5044 5045 5019 
1609 4897 4909 4910 4898 5045 5046 5047 5021 
1610 4898 4910 4911 4899 5047 5048 5049 5023 
1611 4899 4911 4912 4900 5049 5050 5051 5025 
1612 4900 4912 4913 4901 5051 5052 5053 5027 
1613 4901 4913 4914 4902 5053 5054 5055 5029 
1614 4902 4914 4915 4903 5055 5056 5057 5031 
1615 4903 4915 4916 4904 5057 5058 5059 5033 
1616 4904 4916 4917 4905 5059 5060 5061 5035 
1617 4905 4917 4918 4906 5061 5062 5063 5037 
1618 4906 4918 4919 4907 5063 5064 5065 5039 
1619 4907 4919 4920 4908 5065 5066 5067 5041 
1620 4908 4920 225 226 5067 5068 234 5043 
1621 166 165 4921 4909 174 5069 5070 5044 
1622 4909 4921 4922 4910 5070 5071 5072 5046 
1623 4910 4922 4923 4911 5072 5073 5074 5048 
1624 4911 4923 4924 4912 5074 5075 5076 5050 
1625 4912 4924 4925 4913 5076 5077 5078 5052 
1626 4913 4925 4926 4914 5078 5079 5080 5054 
1627 4914 4926 4927 4915 5080 5081 5082 5056 
1628 4915 4927 4928 4916 5082 5083 5084 5058 
1629 4916 4928 4929 4917 5084 5085 5086 5060 
1630 4917 4929 4930 4918 5086 5087 5088 5062 
1631 4918 4930 4931 4919 5088 5089 5090 5064 
1632 4919 4931 4932 4920 5090 5091 5092 5066 
1633 4920 4932 224 225 5092 5093 233 5068 
1634 165 164 4933 4921 173 5094 5095 5069 
1635 4921 4933 4934 4922 5095 5096 5097 5071 
1636 4922 4934 4935 4923 5097 5098 5099 5073 
1637 4923 4935 4936 4924 5099 5100 5101 5075 
1638 4924 4936 4937 4925 5101 5102 5103 5077 
1639 4925 4937 4938 4926 5103 5104 5105 5079 
1640 4926 4938 4939 4927 5105 5106 5107 5081 
1641 4927 4939 4940 4928 5107 5108 5109 5083 
1642 4928 4940 4941 4929 5109 5110 5111 5085 
1643 4929 4941 4942 4930 5111 5112 5113 5087 
1644 4930 4942 4943 4931 5113 5114 5115 5089 
1645 4931 4943 4944 4932 5115 5116 5117 5091 
1646 4932 4944 223 224 5117 5118 232 5093 
1647 164 163 4945 4933 172 5119 5120 5094 
1648 4933 4945 4946 4934 5120 5121 5122 5096 
1649 4934 4946 4947 4935 5122 5123 5124 5098 
1650 4935 4947 4948 4936 5124 5125 5126 5100 
1651 4936 4948 4949 4937 5126 5127 5128 5102 
1652 4937 4949 4950 4938 5128 5129 5130 5104 
1653 4938 4950 4951 4939 5130 5131 5132 5106 
1654 4939 4951 4952 4940 5132 5133 5134 5108 
1655 4940 4952 4953 4941 5134 5135 5136 5110 
1656 4941 4953 4954 4942 5136 5137 5138 5112 
1657 4942 4954 4955 4943 5138 5139 5140 5114 
1658 4943 4955 4956 4944 5140 5141 5142 5116 
1659 4944 4956 222 223 5142 5143 231 5118 
1660 163 162 4957 4945 171 5144 5145 5119 
1661 4945 4957 4958 4946 5145 5146 5147 5121 
1662 4946 4958 4959 4947 5147 5148 5149 5123 
1663 4947 4959 4960 4948 5149 5150 5151 5125 
1664 4948 4960 4961 4949 5151 5152 5153 5127 
1665 4949 4961 4962 4950 5153 5154 5155 5129 
1666 4950 4962 4963 4951 5155 5156 5157 5131 
1667 4951 4963 4964 4952 5157 5158 5159 5133 
1668 4952 4964 4965 4953 5159 5160 5161 5135 
1669 4953 4965 4966 4954 5161 5162 5163 5137 
1670 4954 4966 4967 4955 5163 5164 5165 5139 
1671 4955 4967 4968 4956 5165 5166 5167 5141 
1672 4956 4968 221 222 5167 5168 230 5143 
1673 162 7 196 4957 170 208 5169 5144 
1674 4957 196 197 4958 5169 209 5170 5146 
1675 4958 197 198 4959 5170 210 5171 5148 
1676 4959 198 199 4960 5171 211 5172 5150 
1677 4960 199 200 4961 5172 212 5173 5152 
1678 4961 200 201 4962 5173 213 5174 5154 
1679 4962 201 202 4963 5174 214 5175 5156 
1680 4963 202 203 4964 5175 215 5176 5158 
1681 4964 203 204 4965 5176 216 5177 5160 
1682 4965 204 205 4966 5177 217 5178 5162 
1683 4966 205 206 4967 5178 218 5179 5164 
1684 4967 206 207 4968 5179 219 5180 5166 
1685 4968 207 10 221 5180 220 229 5168 
2 29 16 117
1686 7 186 5181 196 195 5277 5278 208 
1687 196 5181 5182 197 5278 5279 5280 209 
1688 197 5182 5183 198 5280 5281 5282 210 
1689 198 5183 5184 199 5282 5283 5284 211 
1690 199 5184 5185 200 5284 5285 5286 212 
1691 200 5185 5186 201 5286 5287 5288 213 
1692 201 5186 5187 202 5288 5289 5290 214 
1693 202 5187 5188 203 5290 5291 5292 215 
1694 203 5188 5189 204 5292 5293 5294 216 
1695 204 5189 5190 205 5294 5295 5296 217 
1696 205 5190 5191 206 5296 5297 5298 218 
1697 206 5191 5192 207 5298 5299 5300 219 
1698 207 5192 295 10 5300 5301 304 220 
1699 186 185 5193 5181 194 5302 5303 5277 
1700 5181 5193 5194 5182 5303 5304 5305 5279 
1701 5182 5194 5195 5183 5305 5306 5307 5281 
1702 5183 5195 5196 5184 5307 5308 5309 5283 
1703 5184 5196 5197 5185 5309 5310 5311 5285 
1704 5185 5197 5198 5186 5311 5312 5313 5287 
1705 5186 5198 5199 5187 5313 5314 5315 5289 
1706 5187 5199 5200 5188 5315 5316 5317 5291 
1707 5188 5200 5201 5189 5317 5318 5319 5293 
1708 5189 5201 5202 5190 5319 5320 5321 5295 
1709 5190 5202 5203 5191 5321 5322 5323 5297 
1710 5191 5203 5204 5192 5323 5324 5325 5299 
1711 5192 5204 294 295 5325 5326 303 5301 
1712 185 184 5205 5193 193 5327 5328 5302 
1713 5193 5205 5206 5194 5328 5329 5330 5304 
1714 5194 5206 5207 5195 5330 5331 5332 5306 
1715 5195 5207 5208 5196 5332 5333 5334 5308 
1716 5196 5208 5209 5197 5334 5335 5336 5310 
1717 5197 5209 5210 5198 5336 5337 5338 5312 
1718 5198 5210 5211 5199 5338 5339 5340 5314 
1719 5199 5211 5212 5200 5340 5341 5342 5316 
1720 5200 5212 5213 5201 5342 5343 5344 5318 
1721 5201 5213 5214 5202 5344 5345 5346 5320 
1722 5202 5214 5215 5203 5346 5347 5348 5322 
1723 5203 5215 5216 5204 5348 5349 5350 5324 
1724 5204 5216 293 294 5350 5351 302 5326 
1725 184 183 5217 5205 192 5352 5353 5327 
1726 5205 5217 5218 5206 5353 5354 5355 5329 
1727 5206 5218 5219 5207 5355 5356 5357 5331 
1728 5207 5219 5220 5208 5357 5358 5359 5333 
1729 5208 5220 5221 5209 5359 5360 5361 5335 
1730 5209 5221 5222 5210 5361 5362 5363 5337 
1731 5210 5222 5223 5211 5363 5364 5365 5339 
1732 5211 5223 5224 5212 5365 5366 5367 5341 
1733 5212 5224 5225 5213 5367 5368 5369 5343 
1734 5213 5225 5226 5214 5369 5370 5371 5345 
1735 5214 5226 5227 5215 5371 5372 5373 5347 
1736 5215 5227 5228 5216 5373 5374 5375 5349 
1737 5216 5228 292 293 5375 5376 301 5351 
1738 183 182 5229 5217 191 5377 5378 5352 
1739 5217 5229 5230 5218 5378 5379 5380 5354 
1740 5218 5230 5231 5219 5380 5381 5382 5356 
1741 5219 5231 5232 5220 5382 5383 5384 5358 
1742 5220 5232 5233 5221 5384 5385 5386 5360 
1743 5221 5233 5234 5222 5386 5387 5388 5362 
1744 5222 5234 5235 5223 5388 5389 5390 5364 
1745 5223 5235 5236 5224 5390 5391 5392 5366 
1746 5224 5236 5237 5225 5392 5393 5394 5368 
1747 5225 5237 5238 5226 5394 5395 5396 5370 
1748 5226 5238 5239 5227 5396 5397 5398 5372 
1749 5227 5239 5240 5228 5398 5399 5400 5374 
1750 5228 5240 291 292 5400 5401 300 5376 
1751 182 181 5241 5229 190 5402 5403 5377 
1752 5229 5241 5242 5230 5403 5404 5405 5379 
1753 5230 5242 5243 5231 5405 5406 5407 5381 
1754 5231 5243 5244 5232 5407 5408 5409 5383 
1755 5232 5244 5245 5233 5409 5410 5411 5385 
1756 5233 5245 5246 5234 5411 5412 5413 5387 
1757 5234 5246 5247 5235 5413 5414 5415 5389 
1758 5235 5247 5248 5236 5415 5416 5417 5391 
1759 5236 5248 5249 5237 5417 5418 5419 5393 
1760 5237 5249 5250 5238 5419 5420 5421 5395 
1761 5238 5250 5251 5239 5421 5422 5423 5397 
1762 5239 5251 5252 5240 5423 5424 5425 5399 
1763 5240 5252 290 291 5425 5426 299 5401 
1764 181 180 5253 5241 189 5427 5428 5402 
1765 5241 5253 5254 5242 5428 5429 5430 5404 
1766 5242 5254 5255 5243 5430 5431 5432 5406 
1767 5243 5255 5256 5244 5432 5433 5434 5408 
1768 5244 5256 5257 5245 5434 5435 5436 5410 
1769 5245 5257 5258 5246 5436 5437 5438 5412 
1770 5246 5258 5259 5247 5438 5439 5440 5414 
1771 5247 5259 5260 5248 5440 5441 5442 5416 
1772 5248 5260 5261 5249 5442 5443 5444 5418 
1773 5249 5261 5262 5250 5444 5445 5446 5420 
1774 5250 5262 5263 5251 5446 5447 5448 5422 
1775 5251 5263 5264 5252 5448 5449 5450 5424 
1776 5252 5264 289 290 5450 5451 298 5426 
1777 180 179 5265 5253 188 5452 5453 5427 
1778 5253 5265 5266 5254 5453 5454 5455 5429 
1779 5254 5266 5267 5255 5455 5456 5457 5431 
1780 5255 5267 5268 5256 5457 5458 5459 5433 
1781 5256 5268 5269 5257 5459 5460 5461 5435 
1782 5257 5269 5270 5258 5461 5462 5463 5437 
1783 5258 5270 5271 5259 5463 5464 5465 5439 
1784 5259 5271 5272 5260 5465 5466 5467 5441 
1785 5260 5272 5273 5261 5467 5468 5469 5443 
1786 5261 5273 5274 5262 5469 5470 5471 5445 
1787 5262 5274 5275 5263 5471 5472 5473 5447 
1788 5263 5275 5276 5264 5473 5474 5475 5449 
1789 5264 5276 288 289 5475 5476 297 5451 
1790 179 9 263 5265 187 275 5477 5452 
1791 5265 263 264 5266 5477 276 5478 5454 
1792 5266 264 265 5267 5478 277 5479 5456 
1793 5267 265 266 5268 5479 278 5480 5458 
1794 5268 266 267 5269 5480 279 5481 5460 
1795 5269 267 268 5270 5481 280 5482 5462 
1796 5270 268 269 5271 5482 281 5483 5464 
1797 5271 269 270 5272 5483 282 5484 5466 
1798 5272 270 271 5273 5484 283 5485 5468 
1799 5273 271 272 5274 5485 284 5486 5470 
1800 5274 272 273 5275 5486 285 5487 5472 
1801 5275 273 274 5276 5487 286 5488 5474 
1802 5276 274 12 288 5488 287 296 5476 
$EndElements
