$MeshFormat
4.1 0 8
$EndMeshFormat
$PhysicalNames
5
0 4 "bc-bot-mid"
0 5 "bc-top-mid"
1 2 "bc-bot"
1 3 "bc-top"
2 1 "plate"
$EndPhysicalNames
$Entities
20 27 8 0
1 -0.0125 0 0 0 
2 0 0 0 1 4 
3 0 0.005 0 0 
4 -0.0125 0.005000000000000001 0 0 
5 0.0125 0 0 0 
6 0.0125 0.005000000000000001 0 0 
7 0 0.0175 0 0 
10 0 0.03 0 0 
11 -0.0125 0.03 0 0 
12 0.0125 0.03 0 0 
13 0 0.035 0 1 5 
14 -0.0125 0.035 0 0 
15 0.0125 0.035 0 0 
16 -0.01249999999999981 0.01625 0 0 
17 -0.008749999999999394 0.01750000000000023 0 0 
18 0.008749999999999633 0.01749999999999986 0 0 
19 0.01250000000000012 0.00625 0 0 
20 -0.00625 0.0225 0 0 
21 -0.01249999999999989 0.02875 0 0 
22 0.01250000000000019 0.01875 0 0 
1 -0.0125001 -1e-07 -1e-07 1.000000000002735e-07 1e-07 1e-07 1 2 2 1 -2 
2 -1e-07 -9.99999999998398e-08 -1e-07 1e-07 0.005000100000000001 1e-07 0 2 2 -3 
3 -0.0125001 0.0049999 -1.000000000008674e-07 1.000000000011408e-07 0.005000100000000002 1.000000000008674e-07 0 2 3 -4 
4 -0.0125001 -9.99999999998398e-08 -1e-07 -0.0124999 0.005000100000000001 1e-07 0 2 4 -1 
5 -1.000000000002735e-07 -1e-07 -1e-07 0.0125001 1e-07 1e-07 1 2 2 2 -5 
6 0.0124999 -9.99999999998398e-08 -1e-07 0.0125001 0.005000100000000001 1e-07 0 2 5 -6 
7 -1.000000000002735e-07 0.004999900000000001 -1e-07 0.0125001 0.005000100000000001 1e-07 0 2 6 -3 
8 -1e-07 0.004999900000000001 -1e-07 1e-07 0.0175001 1e-07 0 2 3 -7 
13 -1e-07 0.0174999 -1e-07 1e-07 0.0300001 1e-07 0 2 7 -10 
14 -0.0125001 0.0299999 -1.000000000008674e-07 1.000000000011408e-07 0.0300001 1.000000000008674e-07 0 2 10 -11 
17 -1.000000000002735e-07 0.0299999 -1e-07 0.0125001 0.0300001 1e-07 0 2 12 -10 
18 -1e-07 0.0299999 -1e-07 1e-07 0.03500010000000001 1e-07 0 2 10 -13 
19 -0.0125001 0.0349999 -1e-07 1.000000000002735e-07 0.03500010000000001 1e-07 1 3 2 13 -14 
20 -0.0125001 0.0299999 -1e-07 -0.0124999 0.03500010000000001 1e-07 0 2 14 -11 
21 0.0124999 0.0299999 -1e-07 0.0125001 0.03500010000000001 1e-07 0 2 12 -15 
22 -1.000000000002735e-07 0.0349999 -1e-07 0.0125001 0.03500010000000001 1e-07 1 3 2 15 -13 
23 -0.0125001 0.004999900000000001 -1e-07 -0.0124999 0.0162501 1e-07 0 2 16 -4 
24 -0.01250009999999981 0.0162499 -1e-07 -0.008749899999999505 0.01750010000000037 1e-07 0 2 16 -17 
25 -0.008750099999999395 0.0174999 -1.000000000008674e-07 1.000000000011408e-07 0.0175001 1.000000000008674e-07 0 2 7 -17 
26 -1.000000000002735e-07 0.0174999 -1e-07 0.008750099999999632 0.0175001 1e-07 0 2 18 -7 
27 0.0062499 0.0062499 -1e-07 0.01250010000000012 0.01750009999999978 1e-07 0 2 18 -19 
28 0.0124999 0.004999900000000001 -1e-07 0.0125001 0.006250100000000001 1e-07 0 2 6 -19 
29 -0.008750099999999504 0.01749990000000037 -1e-07 -0.0062499 0.0225001 1e-07 0 2 17 -20 
30 -0.01250009999999989 0.0224999 -1e-07 -0.0062499 0.0287501 1e-07 0 2 20 -21 
31 -0.0125001 0.02874990000000001 -1e-07 -0.0124999 0.0300001 1e-07 0 2 11 -21 
32 0.0124999 0.0187499 -1e-07 0.0125001 0.0300001 1e-07 0 2 22 -12 
33 0.0087498999999997 0.01749989999999978 -1e-07 0.01250010000000019 0.0187501 1e-07 0 2 22 -18 
1 -0.0125001 -1.000000000007072e-07 -1.000000000008674e-07 1.000000000011408e-07 0.005000100000000002 1.000000000008674e-07 1 1 4 1 2 3 4 
5 -1.000000000002735e-07 -9.99999999998398e-08 -1e-07 0.0125001 0.005000100000000001 1e-07 1 1 4 5 6 7 -2 
9 -0.0125001 0.0049999 -1.000000000008674e-07 1.000000000011408e-07 0.01750010000000037 1.000000000008674e-07 1 1 5 -3 8 25 -24 23 
13 -1.000000000002735e-07 0.004999900000000001 -1e-07 0.01250010000000012 0.0175001 1e-07 1 1 5 -7 28 -27 26 -8 
17 -0.0125001 0.0174999 -1.000000000008674e-07 1.000000000011408e-07 0.0300001 1.000000000008674e-07 1 1 6 -25 13 14 31 -30 -29 
21 -1.000000000002735e-07 0.01749989999999978 -1e-07 0.01250010000000019 0.0300001 1e-07 1 1 5 -26 -33 32 17 -13 
25 -0.0125001 0.0299999 -1.000000000008674e-07 1.000000000011408e-07 0.03500010000000001 1.000000000008674e-07 1 1 4 -14 18 19 20 
29 -1.000000000002735e-07 0.0299999 -1e-07 0.0125001 0.03500010000000001 1e-07 1 1 4 -17 21 22 -18 
$EndEntities
$Nodes
55 6045 1 6045
0 1 0 1
1
-0.0125 0 0
0 2 0 1
2
0 0 0
0 3 0 1
3
0 0.005 0
0 4 0 1
4
-0.0125 0.005000000000000001 0
0 5 0 1
5
0.0125 0 0
0 6 0 1
6
0.0125 0.005000000000000001 0
0 7 0 1
7
0 0.0175 0
0 10 0 1
8
0 0.03 0
0 11 0 1
9
-0.0125 0.03 0
0 12 0 1
10
0.0125 0.03 0
0 13 0 1
11
0 0.035 0
0 14 0 1
12
-0.0125 0.035 0
0 15 0 1
13
0.0125 0.035 0
0 16 0 1
14
-0.01249999999999981 0.01625 0
0 17 0 1
15
-0.008749999999999394 0.01750000000000023 0
0 18 0 1
16
0.008749999999999633 0.01749999999999986 0
0 19 0 1
17
0.01250000000000012 0.00625 0
0 20 0 1
18
-0.00625 0.0225 0
0 21 0 1
19
-0.01249999999999989 0.02875 0
0 22 0 1
20
0.01250000000000019 0.01875 0
1 1 0 25
21
22
23
24
25
26
27
28
29
30
31
32
33
34
35
36
37
38
39
40
41
42
43
44
45
-0.01153846153846154 0 0
-0.01057692307692307 0 0
-0.009615384615384609 0 0
-0.008653846153846144 0 0
-0.007692307692307683 0 0
-0.006730769230769222 0 0
-0.005769230769230763 0 0
-0.004807692307692303 0 0
-0.003846153846153841 0 0
-0.002884615384615381 0 0
-0.001923076923076921 0 0
-0.0009615384615384599 0 0
-0.01201923076923077 0 0
-0.0110576923076923 0 0
-0.01009615384615384 0 0
-0.009134615384615376 0 0
-0.008173076923076913 0 0
-0.007211538461538453 0 0
-0.006249999999999993 0 0
-0.005288461538461533 0 0
-0.004326923076923072 0 0
-0.00336538461538461 0 0
-0.002403846153846152 0 0
-0.001442307692307691 0 0
-0.0004807692307692291 0 0
1 2 0 9
46
47
48
49
50
51
52
53
54
0 0.0009999999999999998 0
0 0.002 0
0 0.003 0
0 0.004000000000000001 0
0 0.0004999999999999999 0
0 0.0015 0
0 0.0025 0
0 0.003500000000000001 0
0 0.004500000000000001 0
1 3 0 25
55
56
57
58
59
60
61
62
63
64
65
66
67
68
69
70
71
72
73
74
75
76
77
78
79
-0.0009615384615384635 0.005000000000000001 0
-0.001923076923076928 0.005000000000000001 0
-0.002884615384615393 0.005000000000000001 0
-0.003846153846153857 0.005000000000000001 0
-0.004807692307692318 0.005000000000000001 0
-0.005769230769230778 0.005000000000000001 0
-0.006730769230769238 0.005000000000000001 0
-0.007692307692307698 0.005000000000000001 0
-0.00865384615384616 0.005000000000000001 0
-0.009615384615384619 0.005000000000000001 0
-0.01057692307692308 0.005000000000000001 0
-0.01153846153846154 0.005000000000000001 0
-0.0004807692307692318 0.005000000000000001 0
-0.001442307692307696 0.005000000000000001 0
-0.00240384615384616 0.005000000000000001 0
-0.003365384615384625 0.005000000000000001 0
-0.004326923076923088 0.005000000000000001 0
-0.005288461538461547 0.005000000000000001 0
-0.006250000000000008 0.005000000000000001 0
-0.007211538461538468 0.005000000000000001 0
-0.008173076923076929 0.005000000000000001 0
-0.00913461538461539 0.005000000000000001 0
-0.01009615384615385 0.005000000000000001 0
-0.01105769230769231 0.005000000000000001 0
-0.01201923076923077 0.005000000000000001 0
1 4 0 9
80
81
82
83
84
85
86
87
88
-0.0125 0.004000000000000001 0
-0.0125 0.003000000000000001 0
-0.0125 0.002000000000000001 0
-0.0125 0.001 0
-0.0125 0.004500000000000001 0
-0.0125 0.003500000000000001 0
-0.0125 0.002500000000000001 0
-0.0125 0.0015 0
-0.0125 0.0004999999999999996 0
1 5 0 25
89
90
91
92
93
94
95
96
97
98
99
100
101
102
103
104
105
106
107
108
109
110
111
112
113
0.0009615384615384635 0 0
0.001923076923076928 0 0
0.002884615384615393 0 0
0.003846153846153857 0 0
0.004807692307692318 0 0
0.005769230769230778 0 0
0.006730769230769238 0 0
0.007692307692307698 0 0
0.00865384615384616 0 0
0.009615384615384619 0 0
0.01057692307692308 0 0
0.01153846153846154 0 0
0.0004807692307692318 0 0
0.001442307692307696 0 0
0.00240384615384616 0 0
0.003365384615384625 0 0
0.004326923076923088 0 0
0.005288461538461547 0 0
0.006250000000000008 0 0
0.007211538461538468 0 0
0.008173076923076929 0 0
0.00913461538461539 0 0
0.01009615384615385 0 0
0.01105769230769231 0 0
0.01201923076923077 0 0
1 6 0 11
114
115
116
117
118
119
120
121
122
123
124
0.0125 0.0008584547200040451 0
0.0125 0.001716909440008091 0
0.0125 0.002575364160012136 0
0.0125 0.003433818880016182 0
0.0125 0.00428185095713784 0
0.0125 0.0004292273600020226 0
0.0125 0.001287682080006068 0
0.0125 0.002146136800010114 0
0.0125 0.003004591520014159 0
0.0125 0.003857834918577011 0
0.0125 0.00464092547856892 0
1 7 0 29
125
126
127
128
129
130
131
132
133
134
135
136
137
138
139
140
141
142
143
144
145
146
147
148
149
150
151
152
153
0.01174995311371532 0.005000000000000001 0
0.01099990622743064 0.005000000000000001 0
0.01024985934114596 0.005000000000000001 0
0.009499812454861273 0.005000000000000001 0
0.008749765568576592 0.005000000000000001 0
0.007999718682291912 0.005000000000000001 0
0.00724967179600723 0.005000000000000001 0
0.006499624909722548 0.005000000000000001 0
0.005748709994664395 0.005000000000000001 0
0.004947454525732332 0.005000000000000001 0
0.004000250060184955 0.005000000000000001 0
0.003000187545138717 0.005000000000000001 0
0.002000125030092477 0.005000000000000001 0
0.001000062515046238 0.005000000000000001 0
0.01212497655685766 0.005000000000000001 0
0.01137492967057298 0.005000000000000001 0
0.0106248827842883 0.005000000000000001 0
0.009874835898003614 0.005000000000000001 0
0.009124789011718933 0.005000000000000001 0
0.008374742125434253 0.005000000000000001 0
0.007624695239149571 0.005000000000000001 0
0.006874648352864889 0.005000000000000001 0
0.006124167452193472 0.005000000000000001 0
0.005348082260198363 0.005000000000000001 0
0.004473852292958644 0.005000000000000001 0
0.003500218802661836 0.005000000000000001 0
0.002500156287615598 0.005000000000000001 0
0.001500093772569357 0.005000000000000001 0
0.0005000312575231189 0.005000000000000001 0
1 8 0 25
154
155
156
157
158
159
160
161
162
163
164
165
166
167
168
169
170
171
172
173
174
175
176
177
178
0 0.005961538461538464 0
0 0.006923076923076929 0
0 0.007884615384615393 0
0 0.008846153846153858 0
0 0.009807692307692319 0
0 0.01076923076923078 0
0 0.01173076923076924 0
0 0.0126923076923077 0
0 0.01365384615384616 0
0 0.01461538461538462 0
0 0.01557692307692308 0
0 0.01653846153846154 0
0 0.005480769230769233 0
0 0.006442307692307697 0
0 0.007403846153846162 0
0 0.008365384615384625 0
0 0.009326923076923089 0
0 0.01028846153846155 0
0 0.01125000000000001 0
0 0.01221153846153847 0
0 0.01317307692307693 0
0 0.01413461538461539 0
0 0.01509615384615385 0
0 0.01605769230769231 0
0 0.01701923076923077 0
1 13 0 25
179
180
181
182
183
184
185
186
187
188
189
190
191
192
193
194
195
196
197
198
199
200
201
202
203
0 0.01846153846153847 0
0 0.01942307692307693 0
0 0.02038461538461539 0
0 0.02134615384615386 0
0 0.02230769230769232 0
0 0.02326923076923078 0
0 0.02423076923076924 0
0 0.0251923076923077 0
0 0.02615384615384616 0
0 0.02711538461538462 0
0 0.02807692307692308 0
0 0.02903846153846154 0
0 0.01798076923076923 0
0 0.0189423076923077 0
0 0.01990384615384616 0
0 0.02086538461538463 0
0 0.02182692307692309 0
0 0.02278846153846155 0
0 0.02375000000000001 0
0 0.02471153846153847 0
0 0.02567307692307693 0
0 0.02663461538461539 0
0 0.02759615384615385 0
0 0.02855769230769231 0
0 0.02951923076923077 0
1 14 0 29
204
205
206
207
208
209
210
211
212
213
214
215
216
217
218
219
220
221
222
223
224
225
226
227
228
229
230
231
232
-0.001000062515046239 0.03 0
-0.002000125030092478 0.03 0
-0.003000187545138718 0.03 0
-0.004000250060184957 0.03 0
-0.004947454525732343 0.03 0
-0.005748709994664404 0.03 0
-0.00649962490972255 0.03 0
-0.007249671796007228 0.03 0
-0.00799971868229191 0.03 0
-0.008749765568576592 0.03 0
-0.009499812454861273 0.03 0
-0.01024985934114595 0.03 0
-0.01099990622743064 0.03 0
-0.01174995311371532 0.03 0
-0.0005000312575231193 0.03 0
-0.001500093772569358 0.03 0
-0.002500156287615598 0.03 0
-0.003500218802661837 0.03 0
-0.00447385229295865 0.03 0
-0.005348082260198373 0.03 0
-0.006124167452193477 0.03 0
-0.006874648352864889 0.03 0
-0.007624695239149569 0.03 0
-0.008374742125434251 0.03 0
-0.009124789011718933 0.03 0
-0.009874835898003614 0.03 0
-0.0106248827842883 0.03 0
-0.01137492967057298 0.03 0
-0.01212497655685766 0.03 0
1 17 0 25
233
234
235
236
237
238
239
240
241
242
243
244
245
246
247
248
249
250
251
252
253
254
255
256
257
0.01153846153846154 0.03 0
0.01057692307692307 0.03 0
0.009615384615384609 0.03 0
0.008653846153846144 0.03 0
0.007692307692307683 0.03 0
0.006730769230769222 0.03 0
0.005769230769230763 0.03 0
0.004807692307692303 0.03 0
0.003846153846153841 0.03 0
0.002884615384615381 0.03 0
0.001923076923076921 0.03 0
0.0009615384615384599 0.03 0
0.01201923076923077 0.03 0
0.0110576923076923 0.03 0
0.01009615384615384 0.03 0
0.009134615384615376 0.03 0
0.008173076923076913 0.03 0
0.007211538461538453 0.03 0
0.006249999999999993 0.03 0
0.005288461538461533 0.03 0
0.004326923076923072 0.03 0
0.00336538461538461 0.03 0
0.002403846153846152 0.03 0
0.001442307692307691 0.03 0
0.0004807692307692291 0.03 0
1 18 0 9
258
259
260
261
262
263
264
265
266
0 0.031 0
0 0.032 0
0 0.033 0
0 0.034 0
0 0.0305 0
0 0.0315 0
0 0.0325 0
0 0.0335 0
0 0.0345 0
1 19 0 25
267
268
269
270
271
272
273
274
275
276
277
278
279
280
281
282
283
284
285
286
287
288
289
290
291
-0.0009615384615384635 0.035 0
-0.001923076923076928 0.035 0
-0.002884615384615393 0.035 0
-0.003846153846153857 0.035 0
-0.004807692307692318 0.035 0
-0.005769230769230778 0.035 0
-0.006730769230769238 0.035 0
-0.007692307692307698 0.035 0
-0.00865384615384616 0.035 0
-0.009615384615384619 0.035 0
-0.01057692307692308 0.035 0
-0.01153846153846154 0.035 0
-0.0004807692307692318 0.035 0
-0.001442307692307696 0.035 0
-0.00240384615384616 0.035 0
-0.003365384615384625 0.035 0
-0.004326923076923088 0.035 0
-0.005288461538461547 0.035 0
-0.006250000000000008 0.035 0
-0.007211538461538468 0.035 0
-0.008173076923076929 0.035 0
-0.00913461538461539 0.035 0
-0.01009615384615385 0.035 0
-0.01105769230769231 0.035 0
-0.01201923076923077 0.035 0
1 20 0 11
292
293
294
295
296
297
298
299
300
301
302
-0.0125 0.03414154527999596 0
-0.0125 0.03328309055999192 0
-0.0125 0.03242463583998786 0
-0.0125 0.03156618111998382 0
-0.0125 0.03071814904286217 0
-0.0125 0.03457077263999798 0
-0.0125 0.03371231791999393 0
-0.0125 0.03285386319998989 0
-0.0125 0.03199540847998585 0
-0.0125 0.03114216508142299 0
-0.0125 0.03035907452143108 0
1 21 0 9
303
304
305
306
307
308
309
310
311
0.0125 0.031 0
0.0125 0.032 0
0.0125 0.033 0
0.0125 0.034 0
0.0125 0.0305 0
0.0125 0.0315 0
0.0125 0.0325 0
0.0125 0.0335 0
0.0125 0.0345 0
1 22 0 25
312
313
314
315
316
317
318
319
320
321
322
323
324
325
326
327
328
329
330
331
332
333
334
335
336
0.01153846153846154 0.035 0
0.01057692307692307 0.035 0
0.009615384615384609 0.035 0
0.008653846153846144 0.035 0
0.007692307692307683 0.035 0
0.006730769230769222 0.035 0
0.005769230769230763 0.035 0
0.004807692307692303 0.035 0
0.003846153846153841 0.035 0
0.002884615384615381 0.035 0
0.001923076923076921 0.035 0
0.0009615384615384599 0.035 0
0.01201923076923077 0.035 0
0.0110576923076923 0.035 0
0.01009615384615384 0.035 0
0.009134615384615376 0.035 0
0.008173076923076913 0.035 0
0.007211538461538453 0.035 0
0.006249999999999993 0.035 0
0.005288461538461533 0.035 0
0.004326923076923072 0.035 0
0.00336538461538461 0.035 0
0.002403846153846152 0.035 0
0.001442307692307691 0.035 0
0.0004807692307692291 0.035 0
1 23 0 25
337
338
339
340
341
342
343
344
345
346
347
348
349
350
351
352
353
354
355
356
357
358
359
360
361
-0.0125 0.01576518487447359 0
-0.0125 0.01517030245245999 0
-0.0125 0.01441706913027696 0
-0.0125 0.01349640764550192 0
-0.0125 0.01255236235155726 0
-0.0125 0.01160831705761261 0
-0.0125 0.01066427176366795 0
-0.0125 0.00972022646972329 0
-0.0125 0.008776181175778632 0
-0.0125 0.007832135881833974 0
-0.0125 0.006888090587889317 0
-0.0125 0.005944045293944659 0
-0.0125 0.0160075924372368 0
-0.0125 0.01546774366346679 0
-0.0125 0.01479368579136848 0
-0.0125 0.01395673838788944 0
-0.0125 0.01302438499852959 0
-0.0125 0.01208033970458493 0
-0.0125 0.01113629441064028 0
-0.0125 0.01019224911669562 0
-0.0125 0.009248203822750961 0
-0.0125 0.008304158528806303 0
-0.0125 0.007360113234861645 0
-0.0125 0.006416067940916988 0
-0.0125 0.00547202264697233 0
1 24 0 17
362
363
364
365
366
367
368
369
370
371
372
373
374
375
376
377
378
-0.01205350489077741 0.01626596903140189 0
-0.0116092914117694 0.01631379452241908 0
-0.0111696295338543 0.01639323208048584 0
-0.01073676596881922 0.01650387577252723 0
-0.01031291268846021 0.01664516019931359 0
-0.009900235621207329 0.01681636338470159 0
-0.009500843584035218 0.01701661046499729 0
-0.009116777506218527 0.0172448781595884 0
-0.01227660970672175 0.0162539935337154 0
-0.01183097066468025 0.01628591118920227 0
-0.01138875042278741 0.0163495833980823 0
-0.01095220876630057 0.01644468478963455 0
-0.01052357646239439 0.01657072938718442 0
-0.01010504386073953 0.01672707309148829 0
-0.009698749700618743 0.01691291697213865 0
-0.009306770181776461 0.01712731135017038 0
-0.008931108354851182 0.01736916065100583 0
1 25 0 25
379
380
381
382
383
384
385
386
387
388
389
390
391
392
393
394
395
396
397
398
399
400
401
402
403
-0.0009440452939446465 0.0175 0
-0.001888090587889293 0.0175 0
-0.002832135881833939 0.0175 0
-0.003776181175778585 0.0175 0
-0.004659108278804397 0.0175 0
-0.005361458096797035 0.0175 0
-0.005916154188681219 0.0175 0
-0.006389886765137764 0.0175 0
-0.006861909412110089 0.0175 0
-0.007333932059082416 0.0175 0
-0.007805954706054741 0.0175 0
-0.008277977353027067 0.0175 0
-0.0004720226469723233 0.0175 0
-0.00141606794091697 0.0175 0
-0.002360113234861616 0.0175 0
-0.003304158528806262 0.0175 0
-0.004217644727291491 0.0175 0
-0.005010283187800716 0.0175 0
-0.005638806142739127 0.0175 0
-0.006153020476909491 0.0175 0
-0.006625898088623927 0.0175 0
-0.007097920735596253 0.0175 0
-0.007569943382568578 0.0175 0
-0.008041966029540904 0.0175 0
-0.008513988676513231 0.0175 0
1 26 0 25
404
405
406
407
408
409
410
411
412
413
414
415
416
417
418
419
420
421
422
423
424
425
426
427
428
0.00827797735302729 0.0175 0
0.007805954706054948 0.0175 0
0.007333932059082606 0.0175 0
0.006861909412110265 0.0175 0
0.006389886765137924 0.0175 0
0.005916154188681366 0.0175 0
0.005361458096797195 0.0175 0
0.004659108278804568 0.0175 0
0.003776181175778758 0.0175 0
0.002832135881834069 0.0175 0
0.00188809058788938 0.0175 0
0.000944045293944689 0.0175 0
0.008513988676513462 0.0175 0
0.008041966029541121 0.0175 0
0.007569943382568778 0.0175 0
0.007097920735596435 0.0175 0
0.006625898088624094 0.0175 0
0.006153020476909645 0.0175 0
0.00563880614273928 0.0175 0
0.005010283187800882 0.0175 0
0.004217644727291664 0.0175 0
0.003304158528806413 0.0175 0
0.002360113234861724 0.0175 0
0.001416067940917035 0.0175 0
0.0004720226469723445 0.0175 0
1 27 0 63
429
430
431
432
433
434
435
436
437
438
439
440
441
442
443
444
445
446
447
448
449
450
451
452
453
454
455
456
457
458
459
460
461
462
463
464
465
466
467
468
469
470
471
472
473
474
475
476
477
478
479
480
481
482
483
484
485
486
487
488
489
490
491
0.008371490354512507 0.01719232438212841 0
0.008018127899895117 0.01685606731792582 0
0.007692065004400369 0.01649327698489454 0
0.007395287751766139 0.01610616317749644 0
0.007129603843768292 0.01569708384705996 0
0.0068966315893171 0.01526853073924798 0
0.006697790047165754 0.01482311421657034 0
0.006534290382272726 0.01436354735838838 0
0.006407128488467332 0.01389262943526037 0
0.006317078922354613 0.01341322885828712 0
0.006264690185408765 0.01292826570731523 0
0.006250281382992383 0.01244069394442048 0
0.0062739402806518 0.01195348342101103 0
0.006335522769527814 0.01146960178814695 0
0.006434653744138066 0.01099199642026234 0
0.006570729387184375 0.01052357646239451 0
0.006742920847468066 0.01006719511027247 0
0.006950179288510668 0.009625632231198653 0
0.007191242277128337 0.009201577431581807 0
0.007464641473046507 0.008797613674258622 0
0.007768711572716493 0.008416201545392677 0
0.008101600452856338 0.008059664266782699 0
0.008461280451930488 0.007730173544871766 0
0.008845560720851627 0.007429736342652632 0
0.009252100567675246 0.007160182655042915 0
0.009678423715002927 0.006923154362191642 0
0.01012193338325107 0.006720095228612818 0
0.01057992810791125 0.00655224210906238 0
0.0110496181944575 0.006420617414724479 0
0.01152814271067208 0.006326022885596337 0
0.01201258691288754 0.006269034707004741 0
0.008557742444998148 0.01734985622158336 0
0.008191527456915371 0.01702764445882027 0
0.007851555832831189 0.01667785433263467 0
0.007539898376027011 0.0163026164518474 0
0.007258453425183185 0.01590421643025618 0
0.007008935291396443 0.01548508096471914 0
0.006792863816128866 0.01504776305388645 0
0.00661155511369207 0.01459492644761433 0
0.006466113554655111 0.01412932942178162 0
0.006357425039006014 0.01365380797733839 0
0.00628615160004083 0.01317125856592289 0
0.006252727371848496 0.01268462044726682 0
0.006257355944953973 0.0121968577858521 0
0.006300009126226727 0.01171094159587004 0
0.006380427110608089 0.01122983164445829 0
0.00649812006361146 0.01075645842344477 0
0.006652371104956221 0.01029370529941056 0
0.006842240675161675 0.009844390950797732 0
0.007066572258503668 0.009411252199039542 0
0.007323999427474735 0.008996927338290266 0
0.007612954165839221 0.008603940065295227 0
0.007931676419586758 0.008234684107285801 0
0.008278224817608232 0.00789140864153254 0
0.008650488496793467 0.007576204595367455 0
0.009046199959522681 0.007290991910123497 0
0.009462948885235412 0.007037507846567909 0
0.009898196811949096 0.006817296403062347 0
0.01034929259830073 0.006631698910904796 0
0.01081348857193053 0.006481845864138152 0
0.01128795726584624 0.006368650033590883 0
0.01176980864082495 0.006292800907092951 0
0.01225610768894903 0.006254760489732183 0
1 28 0 5
492
493
494
495
496
0.0125 0.005486212421675856 0
0.0125 0.005893624084828981 0
0.0125 0.005243106210837929 0
0.0125 0.005689918253252419 0
0.0125 0.006071812042414491 0
1 29 0 23
497
498
499
500
501
502
503
504
505
506
507
508
509
510
511
512
513
514
515
516
517
518
519
-0.008375202143929943 0.01780441242797455 0
-0.008025022703319503 0.01813684996886492 0
-0.007701551686758908 0.01849532850471431 0
-0.007406719696462506 0.01887770849466847 0
-0.007142286405675153 0.01928170774459703 0
-0.006909830056250385 0.01970491502812555 0
-0.006710738039082478 0.0201448044777825 0
-0.006546198613612081 0.02059875066036954 0
-0.00641719381582665 0.02106404424657915 0
-0.006324493597083537 0.02153790818133727 0
-0.006268651228737558 0.02201751425835985 0
-0.00855966028747906 0.01764858546917187 0
-0.008196900901778492 0.01796724828047187 0
-0.007859824103457546 0.01831296433629395 0
-0.007550441699385851 0.01868367026728277 0
-0.007270600205398839 0.01907715355468211 0
-0.007021969825565185 0.0194910657355167 0
-0.00680603448375221 0.01992293641914271 0
-0.006624082966984775 0.0203701880315104 0
-0.006477201233457557 0.02083015119913963 0
-0.006366265931109561 0.02130008068099028 0
-0.006291939165444517 0.02177717175314029 0
-0.006254664547824903 0.02225857694848075 0
1 30 0 39
520
521
522
523
524
525
526
527
528
529
530
531
532
533
534
535
536
537
538
539
540
541
542
543
544
545
546
547
548
549
550
551
552
553
554
555
556
557
558
-0.00626926666416795 0.02299036934829903 0
-0.006326947871280388 0.02347771540650144 0
-0.006422687997514518 0.0239590335240994 0
-0.006555896773155285 0.0244313562148434 0
-0.006725752921804449 0.02489177145228179 0
-0.006931209223822687 0.02533744062337214 0
-0.007170998972786904 0.02576561602947465 0
-0.007443643785156554 0.02617365782682793 0
-0.007747462714999775 0.02655905030206361 0
-0.008080582617584039 0.02691941738241588 0
-0.008440949697936306 0.02725253728500016 0
-0.008826342173171988 0.02755635621484338 0
-0.009234383970525258 0.02782900102721304 0
-0.009662559376627761 0.02806879077617726 0
-0.01010822854771811 0.02827424707819551 0
-0.01056864378515649 0.02844410322684468 0
-0.0110409664759005 0.02857731200248546 0
-0.01152228459349846 0.0286730521287196 0
-0.01200963065170086 0.02873073333583204 0
-0.006254818523495482 0.02274537384849418 0
-0.006293322144031711 0.02323460873411148 0
-0.006370091997479808 0.02371931451260079 0
-0.0064846547721647 0.0241965028116567 0
-0.006636304150484467 0.02466323160673431 0
-0.00682410516359323 0.0251166233596089 0
-0.007046899955795002 0.02555388275935594 0
-0.00730331492310907 0.02597231395637249 0
-0.007591769181995316 0.02636933718318643 0
-0.007910484316026929 0.02674250465958085 0
-0.008257495340419072 0.027089515683973 0
-0.008630662816813487 0.02740823081800462 0
-0.009027686043627428 0.02769668507689087 0
-0.009446117240643965 0.02795310004420495 0
-0.009883376640391 0.02817589483640673 0
-0.01033676839326559 0.0283636958495155 0
-0.0108034971883432 0.02851534522783527 0
-0.0112806854873991 0.02862990800252017 0
-0.01176539126588841 0.02870667785596828 0
-0.01225462615150571 0.02874518147650452 0
1 31 0 5
559
560
561
562
563
-0.0125 0.02951378757832415 0
-0.0125 0.02910637591517102 0
-0.0125 0.02975689378916208 0
-0.0125 0.02931008174674759 0
-0.0125 0.02892818795758552 0
1 32 0 25
564
565
566
567
568
569
570
571
572
573
574
575
576
577
578
579
580
581
582
583
584
585
586
587
588
0.0125 0.01923481512552641 0
0.0125 0.01982969754754002 0
0.0125 0.02058293086972304 0
0.0125 0.02150359235449808 0
0.0125 0.02244763764844274 0
0.0125 0.0233916829423874 0
0.0125 0.02433572823633205 0
0.0125 0.02527977353027671 0
0.0125 0.02622381882422137 0
0.0125 0.02716786411816603 0
0.0125 0.02811190941211069 0
0.0125 0.02905595470605534 0
0.0125 0.01899240756276321 0
0.0125 0.01953225633653321 0
0.0125 0.02020631420863153 0
0.0125 0.02104326161211056 0
0.0125 0.02197561500147041 0
0.0125 0.02291966029541507 0
0.0125 0.02386370558935973 0
0.0125 0.02480775088330438 0
0.0125 0.02575179617724904 0
0.0125 0.0266958414711937 0
0.0125 0.02763988676513836 0
0.0125 0.02858393205908302 0
0.0125 0.02952797735302767 0
1 33 0 17
589
590
591
592
593
594
595
596
597
598
599
600
601
602
603
604
605
0.01205350489077777 0.01873403096859814 0
0.01160929141176974 0.01868620547758098 0
0.01116962953385463 0.01860676791951423 0
0.01073676596881952 0.01849612422747286 0
0.0103129126884605 0.01835483980068651 0
0.009900235621207591 0.01818363661529853 0
0.009500843584035461 0.01798338953500285 0
0.009116777506218744 0.01775512184041175 0
0.01227660970672212 0.01874600646628462 0
0.01183097066468061 0.01871408881079777 0
0.01138875042278774 0.01865041660191776 0
0.01095220876630089 0.01855531521036553 0
0.01052357646239468 0.01842927061281568 0
0.0101050438607398 0.01827292690851182 0
0.009698749700618993 0.01808708302786148 0
0.00930677018177669 0.01787268864982976 0
0.008931108354851386 0.01763083934899431 0
2 1 0 309
606
607
608
609
610
611
612
613
614
615
616
617
618
619
620
621
622
623
624
625
626
627
628
629
630
631
632
633
634
635
636
637
638
639
640
641
642
643
644
645
646
647
648
649
650
651
652
653
654
655
656
657
658
659
660
661
662
663
664
665
666
667
668
669
670
671
672
673
674
675
676
677
678
679
680
681
682
683
684
685
686
687
688
689
690
691
692
693
694
695
696
697
698
699
700
701
702
703
704
705
706
707
708
709
710
711
712
713
714
715
716
717
718
719
720
721
722
723
724
725
726
727
728
729
730
731
732
733
734
735
736
737
738
739
740
741
742
743
744
745
746
747
748
749
750
751
752
753
754
755
756
757
758
759
760
761
762
763
764
765
766
767
768
769
770
771
772
773
774
775
776
777
778
779
780
781
782
783
784
785
786
787
788
789
790
791
792
793
794
795
796
797
798
799
800
801
802
803
804
805
806
807
808
809
810
811
812
813
814
815
816
817
818
819
820
821
822
823
824
825
826
827
828
829
830
831
832
833
834
835
836
837
838
839
840
841
842
843
844
845
846
847
848
849
850
851
852
853
854
855
856
857
858
859
860
861
862
863
864
865
866
867
868
869
870
871
872
873
874
875
876
877
878
879
880
881
882
883
884
885
886
887
888
889
890
891
892
893
894
895
896
897
898
899
900
901
902
903
904
905
906
907
908
909
910
911
912
913
914
-0.006111211606714224 0.0008824785881981444 0
-0.009124892526348839 0.004119875088713761 0
-0.003396167272713881 0.0009690694861979458 0
-0.007304326805181066 0.004106701818176064 0
-0.004308901085170855 0.0041808815519123 0
-0.008141243496652842 0.0008143376970929472 0
-0.01013024224002066 0.0007715058705880472 0
-0.00241826555535867 0.004240216215653412 0
-0.01164285817357993 0.002487918094667715 0
-0.0008320628092856851 0.002553865346726837 0
-0.00144230769230769 0.0008327167344081127 0
-0.01104635545257628 0.004280790155899777 0
-0.01154203166047651 0.001480727168043767 0
-0.01072223887530285 0.002071283412470558 0
-0.0107494158397858 0.002934431543111776 0
-0.0099104273699073 0.00251539307493529 0
-0.009929013530586707 0.003415155626174844 0
-0.00909573099814682 0.00297294493995056 0
-0.009121467220849812 0.002001655439577581 0
-0.008208076196973205 0.002453595353205744 0
-0.008223694707325646 0.003514580738618364 0
-0.007436064794227014 0.003057466692716595 0
-0.006510666842721927 0.003426060086512874 0
-0.006616818729173727 0.002523115572486079 0
-0.005748828884004794 0.00284629441298165 0
-0.005681198287631816 0.003826785500663178 0
-0.004831964502021955 0.003345218148873377 0
-0.004996446144174373 0.002269682727184643 0
-0.004107005540520041 0.002595527952984479 0
-0.004221298260663914 0.001646232803334809 0
-0.003355370171353861 0.001995733060831077 0
-0.003210708186813251 0.002844187326482627 0
-0.002422268150333647 0.002339464619547877 0
-0.005139788356567524 0.001335060067163532 0
-0.0009539187865191794 0.00352515910944684 0
-0.001706970599580249 0.002953345278784541 0
-0.009141424415872164 0.0009699281636080654 0
-0.003388966549203457 0.004240641111736602 0
-0.007184342349164161 0.0008258655573491484 0
-0.007686150025534813 0.001614781875371723 0
-0.002379149234027081 0.0008276383102522919 0
-0.005891884682811326 0.00190826249300027 0
-0.0008984057473623167 0.001563810634748483 0
-0.01154844499941952 0.003520884712628102 0
-0.01102337574024407 0.0007197971551819566 0
-0.001484031655509768 0.004283040988946669 0
-0.001903806714281427 0.001564618757959259 0
-0.006809634522004502 0.001679955011968042 0
-0.004449926930375499 0.0007526091262062609 0
-0.01012277856792885 0.004270363556970172 0
-0.003801378579739697 0.003467594715912244 0
-0.006399238387106965 0.004271909481070424 0
-0.00989949226328604 0.001628776819060102 0
-0.008199813577001882 0.004348231529101639 0
-0.002700440239045996 0.001550264122192994 0
-0.008461226552380718 0.001563169684132364 0
-0.0117924116347211 0.0007048927092099435 0
-0.0007077631800826035 0.004295561498496182 0
-0.002446098668443425 0.003079334504494006 0
-0.005060370543209603 0.004298971663100329 0
-0.0006969750731829899 0.0007078902330901558 0
-0.01180917535145113 0.004309869348020769 0
-0.005288461538461533 0.0005652924005412775 0
-0.007361550290725661 0.002303563053823716 0
-0.001569238946456304 0.002248658354734891 0
-0.00296072561470862 0.003599112203484083 0
-0.01066347615586603 0.001334418085068887 0
-0.001929820790781352 0.0036605630941709 0
-0.01065584708523606 0.003674787492914267 0
-0.00782987975077633 0.00328602371566748 0
-0.00737019579970404 0.00358208425544633 0
-0.007764010756253355 0.003810641278397214 0
-0.003375768722033871 0.001482401273514511 0
-0.003788334216008888 0.001820982932082943 0
-0.003808732766688898 0.001307651144766378 0
-0.005515836519689425 0.001621661280081901 0
-0.006001548144762774 0.001395370540599207 0
-0.005625499981640874 0.001108769327680839 0
-0.008659712852736232 0.003243762839284462 0
-0.008674293616837242 0.003817227913666063 0
-0.00911031176224783 0.003546410014332161 0
-0.009512372264366763 0.003194050283062702 0
-0.009526953028467773 0.003767515357444302 0
-0.009510479742067927 0.001815216129318842 0
-0.009520458339579102 0.001299352491334084 0
-0.009131445818360989 0.001485791801592823 0
-0.004335612595519707 0.001199420964770535 0
-0.00392304710154469 0.0008608393062021033 0
-0.006973365818474471 0.003241763389614735 0
-0.006907496823951496 0.00376638095234447 0
-0.00537078441542071 0.004062878581881754 0
-0.00541480065622019 0.004649485831550165 0
-0.005725214528431297 0.004413392750331589 0
-0.006084234578168871 0.004635954740535212 0
-0.00604021833736939 0.0040493474908668 0
-0.007752070191091474 0.004227466673638851 0
-0.008211754142163763 0.003931406133860001 0
-0.00782207049560011 0.00275553102296117 0
-0.008215885452149425 0.002984088045912054 0
-0.005699836572587878 0.000723885494369711 0
-0.005214124947514528 0.0009501762338524049 0
-0.008651903597560013 0.002713270146578152 0
-0.004684635814190229 0.004239926607506314 0
-0.004946167522615779 0.003822094905986853 0
-0.004570432793596406 0.003763049850392839 0
-0.008801325484126441 0.001266548923870214 0
-0.008791346886615266 0.001782412561854972 0
-0.003048303755879939 0.00125966680419547 0
-0.003027905205199928 0.001772998591512035 0
-0.004316671540880826 0.003406406432392811 0
-0.004055139832455276 0.003824238133912273 0
-0.006350759602407914 0.001794108752484156 0
-0.006460423064359363 0.001281216800083093 0
-0.007026441761700371 0.002790291132601337 0
-0.006563742785947827 0.002974587829499476 0
-0.01001486725165335 0.001200141344824075 0
-0.009635833327946411 0.0008707170170980563 0
-0.005256581394826886 0.003586001824768278 0
-0.001401106230821872 0.001564214696353871 0
-0.001673057203294559 0.001198667746183686 0
-0.001170356719835003 0.001198263684578298 0
-0.01113213526788968 0.001776005290257163 0
-0.01118254852444139 0.002279600753569136 0
-0.01159244491702822 0.001984322631355741 0
-0.009623835547138845 0.004195119322841967 0
-0.01002589604925778 0.003842759591572508 0
-0.01202101583023826 0.001740363584021884 0
-0.01207142908678997 0.002243959047333858 0
-0.0004769593932595897 0.00326257955472342 0
-0.0008929907979024322 0.003039512228086838 0
-0.0004160314046428425 0.002776932673363419 0
-0.01073582735754433 0.002502857477791167 0
-0.01119613700668287 0.002711174818889745 0
-0.001330444693049714 0.00323925219411569 0
-0.001269516704432967 0.002753605312755689 0
-0.01031633312260508 0.002293338243702924 0
-0.01032992160484655 0.002724912309023533 0
-0.00618282380658926 0.002684704992733864 0
-0.00612974786336336 0.003136177249747262 0
-0.00123382234690931 0.001906234494741687 0
-0.001736522830368866 0.001906638556347075 0
-0.0004769593932595897 0.00376257955472342 0
-0.01202101583023826 0.001240363584021884 0
-0.01207142908678997 0.002743959047333858 0
-0.0004160314046428425 0.002276932673363419 0
-0.009919720450247003 0.002965274350555067 0
-0.01033921468518625 0.00317479358464331 0
-0.00950307918402706 0.002744169007442925 0
-0.008664771708911508 0.002227625396391662 0
-0.009108599109498315 0.00248730018976407 0
-0.005715013585818305 0.003336539956822414 0
-0.006095932565176872 0.003626422793588026 0
-0.009515947295378557 0.002258524257256435 0
-0.005290396693013375 0.003095756280927514 0
-0.005372637514089584 0.002557988570083146 0
-0.004914205323098164 0.00280745043802901 0
-0.004551725842347207 0.002432605340084561 0
-0.004469485021270998 0.002970373050928928 0
-0.004608872202419144 0.001957957765259726 0
-0.004164151900591977 0.002120880378159644 0
-0.005068117250370948 0.001802371397174088 0
-0.004680543308615719 0.001490646435249171 0
-0.009378404515628387 0.0004849640818040328 0
-0.009872813427702633 0.0003857529352940237 0
-0.003136790966909424 0.004620320555868302 0
-0.002903616052281064 0.004240428663695007 0
-0.002651440469987031 0.004620108107826707 0
-0.009370138570866729 0.004559937544356881 0
-0.0088893693400975 0.004559937544356881 0
-0.008897635284859155 0.0004849640818040328 0
-0.006957555789966692 0.000412932778674574 0
-0.007438325020735922 0.000412932778674574 0
-0.007498317248744382 0.004553350909088033 0
-0.007017548017975152 0.004553350909088033 0
-0.005940221187972493 0.0004412392940990723 0
-0.006420990418741723 0.0004412392940990723 0
-0.002170671239217799 0.004620108107826707 0
-0.003617560197678657 0.004620320555868302 0
-0.006647776977939193 0.0008541720727736463 0
-0.003140391328664631 0.000484534743098973 0
-0.003621160559433861 0.000484534743098973 0
-0.007662792922908501 0.0008201016272210478 0
-0.007916775594480261 0.0004071688485464738 0
-0.008397544825249492 0.0004071688485464738 0
-0.004558296696431587 0.00459044077595615 0
-0.004077527465662356 0.00459044077595615 0
-0.003848933817187156 0.00421076133182445 0
-0.01035358265847186 0.0003857529352940237 0
-0.008641333956262503 0.0008921329303505062 0
-0.006254351705992526 0.002215689032743175 0
-0.005820356783408059 0.00237727845299096 0
-0.007435246187349487 0.001220323716360436 0
-0.007913696761093826 0.001214559786232335 0
-0.003283039179083556 0.002419960193656852 0
-0.003658856863666646 0.002719857639733553 0
-0.003731187855936951 0.002295630506907778 0
-0.005444165413492849 0.002088972610092457 0
-0.002151113078552001 0.000413819155126146 0
-0.002631882309321231 0.000413819155126146 0
-0.002887658253370481 0.0008983538982251188 0
-0.001201923076923074 0.0004163583672040566 0
-0.001682692307692305 0.0004163583672040566 0
-0.01129240849551891 0.004640395077949889 0
-0.01081163926474968 0.004640395077949889 0
-0.002888819160843754 0.002167598840189477 0
-0.002816488168573449 0.002591825973015252 0
-0.01114893041960266 0.003227658127869939 0
-0.01159565158649973 0.003004401403647908 0
-0.001910728463167385 0.0008301775223302022 0
-0.01070263146251093 0.003304609518013021 0
-0.01110214604232779 0.003597836102771184 0
-0.0004492028736811579 0.001781905317374241 0
-0.0004492028736811579 0.001281905317374241 0
-0.01202422249970976 0.003260442356314051 0
-0.01202422249970976 0.003760442356314051 0
-0.004794857643471512 0.001043834596684897 0
-0.00866235305167536 0.0042340533089077 0
-0.01080014940858357 0.0003598985775909785 0
-0.0112809186393528 0.0003598985775909785 0
-0.001703554289293348 0.004641520494473335 0
-0.001222785058524116 0.004641520494473335 0
-0.00414804038826467 0.0003763045631031306 0
-0.01110275390817127 0.001407572626556327 0
-0.01069285751558444 0.001702850748769723 0
-0.01085110126890617 0.003977788824407022 0
-0.0112974002259979 0.003900837434263939 0
-0.006996988435584332 0.001252910284658595 0
-0.007247892273769658 0.001647368443669883 0
-0.001441869788650266 0.00359286110180887 0
-0.001818395695180801 0.003306954186477721 0
-0.0008652342783240004 0.00205883799073766 0
-0.001951148605434219 0.004261628602300041 0
-0.01057680899013236 0.0007456515128850018 0
-0.01031086556929445 0.00185003011576533 0
-0.00990495981659667 0.002072084946997696 0
-0.003954192060129869 0.003031561334448362 0
-0.009869081591656736 0.004635181778485087 0
-0.01058456701025256 0.004275576856434975 0
-0.01034985082242597 0.004635181778485087 0
-0.01214620581736055 0.0003524463546049719 0
-0.01214620581736055 0.0008524463546049719 0
-0.0003538815900413017 0.004647780749248091 0
-0.0003538815900413017 0.004147780749248091 0
-0.006454952614914447 0.003848984783791649 0
-0.006851782596144016 0.004189305649623244 0
-0.0008346508208105334 0.004647780749248091 0
-0.01166543658659132 0.0003524463546049719 0
-0.01084342594805505 0.001027107620125422 0
-0.01128270370036029 0.001100262161612862 0
-0.00170692622314556 0.003971802041558785 0
-0.001218975221014474 0.003904100049196755 0
-0.002141477974154255 0.001196128534105776 0
-0.008334651374676962 0.002008382518669054 0
-0.008073688288957766 0.001588975779752043 0
-0.007947113111254008 0.002034188614288733 0
-0.00794606063465479 0.00467411576455082 0
-0.008426829865424021 0.00467411576455082 0
-0.00830123502451678 0.001188753690612655 0
-0.004628809619033901 0.0003763045631031306 0
-0.006713226625589114 0.002101535292227061 0
-0.00493403142545096 0.004649485831550165 0
-0.005528846153846148 0.0002826462002706387 0
-0.004869194234418516 0.0006589507633737693 0
-0.002539794736536539 0.001188951216222643 0
-0.003595172564471577 0.003854117913824423 0
-0.01215458767572557 0.004154934674010386 0
-0.01215458767572557 0.004654934674010385 0
-0.000348487536591495 0.0008539451165450779 0
-0.000348487536591495 0.0003539451165450779 0
-0.01167381844495634 0.004654934674010385 0
-0.0008292567673607249 0.0003539451165450779 0
-0.006565003808938101 0.004635954740535212 0
-0.001200650877870994 0.002401261850730864 0
-0.007085592406365081 0.001991759032895879 0
-0.007523850158130237 0.00195917246459772 0
-0.007784813243849433 0.00237857920351473 0
-0.007398807542476338 0.002680514873270156 0
-0.003506043383276474 0.003155891021197436 0
-0.002445273202744986 0.003629837648827492 0
-0.002174043173070011 0.003950389654912156 0
-0.002689495585033645 0.003919664209568748 0
-0.002187959729612388 0.003369948799332453 0
-0.002703412141576022 0.003339223353989044 0
-0.005048076923076917 0.0002826462002706387 0
-0.003381052097224159 0.003533353459698164 0
-0.003174846081956039 0.003919876657610342 0
-0.006989184509949693 0.002413339313154897 0
-0.001995753548394976 0.002294061487141384 0
-0.001638104773018276 0.002601001816759716 0
-0.002064619374956948 0.002646404949166209 0
-0.0007976904102726529 0.001135850433919319 0
-0.01167881017543533 0.003915377030324435 0
-0.002561354194689822 0.001944864370870435 0
-0.003085716900760936 0.003221649764983355 0
-0.002076534634011837 0.003016339891639274 0
-0.002434183409388536 0.002709399562020941 0
-0.0008308409833008915 0.00391036030397151 0
-0.0116672216475988 0.001092809938626855 0
-0.01038931282658246 0.00397257552494222 0
-0.00106964138274534 0.0007703034837491342 0
-0.0114277654020137 0.004295329751960274 0
-0.01028148420957603 0.001481597452064495 0
-0.002163037432307537 0.001952041688753568 0
-0.002828403427628338 0.002961760915488317 0
-0.001095897417796186 0.004289301243721426 0
-0.01140789368748258 0.0007123449321959499 0
-0.002302123476663712 0.001557441440076126 0
-0.01029243030791138 0.003544971559544555 0
-0.01039685919794334 0.001052961977828467 0
2 5 0 360
915
916
917
918
919
920
921
922
923
924
925
926
927
928
929
930
931
932
933
934
935
936
937
938
939
940
941
942
943
944
945
946
947
948
949
950
951
952
953
954
955
956
957
958
959
960
961
962
963
964
965
966
967
968
969
970
971
972
973
974
975
976
977
978
979
980
981
982
983
984
985
986
987
988
989
990
991
992
993
994
995
996
997
998
999
1000
1001
1002
1003
1004
1005
1006
1007
1008
1009
1010
1011
1012
1013
1014
1015
1016
1017
1018
1019
1020
1021
1022
1023
1024
1025
1026
1027
1028
1029
1030
1031
1032
1033
1034
1035
1036
1037
1038
1039
1040
1041
1042
1043
1044
1045
1046
1047
1048
1049
1050
1051
1052
1053
1054
1055
1056
1057
1058
1059
1060
1061
1062
1063
1064
1065
1066
1067
1068
1069
1070
1071
1072
1073
1074
1075
1076
1077
1078
1079
1080
1081
1082
1083
1084
1085
1086
1087
1088
1089
1090
1091
1092
1093
1094
1095
1096
1097
1098
1099
1100
1101
1102
1103
1104
1105
1106
1107
1108
1109
1110
1111
1112
1113
1114
1115
1116
1117
1118
1119
1120
1121
1122
1123
1124
1125
1126
1127
1128
1129
1130
1131
1132
1133
1134
1135
1136
1137
1138
1139
1140
1141
1142
1143
1144
1145
1146
1147
1148
1149
1150
1151
1152
1153
1154
1155
1156
1157
1158
1159
1160
1161
1162
1163
1164
1165
1166
1167
1168
1169
1170
1171
1172
1173
1174
1175
1176
1177
1178
1179
1180
1181
1182
1183
1184
1185
1186
1187
1188
1189
1190
1191
1192
1193
1194
1195
1196
1197
1198
1199
1200
1201
1202
1203
1204
1205
1206
1207
1208
1209
1210
1211
1212
1213
1214
1215
1216
1217
1218
1219
1220
1221
1222
1223
1224
1225
1226
1227
1228
1229
1230
1231
1232
1233
1234
1235
1236
1237
1238
1239
1240
1241
1242
1243
1244
1245
1246
1247
1248
1249
1250
1251
1252
1253
1254
1255
1256
1257
1258
1259
1260
1261
1262
1263
1264
1265
1266
1267
1268
1269
1270
1271
1272
1273
1274
0.008997655048618731 0.004394884503730553 0
0.006126739319702442 0.004363342846104653 0
0.004474388208309197 0.00426629090083595 0
0.007678860991878832 0.00441433768779903 0
0.002500156287615597 0.004133920456597402 0
0.01007371537088 0.0008297044928555018 0
0.008228534524535064 0.0008265734367063459 0
0.006250000000000008 0.0008327167344081127 0
0.01052061751516831 0.00436474081851334 0
0.004211562849141082 0.0007867189110534168 0
0.002375171139127775 0.0007521021800379292 0
0.0008646713509749175 0.002503817940887751 0
0.01175655640447784 0.002146136800010114 0
0.0118757532422574 0.003848930590523016 0
0.009142938894694544 0.0008244637331962217 0
0.00961416734542193 0.001628076221778613 0
0.0104750913033771 0.001650953809893366 0
0.0100322889050209 0.002406216117155171 0
0.00917130105697295 0.002398070245425585 0
0.009595493039053909 0.003151062495278135 0
0.008745532029011772 0.00310431529261423 0
0.00832015261713406 0.002398528458796699 0
0.007861789326383295 0.003117283663511536 0
0.007468583719503476 0.00240347157664953 0
0.006986832619818533 0.003107529641056784 0
0.006616429265185929 0.00240387402640703 0
0.00617002580938858 0.003096474483993714 0
0.005764224863122269 0.002397228261165308 0
0.01041426818450686 0.003158475387805871 0
0.005340725854110501 0.003092019979196411 0
0.004889038618934369 0.002397222327932829 0
0.005344776584685063 0.001632470947732104 0
0.007049457145565865 0.001666858867788901 0
0.004457733087696986 0.003093603819447442 0
0.003978994397080091 0.002390926468415544 0
0.00353439317728204 0.00311641257449539 0
0.003083834807550442 0.002401673197804336 0
0.003626311088205573 0.001602448106871902 0
0.01107044259895669 0.0008702703519901456 0
0.008304031563242064 0.003855299290036484 0
0.01097409191409665 0.002513479189782394 0
0.00351889646795283 0.004300604158312731 0
0.01179269829291426 0.002999681865590294 0
0.000844960205734404 0.003493595682306515 0
0.00175708789687199 0.003103232541189693 0
0.001728495457667507 0.002057556973009294 0
0.0009595131302874834 0.001492055859154821 0
0.005342520785201966 0.004349727819006451 0
0.008728471721100976 0.001626002113880759 0
0.009740479367614956 0.004353118453068423 0
0.006884044322286559 0.004390032474417187 0
0.01179970173617705 0.001310209569667029 0
0.0072746119889127 0.0007963012163998606 0
0.007893735887847312 0.001680300587381089 0
0.006204977571711827 0.001786629767500291 0
0.001494016515882139 0.004164732572775658 0
0.001477456916371271 0.0007191757838507504 0
0.002639025300881299 0.003189544725533886 0
0.005249411618781438 0.0007660607750558344 0
0.01117384074307975 0.003445416630731456 0
0.0112990918775828 0.004305573677633835 0
0.004474127795096775 0.001657722001202591 0
0.003269080412659916 0.0007961049350814929 0
0.002615267654490849 0.001637242817235222 0
0.006534497857927788 0.00374479986731691 0
0.005747111501461887 0.003732235181169964 0
0.007375009446922845 0.003771547104022988 0
0.009180442951722973 0.003694995321216992 0
0.01001113025375482 0.003728314243705486 0
0.008346006370921626 0.004532904296313214 0
0.004919742421414486 0.003720056836013205 0
0.01121077214524778 0.001715813403975628 0
0.0007066572976210184 0.0007044358792041721 0
0.0007338298890737244 0.004266186752517134 0
0.002364742223492418 0.002477850050954486 0
0.01194992332692533 0.004458096953836036 0
0.01188172117471906 0.0006077869283322441 0
0.01061130315413038 0.003748874808175726 0
0.004000629280646503 0.00369644879634283 0
0.001859214466506671 0.001335326340590976 0
0.003135064892457384 0.003683198263760726 0
0.001997086401748868 0.00414932651468653 0
0.001625552206377064 0.003633982556982675 0
0.002128622092243793 0.003618576498893547 0
0.002198056598876645 0.00314638863336179 0
0.002569590794248448 0.003661732591065644 0
0.007839520505082454 0.003813423197029736 0
0.00761839938665307 0.003444415383767262 0
0.00808291044481268 0.00348629147677401 0
0.007526935219400838 0.004092942395911009 0
0.007991446277560448 0.004134818488917757 0
0.01148326951799701 0.003222549248160875 0
0.0110739663285882 0.002979447910256925 0
0.01138339510350546 0.002756580527686344 0
0.004909452189890919 0.001645096474467348 0
0.004861769706939106 0.001211891388129213 0
0.005297094101733251 0.001199265861393969 0
0.004342845322118928 0.001222220456128004 0
0.00473048723396126 0.0007763898430546256 0
0.006227488785855917 0.001309673250954202 0
0.005774877078198445 0.001709550357616198 0
0.005797388292342535 0.001232593841070109 0
0.006762305994456355 0.0008145089754039866 0
0.007162034567239283 0.001231580042094381 0
0.006649728572782936 0.001249787801098507 0
0.005749705809390723 0.0007993887547319736 0
0.01177462734869605 0.002572909332800204 0
0.01136532415928725 0.002329807994896254 0
0.01079405446379331 0.003301946009268663 0
0.01069418004930175 0.002835977288794133 0
0.01095519751585659 0.004027224242904781 0
0.01089257194860507 0.003597145719453591 0
0.01123646631033128 0.003875495154182645 0
0.006627217358638846 0.001726744317644596 0
0.01056596033464934 0.004056807813344533 0
0.01090985469637555 0.004335157248073588 0
0.009595786602738895 0.003711654782461239 0
0.009875804810684887 0.004040716348386954 0
0.009460461159668965 0.004024056887142707 0
0.009089049000170853 0.004044939912473773 0
0.009369067208116845 0.004374001478399487 0
0.001169488360808272 0.003829164127541087 0
0.001301024051303197 0.003298414111748104 0
0.007584173938380006 0.001238300901890475 0
0.007471596516706589 0.001673579727584995 0
0.00874223725748252 0.003775147305626738 0
0.008650843305930397 0.004125091896883519 0
0.008061135206191188 0.001253437012043718 0
0.007751573256723882 0.0008114373265531033 0
0.002942174033575383 0.001216673876158358 0
0.002495219396809312 0.001194672498636576 0
0.002822125775893845 0.000774103557559711 0
0.007002690609840969 0.0003981506081999304 0
0.006490384615384624 0.0004163583672040566 0
0.008671830709770179 0.004463894400021883 0
0.008325018967081845 0.004194101793174849 0
0.008935705307897761 0.00122523292353849 0
0.00847850312281802 0.001226287775293552 0
0.008685736709614804 0.0008255185849512839 0
0.01130445206870911 0.0004351351759950728 0
0.01082368283793988 0.0004351351759950728 0
0.003120789371348211 0.001619845462053562 0
0.003447695750432744 0.001199276520976698 0
0.009843941358150964 0.001228890357317057 0
0.009378553120058237 0.001226269977487417 0
0.009608327132787271 0.0008270841130258617 0
0.003740321630900499 0.0007914119230674548 0
0.003918936968673327 0.001194583508962659 0
0.0115874225599201 0.004077252134078425 0
0.01152479699266858 0.003647173610627235 0
0.004050219441651174 0.001630085054037247 0
0.0121878766211287 0.004065390773830428 0
0.0121878766211287 0.003641374735269599 0
0.009379161755039582 0.0004122318665981109 0
0.009844549993132308 0.0004148522464277509 0
0.003009526377784213 0.004217262307455066 0
0.003259542006545773 0.004650302079156366 0
0.002750171916377157 0.004566960228298701 0
0.004237319134247076 0.004633145450417975 0
0.004710921367020765 0.004633145450417975 0
0.009813890972037404 0.002778639306216653 0
0.00938339704801343 0.00277456637035186 0
0.009601794980996925 0.002402143181290378 0
0.010253690104199 0.002028584963524269 0
0.009823228125221415 0.002017146169466892 0
0.01004462932439952 0.001639515015835989 0
0.01027440333712855 0.001240329151374434 0
0.00852478179612692 0.003479807291325357 0
0.008303660677697534 0.003110799478062883 0
0.009170512534032841 0.003127688893946183 0
0.008958416542992361 0.002751192769019908 0
0.00939273420119744 0.002013073233602099 0
0.008311103804474144 0.001653151350630924 0
0.01022327854476388 0.002782345752480521 0
0.01000488061178038 0.003154768941542003 0
0.008898392524270353 0.0004122318665981109 0
0.008441190339190611 0.0004132867183531731 0
0.01057207898491834 0.0008499874224228237 0
0.01032531922390154 0.0004148522464277509 0
0.007180921033370689 0.003439538372539886 0
0.007424310973100914 0.00311240665228416 0
0.007960421108421382 0.0004132867183531731 0
0.006009615384615393 0.0004163583672040566 0
0.01214634914645713 0.002787523012801215 0
0.01212827820223892 0.002360750480011125 0
0.0004797565651437422 0.00124602792957741 0
0.0004797565651437422 0.001746027929577411 0
0.01026587388446156 0.004046527531109414 0
0.01013054844139163 0.004358929635790881 0
0.008090970971758678 0.002757906061154117 0
0.008532842323072918 0.002751421875705465 0
0.009171319533261453 0.001627039167829686 0
0.007227708169661004 0.002755500608853157 0
0.007665186522943386 0.002760377620080533 0
0.001296583404321212 0.002280687456948522 0
0.001742791677269749 0.002580394757099493 0
0.001310879623923454 0.002803525241038722 0
0.0008548157783546603 0.002998706811597134 0
0.01072459160873688 0.00208221649983788 0
0.01050319040955877 0.002459847653468783 0
0.0004323356754874583 0.002251908970443875 0
0.0004323356754874583 0.002751908970443875 0
0.0045096275784167 0.0003933594555267086 0
0.00402885834764747 0.0003933594555267086 0
0.000422480102867202 0.003246797841153258 0
0.002250140658854037 0.004566960228298701 0
0.0009120922406312005 0.001997936900021286 0
0.000422480102867202 0.003746797841153258 0
0.001344004293977495 0.001774806416082057 0
0.004908454496755582 0.0043080093599212 0
0.005144987655467149 0.004674863909503226 0
0.01077276695116689 0.001260612080941756 0
0.003759573264068892 0.004650302079156366 0
0.006578429214603557 0.003102002062525248 0
0.006393227537287255 0.002750174255200371 0
0.006801630942502231 0.002755701833731907 0
0.002629893261871584 0.0003760510900189646 0
0.002149124031102352 0.0003760510900189646 0
0.008745726837053505 0.002398299352111142 0
0.005509321194006108 0.0003830303875279172 0
0.01214634914645713 0.003216750372803238 0
0.007894368168318767 0.002401000017723115 0
0.01212827820223892 0.001931523120009102 0
0.003355072947878008 0.002002060652338119 0
0.003802652742642832 0.001996687287643723 0
0.003531414602315267 0.00239629983310994 0
0.007042506492344703 0.00240367280152828 0
0.007483459840610199 0.0003981506081999304 0
0.005937724657183418 0.004681671423052327 0
0.006313182114712495 0.004681671423052327 0
0.008873710308597661 0.004697442251865276 0
0.009248733751740002 0.004697442251865276 0
0.007464266393943031 0.004707168843899516 0
0.007839289837085373 0.004707168843899516 0
0.006691834616004554 0.004695016237208595 0
0.007066858059146894 0.004695016237208595 0
0.001247039515464189 0.004582366286387829 0
0.001747070772987308 0.004582366286387829 0
0.005028551963236878 0.0003830303875279172 0
0.008949886389036963 0.002012036179653172 0
0.01214985086808853 0.00151355950483756 0
0.01214985086808853 0.001084332144835537 0
0.009620145911238115 0.004676559226534212 0
0.009995169354380455 0.004676559226534212 0
0.008962987490367374 0.003399655306915611 0
0.005967125336255425 0.002746851372579511 0
0.006190327064154099 0.002400551143786169 0
0.003309113992416241 0.002759042886149863 0
0.003756693787181066 0.002753669521455467 0
0.00554561538993318 0.004674863909503226 0
0.01038523842815713 0.00468237040925667 0
0.01076026187129947 0.00468237040925667 0
0.0017002669197241 0.0003595878919253753 0
0.001219497688954867 0.0003595878919253753 0
0.005755375831749541 0.003094247231595062 0
0.005552475358616385 0.002744624120180859 0
0.0103112167039426 0.003738594525940607 0
0.003996063132489514 0.003105008196971416 0
0.004218363742388539 0.002742265143931493 0
0.008012433681400229 0.004473620992056122 0
0.004434016508007231 0.002394074398174186 0
0.004673385853315678 0.002745413073690136 0
0.01177812907032745 0.001728173184838571 0
0.005116907601809716 0.002014846637832467 0
0.005554500723903666 0.002014849604448706 0
0.00532663174102832 0.002397225294549069 0
0.008524312169117518 0.002012265286338729 0
0.006832943205375897 0.002035366447097965 0
0.007259020432534671 0.002035165222219215 0
0.004899229470903744 0.003092811899321927 0
0.005114882236522436 0.00274462115356462 0
0.01183422576758583 0.003424306228056655 0
0.006505391820994501 0.00437668766026092 0
0.007281452657082695 0.004402185081108109 0
0.003557617129406886 0.0003980524675407464 0
0.005734630052452204 0.004356535332555552 0
0.003076847898637654 0.0003980524675407464 0
0.004226561096088433 0.002024324234809068 0
0.001409363798397077 0.001413691099872898 0
0.001793854962087089 0.001696441656800135 0
0.001926314027749523 0.0007356389819443399 0
0.007681159803675393 0.00204188608201531 0
0.008106944252490686 0.002039414523088894 0
0.003996642338131014 0.00428344752957434 0
0.0117100913565903 0.0003038934641661222 0
0.01147608188683787 0.000739028640161195 0
0.01184993822032033 0.004729048476918019 0
0.01222496166346267 0.004729048476918019 0
0.01222496166346267 0.004369973955486938 0
0.006760665238873161 0.003426164754186847 0
0.006352261833658185 0.003420637175655312 0
0.0003533286488105088 0.000352217939602086 0
0.0003533286488105088 0.000852217939602086 0
0.005984601217417048 0.002091929014332799 0
0.006410703418448878 0.00209525189695366 0
0.0008340978795797413 0.000352217939602086 0
0.003086709239081669 0.003152978650014638 0
0.00286143005421587 0.002795608961669111 0
0.0003669149445368622 0.004633093376258567 0
0.0008669462020599811 0.004633093376258567 0
0.0003669149445368622 0.004133093376258568 0
0.00166833569143897 0.001027251062220863 0
0.001218485023329377 0.001105615821502786 0
0.004681583207015573 0.00202747216456771 0
0.01114949905250672 0.004652786838816918 0
0.002490004938991634 0.002057546434094854 0
0.002046618840579962 0.00226770351198189 0
0.002171881556079178 0.001847399895122258 0
0.01219086058735953 0.0003038934641661222 0
0.01152452249564906 0.004652786838816918 0
0.008547885969749109 0.004766452148156608 0
0.00817286252660677 0.004766452148156608 0
0.006954753652425317 0.003758173485669949 0
0.00281761059003649 0.003908559360179063 0
0.003326980680205107 0.003991901211036728 0
0.01219086058735953 0.0007331208241681446 0
0.01109243202967222 0.002114646296879011 0
0.01148366427486281 0.001930975101992871 0
0.01114060737210223 0.001293041877982887 0
0.01084293172431244 0.001683383606934497 0
0.009803311646404363 0.003439688369491811 0
0.009387967995388441 0.003423028908247563 0
0.002849551231020646 0.002019458007519779 0
0.01191283828459137 0.004153513772179526 0
0.005544816143331926 0.004040981500088207 0
0.005936925410582165 0.004047789013637308 0
0.01021269921913084 0.003443394815755679 0
0.00223724106049876 0.001486284578913099 0
0.01184071145544805 0.0009589982489996364 0
0.01143507216756687 0.001090239960828587 0
0.01150523694071242 0.001513011486821328 0
0.005958568655425234 0.003414354832581839 0
0.005543918677786194 0.003412127580183187 0
0.006330618588815115 0.004054071356710782 0
0.006709271090107174 0.004067416170867049 0
0.0008330852139542509 0.001098245869179496 0
0.007129526884604703 0.004080789789220088 0
0.005131131603308226 0.004034892327509828 0
0.005333426961438186 0.003726146008591585 0
0.00272428851552143 0.002439761624379411 0
0.001113923202477931 0.004215459662646396 0
0.005130234137762493 0.003406038407604808 0
0.004688737754555736 0.003406830327730323 0
0.004460185851030495 0.003708252816178018 0
0.004229181184171744 0.003395026307895136 0
0.002060915060182204 0.002790541296072089 0
0.0007893950474040642 0.003879891217411825 0
0.004697065314861842 0.003993173868424577 0
0.00423750874447785 0.00398136984858939 0
0.001092057106996145 0.0007118058315274613 0
0.006140804679694837 0.003738517524243437 0
0.003767511228964271 0.00340643068541911 0
0.003567847086551943 0.003689823530051778 0
0.003334729034869712 0.003399805419128058 0
0.003759762874299666 0.00399852647732778 0
0.002501883762186859 0.002833697388244186 0
0.002887045096669341 0.003436371494647306 0
0.01162450760225407 0.004381835315734935 0
0.002117192802817223 0.001043714260314453 0
0.01051278566931862 0.003453675097990798 0
2 9 0 1078
1275
1276
1277
1278
1279
1280
1281
1282
1283
1284
1285
1286
1287
1288
1289
1290
1291
1292
1293
1294
1295
1296
1297
1298
1299
1300
1301
1302
1303
1304
1305
1306
1307
1308
1309
1310
1311
1312
1313
1314
1315
1316
1317
1318
1319
1320
1321
1322
1323
1324
1325
1326
1327
1328
1329
1330
1331
1332
1333
1334
1335
1336
1337
1338
1339
1340
1341
1342
1343
1344
1345
1346
1347
1348
1349
1350
1351
1352
1353
1354
1355
1356
1357
1358
1359
1360
1361
1362
1363
1364
1365
1366
1367
1368
1369
1370
1371
1372
1373
1374
1375
1376
1377
1378
1379
1380
1381
1382
1383
1384
1385
1386
1387
1388
1389
1390
1391
1392
1393
1394
1395
1396
1397
1398
1399
1400
1401
1402
1403
1404
1405
1406
1407
1408
1409
1410
1411
1412
1413
1414
1415
1416
1417
1418
1419
1420
1421
1422
1423
1424
1425
1426
1427
1428
1429
1430
1431
1432
1433
1434
1435
1436
1437
1438
1439
1440
1441
1442
1443
1444
1445
1446
1447
1448
1449
1450
1451
1452
1453
1454
1455
1456
1457
1458
1459
1460
1461
1462
1463
1464
1465
1466
1467
1468
1469
1470
1471
1472
1473
1474
1475
1476
1477
1478
1479
1480
1481
1482
1483
1484
1485
1486
1487
1488
1489
1490
1491
1492
1493
1494
1495
1496
1497
1498
1499
1500
1501
1502
1503
1504
1505
1506
1507
1508
1509
1510
1511
1512
1513
1514
1515
1516
1517
1518
1519
1520
1521
1522
1523
1524
1525
1526
1527
1528
1529
1530
1531
1532
1533
1534
1535
1536
1537
1538
1539
1540
1541
1542
1543
1544
1545
1546
1547
1548
1549
1550
1551
1552
1553
1554
1555
1556
1557
1558
1559
1560
1561
1562
1563
1564
1565
1566
1567
1568
1569
1570
1571
1572
1573
1574
1575
1576
1577
1578
1579
1580
1581
1582
1583
1584
1585
1586
1587
1588
1589
1590
1591
1592
1593
1594
1595
1596
1597
1598
1599
1600
1601
1602
1603
1604
1605
1606
1607
1608
1609
1610
1611
1612
1613
1614
1615
1616
1617
1618
1619
1620
1621
1622
1623
1624
1625
1626
1627
1628
1629
1630
1631
1632
1633
1634
1635
1636
1637
1638
1639
1640
1641
1642
1643
1644
1645
1646
1647
1648
1649
1650
1651
1652
1653
1654
1655
1656
1657
1658
1659
1660
1661
1662
1663
1664
1665
1666
1667
1668
1669
1670
1671
1672
1673
1674
1675
1676
1677
1678
1679
1680
1681
1682
1683
1684
1685
1686
1687
1688
1689
1690
1691
1692
1693
1694
1695
1696
1697
1698
1699
1700
1701
1702
1703
1704
1705
1706
1707
1708
1709
1710
1711
1712
1713
1714
1715
1716
1717
1718
1719
1720
1721
1722
1723
1724
1725
1726
1727
1728
1729
1730
1731
1732
1733
1734
1735
1736
1737
1738
1739
1740
1741
1742
1743
1744
1745
1746
1747
1748
1749
1750
1751
1752
1753
1754
1755
1756
1757
1758
1759
1760
1761
1762
1763
1764
1765
1766
1767
1768
1769
1770
1771
1772
1773
1774
1775
1776
1777
1778
1779
1780
1781
1782
1783
1784
1785
1786
1787
1788
1789
1790
1791
1792
1793
1794
1795
1796
1797
1798
1799
1800
1801
1802
1803
1804
1805
1806
1807
1808
1809
1810
1811
1812
1813
1814
1815
1816
1817
1818
1819
1820
1821
1822
1823
1824
1825
1826
1827
1828
1829
1830
1831
1832
1833
1834
1835
1836
1837
1838
1839
1840
1841
1842
1843
1844
1845
1846
1847
1848
1849
1850
1851
1852
1853
1854
1855
1856
1857
1858
1859
1860
1861
1862
1863
1864
1865
1866
1867
1868
1869
1870
1871
1872
1873
1874
1875
1876
1877
1878
1879
1880
1881
1882
1883
1884
1885
1886
1887
1888
1889
1890
1891
1892
1893
1894
1895
1896
1897
1898
1899
1900
1901
1902
1903
1904
1905
1906
1907
1908
1909
1910
1911
1912
1913
1914
1915
1916
1917
1918
1919
1920
1921
1922
1923
1924
1925
1926
1927
1928
1929
1930
1931
1932
1933
1934
1935
1936
1937
1938
1939
1940
1941
1942
1943
1944
1945
1946
1947
1948
1949
1950
1951
1952
1953
1954
1955
1956
1957
1958
1959
1960
1961
1962
1963
1964
1965
1966
1967
1968
1969
1970
1971
1972
1973
1974
1975
1976
1977
1978
1979
1980
1981
1982
1983
1984
1985
1986
1987
1988
1989
1990
1991
1992
1993
1994
1995
1996
1997
1998
1999
2000
2001
2002
2003
2004
2005
2006
2007
2008
2009
2010
2011
2012
2013
2014
2015
2016
2017
2018
2019
2020
2021
2022
2023
2024
2025
2026
2027
2028
2029
2030
2031
2032
2033
2034
2035
2036
2037
2038
2039
2040
2041
2042
2043
2044
2045
2046
2047
2048
2049
2050
2051
2052
2053
2054
2055
2056
2057
2058
2059
2060
2061
2062
2063
2064
2065
2066
2067
2068
2069
2070
2071
2072
2073
2074
2075
2076
2077
2078
2079
2080
2081
2082
2083
2084
2085
2086
2087
2088
2089
2090
2091
2092
2093
2094
2095
2096
2097
2098
2099
2100
2101
2102
2103
2104
2105
2106
2107
2108
2109
2110
2111
2112
2113
2114
2115
2116
2117
2118
2119
2120
2121
2122
2123
2124
2125
2126
2127
2128
2129
2130
2131
2132
2133
2134
2135
2136
2137
2138
2139
2140
2141
2142
2143
2144
2145
2146
2147
2148
2149
2150
2151
2152
2153
2154
2155
2156
2157
2158
2159
2160
2161
2162
2163
2164
2165
2166
2167
2168
2169
2170
2171
2172
2173
2174
2175
2176
2177
2178
2179
2180
2181
2182
2183
2184
2185
2186
2187
2188
2189
2190
2191
2192
2193
2194
2195
2196
2197
2198
2199
2200
2201
2202
2203
2204
2205
2206
2207
2208
2209
2210
2211
2212
2213
2214
2215
2216
2217
2218
2219
2220
2221
2222
2223
2224
2225
2226
2227
2228
2229
2230
2231
2232
2233
2234
2235
2236
2237
2238
2239
2240
2241
2242
2243
2244
2245
2246
2247
2248
2249
2250
2251
2252
2253
2254
2255
2256
2257
2258
2259
2260
2261
2262
2263
2264
2265
2266
2267
2268
2269
2270
2271
2272
2273
2274
2275
2276
2277
2278
2279
2280
2281
2282
2283
2284
2285
2286
2287
2288
2289
2290
2291
2292
2293
2294
2295
2296
2297
2298
2299
2300
2301
2302
2303
2304
2305
2306
2307
2308
2309
2310
2311
2312
2313
2314
2315
2316
2317
2318
2319
2320
2321
2322
2323
2324
2325
2326
2327
2328
2329
2330
2331
2332
2333
2334
2335
2336
2337
2338
2339
2340
2341
2342
2343
2344
2345
2346
2347
2348
2349
2350
2351
2352
-0.006162293300156359 0.01704413319275109 0
-0.00952712054405154 0.01657060327458917 0
-0.006283156414386738 0.005865275881711785 0
-0.00079175583921631 0.01218091773034092 0
-0.01167297357252675 0.01206486038375146 0
-0.007487595800701389 0.01716712916563518 0
-0.004274046133950214 0.01686880179782353 0
-0.01166988590556572 0.009285610980597381 0
-0.0009407324673844095 0.009315175961252397 0
-0.01085843257881326 0.0160830823392225 0
-0.003352634657076448 0.005784791174041695 0
-0.009088441951631268 0.005802963133405791 0
-0.01179780386106493 0.01396827770789778 0
-0.0007886737726974739 0.01415313606551596 0
-0.002438436397381354 0.01676987888564491 0
-0.01168986877347627 0.00736781188883776 0
-0.0008015217244563711 0.007391685572121059 0
-0.01178973777044239 0.01589719888712289 0
-0.008712446758252002 0.01705480044187201 0
-0.00158265232177569 0.00582099347416439 0
-0.0008023453925284259 0.01605310865101374 0
-0.011047546443576 0.005725048101345501 0
-0.00819751209554502 0.01701207698294473 0
-0.008534368823692653 0.0166305006091865 0
-0.008049051162376964 0.01653079344703395 0
-0.008344568422805235 0.01615164937197854 0
-0.007840726960969343 0.01606900857340056 0
-0.008179447779420833 0.01565731176803526 0
-0.007649802602513261 0.01557591946126924 0
-0.008014414045103696 0.01511457839911531 0
-0.007303043048426719 0.01506490961846853 0
-0.007827381392907361 0.01448818100631446 0
-0.007148602179818895 0.01436890066963151 0
-0.00758866758912188 0.01382423198880516 0
-0.006869439151819428 0.01370949690618008 0
-0.007345017931325776 0.01312696034134141 0
-0.006595155430712769 0.01300372029065446 0
-0.007089890249051444 0.01240591445352809 0
-0.006314657074719542 0.01226796387014111 0
-0.00682428670278994 0.0116521199851451 0
-0.006026745172355087 0.01151084802127673 0
-0.005770427128316049 0.01298404067270402 0
-0.006549712975795782 0.01088264625148228 0
-0.005735217539218283 0.01073672545154434 0
-0.007359091544065824 0.01103166897665997 0
-0.007083420619483242 0.0102447381761594 0
-0.006633079971166128 0.0148194008362186 0
-0.008189757886323965 0.0139930150768374 0
-0.00869687823111458 0.01522716562478596 0
-0.007911709792002806 0.01039735892015046 0
-0.007637898870187182 0.009599684967781812 0
-0.008252345539978957 0.01123299276459426 0
-0.00520523195582542 0.01137921241385547 0
-0.00490533873192063 0.01059198893105755 0
-0.005448688379313333 0.009938769882247931 0
-0.004598231638656143 0.009783850130567482 0
-0.004366583743993455 0.01125062612005647 0
-0.005151192498335471 0.009112581597794222 0
-0.004285279163455839 0.008957476369908984 0
-0.008479144904296382 0.00975085894107618 0
-0.008198935146393783 0.008933979634406203 0
-0.003720394110816437 0.009643537372147123 0
-0.00485920206316331 0.008271655502100567 0
-0.003398082799196706 0.00880262900969502 0
-0.007292350392445288 0.0160416157529066 0
-0.009063201732697274 0.009088923806909255 0
-0.009352466722822457 0.009865780439403282 0
-0.005727682611383716 0.00842939284828273 0
-0.008763029724671356 0.008257572677105463 0
-0.007865979787335482 0.008153111741531993 0
-0.009648827161124782 0.008411174714166693 0
-0.002823081559299629 0.009505650937701631 0
-0.002495363153380311 0.008648259521098933 0
-0.003078397417702367 0.007944217323175165 0
-0.005423519767054566 0.007582231152244205 0
-0.00315958230323947 0.01033244505141846 0
-0.002279392076950575 0.01019618888631085 0
-0.002607193039535497 0.01100925300171128 0
-0.00779887768306924 0.01256264810713797 0
-0.004669266313963779 0.01205146022602688 0
-0.003829658095035219 0.01191685550294196 0
-0.004129064146596627 0.01272922746639932 0
-0.003289459090378748 0.01258003447650818 0
-0.003595656715959148 0.01338570629223086 0
-0.002746328738988187 0.01324316935245036 0
-0.003057943622158641 0.01404623650075596 0
-0.003901977484328741 0.01418677571541242 0
-0.003409653121197967 0.01482964598700485 0
-0.004216158946544428 0.01494169582191608 0
-0.004716068386882981 0.01432096392406162 0
-0.005012598869183467 0.01504995331291951 0
-0.002628419400742808 0.01472009042642494 0
-0.004546699745921243 0.007416096162309614 0
-0.005483387662020718 0.01443741918386179 0
-0.00929113877501276 0.007408104299289302 0
-0.006349994413559414 0.007724451688642859 0
-0.001629516088349259 0.01089254576544703 0
-0.002438363298178687 0.01244665892404183 0
-0.003710925209102643 0.01550492014917571 0
-0.008815359258610909 0.01626298476065877 0
-0.001895598915937479 0.01315227962430261 0
-0.00682669515756529 0.009441753048007845 0
-0.00507203583989316 0.006697280887607505 0
-0.01021839008940982 0.007684401288915786 0
-0.002199863669576486 0.007807002156560465 0
-0.01002539055025926 0.006813072559727785 0
-0.002760392898656564 0.007108730812162426 0
-0.005001477927321397 0.01693271207816352 0
-0.00476692489951289 0.01629599133566099 0
-0.005421920711818606 0.01642068400930517 0
-0.005923573387411391 0.0152102804091444 0
-0.01047678465533694 0.008564445475812425 0
-0.01191035845015079 0.0147373835583417 0
-0.01118029915811804 0.01446873825581159 0
-0.01111814749578403 0.01361711558918439 0
-0.01049046755351388 0.01402960957027546 0
-0.01043087691926564 0.01324466860038081 0
-0.01050003203247128 0.01476594407249003 0
-0.009884898598316944 0.01441749302088849 0
-0.009901166007025165 0.0151067585362551 0
-0.009293276947240484 0.01481544302152802 0
-0.009259147320132211 0.01412042855259928 0
-0.009275937413072328 0.01551038506904512 0
-0.009991064903175162 0.01578289263257521 0
-0.005226568957259271 0.01367644953533025 0
-0.001719862884801228 0.00693943535802432 0
-0.01048832624222613 0.01537783570511674 0
-0.01101965313600154 0.01512706804146234 0
-0.001620436038240539 0.008547276000793171 0
-0.004135329331143045 0.006563108258285851 0
-0.00341232842770085 0.01678082202119285 0
-0.006104297765268697 0.01378723227816791 0
-0.009058851556503451 0.01673220903501903 0
-0.01105006398118344 0.01275979415568673 0
-0.01034978154606153 0.01243314241528186 0
-0.009697939418220362 0.01289458435334568 0
-0.009635670463164405 0.01207420030640884 0
-0.01030891171766452 0.0116100251659249 0
-0.009596981136794205 0.01127447488018333 0
-0.01031133891589404 0.01080591462571022 0
-0.008991756896588227 0.01246703688748179 0
-0.01102031564830556 0.01131348771171441 0
-0.0110169005168218 0.01026460180011331 0
-0.004959048461752171 0.01285304737071044 0
-0.009008637996101389 0.01328798228149192 0
-0.0009482175713655594 0.01313629003774726 0
-0.009926669192899147 0.01634041117147372 0
-0.005624842098679779 0.01698017119033279 0
-0.005987883857159303 0.01655161107048421 0
-0.00648940102245925 0.01666889148515206 0
-0.006374354705752133 0.01617412065771848 0
-0.005881718171915316 0.01597159090249395 0
-0.006278390529020669 0.01568266433415429 0
-0.006839800107590176 0.01632159428391668 0
-0.006926411684811472 0.01675808690773135 0
-0.0104024834258836 0.01620745027765215 0
-0.008663016947858192 0.01455599039720366 0
-0.005259067993052327 0.01576028103946021 0
-0.01132159566116351 0.01596557903024006 0
-0.000807521314985871 0.01509905219068897 0
-0.001530444791203958 0.01567443009246617 0
-0.01143867867381257 0.01552099266450297 0
-0.002526529903576323 0.006286697634192179 0
-0.009475083232194953 0.0160577958845014 0
-0.007206707416504122 0.005827128037478627 0
-0.006753306996925132 0.006687346380562743 0
-0.007739723854219799 0.006650225400814528 0
-0.008172480995225183 0.005822590343947089 0
-0.008653858902842052 0.006655225491983576 0
-0.007591219825778281 0.01646204109628789 0
-0.00678527856987369 0.01584788169254593 0
-0.003007159540644515 0.01603801570739244 0
-0.0007651973934607679 0.01127260449486979 0
-0.0008100434850010323 0.01034298911047402 0
-0.01005385189864075 0.005870294799124307 0
-0.001692972051493533 0.01468450643474502 0
-0.01172559569087556 0.008308540934333624 0
-0.007249497602172551 0.007443193369989894 0
-0.007603983294057164 0.01180718782670557 0
-0.00442139735879649 0.01352536171735748 0
-0.001920546193477095 0.009358618644115644 0
-0.008766333627616653 0.0104867098046832 0
-0.009938334124341332 0.009232940009796915 0
-0.006572521080658011 0.008644219413522454 0
-0.008904936681591636 0.01172012543275814 0
-0.003971875130394778 0.008107659943382759 0
-0.01203285994425405 0.01545587875386784 0
-0.005340476403346967 0.00583058067921068 0
-0.006269034097496707 0.01008933216787336 0
-0.005490896017822008 0.01217442876245244 0
-0.002249019732832876 0.013930967060516 0
-0.004067772624471992 0.01045193323857773 0
-0.003524657635981166 0.01111910573435674 0
-0.01087591188920188 0.007085780408843502 0
-0.008163586223051227 0.01334309216399279 0
-0.009827579739924593 0.01366328326500747 0
-0.00297174062478534 0.01179272039914642 0
-0.003638747504853307 0.00728662837422062 0
-0.01177316481842652 0.01307646963892992 0
-0.004547671918472294 0.01561318626723723 0
-0.008655061424261375 0.01576442539251282 0
-0.001485111883774973 0.01662352764404878 0
-0.0008054935002610305 0.006489459716996792 0
-0.01160831812836032 0.006444378825023061 0
-0.01077255651364122 0.009370804854747675 0
-0.00211017749313919 0.01170991413929118 0
-0.005999302304125421 0.009276008159621424 0
-0.006654637153378531 0.0171085870111382 0
-0.007384989725641708 0.008825784248786387 0
-0.008260538107708999 0.007427905496785793 0
-0.0007782213877325986 0.008315600589072134 0
-0.005891304215518129 0.006783758107614422 0
-0.006152234291002795 0.01448963801640543 0
-0.004377329873161801 0.005760128900071378 0
-0.003953176021563901 0.01618362287974712 0
-0.01190909065431639 0.01021420108494844 0
-0.002417533728794248 0.01549455976550154 0
-0.01016956418668158 0.01001595461158543 0
-0.01176988006532842 0.01102162330030136 0
-0.008299517503974332 0.01204707538243891 0
-0.01103346090556739 0.00792696298327965 0
-0.01088040929314836 0.01203626196647187 0
-0.001584954370298756 0.01239372403793734 0
-0.01095482662275956 0.01564289870157181 0
-0.001514896408865384 0.01381143584456537 0
-0.00709939972496709 0.01715839694388749 0
-0.001522532344563505 0.01000600041775874 0
-0.007131854508737685 0.01558231584672331 0
-0.003282726859061137 0.006605991250580554 0
-0.009205044420663309 0.01634508553424108 0
-0.007110510276250631 0.008156558480243801 0
-0.0007022264768682682 0.01679321501327901 0
-0.009556562268286229 0.01058334076667597 0
-0.01179321501327902 0.005702226476868269 0
-0.009072922974827615 0.01595955789838329 0
-0.0007038950072777656 0.005703895007277767 0
-0.01216004121271602 0.01591151816062425 0
-0.001445925973305229 0.007789215106346949 0
-0.008433786526951191 0.01275738931012671 0
-0.003053752834796092 0.01536793901962516 0
-0.007340431218494671 0.01678978060393083 0
-0.01061361530210727 0.006365601715205606 0
-0.01053902675457154 0.01581883193122768 0
-0.001376320236892856 0.01168994123357725 0
-0.006603967509769543 0.01420882689602157 0
-0.006662420839007976 0.01537172133779501 0
-0.007777993034669087 0.01689748960466114 0
-0.009366683265169738 0.006504507315986043 0
-0.008726868183074301 0.01384679625986101 0
-0.002133838645461386 0.0160975412501586 0
-0.007198042645823978 0.01647462372895467 0
-0.01118316893755951 0.008754220711396745 0
-0.008976546480030689 0.01111758182313386 0
-0.01149648668350301 0.01505678700004537 0
-0.002429384768222688 0.005533327861021379 0
-0.008986407822093454 0.01536877534691554 0
-0.009284607180156407 0.01516291404528657 0
-0.008995077589177534 0.01502130432315699 0
-0.007755017854940776 0.007435549433387843 0
-0.008000130980964399 0.007039065448800161 0
-0.007494610728196176 0.007046709385402212 0
-0.006080054350467993 0.01582712761832412 0
-0.00610098195821603 0.01544647237164935 0
-0.005902645779663354 0.01559093565581918 0
-0.01197160919720242 0.01509663115610477 0
-0.01226642997212703 0.01531309060316391 0
-0.0122051792250754 0.01495384300540084 0
-0.008863992199544497 0.01586199164544806 0
-0.009174430193949971 0.01573497148371421 0
-0.008965499418666853 0.01563740523077897 0
-0.005615890309432547 0.00630716939341255 0
-0.006087230314952434 0.006324516994663103 0
-0.005811816408866853 0.005847928280461233 0
-0.003682752224632376 0.01648222245046999 0
-0.003480167781104208 0.01611081929356978 0
-0.003209743984172683 0.01640941886429265 0
-0.005937362446792374 0.01338563647543596 0
-0.006349726597990733 0.01339547628441118 0
-0.00618279127951441 0.01299388048167924 0
-0.006292997113209683 0.01529100087346971 0
-0.006647750405087052 0.0150955610870068 0
-0.006278326679288759 0.0150148406226815 0
-0.008338715496480943 0.01483528439815949 0
-0.008245199170382777 0.01452208570175906 0
-0.007920897719005528 0.01480137970271489 0
-0.007987752565107054 0.01695478329380293 0
-0.007791973870361914 0.01719874480233057 0
-0.00800173340079988 0.01725603849147236 0
-0.003832050615333272 0.01584427151446142 0
-0.003359042374873579 0.01577146792828408 0
-0.004858903138254384 0.005795354789641029 0
-0.004724682856527481 0.006228704893839442 0
-0.005206256121620064 0.006263930783409092 0
-0.005591320690231859 0.01548528072430231 0
-0.005570393082483822 0.01586593597097708 0
-0.004256329602152423 0.006161618579178615 0
-0.004603682585518102 0.006630194572946678 0
-0.006486868458544063 0.01374836459217399 0
-0.006732297291266099 0.01335660859841727 0
-0.005665433361263984 0.01373184090674908 0
-0.005498498042787661 0.01333024510401713 0
-0.008796610190098052 0.01668135482210276 0
-0.00893710540755718 0.0164975968978389 0
-0.008674864041151781 0.01644674268492263 0
-0.008237744724286043 0.01725603849147236 0
-0.0122051792250754 0.01457722634430933 0
-0.008454979426898511 0.01703343871240837 0
-0.008495212055639533 0.017277400220936 0
-0.008063258947522241 0.007790508619158893 0
-0.007557738694754017 0.007798152555760944 0
-0.006470405684014322 0.01552719283597465 0
-0.008675969827687979 0.01549579550864939 0
-0.005481670027705644 0.006740519497610963 0
-0.009733074067685057 0.0159203442585383 0
-0.00970087621254705 0.01619910352798756 0
-0.009958867048037154 0.01606165190202447 0
-0.006392657131084461 0.01465451942631202 0
-0.006037903839207093 0.01484995921277492 0
-0.008731223379125753 0.01727740022093619 0
-0.008679947589486387 0.01489157801099481 0
-0.008355646138109138 0.01517087201195064 0
-0.001740276643118118 0.01277300183111997 0
-0.001266585970832158 0.0127650070378423 0
-0.001421908243651519 0.01314428483102494 0
-0.01016457630939137 0.01627393072456294 0
-0.01019677416452938 0.01599517145511368 0
-0.002055252890143891 0.01508953310012328 0
-0.002522976564768529 0.01510732509596324 0
-0.002160695726118171 0.01470229843058498 0
-0.001188355104757533 0.01228732088413913 0
-0.0008699867052909347 0.01265860388404409 0
-0.01139509785681699 0.01116755550600789 0
-0.01139339029107511 0.01064311255020734 0
-0.01101860808256368 0.01078904475591386 0
-0.007632794417685238 0.01703230938514816 0
-0.007646775253378065 0.01733356458281759 0
-0.008978146947549339 0.01468571670936584 0
-0.0118394853598224 0.0106179121926249 0
-0.0114629955855691 0.01023940144253088 0
-0.009501101888123246 0.01631419957954528 0
-0.009726894868475344 0.01645550722303145 0
-0.001973989259999103 0.01558449492898385 0
-0.001611708421348746 0.01517946826360559 0
-0.01122122120960347 0.009328207917672526 0
-0.01089472851523151 0.009817703327430491 0
-0.01134339321119376 0.009775106390355344 0
-0.01178948827994106 0.00974990603277291 0
-0.00536473779503411 0.01291854402170723 0
-0.005092808709505721 0.01326474845302034 0
-0.008885649157377726 0.01689350473844552 0
-0.008623407790972327 0.01684265052552925 0
-0.01172306919547664 0.01257066501134069 0
-0.01213658240921326 0.01281441599524359 0
-0.01208648678626337 0.01230861136765436 0
-0.01141161439980498 0.01291813189730832 0
-0.0113615187768551 0.0124123272697191 0
-0.008445227203062764 0.0135949442119269 0
-0.008867753089587845 0.01356738927067646 0
-0.008586112109576308 0.01331553722274235 0
-0.006799746007865983 0.007583822529316377 0
-0.007001402299548842 0.007065269875276319 0
-0.006551650705242273 0.007205899034602802 0
-0.01176467331387853 0.01525633287695661 0
-0.01146758267865779 0.01528888983227417 0
-0.01173576930903331 0.01548843570918541 0
-0.004830293103062898 0.01721635603908176 0
-0.004637762030635806 0.01690075693799353 0
-0.004466577206377305 0.01718440089891177 0
-0.006325847161307805 0.01685651233895157 0
-0.006238642439809277 0.01661025127781814 0
-0.006075088578657831 0.01679787213161765 0
-0.001194072911018361 0.006155226595580592 0
-0.00126267819253113 0.006714447537510556 0
-0.001651257603288459 0.006380214416094356 0
-0.006982731943717347 0.01521831547813177 0
-0.00689713767387283 0.01547701859225916 0
-0.007217448778582202 0.01532361273259592 0
-0.0117034225668269 0.01489708527919353 0
-0.005893567699418069 0.01701215219154194 0
-0.005770498143680499 0.0172400855951664 0
-0.006039223744418789 0.01727206659637554 0
-0.001430639330430752 0.00933689730268402 0
-0.001770491115858816 0.008952947322454406 0
-0.001280584252812474 0.008931225981022783 0
-0.00632230560622163 0.006735552244088582 0
-0.006120649314538771 0.00725410489812864 0
-0.005493150097738407 0.0172400855951664 0
-0.005806362977919541 0.0167658911304085 0
-0.0008035076123587004 0.006940572644558926 0
-0.0012606923046288 0.00716556046507269 0
-0.01185408115560786 0.01435283063311974 0
-0.01214890193053246 0.01419267341908737 0
-0.01047075509022757 0.01601314110443992 0
-0.01026504582887335 0.01580086228190145 0
-0.005224972239787089 0.01251373806658144 0
-0.005080081165892893 0.01211294449423966 0
-0.004814157387857974 0.01245225379836866 0
-0.002123196394188775 0.006613066496108249 0
-0.002054591112676006 0.006053845554178284 0
-0.01075984258423641 0.01494650605697618 0
-0.01109997614705979 0.01479790314863696 0
-0.01084016559529466 0.01461734116415081 0
-0.00913194798858338 0.01653864728463005 0
-0.009010201839637109 0.01630403514744992 0
-0.008426387417091079 0.01427450273702053 0
-0.008008569639615663 0.01424059804157593 0
-0.004025113654864399 0.01718440089891177 0
-0.003122232154767395 0.01714041101059642 0
-0.002925382412541102 0.01677535045341888 0
-0.002635286139607646 0.01713493944282246 0
-0.004884201413417144 0.01661435170691226 0
-0.004520485516731552 0.01658239656674226 0
-0.01172142681892758 0.01154324184202641 0
-0.01134664461041615 0.01168917404773294 0
-0.008457198505275525 0.007041565494384685 0
-0.008196791378530926 0.006652725446399052 0
-0.005135833431117897 0.01540511717618986 0
-0.005468086128297429 0.01513011686103196 0
-0.01095036247072696 0.01167487483909314 0
-0.01127669143283755 0.01205056117511167 0
-0.004903369955762311 0.01568673365334872 0
-0.004657298408992592 0.01595458880144911 0
-0.005012996446282609 0.0160281361875606 0
-0.008721212261526289 0.01302268579580931 0
-0.00829868637500121 0.01305024073705975 0
-0.0011437286381517 0.01633831814753126 0
-0.001507778337489466 0.01614897886825747 0
-0.001166395091866192 0.01586376937173995 0
-0.006968061509796423 0.01494215522734357 0
-0.002722797969012934 0.01640394729651868 0
-0.005630661573069028 0.01257923471757823 0
-0.01214890193053246 0.01373234267669985 0
-0.009543363530028402 0.01389185590880337 0
-0.009418108868012991 0.01347563277324969 0
-0.0091338926581168 0.0137042054170456 0
-0.006518231705655935 0.006276311131137264 0
-0.009328911020091249 0.006956305807637672 0
-0.009010271084005895 0.006579866403984809 0
-0.008972498838927406 0.007031664895636439 0
-0.008458313034699133 0.0139199056683492 0
-0.008176672054687596 0.01366805362041509 0
-0.01125806990975227 0.01509192752075385 0
-0.01133839292081053 0.01476276262792848 0
-0.008775838441360879 0.007418004898037548 0
-0.009633501158123746 0.01564663885081017 0
-0.009946115455100164 0.01544482558441516 0
-0.009588551710048746 0.01530857180265011 0
-0.001809475264618179 0.01636053444710369 0
-0.001832141718332672 0.01588598567131238 0
-0.005181468012059216 0.01721635603908176 0
-0.00478013539382788 0.01533156979007837 0
-0.0111109667152338 0.006404990270114333 0
-0.01074476359565458 0.006725691062024555 0
-0.0112421150087811 0.006765079616933282 0
-0.005211699319570003 0.01667669804373435 0
-0.005094422805665749 0.01635833767248308 0
-0.005340494352435467 0.01609048252438269 0
-0.009762759579072477 0.01327893380917657 0
-0.009353288707160875 0.0130912833174188 0
-0.003864982265119124 0.005772460037056537 0
-0.003743981994109747 0.006173949716163773 0
-0.004113611077757057 0.01652621233878533 0
-0.003843187280825532 0.01682481190950819 0
-0.006812539338731934 0.01608473798823131 0
-0.006579816637812911 0.01601100117513221 0
-0.006607077406671154 0.01624785747081758 0
-0.01019474612462565 0.01524229712068592 0
-0.01049417913734871 0.01507188988880338 0
-0.01020059901974822 0.01493635130437257 0
-0.009893032302671054 0.01476212577857179 0
-0.01019246531539411 0.01459171854668926 0
-0.004544056304174399 0.01279113741855488 0
-0.004399165230280203 0.0123903438462131 0
-0.001199328712986569 0.008431438294932652 0
-0.0008594769275585036 0.008815388275162267 0
-0.009597221477132826 0.01496110077889156 0
-0.01049524979299258 0.01439777682138275 0
-0.01083538335581596 0.01424917391304352 0
-0.01075398968911383 0.01525245187328954 0
-0.0004741087856827801 0.01291429886502748 0
-0.0003958779196081546 0.01243661271132431 0
-0.01148905150959148 0.01421850798185468 0
-0.01154532880413442 0.01460306090707664 0
-0.00653183454944718 0.01576527301335012 0
-0.006326372617386401 0.01592839249593639 0
-0.004614378907863948 0.0149958245674178 0
-0.004864333628033224 0.01468545861849057 0
-0.004466113666713704 0.01463132987298885 0
-0.001219779786675146 0.01061776743796052 0
-0.0007876204392309001 0.0108077968026719 0
-0.001197356740905013 0.01108257513015841 0
-0.00937551032263364 0.01578409047677326 0
-0.007441785109111784 0.01625182842459724 0
-0.007715973393373812 0.01626552483484422 0
-0.007566538676707315 0.01605531216315358 0
-0.005703480524716055 0.0148238497965031 0
-0.005247993265602092 0.01474368624839065 0
-0.005313160013000588 0.01695644163424816 0
-0.004129298563787468 0.01555905320820647 0
-0.004381915432508361 0.01527744104457665 0
-0.003963542077823535 0.0152233079855459 0
-0.01083058087284164 0.006045324908275553 0
-0.01132793228596816 0.006084713463184281 0
-0.005523381405249193 0.01670042759981898 0
-0.004309022935605861 0.01425386981973702 0
-0.004059068215436584 0.01456423576866425 0
-0.0011237238488808 0.007590450339234004 0
-0.001582894429053228 0.007364325232185635 0
-0.01023969557270065 0.01558036416884597 0
-0.0004050217425005161 0.01007534070908317 0
-0.0008753879761927204 0.009829082535863206 0
-0.0004703662336922043 0.009561434134472357 0
-0.005934801014537311 0.01626160098648908 0
-0.005651819441866962 0.01619613745589956 0
-0.005704902284488955 0.01648614753989469 0
-0.006431877864105691 0.01642150607143527 0
-0.006181119281455718 0.01636286586410135 0
-0.001231556990115472 0.01347386294115632 0
-0.001705247662401431 0.01348185773443399 0
-0.0004037606574929355 0.0148572184030368 0
-0.0007980975438416724 0.01462609412810247 0
-0.0003943368863487369 0.01438426034045029 0
-0.008413169949033617 0.006238907917965332 0
-0.007956102424722491 0.006236407872380808 0
-0.003812906033871198 0.01488567090446047 0
-0.003655815302763354 0.01450821085120863 0
-0.01018768307591541 0.01422355129558197 0
-0.007038814481159489 0.01594474872272627 0
-0.007066075250017732 0.01618160501841164 0
-0.004275230752696559 0.0131272945918784 0
-0.004690222910274331 0.01318920454403396 0
-0.001231632405973957 0.009660588189505569 0
-0.0017215392690203 0.009682309530937192 0
-0.00509972802445185 0.01437919155396171 0
-0.003317680758068793 0.006195391212311125 0
-0.003709028095102092 0.006584549754433202 0
-0.005863492457754568 0.008852700503952076 0
-0.006285911692391716 0.008960113786571938 0
-0.006150101846020863 0.008536806130902592 0
-0.004008527037377819 0.01345553400479417 0
-0.003862360431277888 0.01305746687931509 0
-0.009000197446344808 0.01287750958448685 0
-0.009344848157404294 0.01268081062041374 0
-0.0008684456720315162 0.01364471305163161 0
-0.0004741087856827801 0.01339506809579671 0
-0.0003943368863487369 0.01390349110968106 0
-0.003560289165150305 0.01516728306809028 0
-0.001250246683239703 0.014891779312717 0
-0.001168983053094914 0.01538674114157757 0
-0.002540959058962265 0.0117513172692188 0
-0.002274270395658938 0.01207828653166651 0
-0.002705051961482014 0.01211968966159412 0
-0.009589087772778716 0.01461646802120825 0
-0.0003958779196081546 0.01195584348055508 0
-0.007689594205864653 0.005824859190712858 0
-0.007932394343766441 0.005411295171973545 0
-0.007449507554405909 0.005413564018739314 0
-0.007473215635361961 0.006238676719146578 0
-0.008961082133995203 0.01433820947490147 0
-0.009276212133686347 0.01446793578706365 0
-0.003594254801739718 0.01714041101059642 0
-0.01208648678626337 0.01183658872068204 0
-0.003065925337758331 0.01106417936803401 0
-0.003342119969610318 0.0107257753928876 0
-0.002883387671387483 0.01067084902656487 0
-0.001240822912095504 0.01441882125013049 0
-0.006412998730845356 0.009358880603814635 0
-0.00669960811911165 0.009042986230765149 0
-0.008365940459618837 0.01682128879606561 0
-0.0008049333537571484 0.01557608042085136 0
-0.00635413263751912 0.01399802958709474 0
-0.006736703330794486 0.01395916190110083 0
-0.004823983158027881 0.01360090562634386 0
-0.0004050217425005161 0.0105561099398524 0
-0.002358685266337343 0.01135958357050123 0
-0.002789466832160419 0.01140098670042885 0
-0.002438719566787842 0.01432552874347047 0
-0.001970995892163204 0.01430773674763051 0
-0.007471076497479275 0.01580876760708792 0
-0.007745264781741303 0.0158224640173349 0
-0.006026193591808758 0.005432637940855893 0
-0.006506962822577988 0.005432637940855893 0
-0.0004037606574929355 0.01533798763380603 0
-0.0004011726962642129 0.01581501586396841 0
-0.006980007206714627 0.006257237209020685 0
-0.00674493191544543 0.005846201959595206 0
-0.003613677463855732 0.01039218914499809 0
-0.003894083367644215 0.01004773530536242 0
-0.003439988207027954 0.009987991211782791 0
-0.006664600565024713 0.01649524288453437 0
-0.006968738323636679 0.005413564018739314 0
-0.0116490934509183 0.00690609535693041 0
-0.01128289033133907 0.007226796148840631 0
-0.003479960553243691 0.01411650610808419 0
-0.003748817100143945 0.01378624100382164 0
-0.003326800169058895 0.01371597139649341 0
-0.0003825986967303839 0.01102091763205029 0
-0.01213658240921326 0.01328643864221592 0
-0.008871150427236661 0.006229094312694684 0
-0.008630461473428226 0.00581277673867644 0
-0.0007784766163385394 0.01172676111260536 0
-0.0003825986967303839 0.01150168686281952 0
-0.007481537419061494 0.01141942840168277 0
-0.00792816441701806 0.01152009029564992 0
-0.00780571854202239 0.01113233087062712 0
-0.004161687421562615 0.01385606871638495 0
-0.003979361120815923 0.01232304148467064 0
-0.004249462204499498 0.01198415786448442 0
-0.004568732872839735 0.01392316282070955 0
-0.005348063986823714 0.01177682058815395 0
-0.004937249134894599 0.01171533631994117 0
-0.002443292558243036 0.01060272094401107 0
-0.002719487190095023 0.01026431696886466 0
-0.01031538748778191 0.005435147399562154 0
-0.01055069917110837 0.005797671450234904 0
-0.01081223476024954 0.005362524050672751 0
-0.01226642997212703 0.01561053181417072 0
-0.007820135494077621 0.01649641727166092 0
-0.007944889061673155 0.01629990101021725 0
-0.009313713679876316 0.01227061859694532 0
-0.009666804940692383 0.01248439232987726 0
-0.007246515425572466 0.006668785890688636 0
-0.002163263492635323 0.01713493944282246 0
-0.0004011726962642129 0.01629578509473764 0
-0.00841316357453567 0.005411295171973545 0
-0.005793842713644708 0.01411232573101485 0
-0.005354978309639995 0.01405693435959602 0
-0.008871144052738714 0.005401481566702896 0
-0.003248199130383253 0.01145591306675158 0
-0.004971318672071126 0.01399870672969593 0
-0.005817810976511757 0.01446352860013361 0
-0.006707906353635361 0.01671348919644171 0
-0.006883105896200824 0.01653984059582402 0
-0.009571146925136007 0.005836628966265049 0
-0.009834618257012682 0.005435147399562154 0
-0.009351913283507943 0.005401481566702896 0
-0.002991331931269549 0.009919047994560044 0
-0.003271737835058033 0.009574594154924376 0
-0.01129300399101877 0.005362524050672751 0
-0.0004703662336922043 0.009080664903703128 0
-0.003233798371678304 0.01443794124388041 0
-0.004517925028978617 0.01165104317304167 0
-0.004785907849909438 0.01131491926695597 0
-0.01080430752464896 0.01382336257972993 0
-0.01114922332695104 0.01404292692249799 0
-0.01208494295278286 0.009030896078188006 0
-0.01208494295278286 0.009502918725160335 0
-0.00311862502084592 0.005392395587020848 0
-0.003599394251615152 0.005392395587020848 0
-0.01002386048214094 0.01266386338431377 0
-0.010064408168743 0.01306962647686325 0
-0.01039032923266358 0.01283890550783133 0
-0.003559558592706983 0.01224844498972507 0
-0.003709261618487687 0.01265463097145375 0
-0.0004007608622281856 0.007638150478368227 0
-0.0004007608622281856 0.007157381247598994 0
-0.009645400423581894 0.009549360224600099 0
-0.009500767928519303 0.009160931908353084 0
-0.009207834227759865 0.00947735212315627 0
-0.01211279784543778 0.008542361055056128 0
-0.01169774079822064 0.008797075957465501 0
-0.001272095391657077 0.005410496737082196 0
-0.001752864622426309 0.005410496737082196 0
-0.01211279784543778 0.008070338408083799 0
-0.008082027665990883 0.01081517584237236 0
-0.007635400668034315 0.01071451394840522 0
-0.01170773223217592 0.007838176411585691 0
-0.01209493438673814 0.007599973885335867 0
-0.01209493438673814 0.007127951238363538 0
-0.008092647691887288 0.01611032897268955 0
-0.0081968097925911 0.01634122140950624 0
-0.008579963840708072 0.01620731706631865 0
-0.008439468623248944 0.01639107499058252 0
-0.003442557903168948 0.01298287038436952 0
-0.001954454082649917 0.01054436732587894 0
-0.002118354563942377 0.01095089938357916 0
-0.002551236818125102 0.009850919912006243 0
-0.009793580642733057 0.008822057361981803 0
-0.009356014446911028 0.008750049260537974 0
-0.005439437554859593 0.008770987223038474 0
-0.005293442337273513 0.008350524175191647 0
-0.00500519728074939 0.008692118549947394 0
-0.006038838512471566 0.008076922268462794 0
-0.00588675709030699 0.007653341420443532 0
-0.005575601189219142 0.008005812000263467 0
-0.01015902364671924 0.01384644641764146 0
-0.009856239169120769 0.01404038814294798 0
-0.01006280590823086 0.00848781009498956 0
-0.01034758737237338 0.008124423382364104 0
-0.0099336086252673 0.00804778800154124 0
-0.009270303572378021 0.01189716286958349 0
-0.008948346789089932 0.01209358116011997 0
-0.004098120919514336 0.01158374081149921 0
-0.01051367649839884 0.01559833381817221 0
-0.00891580581355942 0.009808319690239731 0
-0.008771173318496828 0.009419891373992718 0
-0.002477957335899506 0.005910012747606779 0
-0.002006018544999189 0.005677160667592884 0
-0.002643461401116443 0.006697714223177302 0
-0.002240127891728895 0.007024083085093373 0
-0.005074084355519642 0.00541529033960534 0
-0.005554853586288873 0.00541529033960534 0
-0.009572022959224578 0.01426896078674388 0
-0.005141360915108938 0.007926943327172385 0
-0.008291709993034808 0.01658064702811022 0
-0.001959863277188857 0.007373218757292393 0
-0.002480128284116525 0.007457866484361446 0
-0.003238240108449536 0.008373423166435093 0
-0.002786880285541339 0.008296238422137048 0
-0.002946722976288509 0.008725444265396976 0
-0.004592511090427059 0.00538006445003569 0
-0.008509339583797805 0.01085985128463873 0
-0.00833902170980973 0.01044203436241683 0
-0.007571947807197507 0.01284480422423969 0
-0.007444383966060342 0.01248428128033303 0
-0.00721745409018861 0.01276643739743475 0
-0.004250423970018097 0.01589840457349218 0
-0.00831450475600342 0.008205342209318728 0
-0.008032457466864634 0.008543545687969098 0
-0.00848098243553257 0.008595776155755833 0
-0.002919395158179465 0.007526474067668796 0
-0.002639130543639426 0.007875609739867815 0
-0.003796215130226579 0.01078551948646723 0
-0.001910149853908512 0.008177139078676818 0
-0.002057899595810425 0.008597767760946052 0
-0.002347613411478399 0.0082276308388297 0
-0.004002836637136138 0.009300506871028054 0
-0.00415931287473629 0.009713693751357302 0
-0.004441755401055991 0.009370663250238232 0
-0.003110582179248167 0.009154139973698325 0
-0.003559238455006571 0.009223083190921071 0
-0.007410763929891902 0.01733356458281759 0
-0.008622739265956518 0.01011878437287969 0
-0.009059400175219555 0.01017624512204324 0
-0.007091689123427882 0.01134189448090254 0
-0.006954402259930803 0.01095715761407113 0
-0.006686999839292861 0.01126738311831369 0
-0.004985109756487905 0.00749916365727691 0
-0.004702950904542276 0.00784387583220509 0
-0.005247777803473863 0.007139756019925855 0
-0.004809367792907202 0.007056688524958559 0
-0.004635961237957042 0.01092130752555701 0
-0.005055285343873025 0.01098560067245651 0
-0.009754764432211288 0.007546252794102544 0
-0.009469982968068769 0.007909639506727998 0
-0.00265922235633997 0.009076955229400281 0
-0.01020755938983913 0.00889869274280467 0
-0.004572240613309574 0.008614565936004775 0
-0.004718235830895655 0.009035028983851603 0
-0.009710267581905241 0.006187401057555175 0
-0.009696036907714497 0.006658789937856914 0
-0.01003962122445 0.006341683679426046 0
-0.01012922832959512 0.01345397593269414 0
-0.005470224747521852 0.0110579689326999 0
-0.005615988564090253 0.0114450302175661 0
-0.005880981355786685 0.01112378673641053 0
-0.003841680981326272 0.008880052689802003 0
-0.007232297013876236 0.009520719007894829 0
-0.006955057888524266 0.00984324561208362 0
-0.007360659744835212 0.009922211571970603 0
-0.008602227092782983 0.01188360040759852 0
-0.008645637200281279 0.01225705613496035 0
-0.01146544353646646 0.01613968677632957 0
-0.01124561259750891 0.01617940555536295 0
-0.006128036438833724 0.01607285578010621 0
-0.004341014538532144 0.006989602210297732 0
-0.01012189031983454 0.007248736924321785 0
-0.009658264662636008 0.007110588429508543 0
-0.009992726004612965 0.01225367136084535 0
-0.003017893914683467 0.01291160191447927 0
-0.003170992727473667 0.01331443782234061 0
-0.006890841075492512 0.01459415075292506 0
-0.007225822614122807 0.01471690514405002 0
-0.002902136180573414 0.01364470292660316 0
-0.007876126906086554 0.01358366207639898 0
-0.007889212737722922 0.01390862353282128 0
-0.009205928442898069 0.008334373695636077 0
-0.008913115728684315 0.00867324824200736 0
-0.009027084249842058 0.007832838488197382 0
-0.006461257747108712 0.008184335551082656 0
-0.006288229074075434 0.0111967471363795 0
-0.006425515937572513 0.01158148400321092 0
-0.006042542101517796 0.01262600227142256 0
-0.006454906252716156 0.01263584208039778 0
-0.002843181511450725 0.01438316346359045 0
-0.003019036260970388 0.0147748682067149 0
-0.006957088475920692 0.0120290172193366 0
-0.00656947188875474 0.0119600419276431 0
-0.006702273661885493 0.0123369391618346 0
-0.002863911194278717 0.012513346700275 0
-0.002592346018583437 0.0128449141382461 0
-0.002371813876388362 0.009432134790908637 0
-0.002099969135213835 0.009777403765213249 0
-0.004874712068495807 0.009448215864180851 0
-0.007214134998423552 0.01172965390592534 0
-0.005299940438824402 0.009525675740021076 0
-0.005023460008984738 0.009861310006407706 0
-0.009250958909192921 0.01149730015647074 0
-0.009616325799979305 0.01167433759329609 0
-0.005591952959265808 0.01033774766689613 0
-0.005177013555616982 0.01026537940665274 0
-0.005320278135569456 0.01066435719130094 0
-0.008631068439545529 0.009011451720657728 0
-0.008339040025345083 0.009342419287741191 0
-0.007918417008290483 0.009266832301094007 0
-0.008058521887241783 0.009675271954428995 0
-0.007497565205743024 0.01032104854815493 0
-0.007221256081774533 0.01063820357640968 0
-0.008195427348149594 0.01007410893061332 0
-0.007774804331094994 0.009998521943966138 0
-0.002207954673428703 0.009003439082607288 0
-0.01213494003266421 0.01131497017895699 0
-0.006816566797639512 0.01056369221382084 0
-0.01077451220752483 0.0134308920947826 0
-0.01046067223638976 0.01363713908532813 0
-0.0109652366371659 0.0123980280610793 0
-0.007346936771554304 0.01210655114011683 0
-0.001576024216456381 0.01044927309160289 0
-0.001166287914782268 0.01017449476411638 0
-0.001686601235832133 0.01706176382202439 0
-0.00121457858885981 0.01706176382202439 0
-0.006142465257507033 0.01080968585151331 0
-0.006170701123537315 0.01188940594570892 0
-0.0004027467501305157 0.006706268320036861 0
-0.0004027467501305157 0.006225499089267629 0
-0.002166981107058083 0.01279946927417222 0
-0.002320963827462833 0.01319772448837649 0
-0.003684978964795742 0.008455144476538889 0
-0.003525136274048572 0.008025938633278962 0
-0.008914612132235263 0.0171498393007302 0
-0.007701430488563202 0.01218491796692177 0
-0.006276090032647062 0.01727206659637554 0
-0.006408465226767445 0.01707636010194464 0
-0.006572019087918891 0.01688873924814513 0
-0.00995294642722936 0.01144225002305412 0
-0.00997229109041446 0.01184211273616687 0
-0.01205415906418016 0.00619421205948386 0
-0.01205415906418016 0.006666234706456189 0
-0.004751785185288387 0.01018791953081252 0
-0.00425928743815801 0.007761878052846186 0
-0.004415538596779043 0.008189657722741663 0
-0.004128577146925308 0.008532568156645871 0
-0.006842522839882107 0.01270481737209127 0
-0.007754302077188501 0.0132350262526671 0
-0.007466842760223828 0.01347559616507329 0
-0.009087814531360988 0.01698854359730372 0
-0.01066411971635792 0.01053525821291177 0
-0.0106658272820998 0.01105970116871232 0
-0.01066461368298504 0.01146175643881965 0
-0.01031012531677928 0.01120796989581756 0
-0.002653481677495758 0.01398860178063598 0
-0.004333002131564068 0.0101178916845726 0
-0.005575247401230446 0.009194294878707822 0
-0.009954160026344125 0.01104019475294678 0
-0.002497674235910531 0.01358706820648318 0
-0.005758820595088547 0.01184263839186459 0
-0.006970086681019273 0.01306534031599794 0
-0.004486555678196311 0.01052196108481764 0
-0.004217178184232724 0.0108512796793171 0
-0.01145797567842448 0.01379269664854109 0
-0.008123281628960992 0.01677143521498934 0
-0.002072309324385177 0.01354162334240931 0
-0.003945620689987311 0.0111848659272066 0
-0.003677157865508192 0.01151798061864935 0
-0.005902776546270775 0.01222119631629677 0
-0.004092723625387275 0.007351362268265117 0
-0.003805311317624043 0.007697144158801689 0
-0.00770802449101462 0.01415620649755981 0
-0.003358572461277837 0.007615422848697893 0
-0.006547864627530998 0.009765542607940604 0
-0.006676227358489975 0.01016703517201638 0
-0.006409373536646244 0.01048598920967782 0
-0.003199570201754935 0.007197679593191522 0
-0.009279847570269333 0.01687440975000816 0
-0.00755921212658188 0.01684363510429598 0
-0.007684606430223684 0.01667976535047451 0
-0.007465825522136475 0.01662591085010936 0
-0.006002125818357494 0.01041302880970885 0
-0.008275931521976644 0.01164003407351659 0
-0.008578641110785296 0.0114765590986762 0
-0.0003891106938662993 0.008580877217612996 0
-0.003130599857582044 0.0121863774378273 0
-0.00340069935991028 0.01185478795104419 0
-0.01032934663186302 0.01202158379060338 0
-0.00585886123840502 0.01001405102506065 0
-0.01054715098930585 0.007385090848879644 0
-0.01045065121973057 0.006949426484285644 0
-0.007018921376707077 0.01639810900643567 0
-0.007245196519134633 0.01625811974093063 0
-0.0003891106938662993 0.008100107986843765 0
-0.0007898715560944848 0.007853643080596598 0
-0.01069992276362249 0.01259646828548429 0
-0.01074047045022454 0.01300223137803377 0
-0.004111741859657829 0.00538006445003569 0
-0.001961774140578163 0.01669670326484685 0
-0.006134168200811064 0.009682670163747393 0
-0.008366652015462762 0.01240223234628281 0
-0.00871277171176971 0.01261221309880425 0
-0.007107228541572602 0.01341822862376075 0
-0.007981231953060233 0.01295287013556538 0
-0.005723995341719378 0.009607389020934679 0
-0.0122045453271582 0.009967213777335865 0
-0.003887038417998177 0.006924868316253235 0
-0.009713678082629434 0.01669348332964539 0
-0.009513982064043379 0.01679360686979323 0
-0.007229053370470654 0.01376686444749262 0
-0.007009020665819161 0.0140391987879058 0
-0.007368634884470388 0.01409656632921833 0
-0.009340063826429131 0.01620144070937124 0
-0.009366082482357424 0.01645784440441513 0
-0.009292986050277495 0.0166514061548041 0
-0.01108410573848374 0.01318845487243556 0
-0.01011979094067968 0.01649278568539366 0
-0.009913452407053238 0.01657838727808766 0
-0.007625484756488596 0.00848944799515919 0
-0.007791962436017746 0.008879881941596295 0
-0.005657411991286347 0.007182994629929313 0
-0.009761015454752019 0.009940867525494357 0
-0.01005394915551146 0.009624447310691172 0
-0.01072157643249285 0.01551036720334427 0
-0.01098723987938055 0.01538498337151708 0
-0.007487991786363129 0.01442854083797298 0
-0.0071058424416035 0.009133768648397116 0
-0.00697875540314986 0.008735001831154421 0
-0.00756521222066704 0.0147765453123915 0
-0.00290462838131873 0.006446344442386367 0
-0.002939582280326385 0.006035744404116937 0
-0.0003511132384341337 0.01714660750663951 0
-0.0003511132384341337 0.01666583827587028 0
-0.002891009712649568 0.005659059517531537 0
-0.0008231358854064574 0.01714660750663951 0
-0.008511783916190178 0.007842739086945627 0
-0.01166583827587028 0.005351113238434135 0
-0.01214660750663951 0.005351113238434135 0
-0.01109001411998839 0.01602433068473128 0
-0.01101403105633378 0.01623815720985417 0
-0.01214660750663951 0.005823135885406464 0
-0.01191129885734822 0.01567653882049536 0
-0.01161420822212748 0.01570909577581293 0
-0.001869846790744224 0.01130122995236911 0
-0.007511444297914445 0.0092127346082841 0
-0.008438163005267707 0.01544223869641061 0
-0.008096930912262264 0.01538594508357529 0
-0.00188195807084913 0.01387120145254069 0
-0.001603934230179458 0.0142479711396552 0
-0.01056962469735141 0.01635566302508969 0
-0.01035769805717191 0.01642630523848287 0
-0.01079759927381624 0.01629347905587487 0
-0.008735210341436142 0.0160137050765858 0
-0.008499814923533305 0.01595803738224568 0
-0.009227562608400502 0.006153735224695917 0
-0.004360050460538395 0.01623980710770406 0
-0.006730252344905023 0.007940505084443331 0
-0.007180003939211591 0.007799875925116848 0
-0.01035544531899128 0.009301872432272295 0
-0.01062467058448908 0.00896762516528005 0
-0.01233002060635801 0.01583835151754892 0
-0.01233002060635801 0.01608075908031213 0
-0.007951750399015748 0.01192713160457224 0
-0.0119216213306099 0.01608158395926239 0
-0.01169951459110589 0.01610549670477098 0
-0.00675827328274431 0.0173042935055691 0
-0.006522261959258147 0.0173042935055691 0
-0.007913522098523026 0.01671414152584754 0
-0.00265700007641904 0.00526666393051069 0
-0.00302155987885885 0.00685736103137149 0
-0.002176230845649808 0.00526666393051069 0
-0.01210677305174672 0.01608874359601307 0
-0.007658728546765208 0.01508974400879192 0
-0.0003519475036388824 0.005351947503638883 0
-0.0008327167344081149 0.005351947503638883 0
-0.0003519475036388824 0.005832716734408116 0
-0.008993007751603256 0.01398361240623014 0
-0.008694942565466247 0.01420139332853234 0
-0.006841515678454322 0.008400388946883127 0
-0.008262008101113034 0.0159044805700069 0
-0.008010087370195089 0.01586316017071791 0
-0.006790524419095002 0.01693333695943477 0
-0.001151785090781429 0.01398228595504067 0
-0.01178548433974573 0.01352237367341385 0
-0.01063045800234843 0.01614526630843733 0
-0.006128266028135746 0.01413843514728667 0
-0.001822894821440857 0.007798108631453707 0
-0.001900962210757039 0.0101010946520348 0
-0.009161447947951441 0.01053502528567959 0
-0.009454514495554343 0.01022456060303963 0
-0.01155566671580295 0.01593138895868148 0
-0.01075512278045217 0.008245704229546038 0
-0.01062592549748861 0.007805682136097718 0
-0.008940741580811162 0.011418853627946 0
-0.008614446010004823 0.01117528729386406 0
-0.01059466050540644 0.01182314356619838 0
-0.01144565615710528 0.01334679261405716 0
-0.00729349776283424 0.01716276305476133 0
-0.007216665892024753 0.01732919847194375 0
-0.00747642282546999 0.01532041453986888 0
-0.007832108323808479 0.01534524893019227 0
-0.00284108611776945 0.01504401472302505 0
-0.00323170297799703 0.01509879250331501 0
-0.009863063227483905 0.0102996476891307 0
-0.01031950292618327 0.006589337137466695 0
-0.01033373360037401 0.006117948257164956 0
-0.01061509541960494 0.01223470219087686 0
-0.008871440053823671 0.01080214581390853 0
-0.009266554374158459 0.01085046129490492 0
-0.006876284844794219 0.01428886378282654 0
-0.006618523740467835 0.01451411386612009 0
-0.01119675264828606 0.01558194568303739 0
-0.01122916590490705 0.01532403035298265 0
-0.001112073680518914 0.008052407847709542 0
-0.01113821114196154 0.01580423886590594 0
-0.01138013716748804 0.01574328584737152 0
-0.007914625190967048 0.01561661561465225 0
-0.01082997679644822 0.008659333093604586 0
-0.01110831492156345 0.008340591847338198 0
-0.01213494003266421 0.01084294753198466 0
-0.0122045453271582 0.0104392364243082 0
-0.01059323235175169 0.01014027820584937 0
-0.01024045155128781 0.01041093461864783 0
-0.001070758815176812 0.01148127286422352 0
-0.001502918162621058 0.01129124349951214 0
-0.007394631235801129 0.01646833241262128 0
-0.008417254601841104 0.01571086858027404 0
-0.009274003103511284 0.01600867689144234 0
-0.006378100900386169 0.0143492324562135 0
-0.00698065456853859 0.01732919847194375 0
-0.00687701843917281 0.01713349197751284 0
-0.007414013509598029 0.01697845488478301 0
-0.01136166483952183 0.007647387436058705 0
-0.01137952829822148 0.008117751958806636 0
-0.01095468639738464 0.007506371696061576 0
-0.008049197593521787 0.01230486174478844 0
-0.0104710603501614 0.009693379733166552 0
-0.007488245031793057 0.008154835110887899 0
-0.01209645057848504 0.01568369845724605 0
-0.003460737181957222 0.006946309812400587 0
-0.001743248865016023 0.01169992768643422 0
-0.002011658834238722 0.01242019148098958 0
-0.00273564328179517 0.01543124939256335 0
-0.00228613752142137 0.01643371006790176 0
-0.00721991547173088 0.01697408877390916 0
-0.01145438231421753 0.008531380822865184 0
-0.001533181005772884 0.008168245553570059 0
-0.007012905704889281 0.01695824192580942 0
-0.01197488949157921 0.01590435852387357 0
-0.0007546942537693981 0.006096677362137279 0
-0.01074692668866555 0.01573086531639975 0
-0.008116332105010216 0.01266001870863234 0
-0.0007522859346983466 0.01642316183214638 0
-0.001093669180321621 0.01670837132866389 0
-0.002570499093052951 0.01606777847877552 0
-0.007390828555625473 0.01557911765399627 0
-0.01142038072842751 0.005713637289106885 0
-0.01170076657081967 0.006073302650945665 0
-0.001847565931718973 0.01205181908861426 0
-0.009933950592090136 0.0106946276961931 0
-0.01090662960078641 0.01586299052039716 0
-0.001143273664526727 0.005762444240721079 0
-0.001084038038054583 0.01193542948195908 0
-0.006723849704440833 0.01560980151517047 0
-0.006958566539305688 0.01571509876963462 0
-0.003382339021949368 0.01543642958440044 0
-0.003030456187720304 0.0157029773635088 0
-0.007062227165317725 0.01661635531834301 0
-0.009576771702540218 0.01092890782342965 0
-0.00724775000094617 0.008491171364515094 0
-0.009286763808412448 0.01119602835165859 0
-0.01142652742156261 0.009019915845997062 0
-0.002275686187127817 0.01579605050783007 0
-0.002712346634719382 0.01576628773644699 0
-0.001480637303595806 0.01204183263575729 0
-0.009138983697745462 0.01615232171631218 0
-0.008944141116719262 0.01611127132952103 0
-0.01097786272560036 0.00906251278307221 0
-0.007212102450591486 0.01581196579981495 0
-0.0106987296666924 0.01595095713522509 0
-0.007133421451653072 0.0167739337558311 0
-0.007269236932159324 0.01663220216644275 0
2 13 0 981
2353
2354
2355
2356
2357
2358
2359
2360
2361
2362
2363
2364
2365
2366
2367
2368
2369
2370
2371
2372
2373
2374
2375
2376
2377
2378
2379
2380
2381
2382
2383
2384
2385
2386
2387
2388
2389
2390
2391
2392
2393
2394
2395
2396
2397
2398
2399
2400
2401
2402
2403
2404
2405
2406
2407
2408
2409
2410
2411
2412
2413
2414
2415
2416
2417
2418
2419
2420
2421
2422
2423
2424
2425
2426
2427
2428
2429
2430
2431
2432
2433
2434
2435
2436
2437
2438
2439
2440
2441
2442
2443
2444
2445
2446
2447
2448
2449
2450
2451
2452
2453
2454
2455
2456
2457
2458
2459
2460
2461
2462
2463
2464
2465
2466
2467
2468
2469
2470
2471
2472
2473
2474
2475
2476
2477
2478
2479
2480
2481
2482
2483
2484
2485
2486
2487
2488
2489
2490
2491
2492
2493
2494
2495
2496
2497
2498
2499
2500
2501
2502
2503
2504
2505
2506
2507
2508
2509
2510
2511
2512
2513
2514
2515
2516
2517
2518
2519
2520
2521
2522
2523
2524
2525
2526
2527
2528
2529
2530
2531
2532
2533
2534
2535
2536
2537
2538
2539
2540
2541
2542
2543
2544
2545
2546
2547
2548
2549
2550
2551
2552
2553
2554
2555
2556
2557
2558
2559
2560
2561
2562
2563
2564
2565
2566
2567
2568
2569
2570
2571
2572
2573
2574
2575
2576
2577
2578
2579
2580
2581
2582
2583
2584
2585
2586
2587
2588
2589
2590
2591
2592
2593
2594
2595
2596
2597
2598
2599
2600
2601
2602
2603
2604
2605
2606
2607
2608
2609
2610
2611
2612
2613
2614
2615
2616
2617
2618
2619
2620
2621
2622
2623
2624
2625
2626
2627
2628
2629
2630
2631
2632
2633
2634
2635
2636
2637
2638
2639
2640
2641
2642
2643
2644
2645
2646
2647
2648
2649
2650
2651
2652
2653
2654
2655
2656
2657
2658
2659
2660
2661
2662
2663
2664
2665
2666
2667
2668
2669
2670
2671
2672
2673
2674
2675
2676
2677
2678
2679
2680
2681
2682
2683
2684
2685
2686
2687
2688
2689
2690
2691
2692
2693
2694
2695
2696
2697
2698
2699
2700
2701
2702
2703
2704
2705
2706
2707
2708
2709
2710
2711
2712
2713
2714
2715
2716
2717
2718
2719
2720
2721
2722
2723
2724
2725
2726
2727
2728
2729
2730
2731
2732
2733
2734
2735
2736
2737
2738
2739
2740
2741
2742
2743
2744
2745
2746
2747
2748
2749
2750
2751
2752
2753
2754
2755
2756
2757
2758
2759
2760
2761
2762
2763
2764
2765
2766
2767
2768
2769
2770
2771
2772
2773
2774
2775
2776
2777
2778
2779
2780
2781
2782
2783
2784
2785
2786
2787
2788
2789
2790
2791
2792
2793
2794
2795
2796
2797
2798
2799
2800
2801
2802
2803
2804
2805
2806
2807
2808
2809
2810
2811
2812
2813
2814
2815
2816
2817
2818
2819
2820
2821
2822
2823
2824
2825
2826
2827
2828
2829
2830
2831
2832
2833
2834
2835
2836
2837
2838
2839
2840
2841
2842
2843
2844
2845
2846
2847
2848
2849
2850
2851
2852
2853
2854
2855
2856
2857
2858
2859
2860
2861
2862
2863
2864
2865
2866
2867
2868
2869
2870
2871
2872
2873
2874
2875
2876
2877
2878
2879
2880
2881
2882
2883
2884
2885
2886
2887
2888
2889
2890
2891
2892
2893
2894
2895
2896
2897
2898
2899
2900
2901
2902
2903
2904
2905
2906
2907
2908
2909
2910
2911
2912
2913
2914
2915
2916
2917
2918
2919
2920
2921
2922
2923
2924
2925
2926
2927
2928
2929
2930
2931
2932
2933
2934
2935
2936
2937
2938
2939
2940
2941
2942
2943
2944
2945
2946
2947
2948
2949
2950
2951
2952
2953
2954
2955
2956
2957
2958
2959
2960
2961
2962
2963
2964
2965
2966
2967
2968
2969
2970
2971
2972
2973
2974
2975
2976
2977
2978
2979
2980
2981
2982
2983
2984
2985
2986
2987
2988
2989
2990
2991
2992
2993
2994
2995
2996
2997
2998
2999
3000
3001
3002
3003
3004
3005
3006
3007
3008
3009
3010
3011
3012
3013
3014
3015
3016
3017
3018
3019
3020
3021
3022
3023
3024
3025
3026
3027
3028
3029
3030
3031
3032
3033
3034
3035
3036
3037
3038
3039
3040
3041
3042
3043
3044
3045
3046
3047
3048
3049
3050
3051
3052
3053
3054
3055
3056
3057
3058
3059
3060
3061
3062
3063
3064
3065
3066
3067
3068
3069
3070
3071
3072
3073
3074
3075
3076
3077
3078
3079
3080
3081
3082
3083
3084
3085
3086
3087
3088
3089
3090
3091
3092
3093
3094
3095
3096
3097
3098
3099
3100
3101
3102
3103
3104
3105
3106
3107
3108
3109
3110
3111
3112
3113
3114
3115
3116
3117
3118
3119
3120
3121
3122
3123
3124
3125
3126
3127
3128
3129
3130
3131
3132
3133
3134
3135
3136
3137
3138
3139
3140
3141
3142
3143
3144
3145
3146
3147
3148
3149
3150
3151
3152
3153
3154
3155
3156
3157
3158
3159
3160
3161
3162
3163
3164
3165
3166
3167
3168
3169
3170
3171
3172
3173
3174
3175
3176
3177
3178
3179
3180
3181
3182
3183
3184
3185
3186
3187
3188
3189
3190
3191
3192
3193
3194
3195
3196
3197
3198
3199
3200
3201
3202
3203
3204
3205
3206
3207
3208
3209
3210
3211
3212
3213
3214
3215
3216
3217
3218
3219
3220
3221
3222
3223
3224
3225
3226
3227
3228
3229
3230
3231
3232
3233
3234
3235
3236
3237
3238
3239
3240
3241
3242
3243
3244
3245
3246
3247
3248
3249
3250
3251
3252
3253
3254
3255
3256
3257
3258
3259
3260
3261
3262
3263
3264
3265
3266
3267
3268
3269
3270
3271
3272
3273
3274
3275
3276
3277
3278
3279
3280
3281
3282
3283
3284
3285
3286
3287
3288
3289
3290
3291
3292
3293
3294
3295
3296
3297
3298
3299
3300
3301
3302
3303
3304
3305
3306
3307
3308
3309
3310
3311
3312
3313
3314
3315
3316
3317
3318
3319
3320
3321
3322
3323
3324
3325
3326
3327
3328
3329
3330
3331
3332
3333
0.006263722555293506 0.01014848832124998 0
0.00597112183609369 0.01372540693928207 0
0.005910013776357119 0.01166423042863322 0
0.007042402641900222 0.008728706670105181 0
0.003613762401931618 0.005750661148371678 0
0.0008269412680794504 0.00936327139603205 0
0.0007942795728902961 0.01314131319025507 0
0.003417544069209708 0.01667421299047311 0
0.006479238140013686 0.01527417380476054 0
0.007626385672114004 0.007949642679249228 0
0.005854928927432721 0.01270402736664932 0
0.005377359589186528 0.005640049182560297 0
0.005010283187800882 0.01695568315416169 0
0.000807595016179951 0.01121632700723954 0
0.008375895368690486 0.007232622038631045 0
0.006142143587534053 0.01709882225997721 0
0.006880455175862507 0.005510648076351843 0
0.0008591012042771119 0.007479310326823549 0
0.0008019857019213265 0.01508863619627532 0
0.009259989618314229 0.006672461832810171 0
0.006941780202932046 0.01611753499449947 0
0.008421657972850442 0.005583287984494686 0
0.01018444797921919 0.006277298100412701 0
0.007101333230464114 0.01700618626270283 0
0.001416067940917034 0.01668243279312075 0
0.01221902440341402 0.005714838844525902 0
0.001493596452832259 0.005733102636490062 0
0.01123009908373788 0.005962267544744732 0
0.007768764308998631 0.005614798625371157 0
0.007227162682050085 0.006193943883265156 0
0.008070299578456898 0.00613114720056024 0
0.008629771771060021 0.006124506477587214 0
0.008948892760725502 0.005795971567406401 0
0.008338799945153153 0.006657048523964875 0
0.007801761307501177 0.006591942823994836 0
0.006081526784769844 0.005653840657316472 0
0.005692744501970465 0.006229681030364303 0
0.005095631806217986 0.006253923949263366 0
0.005532099353838812 0.006847566039812236 0
0.004734663055090485 0.006893464150739769 0
0.005160701569166856 0.007435604135736431 0
0.004437673444443672 0.007491025661510884 0
0.004933678113807041 0.008114541385876703 0
0.004130762573225557 0.008144961826029105 0
0.00453369646034887 0.008739186959813704 0
0.003801985865228127 0.008789768744336873 0
0.004199970231028694 0.009390217712122444 0
0.003505681581382662 0.009448468464255675 0
0.003876660241913752 0.01004265030844533 0
0.003178822090895093 0.01012226160753497 0
0.003573311181871961 0.01068524977546999 0
0.003014597204434145 0.008870416257801795 0
0.005819997112391844 0.007418204064558035 0
0.004261229988989841 0.01063266008699902 0
0.003971423165779359 0.01124667777106492 0
0.003268553269930077 0.01131730988898993 0
0.003683563232155917 0.01188366106111498 0
0.002963084689186449 0.01196610904930393 0
0.003387271152740539 0.01254477345709775 0
0.005216530248030074 0.008794292203196901 0
0.004101248317419724 0.01247210454233762 0
0.003820164488629527 0.01313661641199104 0
0.0030879372762556 0.01321032963760902 0
0.003534686831972365 0.01379126695219815 0
0.002786468061324804 0.01389618063996484 0
0.004248893921027319 0.01371579788175243 0
0.003976170800215371 0.01435815037563469 0
0.003695037134302412 0.007531901436130013 0
0.00466188147497138 0.01426456640217252 0
0.004407715938028168 0.01489837595438553 0
0.0037651210371961 0.01504488436101861 0
0.005065338724984899 0.01480777010757178 0
0.004824114082586645 0.01541833658345565 0
0.004637572787930249 0.01117773369397665 0
0.004909415418123295 0.01060906878489113 0
0.00252193457366928 0.01141169358705924 0
0.002223615715871678 0.01205394555514269 0
0.004902786859584084 0.0136386045112138 0
0.002277263490774046 0.01330860255148765 0
0.001929249346053416 0.01403165258050544 0
0.00250548251002608 0.01459768166441547 0
0.005435890683080608 0.01535366704575647 0
0.005680044414742598 0.01467342640050904 0
0.005228935066979348 0.01591271882732797 0
0.004610950052634713 0.01606759269165448 0
0.005796261639316668 0.015860640906285 0
0.006471662203264429 0.006139510269660749 0
0.005138967706940795 0.01108309360743583 0
0.00505384667949228 0.01156038480527477 0
0.005534894383601057 0.01073281133893305 0
0.005327906537993856 0.01016168763783522 0
0.005553926653072044 0.01646201168829293 0
0.006176003251249579 0.01632361091872872 0
0.005585363347278272 0.00792342042335923 0
0.006142702172233051 0.007847240105577032 0
0.006370744178809084 0.007394616234969908 0
0.006664932067196522 0.007785890012494276 0
0.006879794133363929 0.007331146718673206 0
0.005966594643149462 0.008330211330957706 0
0.006538720828449057 0.006921518486292294 0
0.007084590805172402 0.00690357204869157 0
0.007355887393320799 0.007255509356695614 0
0.006350417950788029 0.01580274790605708 0
0.00524646639732312 0.01416276994608174 0
0.004506995091581248 0.01307904453012374 0
0.004772619317399466 0.01249106341734873 0
0.005096000328023279 0.01303196265643595 0
0.006448285376991577 0.008241867048356014 0
0.006269878103620286 0.008757818462606187 0
0.006883587109640849 0.008241567524214967 0
0.007187870306024646 0.01652809134801655 0
0.00668930143706723 0.01656467643913859 0
0.009953635644770736 0.005532994728737382 0
0.01051170692739794 0.005509427922687991 0
0.00427782738170746 0.01681019225703323 0
0.00609646519972013 0.01063465369632661 0
0.005987978045867005 0.01114044662812015 0
0.008011681540068549 0.007605979673593465 0
0.006435528277003338 0.009685503803341659 0
0.005827470552403581 0.009786501040932037 0
0.006664706612380931 0.009124014165737807 0
0.00877949443450423 0.006941816352915949 0
0.009723569773228807 0.006466377992868489 0
0.004891892925005701 0.009325326745386577 0
0.004567237884515593 0.005680549805393126 0
0.00608620227629063 0.01424044772921074 0
0.006116438395434604 0.009291078446997666 0
0.005781388537483805 0.008818199560388785 0
0.005905462760785139 0.0132144841997779 0
0.005851395089794639 0.01218365982424902 0
0.006055724528146381 0.006688988411737149 0
0.0007984475090465938 0.01216784626772449 0
0.00447173823735379 0.01185089178518075 0
0.0008087068730526451 0.01028410058053056 0
0.001596824303601399 0.009826860525467652 0
0.001618834582833141 0.008939918969646103 0
0.002301944707671892 0.00933196765691339 0
0.001559939020822994 0.01065992468819789 0
0.0008342743794821353 0.008427569598826911 0
0.001646867229700752 0.008014888271175382 0
0.001716339460691638 0.00711782873820418 0
0.002351875915967532 0.007632417296417187 0
0.00252316036614648 0.006760862567222524 0
0.002376673357833536 0.01015730613756604 0
0.001667800151466134 0.01263252646747427 0
0.007855497455066479 0.007119447145736037 0
0.0009597232411520402 0.01410333159645153 0
0.002388261181986393 0.0166983293698701 0
0.00280433630897694 0.01594312509586908 0
0.003601941032297409 0.015815520011043 0
0.001868396491735232 0.0160134615430851 0
0.005650287499992988 0.01704399375239234 0
0.005541483359136967 0.009303473656049718 0
0.004671653455053445 0.009970574178108552 0
0.009248482621450661 0.006180665163442769 0
0.007625974602233699 0.01714644631558824 0
0.006586896038142324 0.01706853672855137 0
0.001665758777063316 0.01476182008764681 0
0.0117937112499391 0.005869740611618509 0
0.005381456381180869 0.01248346310928041 0
0.007192522306926645 0.007791054476259671 0
0.004140705811542179 0.006343397467410933 0
0.006238426159795476 0.01479078558497715 0
0.000863866562076791 0.01601384967816656 0
0.001684455623702162 0.01157047639001828 0
0.0009599486274547656 0.006478749141554292 0
0.002561810230407478 0.005903159970146407 0
0.005484459679473849 0.01354320764385386 0
0.006846700517995599 0.006479133498703775 0
0.003418422649397928 0.008124139222091334 0
0.002864508838907028 0.01075071826899946 0
0.002669446738188094 0.01262304921048148 0
0.003274850000847388 0.01445423837819479 0
0.002287078206967568 0.008489436745038607 0
0.01148070796331073 0.005444838065790469 0
0.01067455111737738 0.006023679954854883 0
0.003378927192468518 0.006658656334707534 0
0.008019904983144711 0.0172389676031285 0
0.004222578288843206 0.01559107868460534 0
0.005473365915049317 0.01188804635544835 0
0.009419710920262168 0.005655254372224536 0
0.008851307678096458 0.006515299670144196 0
0.003051420112873197 0.01519945699725394 0
0.00732970846272412 0.008320797761580057 0
0.005996713164622844 0.01529257360805755 0
0.005806474830930317 0.01026938289927902 0
0.001526795014334862 0.01343029140494932 0
0.005971832557677805 0.01673399480577616 0
0.005006632318598825 0.01643762498425847 0
0.002222786046001089 0.01532064523392013 0
0.01204056612172986 0.005419271657268457 0
0.007485709455070104 0.006883208427192367 0
0.006730645053353293 0.01565690286425763 0
0.004077401327569452 0.006983689010099826 0
0.007330810314289664 0.006545570760843781 0
0.006864813415087333 0.005967011910998875 0
0.009785050486610946 0.005993763820416022 0
0.003052333428839902 0.007370497717915613 0
0.006421738453282852 0.006529977892469415 0
0.0007276906501400638 0.00571754980051381 0
0.006324778111741298 0.01674989909364511 0
0.005030605306095145 0.0120547698945066 0
0.0006880354635960201 0.01680714785094684 0
0.01222656585790619 0.006034891433833478 0
0.009032885670862151 0.005390998434638629 0
0.006113836530971368 0.006318540736736693 0
0.006541402318838844 0.01614462921682139 0
0.00221185737885851 0.01085107115728985 0
0.005545027460924573 0.01134613568991075 0
0.006647277303069063 0.008577782114333495 0
0.001441322075331765 0.01540832601525041 0
0.002875543788443466 0.009586084024814374 0
0.005243469517624962 0.009671747093826198 0
0.007276945772379716 0.005746014929785156 0
0.001871525769431025 0.006404482466011937 0
0.002788349601197941 0.008147012018277784 0
0.005693658920784777 0.01406905173178749 0
0.01098560154818377 0.005593914027541643 0
0.006112904461497603 0.007089436222395743 0
0.01021004344526349 0.005862449950961354 0
0.006519947145165086 0.005701735624087985 0
0.007504919774249504 0.01679178254828271 0
0.007599205409065111 0.007575458654779786 0
0.007579290660612695 0.006137236370636722 0
0.00549825723271771 0.008385873541223551 0
0.005558022432219215 0.01298140863129966 0
0.004054585143617842 0.01622316023527981 0
0.005766502753395789 0.01124329115901545 0
0.005539960922262815 0.0110394735144219 0
0.005761436214734031 0.0109366289835266 0
0.003326680572585303 0.01550748850414847 0
0.003408270575034649 0.01512217067913628 0
0.003683531034746754 0.01543020218603081 0
0.001241451566374378 0.01186916132887139 0
0.001676127887584148 0.01210150142874628 0
0.001233123830256364 0.01240018636759938 0
0.008559147189828691 0.006799432438440412 0
0.008577694901597358 0.007087219195773497 0
0.00835734765692182 0.006944835281297961 0
0.005816972691666949 0.01002794197010553 0
0.005567190684462086 0.01021553526855712 0
0.005577688545198719 0.00997409433938363 0
0.00195403566978692 0.01181221097258049 0
0.001945707933668906 0.01234323601130848 0
0.00904989514977356 0.006347982416793482 0
0.00874053972457824 0.006319903073865705 0
0.00893912719625534 0.006152585820514991 0
0.006895317333765672 0.01678543135092071 0
0.006938585871545938 0.01654638389357757 0
0.00714460176824438 0.0167671388053597 0
0.008115696411878481 0.007176034592183541 0
0.008097148700109816 0.006888247834850456 0
0.005602107076532517 0.01675300272034263 0
0.005330285343896935 0.01699983845327701 0
0.005282104920436462 0.01670884742122731 0
0.007478047067419062 0.008135220220414643 0
0.007261115384825382 0.008055926118919865 0
0.007409453989520325 0.007870348577754449 0
0.006844114634303219 0.0170373614956271 0
0.006638098737604777 0.01681660658384498 0
0.00611756966220916 0.01504167959651735 0
0.005838378789682721 0.0149830000042833 0
0.005959235287269037 0.01473210599274309 0
0.007106647786182484 0.008281182642897511 0
0.007038054708283747 0.008016311000237319 0
0.01176063704252029 0.005432054861529463 0
0.01191713868583448 0.005644506134443483 0
0.01163720960662491 0.005657289338704489 0
0.001797504061558366 0.01439673633407612 0
0.001312741009107678 0.01443257584204917 0
0.001444486293602728 0.01406749208847849 0
0.002927878210925069 0.01557129104656151 0
0.003203138670637175 0.01587932255345604 0
0.004808791185616769 0.01625260883795647 0
0.004642229850153142 0.01662390862064585 0
0.004444388717171086 0.01643889247434385 0
0.008324733853769899 0.0173461621910642 0
0.006237975652318265 0.01528337370640905 0
0.006358832149904581 0.01503247969486885 0
0.004286493277386757 0.01216149816375918 0
0.004622178777376628 0.01217097760126474 0
0.004436933817409595 0.01248158397984318 0
0.009098687691088082 0.005988318365424585 0
0.008789332265892761 0.005960239022496807 0
0.002970368711437998 0.00628090815242697 0
0.002951043779307499 0.006709759450965028 0
0.002542485298276979 0.006332011268684466 0
0.003496344797200068 0.006204658741539606 0
0.003087786316169548 0.005826910559259042 0
0.01227028306086493 0.00520963582863423 0
0.01189525961772259 0.00520963582863423 0
0.005341997583932685 0.01121461464867329 0
0.005336931045270926 0.01090795247318444 0
0.005285688027809409 0.00991671736583071 0
0.005535470035014272 0.009729124067379117 0
0.001243259127743451 0.01376681150070043 0
0.001728022180194139 0.01373097199272738 0
0.004283743972350274 0.005340274902696564 0
0.004090500143223605 0.005715605476882402 0
0.003807006231058286 0.005375330574185839 0
0.005008457753199853 0.01669665406921008 0
0.004644055284754171 0.01688293770559746 0
0.002168623444827114 0.01262778783897788 0
0.00247335511448107 0.01296582588098457 0
0.00197253182112009 0.01297056450948096 0
0.004353971848028886 0.00601197363640203 0
0.003877234106736898 0.006047029307891305 0
0.002446531227029886 0.01233849738281209 0
0.004751171771724467 0.01195283083984367 0
0.004901612311747305 0.01227291665592767 0
0.006084314494821992 0.006889212317066446 0
0.005822501907668208 0.006968501131103989 0
0.005793911940992596 0.006768277225774693 0
0.006042221622793568 0.01088755016222338 0
0.005815679791660594 0.01068373251762983 0
0.00537900680358352 0.00904888292962331 0
0.005216688142071334 0.009314400200718147 0
0.005054211586517888 0.009059809474291738 0
0.006390572503907768 0.009207546306367737 0
0.006193158249527445 0.009024448454801926 0
0.006467292358000609 0.008940916314171998 0
0.008245978775653671 0.005857217592527463 0
0.007919531943727765 0.005872972912965698 0
0.008095211140924537 0.005599043304932922 0
0.006458577703344675 0.008667800288469842 0
0.006655991957724997 0.008850898140035651 0
0.005155902561154009 0.01448527002682676 0
0.005463255406032859 0.01441809817329539 0
0.005372691569863749 0.01474059825404041 0
0.005966450786944724 0.007253820143476889 0
0.005676048233115328 0.007132885052185136 0
0.008595053811624806 0.006586174097054536 0
0.008815401056300343 0.006728558011530073 0
0.006844839972484642 0.008653244392219338 0
0.006853554627140576 0.008926360417921494 0
0.006173565557705436 0.01554766075705731 0
0.006414828045400858 0.01553846085540881 0
0.004781773190029572 0.009647950461747564 0
0.00443581184304107 0.009680395945115498 0
0.004545931578017197 0.00935777222875451 0
0.006292749367117899 0.006229025503198721 0
0.006097681657870606 0.005986190697026583 0
0.006276594494017136 0.005896675463488611 0
0.005067681221315331 0.009498536919606388 0
0.004957561486339203 0.009821160635967375 0
0.005280279485835435 0.0164498183362757 0
0.005887135643370155 0.005941760843840387 0
0.005535052045578496 0.0059348651064623 0
0.005729443186978186 0.005646944919938385 0
0.005470062659053948 0.01411591083893462 0
0.005686851667763688 0.01437123906614827 0
0.005889930598537704 0.01415474973049912 0
0.005883123345516614 0.01445693706485989 0
0.004639807204490356 0.01278505397373624 0
0.004304121704500485 0.01277557453623068 0
0.005915118389717119 0.005326920328658237 0
0.005563034791925462 0.005320024591280149 0
0.005661435948310386 0.009060836608219252 0
0.005498959392756939 0.008806245881792843 0
0.004077650734754853 0.01186727642314786 0
0.003892405774787821 0.0121778828017263 0
0.005981349642312448 0.007632722085067533 0
0.005864032759755661 0.007885330264468131 0
0.005702680229835057 0.007670812243958633 0
0.005042225992793712 0.01180757734989069 0
0.004762792458423035 0.01170563829522776 0
0.007884241495645272 0.00530739931268558 0
0.008210688327571177 0.005291643992247344 0
0.001252984216988932 0.007747099298999465 0
0.001240570804591444 0.008221228935001147 0
0.0008466877918796231 0.007953439962825229 0
0.00852571487195523 0.005853897231040951 0
0.00835003567475846 0.006127826839073727 0
0.004934309822711373 0.01276151303689234 0
0.004801497709802263 0.01305550359327984 0
0.00549034934077935 0.007426904100147232 0
0.005346400461502834 0.007141585087774334 0
0.004163579790105387 0.01310783047105739 0
0.003960706403024625 0.01280436047716433 0
0.001287720332484374 0.007298569532513864 0
0.001681603345196195 0.007566358504689781 0
0.005903290516470917 0.006274110883550498 0
0.004999779996523651 0.01006613090797189 0
0.007828629381283828 0.006855694984865436 0
0.008070280626327165 0.006624495673979856 0
0.006927974444754633 0.009162795798659806 0
0.007116822459514279 0.008965142050843493 0
0.001246025319941057 0.01139340169862891 0
0.0008030212626132724 0.01169208663748202 0
0.004166206262662651 0.01651667624615652 0
0.004332767598126277 0.01614537646346714 0
0.006509786027443817 0.005350867812043993 0
0.006300736964967465 0.005677788140702229 0
0.006290575847246196 0.005326920328658237 0
0.01036087518633071 0.005685938936824673 0
0.01008183954501711 0.005697722339849368 0
0.01023267128608434 0.005521211325712687 0
0.006095370645600464 0.007406410149763971 0
0.006256723175521068 0.007620928170273469 0
0.007428118216496206 0.005941625650210939 0
0.00740322667133139 0.006165590126950939 0
0.007252054227214901 0.005969979406525156 0
0.0004171371897410681 0.008156092491721152 0
0.0004295506021385559 0.007681962855719471 0
0.001139967251496912 0.01634814123564365 0
0.001366131526906011 0.01601365561062583 0
0.001642232216326133 0.01634794716810293 0
0.005077037849290167 0.01248726326331457 0
0.005238728354602074 0.01275771288285818 0
0.005986132445283124 0.01609212591250686 0
0.005864964952160811 0.01639281130351083 0
0.005675094146194356 0.01616132629728897 0
0.00495417393614725 0.01421366817412713 0
0.004863610099978139 0.01453616825487215 0
0.007065063485934869 0.005255324038175922 0
0.006690040042792528 0.005255324038175922 0
0.008585711770713517 0.005291643992247344 0
0.005874234515058423 0.006459334721050727 0
0.005612421927904638 0.006538623535088269 0
0.006162314218043053 0.01451561665709394 0
0.006073339795052348 0.01583169440617104 0
0.006263210601018804 0.01606317941239289 0
0.001415737198442895 0.006441615803783114 0
0.001793932615061332 0.006761155602108058 0
0.001338144044073201 0.006798288939879236 0
0.005299437070208426 0.01145326024759276 0
0.005509196687986944 0.01161709102267955 0
0.005263606297270798 0.01172421558036156 0
0.01038078313427195 0.005254713961343996 0
0.01010174749295835 0.005266497364368692 0
0.004437684433316332 0.006618430809075352 0
0.004618168808880082 0.00629866070833715 0
0.004915147430654236 0.006573694050001568 0
0.005896487401969756 0.01557660725717128 0
0.0009095249158659387 0.00697902973418892 0
0.007727351432065795 0.007347452900257912 0
0.007477546401192955 0.0074154840057377 0
0.007605692424193639 0.007187478251215826 0
0.006295493774612314 0.008044553576966523 0
0.00620744001007052 0.00828603918965686 0
0.006054648407691257 0.008088725718267367 0
0.008484285858106587 0.006390777500776044 0
0.008204549761805026 0.006394097862262558 0
0.001211882785840425 0.009595065960749851 0
0.001202765588327022 0.0100554805529991 0
0.0008178240705660478 0.009823685988281303 0
0.006700201160513797 0.005606191850219914 0
0.003993849663019653 0.01531798152281197 0
0.003912259660570307 0.01570329934782417 0
0.003103386125297934 0.008135575620184559 0
0.002920341515018922 0.007758754868096698 0
0.003235378039118915 0.007747318470003473 0
0.001948156501280336 0.01121077377365406 0
0.002366895976263895 0.01113138237217455 0
0.002103195098685721 0.01149108498853876 0
0.002372775144770479 0.01173281957110097 0
0.001233872239492321 0.01492522814196107 0
0.0008808544715366833 0.01459598389636343 0
0.005096407193216537 0.0113217392063553 0
0.005948913466459205 0.009054639003693226 0
0.006025633320552046 0.008788009011497486 0
0.0004171371897410681 0.008636861722490384 0
0.005373032458222564 0.007679512279547831 0
0.00516240705745943 0.005320024591280149 0
0.005074626628453601 0.01390068722864777 0
0.004782334167277732 0.01395158545669316 0
0.00229451145731973 0.008910702200975999 0
0.002650837705700857 0.008679926501420202 0
0.002658270956053019 0.009101191957357592 0
0.005392476438380964 0.009487610374937958 0
0.005684476955770274 0.009544987348490878 0
0.004575840390305701 0.01367720119648311 0
0.004455387697999349 0.01399018214196247 0
0.005775978995213867 0.008126815877158468 0
0.004757346205123962 0.005340274902696564 0
0.001152594318704278 0.01571108784670849 0
0.001654859283533499 0.01571089377916775 0
0.004468467830256014 0.01715509612851662 0
0.004834695733302725 0.01722784157708084 0
0.005557967548911603 0.01501354672313275 0
0.005250614704032754 0.01508071857666412 0
0.00479053443658837 0.01028982148149984 0
0.005118660978058576 0.01038537821136318 0
0.00660494159668349 0.01546553833450909 0
0.006540531502070661 0.01572982538515735 0
0.007824795119534798 0.006134191785598481 0
0.007674027484805663 0.005876017498003939 0
0.007933589497567513 0.007362713409664751 0
0.008193788454379517 0.007419300856112254 0
0.0003992237545232969 0.01194930774924687 0
0.0004037975080899755 0.01147354811900439 0
0.009015797501089736 0.007050999503979432 0
0.00901974202640923 0.00680713909286306 0
0.009256045092994736 0.006916322243926542 0
0.008236480995999516 0.007668076609232614 0
0.008418587910310485 0.007481397791751405 0
0.009922751578239939 0.006593236610740653 0
0.009954008876224 0.006371838046640595 0
0.01015319068123513 0.006498696664512759 0
0.003509742550753558 0.01624486650075806 0
0.003110940189093324 0.0163086690431711 0
0.004027004278743109 0.01715509612851662 0
0.007263308784193473 0.005373007464892578 0
0.007078700474121112 0.005628331503068499 0
0.0004043534365263226 0.01004589644411144 0
0.0004134706340397252 0.009585481851862185 0
0.005024191562532045 0.01084608119616348 0
0.004888270247435522 0.01113041365070624 0
0.004773494103026773 0.01089340123943389 0
0.005716301923851726 0.01532312032690701 0
0.004466441722021643 0.01030161713255379 0
0.004585322703556568 0.01062086443594507 0
0.007522855040689174 0.005680406777578157 0
0.007509218052502931 0.00530739931268558 0
0.002034107688329585 0.007375123017310683 0
0.001999371572834142 0.007823652783796285 0
0.007186055552312171 0.008524752215842618 0
0.006962994875770535 0.008485137097160074 0
0.006495804674214758 0.005920622946874367 0
0.004377944506304283 0.01339742120593809 0
0.004034529204828423 0.01342620714687174 0
0.006359081740305931 0.0084998427554811 0
0.006118236373384874 0.008544014896781946 0
0.006807442950445799 0.009374823198468229 0
0.003847685725458584 0.01674220262375317 0
0.003596862622494233 0.01708710649523656 0
0.01075580657741429 0.005254713961343996 0
0.004999393593803681 0.01333528358382487 0
0.004704890975582665 0.01335882452066877 0
0.00118432294693782 0.01047201263436422 0
0.001183767018501473 0.01093812584771871 0
0.000808150944616298 0.01075021379388505 0
0.005222154900862176 0.01067094006191209 0
0.004449401388460045 0.01090519689048784 0
0.00632581264497333 0.007005477354344018 0
0.006297222678297719 0.006805253449014722 0
0.005075104180918557 0.008454416794536802 0
0.004875113354189472 0.008766739581505301 0
0.004733687287077955 0.008426864172845203 0
0.00231947706146755 0.008060927020727898 0
0.00196697271833416 0.008252162508106994 0
0.003373685281571157 0.007451199577022813 0
0.00355672989185017 0.007828020329110674 0
0.005185870642299038 0.01722784157708084 0
0.009516766554030803 0.006087214491929395 0
0.009754310129919877 0.006230070906642256 0
0.009486026197339735 0.00632352157815563 0
0.004221580701566575 0.01154878477812283 0
0.003827493198967638 0.01156516941608995 0
0.004304497976854805 0.01121220573252079 0
0.0041163265773846 0.01093966892903197 0
0.0008770014070211682 0.0136223223933533 0
0.0004798616205760201 0.01387858887514885 0
0.0003971397864451481 0.01339757967205061 0
0.00780544347456683 0.007590719164186625 0
0.004831434845366789 0.005967236877328246 0
0.002128328836860812 0.0163558954564776 0
0.002336366400356086 0.01597829331947709 0
0.002596298745481666 0.01632072723286959 0
0.006517838123002803 0.007590253123732091 0
0.006403817119714787 0.007816565059035652 0
0.009602380703436558 0.005824509096320279 0
0.009334096770856415 0.005917959767833653 0
0.005130002382833626 0.01538600181460606 0
0.004944726403785772 0.01511305334551372 0
0.005616076161198638 0.01560715397602074 0
0.005512598353148008 0.01588667986680649 0
0.005332412875029977 0.01563319293654222 0
0.004736527331506533 0.01485307303097866 0
0.004534798706499774 0.01458147117827902 0
0.009726724049816005 0.005266497364368692 0
0.004712794692677285 0.00903225685260014 0
0.004366833345688782 0.009064702335968074 0
0.001578381662212197 0.01024339260683277 0
0.001986748830717468 0.009992083331516846 0
0.001968306189328265 0.01040861541288196 0
0.008195697668828609 0.01721564599262845 0
0.008019016441519913 0.01704751746052716 0
0.001902164561451714 0.01669038108149543 0
0.007565447188241602 0.01696911443193547 0
0.007761523837072309 0.01682392493310426 0
0.007822051251064407 0.01700125681675703 0
0.001960389645252516 0.009135943313279746 0
0.001949384505636646 0.009579414091190522 0
0.00160782944321727 0.009383389747556878 0
0.004068945115451797 0.01033765519772218 0
0.0039172705854309 0.01065895493123451 0
0.003724985711892856 0.01036395004195766 0
0.004319026137593375 0.0143113583889036 0
0.004112532360621345 0.01403697412869356 0
0.005193623269528966 0.01359090607753383 0
0.005365463038398484 0.0138529887949678 0
0.003124839975521888 0.01708710649523656 0
0.002626108573138501 0.009871695081190205 0
0.003027182939669279 0.009854172816174671 0
0.002777747724364315 0.0101397838725505 0
0.007278986498169875 0.006369757322054468 0
0.007088755416142632 0.006512352129773778 0
0.007036931600022843 0.006336538690984465 0
0.001231039862178215 0.01288691982886467 0
0.000796363540968445 0.01265457972898978 0
0.002339309032752714 0.009744636897239714 0
0.005259520730542656 0.008018980904617966 0
0.005047189841486948 0.007775072760806567 0
0.005762879605374924 0.01659800324703455 0
0.005811060028835397 0.01688899427908425 0
0.001222887925456296 0.009151595182839076 0
0.01211957638539687 0.006151963070419109 0
0.01236328292895315 0.006142445716916738 0
0.003306974973535167 0.005375330574185839 0
0.005505872798395092 0.01727199687619617 0
0.003736064606413775 0.01644868661287646 0
0.006238731490714616 0.006609483152103282 0
0.006480229640865955 0.006725748189380855 0
0.001160537293612579 0.01328580229760219 0
0.004274156848483599 0.01000661224327694 0
0.004038315236471223 0.009716434010283888 0
0.008727271821856297 0.005487143209566657 0
0.008990889215793826 0.005593485001022515 0
0.008685275366787973 0.005689629775950543 0
0.002138175884937886 0.01709916468493505 0
0.001652079264403207 0.01709121639656038 0
0.0003992237545232969 0.01243007698001609 0
0.0003971397864451481 0.01291681044128138 0
0.006765432206354956 0.008409674819274231 0
0.0004043534365263226 0.01052666567488067 0
0.0004037975080899755 0.01099277888823516 0
0.009686673282516453 0.005594124550480959 0
0.00945976168756172 0.005327627186112269 0
0.007439967655212506 0.01651068416645554 0
0.007291579028895392 0.0163171272627565 0
0.007822939792689205 0.01719270695935837 0
0.002902902625598051 0.01668627118017161 0
0.004845709733711265 0.01136905924962571 0
0.007598492389324936 0.01664252976658862 0
0.006275983336218972 0.009488291125169662 0
0.006550117444692134 0.009404758984539734 0
0.006692853782757002 0.009655568017270156 0
0.003891790376499842 0.01375353241697529 0
0.003677425660300946 0.01346394168209459 0
0.003744259735080132 0.01250843899971769 0
0.003535417192448228 0.01221421725910636 0
0.005391430860025696 0.01618736525781045 0
0.01222279513066011 0.00587486513917969 0
0.01201013855392264 0.005952316022725994 0
0.01200636782667656 0.005792289728072206 0
0.00377236717382566 0.01096596377326746 0
0.0004134706340397252 0.009104712621092954 0
0.0008306078237807924 0.008895420497429481 0
0.006589224562235701 0.009876349456807064 0
0.008812527577677927 0.007185776347784291 0
0.008056640996462442 0.007832821970188081 0
0.009700996744115866 0.006694766177530065 0
0.0004798616205760201 0.01435935810591808 0
0.0004009928509606632 0.01485201040582997 0
0.007936030442979037 0.006361545012277538 0
0.006855756966541466 0.006223072704851325 0
0.007045988048568709 0.006080477897132015 0
0.01190314908141332 0.006069387659311624 0
0.004332229516787214 0.008442074392921405 0
0.004532220343516299 0.008129751605952903 0
0.005026524574782996 0.01566552770539181 0
0.006741591260885445 0.01613108210566043 0
0.006636023686096068 0.01590076604053951 0
0.006836212628142669 0.01588721892937855 0
0.007346395040137075 0.01665993694814963 0
0.007303126502356809 0.01689898440549277 0
0.004615915010307406 0.01515835626892059 0
0.006062667685223218 0.01206857162263002 0
0.005880704433075879 0.01192394512644112 0
0.006091977028504458 0.01180885692482212 0
0.004685675779125357 0.007802783523693794 0
0.004799187506805264 0.007463314898623657 0
0.004000978048128411 0.009089993228229658 0
0.004167841162788498 0.008764477852075288 0
0.003828263087957625 0.0160193401231614 0
0.008891325619719372 0.005195499217319315 0
0.002780998887773097 0.005451579985073203 0
0.004191943369121769 0.01462826316501011 0
0.002570112758582736 0.007889714657347485 0
0.002537713904082754 0.008318224381658195 0
0.00655660872209405 0.008013878530425145 0
0.006625269156086506 0.007362881476821557 0
0.006772363100280225 0.007558518365583741 0
0.003691170911648207 0.009745559386350505 0
0.003852825906205678 0.00941934308818906 0
0.002610198531910231 0.01709916468493505 0
0.0004009928509606632 0.0153327796365992 0
0.005783220844337178 0.01727199687619617 0
0.002119749913419059 0.006939345652713352 0
0.002437518141057006 0.007196639931819855 0
0.006386358271034101 0.01457716647168276 0
0.006310246329281677 0.01430199754379956 0
0.01042949954829829 0.006150489027633792 0
0.01062723961264432 0.00628796103195863 0
0.01038218804356522 0.00641477010473754 0
0.006333597293452252 0.01057911507936056 0
0.006180093877506818 0.0103915710087883 0
0.006417225971238939 0.01033603239182224 0
0.006468108103480614 0.01480694990077374 0
0.006588514093589719 0.01504864401066544 0
0.00605083823639351 0.01231217688433475 0
0.00791292984459983 0.01736948380156425 0
0.008148941168086002 0.01736948380156425 0
0.002588744248057679 0.009459025840863881 0
0.001952956394900354 0.008714677857342354 0
0.001746860741462368 0.005366551318245032 0
0.001246829483939249 0.005366551318245032 0
0.01099275388780721 0.005296957013770822 0
0.01074865423779085 0.005551670975114817 0
0.003603717820685033 0.01284069493454439 0
0.003755428816093868 0.01407470866391642 0
0.001902029252554454 0.01336944697821849 0
0.001597297582900498 0.01303140893621179 0
0.007064825254478346 0.01632281317125801 0
0.007168533977349093 0.01611184908599796 0
0.005873991590316634 0.008574205445673245 0
0.004554655512642019 0.0115143127395787 0
0.0004295506021385559 0.007201193624950239 0
0.005896215543763521 0.01707140800618477 0
0.00602914888810771 0.0172994111299886 0
0.006454732503629071 0.0071580673606311 0
0.006709257480906493 0.00712633260248275 0
0.006774259588418686 0.008013728768354621 0
0.006665936243316213 0.008241717286285491 0
0.01161533053851302 0.005222419032895235 0
0.006211315895002535 0.01106622152419124 0
0.006265559471929097 0.01081332505829447 0
0.005431400460797457 0.01044724948838414 0
0.001682561111131642 0.006068792551251 0
0.001226772540143512 0.006105925889022177 0
0.007035692023350169 0.01590730942077971 0
0.00302166546490106 0.01043648993826721 0
0.002620591098370282 0.01045401220328275 0
0.001180056617430862 0.01709121639656038 0
0.00681165581681073 0.006912545267491932 0
0.006982192469268165 0.007117359383682388 0
0.003376066636383527 0.01040375569150248 0
0.003527741166404422 0.01008245595799015 0
0.0072202390992466 0.007079540702693592 0
0.007117840763342364 0.00729332803768441 0
0.01086208465591744 0.00622214868478968 0
0.01095232510055763 0.005992973749799808 0
0.01113985863909769 0.006191442479734605 0
0.001622197322262578 0.01111520053910808 0
0.001632850906266947 0.008477403620410742 0
0.001226554481157638 0.008683744284236506 0
0.003476058251042997 0.01160048547505245 0
0.003619988217854718 0.01128199383002743 0
0.00624666538237898 0.01406653858223555 0
0.00602866205619216 0.01398292733424641 0
0.00618912516228051 0.01380901818727122 0
0.002280967630249977 0.005451579985073203 0
0.002027703341619868 0.005818131303318234 0
0.00698162132128719 0.01725309313135142 0
0.00721763264477336 0.01725309313135142 0
0.005971954473919093 0.009538789743964852 0
0.006131499414703459 0.009736002422136847 0
0.002945070496438806 0.009228250141308084 0
0.00554181028999799 0.00815464698229139 0
0.005215967673262376 0.008250207463550128 0
0.006266015176335988 0.0172994111299886 0
0.005313865580028399 0.006550744994537802 0
0.005394188154094226 0.006241802489813835 0
0.006488391401640124 0.01728426836427568 0
0.006724402725126294 0.01728426836427568 0
0.006507039774404264 0.01665728776639185 0
0.006250390681495439 0.01653675500618692 0
0.006432652344158405 0.01644414367893365 0
0.007479953330658153 0.01732322315779412 0
0.007715964654144324 0.01732322315779412 0
0.004284218008834615 0.007817993743769994 0
0.003966374219226842 0.008467365285182989 0
0.007420798424195451 0.00706935889194399 0
0.007670603455068292 0.007001327786464203 0
0.005290230003748564 0.0132875851501449 0
0.009254236119882445 0.00642656349812647 0
0.009491779695771517 0.00656941991283933 0
0.006503321701380784 0.01010784171576123 0
0.006687934864665393 0.01527135227200426 0
0.007253522057473364 0.0087631601721819 0
0.009469206666658576 0.006797808097500906 0
0.008610728044771056 0.007331179190641838 0
0.007697548622415248 0.008182922112320952 0
0.007863993062485171 0.008004653473015964 0
0.01019724571224134 0.006069874025687028 0
0.01044229728132043 0.005943064952908118 0
0.006815540819999638 0.01634110571681903 0
0.007036158220145287 0.007561100597466439 0
0.006928727187061584 0.007788472244376973 0
0.003653833723305395 0.009119118604296275 0
0.007363653916348907 0.01707631628914554 0
0.006364519812838188 0.01708367949426429 0
0.007819033606091277 0.007777811176421346 0
0.006349625416148422 0.00991699606229582 0
0.006084780529558875 0.006503764574236921 0
0.0004319332810383955 0.01579538637754482 0
0.0004319332810383955 0.01627615560831405 0
0.006358702785044212 0.01623412006777506 0
0.006615351877953037 0.01635465282797999 0
0.005427411148115092 0.01218575473236438 0
0.005662380502421978 0.01203585308984869 0
0.005616425735487754 0.01233356146676472 0
0.006161750407697409 0.01130502420813355 0
0.003175177920963494 0.01225544125320084 0
0.003323323960671183 0.01192488505520945 0
0.009055648648205343 0.006593880751477183 0
0.007274204850123723 0.007523281916477643 0
0.01137912089720498 0.006144145215170534 0
0.003342251836138877 0.009785365035895322 0
0.0004799743137273828 0.006220143801546379 0
0.0004799743137273828 0.006700913032315611 0
0.005948995911112062 0.01140233852837669 0
0.006122768272942466 0.01156691610839009 0
0.006445910134813436 0.01597368856143924 0
0.006144100379224151 0.0135693178987846 0
0.006045596553848543 0.00996749468109101 0
0.003420932225901019 0.01100127983222996 0
0.003030659031086096 0.01417520950907982 0
0.002890166255436734 0.01452596002130513 0
0.002645975285675443 0.01424693115219016 0
0.003311312054113983 0.01350079829490358 0
0.003454050882442564 0.01317347302480003 0
0.002217365928039748 0.01431466712246046 0
0.00235785870368911 0.01396391661023514 0
0.01151190516683849 0.005916004078181621 0
0.01166092698030559 0.006097881748607422 0
0.005589059300129313 0.01380612968782068 0
0.0008329261319990587 0.01555124293722094 0
0.005938292298439415 0.01346994556952999 0
0.006111270841569875 0.01331385652903251 0
0.005951470015325223 0.01045201829780281 0
0.006035098693111912 0.0102089356102645 0
0.003115818979558263 0.01164170946914693 0
0.005236495697702257 0.005946986565911832 0
0.007549210017720306 0.008368499653486367 0
0.007397174967885313 0.008559205717919339 0
0.006085076473096951 0.01307137495354656 0
0.004586168249767078 0.007192244906125326 0
0.00494768231212867 0.0071645341432381 0
0.006059809556420741 0.01281614653698227 0
0.006052605155212551 0.0125723606555349 0
0.00588019584410893 0.01295925578321361 0
0.006930124448560791 0.01567699335565879 0
0.001885898199840752 0.01075549792274387 0
0.00323760421449807 0.01287755154735338 0
0.005133381204464649 0.006870515095276003 0
0.00572779075778377 0.01363430729156797 0
0.005694961220129494 0.01337884592181588 0
0.003728164260018985 0.00682117267240368 0
0.003886219230935932 0.007257795223114919 0
0.003536982163385465 0.007095278885418773 0
0.005670684607265687 0.01050109711910603 0
0.006692710673222329 0.006700325992498034 0
0.006965645661584001 0.006691352773697673 0
0.00497229873685106 0.005660299493976712 0
0.00585316200861368 0.01244384359544917 0
0.002085620643544698 0.01467975087603114 0
0.005357393740373892 0.008590082872210227 0
0.002531865776049426 0.01360239159572625 0
0.002682600383514823 0.01325946609454834 0
0.002937202668790202 0.01355325513878693 0
0.006813638321335195 0.01546271680175281 0
0.003160577446648585 0.01384372379608149 0
0.003260139392908404 0.009159442361028735 0
0.003408291534831136 0.008830092501069333 0
0.00998474923291507 0.006135530960414362 0
0.003218910010389494 0.01071798402223473 0
0.004919942559807031 0.01599015575949122 0
0.004717532067610679 0.01574296463755506 0
0.0008638765825931503 0.005358774900256906 0
0.0003638453250700315 0.005358774900256906 0
0.0003638453250700315 0.005839544131026137 0
0.002593350202529063 0.01201002730222331 0
0.002742509631427865 0.01168890131818159 0
0.002895243921799679 0.01136450173802458 0
0.002103256418413731 0.01367012756599655 0
0.004086418487612133 0.01497163015770207 0
0.003870645918705735 0.01470151736832665 0
0.001832054060666427 0.01536448562458527 0
0.001553540426197541 0.01508507305144861 0
0.001944272411532203 0.01504123266078347 0
0.002364134278013585 0.0149591634491678 0
0.003912899853763984 0.007838431631079558 0
0.004066355289373042 0.007511463548820448 0
0.003028358945464316 0.01258391133378962 0
0.002816265713687271 0.01229457912989271 0
0.006241824320153344 0.007242026228682825 0
0.002702104672403717 0.0075014575071664 0
0.0003440177317980096 0.01667280469470419 0
0.0003440177317980096 0.01715357392547342 0
0.01083007633278058 0.005808796991198263 0
0.01110785031596083 0.005778090786143187 0
0.005618192654306795 0.01259374523796486 0
0.00321563031065421 0.007014577026311574 0
0.0008160403787703541 0.01715357392547342 0
0.002878692007221847 0.01291668942404525 0
0.006455837074941811 0.01690921791109824 0
0.009226298295562159 0.005523126403431583 0
0.009266349062861712 0.005195499217319315 0
0.003066531054418552 0.01103401407899469 0
0.002045591268868161 0.01566705338850262 0
0.002513561177489015 0.01563188516489461 0
0.004138581716230523 0.01590711945994257 0
0.00441676417073896 0.0158293356881299 0
0.005828960877285786 0.009297276051523692 0
0.003610204257313027 0.008456953983214104 0
0.003774592611311742 0.00813455052406022 0
0.005691689845703217 0.01177613839204079 0
0.005469739406700042 0.01273243587029003 0
0.005327011380121247 0.0130066856438678 0
0.006073917904463692 0.01652880286225244 0
0.00654778134003032 0.008409824581344753 0
0.003404768416409876 0.01412275266519647 0
0.003625510400531379 0.01440619437691474 0
0.005639822885100758 0.008602036550806168 0
0.005732425937933586 0.008358042436090628 0
0.01227028306086493 0.005452742039472156 0
0.01124030709537068 0.005222419032895235 0
0.002693221706288154 0.01108120592802935 0
0.003216509926916036 0.008497277739946563 0
0.01059312902238766 0.005766553938771437 0
0.004523346185714925 0.01550470763403049 0
0.004315147113435686 0.01524472731949543 0
0.005832390378439234 0.01389722933553478 0
0.007207700559731033 0.006724571404767675 0
0.01235951220170701 0.005804231464677441 0
0.01235951220170701 0.005600525633100879 0
0.009184301840493835 0.005725612969815469 0
0.003759816502005348 0.006501026901059234 0
0.01135540352352431 0.005703552805267601 0
0.005521241055846532 0.01326230813757676 0
0.005731742596502177 0.01309794641553878 0
0.002637103079437144 0.01526005111558704 0
0.003519985519021744 0.0147495613696067 0
0.006056988072605929 0.01691640853287668 0
0.007643735381285641 0.006737575625593602 0
0.004406032191329968 0.006938576580419797 0
0.004109053569555815 0.006663543238755379 0
0.007395863857995878 0.007683256565519729 0
0.007612795540589558 0.007762550667014508 0
0.005117783692789086 0.01617517190579322 0
0.004257537386006562 0.007237357335805355 0
0.002216667999919252 0.006153821218079171 0
0.002294265368346023 0.01050418864742794 0
0.005206030843638007 0.01226911650189351 0
0.005251985610572231 0.01197140812497748 0
0.003163135056860293 0.01482684768772437 0
0.002778451311449639 0.01489856933083471 0
0.002787746897493191 0.007065680142569068 0
0.005727520618640846 0.01150518305927199 0
0.006233460849637675 0.01692436067681116 0
0.003190612684913064 0.009517276244535024 0
0.005706475679825968 0.01284271799897449 0
0.001121653888626546 0.01524848110576287 0
0.002197343067788753 0.00658267251661723 0
0.000775951012836406 0.0164104987645567 0
0.007285150130121253 0.006893390237941969 0
0.002901473402816043 0.008508714138039788 0
0.001110643551486162 0.005725326218501936 0
0.007070879593733525 0.005856513420392015 0
0.006692380280126209 0.00583437376754343 0
0.00666823780917588 0.006053261090329812 0
0.009869343065690841 0.005763379274576702 0
0.006659181360630014 0.006309321884182262 0
0.001052051702256527 0.0167447903220338 0
0.0008438196387974151 0.006098149471034051 0
0.007690525984056937 0.006364589597315779 0
0.01212979526257194 0.005567055250897179 0
0.006148305334709551 0.01674194694971064 0
0.01236328292895309 0.00596425775933123 0
0.006634219485639225 0.006504555695586596 0
0.006446700328273641 0.006334744081065082 0
0.002538183108882769 0.01080089471314465 0
0.01123315475574725 0.005519376046666056 0
0.00687263429547492 0.005738829993675359 0
0.00745505048745118 0.006341403565740251 0
0.007566285810895421 0.006568756792419308 0
0.00626778749212711 0.006424259314603054 0
0.007408259884679884 0.006714389594018074 0
0.009997546965937219 0.005928106885688688 0
2 17 0 973
3334
3335
3336
3337
3338
3339
3340
3341
3342
3343
3344
3345
3346
3347
3348
3349
3350
3351
3352
3353
3354
3355
3356
3357
3358
3359
3360
3361
3362
3363
3364
3365
3366
3367
3368
3369
3370
3371
3372
3373
3374
3375
3376
3377
3378
3379
3380
3381
3382
3383
3384
3385
3386
3387
3388
3389
3390
3391
3392
3393
3394
3395
3396
3397
3398
3399
3400
3401
3402
3403
3404
3405
3406
3407
3408
3409
3410
3411
3412
3413
3414
3415
3416
3417
3418
3419
3420
3421
3422
3423
3424
3425
3426
3427
3428
3429
3430
3431
3432
3433
3434
3435
3436
3437
3438
3439
3440
3441
3442
3443
3444
3445
3446
3447
3448
3449
3450
3451
3452
3453
3454
3455
3456
3457
3458
3459
3460
3461
3462
3463
3464
3465
3466
3467
3468
3469
3470
3471
3472
3473
3474
3475
3476
3477
3478
3479
3480
3481
3482
3483
3484
3485
3486
3487
3488
3489
3490
3491
3492
3493
3494
3495
3496
3497
3498
3499
3500
3501
3502
3503
3504
3505
3506
3507
3508
3509
3510
3511
3512
3513
3514
3515
3516
3517
3518
3519
3520
3521
3522
3523
3524
3525
3526
3527
3528
3529
3530
3531
3532
3533
3534
3535
3536
3537
3538
3539
3540
3541
3542
3543
3544
3545
3546
3547
3548
3549
3550
3551
3552
3553
3554
3555
3556
3557
3558
3559
3560
3561
3562
3563
3564
3565
3566
3567
3568
3569
3570
3571
3572
3573
3574
3575
3576
3577
3578
3579
3580
3581
3582
3583
3584
3585
3586
3587
3588
3589
3590
3591
3592
3593
3594
3595
3596
3597
3598
3599
3600
3601
3602
3603
3604
3605
3606
3607
3608
3609
3610
3611
3612
3613
3614
3615
3616
3617
3618
3619
3620
3621
3622
3623
3624
3625
3626
3627
3628
3629
3630
3631
3632
3633
3634
3635
3636
3637
3638
3639
3640
3641
3642
3643
3644
3645
3646
3647
3648
3649
3650
3651
3652
3653
3654
3655
3656
3657
3658
3659
3660
3661
3662
3663
3664
3665
3666
3667
3668
3669
3670
3671
3672
3673
3674
3675
3676
3677
3678
3679
3680
3681
3682
3683
3684
3685
3686
3687
3688
3689
3690
3691
3692
3693
3694
3695
3696
3697
3698
3699
3700
3701
3702
3703
3704
3705
3706
3707
3708
3709
3710
3711
3712
3713
3714
3715
3716
3717
3718
3719
3720
3721
3722
3723
3724
3725
3726
3727
3728
3729
3730
3731
3732
3733
3734
3735
3736
3737
3738
3739
3740
3741
3742
3743
3744
3745
3746
3747
3748
3749
3750
3751
3752
3753
3754
3755
3756
3757
3758
3759
3760
3761
3762
3763
3764
3765
3766
3767
3768
3769
3770
3771
3772
3773
3774
3775
3776
3777
3778
3779
3780
3781
3782
3783
3784
3785
3786
3787
3788
3789
3790
3791
3792
3793
3794
3795
3796
3797
3798
3799
3800
3801
3802
3803
3804
3805
3806
3807
3808
3809
3810
3811
3812
3813
3814
3815
3816
3817
3818
3819
3820
3821
3822
3823
3824
3825
3826
3827
3828
3829
3830
3831
3832
3833
3834
3835
3836
3837
3838
3839
3840
3841
3842
3843
3844
3845
3846
3847
3848
3849
3850
3851
3852
3853
3854
3855
3856
3857
3858
3859
3860
3861
3862
3863
3864
3865
3866
3867
3868
3869
3870
3871
3872
3873
3874
3875
3876
3877
3878
3879
3880
3881
3882
3883
3884
3885
3886
3887
3888
3889
3890
3891
3892
3893
3894
3895
3896
3897
3898
3899
3900
3901
3902
3903
3904
3905
3906
3907
3908
3909
3910
3911
3912
3913
3914
3915
3916
3917
3918
3919
3920
3921
3922
3923
3924
3925
3926
3927
3928
3929
3930
3931
3932
3933
3934
3935
3936
3937
3938
3939
3940
3941
3942
3943
3944
3945
3946
3947
3948
3949
3950
3951
3952
3953
3954
3955
3956
3957
3958
3959
3960
3961
3962
3963
3964
3965
3966
3967
3968
3969
3970
3971
3972
3973
3974
3975
3976
3977
3978
3979
3980
3981
3982
3983
3984
3985
3986
3987
3988
3989
3990
3991
3992
3993
3994
3995
3996
3997
3998
3999
4000
4001
4002
4003
4004
4005
4006
4007
4008
4009
4010
4011
4012
4013
4014
4015
4016
4017
4018
4019
4020
4021
4022
4023
4024
4025
4026
4027
4028
4029
4030
4031
4032
4033
4034
4035
4036
4037
4038
4039
4040
4041
4042
4043
4044
4045
4046
4047
4048
4049
4050
4051
4052
4053
4054
4055
4056
4057
4058
4059
4060
4061
4062
4063
4064
4065
4066
4067
4068
4069
4070
4071
4072
4073
4074
4075
4076
4077
4078
4079
4080
4081
4082
4083
4084
4085
4086
4087
4088
4089
4090
4091
4092
4093
4094
4095
4096
4097
4098
4099
4100
4101
4102
4103
4104
4105
4106
4107
4108
4109
4110
4111
4112
4113
4114
4115
4116
4117
4118
4119
4120
4121
4122
4123
4124
4125
4126
4127
4128
4129
4130
4131
4132
4133
4134
4135
4136
4137
4138
4139
4140
4141
4142
4143
4144
4145
4146
4147
4148
4149
4150
4151
4152
4153
4154
4155
4156
4157
4158
4159
4160
4161
4162
4163
4164
4165
4166
4167
4168
4169
4170
4171
4172
4173
4174
4175
4176
4177
4178
4179
4180
4181
4182
4183
4184
4185
4186
4187
4188
4189
4190
4191
4192
4193
4194
4195
4196
4197
4198
4199
4200
4201
4202
4203
4204
4205
4206
4207
4208
4209
4210
4211
4212
4213
4214
4215
4216
4217
4218
4219
4220
4221
4222
4223
4224
4225
4226
4227
4228
4229
4230
4231
4232
4233
4234
4235
4236
4237
4238
4239
4240
4241
4242
4243
4244
4245
4246
4247
4248
4249
4250
4251
4252
4253
4254
4255
4256
4257
4258
4259
4260
4261
4262
4263
4264
4265
4266
4267
4268
4269
4270
4271
4272
4273
4274
4275
4276
4277
4278
4279
4280
4281
4282
4283
4284
4285
4286
4287
4288
4289
4290
4291
4292
4293
4294
4295
4296
4297
4298
4299
4300
4301
4302
4303
4304
4305
4306
-0.006468006899113973 0.02528974524993613 0
-0.005959512834004763 0.02119533068607782 0
-0.00593332859389282 0.02381330729116068 0
-0.0008010836269219035 0.02655020137159329 0
-0.007270126112909153 0.02663490395525653 0
-0.0008862491772559525 0.02272335741477927 0
-0.004364214441129328 0.02923044385526111 0
-0.003300481520294048 0.01825460846144608 0
-0.007972275859615997 0.02739806437998071 0
-0.005859474904872164 0.02276048665167594 0
-0.006429063800189708 0.01983425225687275 0
-0.006178058523274487 0.02938483228740667 0
-0.005132121212857449 0.01795941264226836 0
-0.000827248359756067 0.02467418938877964 0
-0.0007668939824288512 0.02091565328042561 0
-0.006138799321451094 0.01794238770104083 0
-0.008814878542363923 0.0279951475219447 0
-0.002504759462915339 0.02913936222140009 0
-0.0077000993740297 0.02937652041159224 0
-0.00694173111785775 0.01879857672479709 0
-0.009684742484778575 0.02853916747361145 0
-0.0007788116638745273 0.0189455115401049 0
-0.007097920735596253 0.01790878360343961 0
-0.0107145909018522 0.02894547925478763 0
-0.0007347860906857639 0.02855502854190894 0
-0.01214768561525626 0.02931457278910556 0
-0.009211277593764887 0.02932720532382144 0
-0.006765834938840671 0.02937849908772287 0
-0.006471550797290022 0.02887219449499867 0
-0.005938768442120788 0.02883481570012488 0
-0.006242184932134118 0.02839483862486481 0
-0.005715876968011355 0.02835064031754922 0
-0.006028218930271423 0.02791142642592519 0
-0.005487649036632904 0.02786634449081266 0
-0.005795264733590316 0.02740861885015254 0
-0.005213659688823872 0.02735138095760216 0
-0.005545856532372411 0.02687587313654145 0
-0.004904503368177692 0.02681386746810762 0
-0.004615202454455867 0.02731813606936268 0
-0.004261557201673978 0.02672158205637967 0
-0.0046155984097292 0.02624130028293498 0
-0.003921551628437166 0.02611393559029311 0
-0.004428219311303423 0.02556678718840909 0
-0.003629491519834126 0.02547529851610332 0
-0.004030075956104103 0.02488707278585417 0
-0.00363812888885066 0.02677037494966099 0
-0.003260356542080627 0.02480455698344415 0
-0.003700696238710555 0.0242278852259155 0
-0.00675334937129995 0.02840744695969395 0
-0.002963175272543186 0.02407776389296263 0
-0.00342049581513286 0.02355966863310845 0
-0.004100853502082507 0.02363852174479757 0
-0.003821158592896869 0.02301337704797823 0
-0.003129230266825039 0.02292332304301584 0
-0.003542941318692133 0.0223613847452747 0
-0.002813788002539055 0.02227259659357472 0
-0.00325124696656826 0.02168035932738022 0
-0.00407672821623457 0.02183079477367786 0
-0.003725167317160131 0.02108932960786457 0
-0.002885771915554991 0.02542033295407221 0
-0.002955793792806665 0.02098792653850321 0
-0.004723318597866236 0.02489769972428607 0
-0.003427286593508544 0.02039249059821489 0
-0.004170504532838015 0.02049109059616419 0
-0.002650582533824504 0.02026689428543745 0
-0.006324893335088388 0.02748923198541714 0
-0.004490714483008131 0.02309676328322538 0
-0.003921013939873913 0.01980386880929822 0
-0.004628562177019395 0.01995107173472872 0
-0.004755949297693051 0.02368681316082452 0
-0.004861468376242224 0.02059020868274629 0
-0.005273966159708752 0.02006508702276967 0
-0.005065525420907293 0.01945580534933411 0
-0.00231688808973025 0.02293479098472176 0
-0.002049465446292474 0.02217300119784696 0
-0.002151888249664109 0.02083707410889512 0
-0.001832277979299687 0.02009569862498611 0
-0.002350186231478707 0.01954515259050282 0
-0.005151570589587821 0.02833381323955834 0
-0.005545062308374599 0.02935364945010996 0
-0.005067595208846242 0.02310313474103991 0
-0.004817309772951193 0.02260296949730587 0
-0.005647513351069322 0.01954196337547756 0
-0.005478991513844207 0.01899570474365075 0
-0.006071113413549538 0.01909988427242337 0
-0.004887314345821535 0.01890405684167911 0
-0.005921815166361446 0.0184802741718611 0
-0.008251059719301245 0.02937850277397667 0
-0.007952922227128987 0.02886103776534556 0
-0.007475205663181123 0.02884369414282566 0
-0.007744195089429782 0.02840937978819831 0
-0.008760760958559332 0.02888336031338008 0
-0.008245481050005093 0.0284182091779904 0
-0.005898942939097464 0.02011357781668334 0
-0.01138343947723125 0.02950401011933663 0
-0.004440775000926343 0.02116837058938244 0
-0.005065268067581603 0.02124942390412691 0
-0.004770264396267532 0.02174540852292748 0
-0.005366713803534416 0.02186614878657824 0
-0.005527587269726178 0.02076448068374973 0
-0.004080195907359374 0.01823848893054494 0
-0.008005321028282809 0.0279566873260659 0
-0.007516594075389665 0.02797552659657751 0
-0.009878600542612147 0.0294193951895085 0
-0.006569042126315616 0.01927207577956442 0
-0.004393707829842148 0.02426697303928962 0
-0.005026023958973142 0.02426142591407419 0
-0.005348760978980327 0.02481711866408492 0
-0.005120584975574899 0.025404502922216 0
-0.005677407317001364 0.02532060563570947 0
-0.005517797207874939 0.02585888528271704 0
-0.005896687015543894 0.02477628530613404 0
-0.006106925548325873 0.02570076399773314 0
-0.006447549485460326 0.01870922027815913 0
-0.006791601928236334 0.01835439043413056 0
-0.009247144815700331 0.02828723532701964 0
-0.007598902671226728 0.02701737746835399 0
-0.00708633973267817 0.02709180965864564 0
-0.006782692251104943 0.02667691934364237 0
-0.006655247163766805 0.02574477702105474 0
-0.00645542641239201 0.02621237575015751 0
-0.005913014219811764 0.02638130891531384 0
-0.01015344624304288 0.02886480737024945 0
-0.005881395906786293 0.02329739483053209 0
-0.005836012965708281 0.02222883047439459 0
-0.00610845065607345 0.02066489388208431 0
-0.006093636618448422 0.02698918570406622 0
-0.003753178079580392 0.0189879803095292 0
-0.00539261546669318 0.02362584465033061 0
-0.003488579415528252 0.02918524374249383 0
-0.003011412110941602 0.02833135337219218 0
-0.003959294717697398 0.02847470473047078 0
-0.002108638995348475 0.02830375098288621 0
-0.002548829758550512 0.02756548009442238 0
-0.001727605044066405 0.02754070786103846 0
-0.002109118179964206 0.02675592506534602 0
-0.003480108084277855 0.02759806388361579 0
-0.0008194237533835896 0.02372697588148149 0
-0.001607801491640424 0.02420870269904369 0
-0.001593193708199292 0.02508396108179049 0
-0.0008191412330408841 0.02560452534745915 0
-0.001572901906093907 0.0233312758120202 0
-0.004230553136448887 0.02252264564957051 0
-0.0007626418123537048 0.02177206865508309 0
-0.002401601736072159 0.01823332853983934 0
-0.006953946816657933 0.02620575426187345 0
-0.006536785327037467 0.02794783767092248 0
-0.005635775856317166 0.01797440505449918 0
-0.0009118445995306441 0.01997563756041196 0
-0.001636930797010486 0.02604863111072855 0
-0.006835490191666016 0.02752897606207134 0
-0.006099271522141454 0.02431181984233009 0
-0.002402573401419816 0.02468380006322899 0
-0.005881221366399604 0.02172935031025346 0
-0.002279123112893209 0.02378225898913076 0
-0.006611685220495467 0.01790928033746487 0
-0.007598038410311654 0.01793632488403823 0
-0.009243034747819472 0.02877058580878473 0
-0.00316851788519719 0.01965761616662424 0
-0.007420369565892884 0.02748301297814885 0
-0.007033548885515974 0.02799280084941558 0
-0.001470586300515705 0.01838106017325787 0
-0.007258587029509472 0.01834731691066439 0
-0.001492174070456223 0.02906438756747825 0
-0.004431815659784902 0.01931534999719462 0
-0.005382971688887336 0.02251028072590473 0
-0.01044952252849544 0.02945168463333521 0
-0.000872344535770158 0.0275515975206101 0
-0.003225387719924781 0.02611570753156243 0
-0.002480865049685758 0.02610559838922798 0
-0.00841369390065164 0.02770786716210682 0
-0.002451377133368125 0.02154929039781761 0
-0.006963931953301137 0.02883362365717589 0
-0.001539201740965573 0.01937731056936502 0
-0.007247804173019606 0.02841041199898115 0
-0.008016439063328582 0.01777551745617554 0
-0.001583517260907483 0.02141849352873145 0
-0.002832567397304237 0.01893028819739044 0
-0.005616114589370802 0.02426763361135242 0
-0.005344307151754749 0.01846435581182478 0
-0.006592940569502218 0.02709080874852107 0
-0.01174677496129162 0.02909473249649741 0
-0.00286375438960277 0.02684248695747116 0
-0.006382290224400933 0.0182791105845313 0
-0.006338678809611036 0.02027125581875848 0
-0.006357892486252627 0.02663251748214244 0
-0.005339511273637758 0.02878212171964838 0
-0.01122018851852337 0.02903704356040771 0
-0.00555521236260457 0.021418060652462 0
-0.008725702355982095 0.02845843316429691 0
-0.007230948745071972 0.02928646745986333 0
-0.002199866974374068 0.02546846471980965 0
-0.001652426398294365 0.02263143917402205 0
-0.01213811716391375 0.0296653475302645 0
-0.005264290072117029 0.02636993403042772 0
-0.01095352953070658 0.02938764351357344 0
-0.002821782511424909 0.02345556110858788 0
-0.009634220322403592 0.02898423223319511 0
-0.004969933790874843 0.02775944115007439 0
-0.006325446095434062 0.02479091783429497 0
-0.00502823322750292 0.02218502070337347 0
-0.0006909485891674252 0.01818978524151373 0
-0.004986966566174 0.02919029066797523 0
-0.006104967928590242 0.01952579218179015 0
-0.005526590642715868 0.02304984113237661 0
-0.0006851228320451323 0.02931343720804682 0
-0.01218081824564973 0.02899928290732121 0
-0.01180342370859085 0.02950289501170099 0
-0.004659055253120003 0.02867380357028864 0
-0.004381587184873754 0.02792753099303609 0
-0.002118828681267277 0.0188934280140711 0
-0.004361886077347628 0.01876898079052878 0
-0.001453987674413485 0.02687340274559938 0
-0.00842239610253882 0.02808841024480607 0
-0.008715162356130617 0.02927241388734959 0
-0.001387109747265405 0.02820309449478439 0
-0.006071629311148142 0.02516939919658794 0
-0.007728640132295339 0.02770332282019324 0
-0.001423672521756037 0.02203353075159755 0
-0.001465726830145871 0.02068759660030972 0
-0.004989297995319898 0.02588828194134097 0
-0.004075316762826423 0.02726713759041104 0
-0.008381070069456525 0.02880710990687083 0
-0.004719232895238784 0.01833249546591861 0
-0.004616300004506121 0.0222111907013495 0
-0.00588728758888413 0.01795839637777 0
-0.005778795511339306 0.01822733961318014 0
-0.00603030724390627 0.01821133093645097 0
-0.00615205269538119 0.0183796923781962 0
-0.006260544772926014 0.01811074914278606 0
-0.006225764552350525 0.02681085159310433 0
-0.006135453353032195 0.02650691319872814 0
-0.006003325419130093 0.02668524730969003 0
-0.005756400802457348 0.02452195945874323 0
-0.005482437784175564 0.02454237613771867 0
-0.00562272399726211 0.02479670198510948 0
-0.005819746575410416 0.02693252942030384 0
-0.005729435376092088 0.02662859102592765 0
-0.005646886151519502 0.02967682472505498 0
-0.005246258417053471 0.02967682472505498 0
-0.003250941639226715 0.02680643095356607 0
-0.003171931236940312 0.02722027542054347 0
-0.003559118486564258 0.02718421941663839 0
-0.006934519538590995 0.02776088845574346 0
-0.007226959225704429 0.02773790691378221 0
-0.00712792987877945 0.02750599452011009 0
-0.002831464971750222 0.02474417852333657 0
-0.002644172658487403 0.0250520665086506 0
-0.003073064228817809 0.02511244496875818 0
-0.01030148438576916 0.02915824600179233 0
-0.01058205671517382 0.02919858194406142 0
-0.01043401857244754 0.02890514331251854 0
-0.002706292074076641 0.02720398352594677 0
-0.003014468921414184 0.02758177198901908 0
-0.006508295805887971 0.01899064802886177 0
-0.006259331449504931 0.01890455227529125 0
-0.006320077769932576 0.01918598002599389 0
-0.0101640615355538 0.02943553991142186 0
-0.01001602339282751 0.02914210127987897 0
-0.005857693055756129 0.02428972672684125 0
-0.005997979268842673 0.02454405257423206 0
-0.008326589748478505 0.01765220621398728 0
-0.006269818105131058 0.02522957222326203 0
-0.006089277429737008 0.02543508159716054 0
-0.006287466223719923 0.02549525462383464 0
-0.006267015864389975 0.01968002221933145 0
-0.006001955433843853 0.01981968499923675 0
-0.006164003369643586 0.01997391503677804 0
-0.0052660144372743 0.0292719700590426 0
-0.004967210545953171 0.02959514533398762 0
-0.01231905858195688 0.02983267376513225 0
-0.01194403513881454 0.02983267376513225 0
-0.00968920649873671 0.02970969759475425 0
-0.009544939068188516 0.02937330025666497 0
-0.009355545024313079 0.02966360266191072 0
-0.00975641043250787 0.02920181371135181 0
-0.009422748958084239 0.02915571877850828 0
-0.005541399816165374 0.02109127066810586 0
-0.005757362598304666 0.02130669566926991 0
-0.00574355005186547 0.02097990568491378 0
-0.006381086356046339 0.02572277050939394 0
-0.006561627031440389 0.02551726113549543 0
-0.002682874336981501 0.02438078197809581 0
-0.003111765907311906 0.02444116043820339 0
-0.007275071480452819 0.02798416372299654 0
-0.007468481820641274 0.02772926978736318 0
-0.004689170587021591 0.01791624773295931 0
-0.004925677054048117 0.01814595405409349 0
-0.004895614745830923 0.01772970632113418 0
-0.003719701400987627 0.02803638430704328 0
-0.003245760097609729 0.02796470862790398 0
-0.0034853534143195 0.02840302905133148 0
-0.006694640301659038 0.01875389850147811 0
-0.006755386622086683 0.01903532625218075 0
-0.006618692868065347 0.02912534679136077 0
-0.006324804660282254 0.02912851339120267 0
-0.006471946731057579 0.02938166568756477 0
-0.008101990973215116 0.02911977026966111 0
-0.007826510800579342 0.0291187790884689 0
-0.007975579546665472 0.02937751159278446 0
-0.005374842746210876 0.02218821475624148 0
-0.005609492327297808 0.02236955560014966 0
-0.005601363384621348 0.02204748963048642 0
-0.005818018962899814 0.02071468728291702 0
-0.006003696797585456 0.02038923584938382 0
-0.005713265104411821 0.02043902925021654 0
-0.006868319533881438 0.02644133680275791 0
-0.006704686614524971 0.02620906500601548 0
-0.006619059331748476 0.02644464754689994 0
-0.002017447197137804 0.02148389196327453 0
-0.001816491353599978 0.02179574736328921 0
-0.002250421289830299 0.02186114579783229 0
-0.005036039788423281 0.02485740919418549 0
-0.005187392468976735 0.02453927228907955 0
-0.004874671278419689 0.02457956281918013 0
-0.007332653362985989 0.01861251270266643 0
-0.007100159073683611 0.01857294681773074 0
-0.007174225407160128 0.01883814260973278 0
-0.004709865894407645 0.0242641994766819 0
-0.004558513213854192 0.02458233638178784 0
-0.002780120934746057 0.02794841673330728 0
-0.001219007211966195 0.02629941624116092 0
-0.001228036015025686 0.02582657822909385 0
-0.0008101124299813942 0.02607736335952622 0
-0.00392818854156898 0.01786924446527247 0
-0.004369652093081886 0.01786924446527247 0
-0.005400776714717465 0.0204147838532597 0
-0.005586454549403107 0.02008933241972651 0
-0.004399714401299079 0.01828549219823178 0
-0.007428312719910564 0.01814182089735131 0
-0.00748006935813419 0.01842132270768935 0
-0.007649795048535281 0.01821582669437628 0
-0.005068489099900974 0.02180577865475286 0
-0.005215990935558009 0.02155778634535257 0
-0.004917766231924567 0.02149741621352719 0
-0.006033981745039106 0.02093011228408106 0
-0.00608804067106989 0.01931283822710676 0
-0.006337005027452929 0.01939893398067728 0
-0.009227156170792179 0.02904889556630309 0
-0.009001897853189403 0.0288269730610824 0
-0.008986019276162108 0.02910528281860076 0
-0.00611881087435425 0.02019241681772091 0
-0.006383871304900372 0.02005275403781562 0
-0.007465524059550836 0.02933149393572779 0
-0.0072403102705396 0.02964323372993167 0
-0.007474885585018464 0.02968826020579612 0
-0.007811530556815579 0.01803658742645158 0
-0.00442349630625105 0.02178810164830267 0
-0.004605519698596937 0.02145688955615496 0
-0.004258751608580457 0.02149958268153015 0
-0.006998391841956322 0.0293324832737931 0
-0.007007753367423949 0.02968924954386144 0
-0.003723937066612825 0.02882997423648231 0
-0.003249995763234927 0.028758298557343 0
-0.005637005686739736 0.02346161974043135 0
-0.005662972030293 0.02371957597074565 0
-0.005907362250339557 0.02355535106084639 0
-0.0004095706165204421 0.02587918575065265 0
-0.0004005418134609522 0.02635202376271972 0
-0.007025094478872903 0.01835085367239747 0
-0.006866666523047042 0.01857648357946382 0
-0.004753021534253972 0.02120889724675467 0
-0.00570399327475108 0.02317361798145435 0
-0.005459603054704523 0.02333784289135361 0
-0.005874518314074754 0.02524500241614871 0
-0.005892166432663619 0.02551068481672131 0
-0.009893833282723235 0.02892451980172228 0
-0.006632729924281611 0.02968924954386144 0
-0.006338841716498518 0.02969241614370334 0
-0.008125389200796578 0.02968925138698834 0
-0.007849909028160806 0.02968826020579612 0
-0.00477440214343916 0.02548564505531255 0
-0.004921951786720568 0.02515110132325104 0
-0.00457576895458483 0.02523224345634758 0
-0.007714063945155055 0.02885236595408561 0
-0.007587652518605412 0.02911010727720895 0
-0.00470875865331166 0.02572753456487503 0
-0.005054941485447398 0.02564639243177848 0
-0.00388674722757051 0.02244201519742261 0
-0.004153640676341728 0.02217672021162418 0
-0.003809834767463351 0.02209608975947628 0
-0.004082971159043236 0.02112885009862351 0
-0.00390094776669735 0.02146006219077122 0
-0.005876240639829782 0.01953387777863385 0
-0.005773228145083392 0.01982777059608045 0
-0.005310240215093086 0.02133374227829445 0
-0.00529642766865389 0.02100695229393832 0
-0.006205159619705405 0.02885350509756178 0
-0.006058413482697637 0.02910982399376578 0
-0.006499052963252662 0.01955316401821858 0
-0.001867702755285796 0.02112778381881329 0
-0.002301632691516117 0.02119318225335637 0
-0.005858617166053942 0.02197909039232402 0
-0.005623967584967009 0.02179774954841585 0
-0.005321069274171973 0.02426452976271331 0
-0.004423426570477504 0.02236691817546 0
-0.004346514110370346 0.02202099273751368 0
-0.008570915514007928 0.02884523511012545 0
-0.008548116212793571 0.02903976189711021 0
-0.008737961657344974 0.02907788710036483 0
-0.005297092925781055 0.02307648793670826 0
-0.005454781165801602 0.02278006092914067 0
-0.005225283448866789 0.02280670773347232 0
-0.005861560415824543 0.02936924086875832 0
-0.005963384258969445 0.02969241614370334 0
-0.004211891892973126 0.02457702291257189 0
-0.00437669727698517 0.02489238625507012 0
-0.005194527822984201 0.02067734468324801 0
-0.005067717267975488 0.02032764785275798 0
-0.009438627535111533 0.02887740902098992 0
-0.008984368551900783 0.02861450948654082 0
-0.008743231657270714 0.02867089673883849 0
-0.005100140730919265 0.0225566251116053 0
-0.004942452490898717 0.02285305211917289 0
-0.002672309719644264 0.02647404267334957 0
-0.003044571054763775 0.0264790972445168 0
-0.002853126384805269 0.02611065296039521 0
-0.006406659449322318 0.02642244661614998 0
-0.006570292368678785 0.02665471841289241 0
-0.004161754579413363 0.02885257429286595 0
-0.00392639692832879 0.02920784379887747 0
-0.004890986628333097 0.02397411953744935 0
-0.0045748285637676 0.02397689310005707 0
-0.008980521581170738 0.02966360266191072 0
-0.01006422994187905 0.02970969759475425 0
-0.006281175980358942 0.02595656987394533 0
-0.006555336788079407 0.02597857638560613 0
-0.003460847982388791 0.01932279823807673 0
-0.003544765912535552 0.01973074248796124 0
-0.003837096009727153 0.01939592455941371 0
-0.00661957570684833 0.01853180535614484 0
-0.0004095706165204421 0.02539841651988342 0
-0.006184682325910886 0.01859474722501012 0
-0.005996464289955492 0.01879007922214224 0
-0.007253354649285526 0.02728741131839724 0
-0.006960914962172092 0.02731039286035849 0
-0.001217524925698245 0.02444144604391167 0
-0.001213612622512007 0.02396783929026259 0
-0.0008233360565698278 0.02420058263513056 0
-0.005209319712833161 0.0239436352822024 0
-0.005074282382193115 0.02365632890557757 0
-0.007848558658279384 0.02863520877677193 0
-0.007609700376305453 0.02862653696551198 0
-0.005812361378100406 0.02577982464022509 0
-0.005597602262438152 0.02558974545921325 0
-0.001127535650667694 0.02671180205859633 0
-0.001545459235711985 0.02646101692816397 0
-0.006804596990212369 0.02597526564146409 0
-0.005859313382309429 0.01932092382395047 0
-0.005775052463696872 0.01904779450803706 0
-0.005563252432456764 0.01926883405956416 0
-0.005490041504035957 0.01821938043316198 0
-0.005633061159058097 0.01847231499184294 0
-0.01137123655601091 0.02885504784456366 0
-0.0114834817399075 0.02906588802845256 0
-0.01163452977739504 0.0288838923126085 0
-0.004247280665962328 0.0239527473920436 0
-0.004428401399887779 0.02366266745281105 0
-0.002301220187896942 0.02507613239151932 0
-0.00254281944496453 0.02544439883694093 0
-0.001926012509493558 0.02355676740057547 0
-0.002298005601311729 0.02335852498692625 0
-0.001944894997912078 0.02313303339837098 0
-0.004693282200386827 0.02197829961213849 0
-0.00635686786471207 0.02863351655993174 0
-0.006090476687127453 0.02861482716249485 0
-0.002621149192718197 0.02393001144104669 0
-0.002340848257156513 0.02423302952617987 0
-0.008209507464467225 0.02783227724408636 0
-0.008192984880133819 0.02755296577104377 0
-0.007988798443949403 0.02767737585302331 0
-0.004951264168364074 0.0200080793787492 0
-0.004745015276630809 0.02027064020873751 0
-0.007112036464783543 0.02642032910856499 0
-0.007026409182007047 0.02665591164944945 0
-0.003744414737856605 0.02959262187124691 0
-0.004182232250657143 0.02961522192763056 0
-0.003690338713826711 0.01824654869599551 0
-0.003538331348036317 0.01787730423072304 0
-0.009245089781759901 0.02852891056790219 0
-0.009463888616299022 0.02865487664119809 0
-0.009465943650239454 0.02841320140031554 0
-0.004515986454540119 0.02054064963945524 0
-0.004399533354928705 0.02022108116544645 0
-0.005460739755389037 0.01980352519912362 0
-0.007062472894722419 0.02598568514567405 0
-0.006913123068276855 0.0257551965252647 0
-0.009454852096164045 0.02817801305159846 0
-0.009673650930703168 0.02830397912489436 0
-0.006864883446070905 0.02910606137244938 0
-0.006717741375295579 0.02885290907608728 0
-0.004963368221911913 0.0209198162934366 0
-0.006389485129585792 0.02817133814789365 0
-0.006282502128654445 0.02792963204842384 0
-0.00613520193120277 0.028153132525395 0
-0.008963219974947752 0.02929980960558552 0
-0.008316064894378885 0.02909280634042375 0
-0.008166996148292756 0.02883407383610819 0
-0.006223564732842243 0.0204680748504214 0
-0.005700403340102827 0.01873798945775593 0
-0.007509636118559806 0.02725019522325142 0
-0.007696322712754442 0.02744053867906478 0
-0.007785589265421364 0.02720772092416735 0
-0.004911772253269647 0.02339497395093221 0
-0.004779154845927186 0.02309994901213264 0
-0.004623331890350591 0.02339178822202495 0
-0.008732463962353604 0.0296362069436748 0
-0.0004097118766917948 0.02397887255612536 0
-0.0004136241798780339 0.02445247930977444 0
-0.004651121688584284 0.02087928963606437 0
-0.00641491985493063 0.01849416543134521 0
-0.008483111037715929 0.02932545833066313 0
-0.008500412643938918 0.02968925138698834 0
-0.01156669629547329 0.02975200505966831 0
-0.01119167285233095 0.02975200505966831 0
-0.004305639766882179 0.02082973059277331 0
-0.003947835924999072 0.02079021010201438 0
-0.006645067349168709 0.02817764231530822 0
-0.006497767151717034 0.02840114279227939 0
-0.005715405713843351 0.02612009709901544 0
-0.006009969884068819 0.02604103645652349 0
-0.005787047166272629 0.02504844547092176 0
-0.005513084147990845 0.02506886214989719 0
-0.006739436091283 0.01948849540384498 0
-0.006669446928220047 0.01976958364249915 0
-0.005356519385988307 0.01949888436240584 0
-0.005169745790308022 0.01976044618605189 0
-0.006176556132679906 0.02770032920567117 0
-0.006060079034339352 0.02744892541778484 0
-0.00591174183193087 0.02766002263803886 0
-0.004295783992545319 0.02336764251401147 0
-0.004655834483430835 0.02961522192763056 0
-0.008986423585841213 0.02837283424565827 0
-0.001196162829738749 0.02352912584675084 0
-0.00122957554167493 0.02302731661339973 0
-0.0008528364653197715 0.02322516664813038 0
-0.0008244454948048291 0.02224771303493118 0
-0.0003813209061768524 0.02203988048138771 0
-0.0004431245886279758 0.02251552486123579 0
-0.001188785714838258 0.02033161708036084 0
-0.001649002404722779 0.02039164761264791 0
-0.001372061289415165 0.02003566809269903 0
-0.005944450676019369 0.02719890227710938 0
-0.005670560632981363 0.027142245993347 0
-0.003244383480333485 0.02959262187124691 0
-0.007105868063160371 0.02862201782807852 0
-0.007000576772159778 0.02840892947933755 0
-0.006858640662300543 0.02862053530843492 0
-0.002758085786928471 0.02873535779679614 0
-0.002996669439221796 0.02916230298194696 0
-0.003777712423552139 0.02743260073701342 0
-0.003856722825838542 0.02701875627003602 0
-0.005197473515518668 0.02202558474497586 0
-0.005205602458195128 0.0223476507146391 0
-0.005246789654827242 0.01772970632113418 0
-0.00523010533776971 0.02336448969568526 0
-0.00352682979993722 0.01862129438548765 0
-0.003916686993469884 0.01861323462003707 0
-0.006475416527877423 0.02686166311533176 0
-0.00634328859397532 0.02703999722629365 0
-0.004047202034276351 0.02424742913260256 0
-0.003900774870396531 0.02393320348535654 0
-0.00168573986013263 0.01973650459717556 0
-0.001225523170248108 0.01967647406488849 0
-0.003865386097407329 0.02455747900588484 0
-0.007850457995955669 0.02755069360008698 0
-0.007866980580289075 0.02783000507312957 0
-0.0041559365379525 0.0230550701656018 0
-0.003961006047489689 0.0233259493963879 0
-0.00115900670242005 0.01916141105473496 0
-0.001504894020740639 0.01887918537131145 0
-0.001124698982195116 0.01866328585668139 0
-0.001590351698867166 0.02376998925553194 0
-0.004229147633703763 0.02522692998713163 0
-0.00685480297804586 0.01790903197045224 0
-0.006701643574365901 0.01813183538579771 0
-0.006944761331916294 0.01813158701878508 0
-0.002328734376949493 0.02793461553865429 0
-0.002560025553145039 0.02831755217753919 0
-0.001210221033977679 0.02487907523528507 0
-0.001600497599919858 0.02464633189041709 0
-0.01209522444867529 0.02886500812157662 0
-0.01234040912282481 0.02887464145366061 0
-0.004176414799829407 0.01955960940324642 0
-0.004092496869682647 0.01915166515336191 0
-0.005588652145964396 0.02637562147287078 0
-0.00540507330224472 0.02662290358348459 0
-0.002616868808953049 0.01786666426991967 0
-0.002851041628183104 0.01824396850064271 0
-0.003066308701063994 0.01787730423072304 0
-0.00150359489133176 0.0217260121401645 0
-0.001736568984024255 0.02210326597472226 0
-0.004274788058446654 0.01987747027201347 0
-0.004045759236355964 0.02014747970273121 0
-0.007178253882552862 0.018128050257052 0
-0.007347979572953954 0.01792255424373893 0
-0.006430839331062928 0.02771853482816981 0
-0.003292872738442315 0.01895913425345983 0
-0.003000542641250714 0.01929395218200734 0
-0.008313275559730809 0.02861265954243062 0
-0.008553386212719311 0.02863277153558387 0
-0.008485591702993595 0.02843832117114365 0
-0.003760674658607683 0.02359909518895301 0
-0.003560596026921707 0.02389377692951198 0
-0.008195820603629262 0.01778996494207505 0
-0.008020730883324043 0.01795618371252023 0
-0.002752473504027029 0.02956968111070005 0
-0.005398996146288131 0.02536255427896274 0
-0.005234672977277612 0.02511081079315046 0
-0.001829015211116424 0.01913536929171806 0
-0.00179470749089149 0.01863724409366448 0
-0.00343175830438772 0.02644304124061171 0
-0.01097671787906861 0.02969382175678672 0
-0.01070152602960101 0.02941966407345432 0
-0.01072471437796304 0.02972584231666761 0
-0.009659481403591083 0.02876169985340328 0
-0.009919094363910728 0.02870198742193045 0
-0.007807238736820118 0.01785592117010689 0
-0.004025855864672878 0.02276801134877437 0
-0.003682049955794501 0.02268738089662647 0
-0.0004097118766917948 0.02349810332535613 0
-0.0004431245886279758 0.02299629409200503 0
-0.000823194796398476 0.02513935736811939 0
-0.0004136241798780339 0.02493324854054367 0
-0.004802448202524549 0.02606479111213798 0
-0.004521908860516312 0.02590404373567204 0
-0.005383948534587307 0.01796690884838377 0
-0.0054986169765571 0.01773720252724959 0
-0.007178232922793661 0.02686335680695108 0
-0.007342621201952448 0.02705459356349981 0
-0.00743451439206794 0.02682614071180526 0
-0.006209264976768406 0.02723920884474168 0
-0.006612450084294987 0.02863982072734631 0
-0.00527225846737575 0.01922575504649243 0
-0.008574049229260458 0.02827342170455149 0
-0.008333938576271956 0.02825330971139824 0
-0.006260979759827986 0.02413542668321474 0
-0.00632758414764837 0.02437158802858675 0
-0.003798895563173279 0.02044179059718954 0
-0.003576226955334337 0.02074091010303973 0
-0.003663987591401415 0.02175557705052904 0
-0.003397094142630197 0.02202087203632746 0
-0.004847043798963344 0.01970343854203142 0
-0.006212358808787758 0.02455136883831253 0
-0.006440671434294673 0.02461113702456919 0
-0.001943462302266816 0.02399548084408722 0
-0.00200518744653012 0.02444625138113634 0
-0.004654012127979661 0.02284986639026562 0
-0.000455922299765322 0.01969935724174444 0
-0.0008453281317025857 0.01946057455025843 0
-0.0003894058319372637 0.01918429423159092 0
-0.0003813209061768524 0.02155911125061847 0
-0.000764767897391278 0.02134386096775435 0
-0.0003834469912144256 0.02113090356328973 0
-0.009240764393112794 0.02805811817711634 0
-0.006793228193794746 0.02554110882221344 0
-0.0004005418134609522 0.02683279299348896 0
-0.002328973969257359 0.0271607025798842 0
-0.001918361612015305 0.02714831646319224 0
-0.002138217401308458 0.02755309397773042 0
-0.002306699229131907 0.02872155660214315 0
-0.003620827204014865 0.02328652284054334 0
-0.00809920163856704 0.02863962347166798 0
-0.007994838069717437 0.02841379448309436 0
-0.0103496909348207 0.02972584231666761 0
-0.002144846161980726 0.01786666426991967 0
-0.0008393692909797476 0.02044564542041878 0
-0.000455922299765322 0.02018012647251367 0
-0.0003834469912144256 0.0206501343325205 0
-0.004760050888953446 0.0265275838755213 0
-0.00443857780570159 0.02648144116965733 0
-0.004583030284925836 0.02676772476224365 0
-0.006855664265995385 0.01927689176208073 0
-0.001997883554809554 0.02488388057250974 0
-0.007839742644405383 0.02696839742538494 0
-0.00802642923860002 0.0271587408811983 0
-0.007673182693113251 0.0267882138852088 0
-0.007508794413954464 0.02659697712866007 0
-0.007198795300907244 0.02618970604435069 0
-0.007356884949032853 0.02640428089104223 0
-0.01013083739538049 0.02856952722422248 0
-0.009896485516248343 0.02840670727590348 0
-0.01036104501409969 0.02865445529854706 0
-0.01064161734350434 0.02869479124081616 0
-0.001154960849505995 0.02237844408318841 0
-0.001093157167054871 0.02190279970334032 0
-0.005504365028031991 0.02394673913084152 0
-0.005774721591631811 0.02404047045125655 0
-0.00668781641030358 0.02688386404608172 0
-0.002252442246503909 0.02956968111070005 0
-0.00191812201970744 0.02792222942196233 0
-0.007911196884691661 0.01763775872808777 0
-0.008147208208177823 0.01763775872808777 0
-0.000436172267885079 0.02733349106799736 0
-0.0008367140813460312 0.02705089944610169 0
-0.004174885469870294 0.0258403613893511 0
-0.004268575019083183 0.02617761793661405 0
-0.006686137759351741 0.02773840686649691 0
-0.006580191763377203 0.02750910402374424 0
-0.006184220316101887 0.02629684233273568 0
-0.001615062252604889 0.02556629609625952 0
-0.001206167470620088 0.02534424321462482 0
-0.0003894058319372637 0.01870352500082168 0
-0.006934515991891556 0.02688436450114401 0
-0.001984657244012308 0.0227831150793719 0
-0.001612664152194136 0.02298135749302112 0
-0.003829783737969114 0.02518118565097874 0
-0.004028855415568774 0.02552104285225621 0
-0.001800406532902349 0.02868406927518223 0
-0.001998466766685782 0.02910187489443917 0
-0.004675760487874299 0.02784348607155524 0
-0.004766578887230788 0.02813067211629722 0
-0.005060752190231332 0.02804662719481637 0
-0.003480526390395591 0.02451622110467983 0
-0.003645216249092365 0.02484581488464916 0
-0.008125401039143951 0.02818744825202815 0
-0.007874758058856296 0.02818303355713211 0
-0.003674150266691228 0.02009817970375656 0
-0.003488207141864195 0.0213848444676224 0
-0.006785167106276721 0.02797031926016903 0
-0.006111066555488978 0.0247836015702145 0
-0.005872047949141389 0.02813103337173721 0
-0.005979030950072736 0.02837273947120702 0
-0.007760957551836237 0.0279661069613217 0
-0.007630394582409723 0.02819245319238791 0
-0.007042008761766452 0.01904014223469706 0
-0.005319191091724918 0.02563169410246652 0
-0.005775965022499192 0.01773720252724959 0
-0.004170440951285576 0.02820111786175344 0
-0.003930847634575805 0.02776279743832594 0
-0.0003673930453428819 0.02879674504018524 0
-0.0003673930453428819 0.02831597580941601 0
-0.005391043639995984 0.02611440965657238 0
-0.004360633809728509 0.02280970446639794 0
-0.006458916952295304 0.02729002036696911 0
-0.001163166105091821 0.02721250013310474 0
-0.006979915073853171 0.01770439180171981 0
-0.007215926397339334 0.01770439180171981 0
-0.008620018036911814 0.0276321116884751 0
-0.008614286221507781 0.02785150734202576 0
-0.008820610357767955 0.02777575186839404 0
-0.008427321799293973 0.02748020222355349 0
-0.008206612778776153 0.02732530083249043 0
-0.006893449128407962 0.02820012390455476 0
-0.007361504918100364 0.0286270530709034 0
-0.00721956880824113 0.02883865890000077 0
-0.003191835543838023 0.02381871626303554 0
-0.00333193575562687 0.02415282455943906 0
-0.007465985234697035 0.01771816244201912 0
-0.007701996558183198 0.01771816244201912 0
-0.006027476755066156 0.01772119385052042 0
-0.006264343043294428 0.01772119385052042 0
-0.006500785992816616 0.01770464016873244 0
-0.006736797316302778 0.01770464016873244 0
-0.00714067652926779 0.02820160642419836 0
-0.006596879910459211 0.02509075835110896 0
-0.006699608061468331 0.02531359293665413 0
-0.009024631256444589 0.02791207427457887 0
-0.01087777868887635 0.02876139562863655 0
-0.00626282223595005 0.02086446906433173 0
-0.006188353324915706 0.02112968746632848 0
-0.005984158163346018 0.02497284225136099 0
-0.001538049460025201 0.0223324849628098 0
-0.001269337787775158 0.02267739829440066 0
-0.01216425193045299 0.02915692784821338 0
-0.01196379660347067 0.02904700770190931 0
-0.01194723028827394 0.02920465264280148 0
-0.009031011679032128 0.02814119142448217 0
-0.006375242270973281 0.01792583401925285 0
-0.003336085792758586 0.02264235389414527 0
-0.003475194429860954 0.02296835004549704 0
-0.002550452812159059 0.02361891004885932 0
-0.002569335300577579 0.02319517604665482 0
-0.004091554415055571 0.02641775882333639 0
-0.006016300058017138 0.02406256356674538 0
-0.006178008295703669 0.02388617040763004 0
-0.001746149550274351 0.02953219378373912 0
-0.00124611829275123 0.02953219378373912 0
-0.00174787437130694 0.0282534227388353 0
-0.001439641908860814 0.02863374103113132 0
-0.01113057749721193 0.02880717778144658 0
-0.001207315797230176 0.01794053008662894 0
-0.001679338444202498 0.01794053008662894 0
-0.006569900919636093 0.01998952836732762 0
-0.006327324634842765 0.02063182227122692 0
-0.004675590503651664 0.02921036726161817 0
-0.0008035653132279609 0.02805331303125952 0
-0.000436172267885079 0.02781426029876659 0
-0.001936094018293932 0.0183071943565486 0
-0.006130138232586604 0.02364551134883106 0
-0.004520321218996879 0.02830066728166237 0
-0.004905312921353912 0.0285038084049235 0
-0.003775521574135646 0.02579461705319822 0
-0.003444924030957377 0.02513992774977374 0
-0.00610417188903334 0.02338755511851676 0
-0.005870435405829228 0.02302894074110402 0
-0.006075331285477121 0.02314388208941556 0
-0.006064370784520057 0.02287542799998749 0
-0.004530188918402149 0.01963321086596167 0
-0.006054737452436082 0.02263024332583797 0
-0.001116310406287361 0.02080162494036766 0
-0.005641456885111609 0.0276374816704826 0
-0.005757933983452163 0.02788888545836893 0
-0.006142003215544149 0.02136661943370755 0
-0.00604300648285414 0.0223644152371973 0
-0.005847743935290222 0.02249465856303527 0
-0.003032517484553658 0.02197647796047747 0
-0.003178364660615594 0.02231699066942471 0
-0.002617084566688199 0.01858180836861489 0
-0.003066524458799143 0.01859244832941826 0
-0.003191540193157604 0.02069020856835905 0
-0.003340480554983398 0.02103862807318389 0
-0.003274863040978949 0.02324149583806214 0
-0.002486436284783488 0.02679920601140859 0
-0.002294991614824982 0.026430761727287 0
-0.002500384382651606 0.01990602343797013 0
-0.002091232105389198 0.01982042560774446 0
-0.002241430256562095 0.02018129645521178 0
-0.005084396720147361 0.02659190074926767 0
-0.004939944240923115 0.02630561715668136 0
-0.005827322705066072 0.02859272800883705 0
-0.001590796359239945 0.02720705530331892 0
-0.001299974789918282 0.02754615269082428 0
-0.0003454742945837126 0.0183256618515261 0
-0.0003454742945837126 0.01784489262075687 0
-0.001781552927188845 0.0268146639054727 0
-0.001873024488487346 0.02640227808803728 0
-0.00452393145470004 0.02256280757343819 0
-0.002058897923348122 0.02607711474997827 0
-0.00562122329687975 0.02263538368879033 0
-0.006052332097222919 0.02212317236637722 0
-0.005920367100202184 0.02146234049816564 0
-0.00610285748174157 0.02163362924579536 0
-0.00607493629756858 0.02187343228430665 0
-0.005379758110598142 0.02711362704707181 0
-0.005504462211207093 0.02737999990387735 0
-0.005238214182306099 0.01821188422704657 0
-0.001850945922293419 0.0224022201859345 0
-0.002183176768011361 0.02255389609128436 0
-0.005460963083069492 0.02164210471952012 0
-0.01177668841115309 0.02975144750585049 0
-0.01159343159291105 0.0295034525655188 0
-0.004438379828064922 0.02701985906287117 0
-0.004759852911316779 0.02706600176873515 0
-0.002971509134682047 0.02259795981829528 0
-0.0008174969415560354 0.01784489262075687 0
-0.003103520379687462 0.02133414293294172 0
-0.00518315292983287 0.01894988079266493 0
-0.004976419883364414 0.01917993109550661 0
-0.006525599508619255 0.02484134464328838 0
-0.006396726497274018 0.02504033154211555 0
-0.002401235391744307 0.02055198419716628 0
-0.002553841021235387 0.02091250032369917 0
-0.002803188163315584 0.02062741041197033 0
-0.002909550209510847 0.01996225522603085 0
-0.002759352058337949 0.01960138437856353 0
-0.01130181399787731 0.02927052683987217 0
-0.01156510721926144 0.02929937130791702 0
-0.005741915375247694 0.02909423257511742 0
-0.006524708424346757 0.02020803014827049 0
-0.006442438711611559 0.02043500323956401 0
-0.003297902239352867 0.02002505338241957 0
-0.003038934563666524 0.02032969244182617 0
-0.003779840258643912 0.02644215526997705 0
-0.003949843045262319 0.02674597850302033 0
-0.007574504849094112 0.02759316789917104 0
-0.003257631717694558 0.02544781573508776 0
-0.01187820280649624 0.02891273291616473 0
-0.001992083114481898 0.02046638636694061 0
-0.002565338046134652 0.02260369378914824 0
-0.002723059178277644 0.0229290570138688 0
-0.01116848450396892 0.02944582681645503 0
-0.002431626724415764 0.02222279889571084 0
-0.007495999631224694 0.02840989589358973 0
-0.006198537703291102 0.02498015851544146 0
-0.002851312049968192 0.02161482486259892 0
-0.00263258256795359 0.02191094349569616 0
-0.007382199124204635 0.02819296929777933 0
-0.001060947918975584 0.02837906151834666 0
-0.001113480080570993 0.02880970805469359 0
-0.001173079536630594 0.02159528109190727 0
-0.001175205621668167 0.02116707340457853 0
-0.006839640151090193 0.02709130920358335 0
-0.006714215380584117 0.02730989240529621 0
-0.0008425926735456859 0.02965671860402341 0
-0.0003425614160225661 0.02965671860402341 0
-0.002892478891984047 0.02376666250077526 0
-0.002703585463087394 0.02126860846816041 0
-0.0003425614160225661 0.02917594937325418 0
-0.004511634847124666 0.02895212371277488 0
-0.0043091749854087 0.02857425415037971 0
-0.003427439619879453 0.02579550302383287 0
-0.003573469674180973 0.02611482156092777 0
-0.004899248811885226 0.02196521461315048 0
-0.004748670540346098 0.01938557767326437 0
-0.00194469398622214 0.01946123157993392 0
-0.005693032773794016 0.02290516389202628 0
-0.002683318482620374 0.02576296567165009 0
-0.003055579817739886 0.02576802024281732 0
-0.01083406021627939 0.02916656138418054 0
-0.004228451973850089 0.02759733429172357 0
-0.00560176300232213 0.02810849240418094 0
-0.00491443107163987 0.02733475851348242 0
-0.005059081528500782 0.02708262421285489 0
-0.01231905858195688 0.02958956755429432 0
-0.00405753207846401 0.01887848055002899 0
-0.004221040992353501 0.01850373486053686 0
-0.005411649332799478 0.01873003027773777 0
-0.005115810748788142 0.01868420632675194 0
-0.008618637322451371 0.02804177888337538 0
-0.008770290449173008 0.0282267903431208 0
-0.004659565002803219 0.01910970341943687 0
-0.003121139163278885 0.02350761487084817 0
-0.01232384280762813 0.02921047435213829 0
-0.01232384280762813 0.02941418018371485 0
-0.00189653034128668 0.02527621290080007 0
-0.005225179950275052 0.02684487030232454 0
-0.001918398885692277 0.0257585479152691 0
-0.01096738971018778 0.02899126140759768 0
-0.01108685902461498 0.02921234353699058 0
-0.005031770023496767 0.01839842563887169 0
-0.004803273620530159 0.01861827615379886 0
-0.002591376814391472 0.01923772039394663 0
-0.006586946076318633 0.01831675050933092 0
-0.005126794033718463 0.02612910798588435 0
-0.004999283263378881 0.02872796264496852 0
-0.005245540931612789 0.02855796747960336 0
-0.004168436982250201 0.02699435982339536 0
-0.005350654362728388 0.02760886272420741 0
-0.002260215208669718 0.01856337827695522 0
-0.002475698039285757 0.01891185810573077 0
-0.002975506389124974 0.02318944207580186 0
-0.007097440349186555 0.02906004555851961 0
-0.004823010909647001 0.02893204711913194 0
-0.005163238919905879 0.02898620619381181 0
-0.007353077204126548 0.02906508080134449 0
-0.00841804500159523 0.02789813870345645 0
-0.002234507456372992 0.01921929030228696 0
-0.001129727141517782 0.02787734600769725 0
-0.001088648451250678 0.02918891238776253 0
-0.0064969877224482 0.01809419546099808 0
-0.004396850868566265 0.0190421653938617 0
-0.008213858565410815 0.02802254878543598 0
-0.005718216864502087 0.02157370548135773 0
-0.005319609813110361 0.0281000788651855 0
-0.005433723778799588 0.02834222677855378 0
-0.0007348801265209762 0.01856764839080932 0
-0.001557357395665905 0.02787190117791143 0
-0.0007099544613654481 0.02893423287497788 0
-0.005639139857879274 0.02880846870988664 0
-0.005442286791006179 0.02906788558487917 0
-0.002340366012029913 0.02578703155451881 0
-0.001080767444841564 0.0182854227073858 0
-0.005527694120824557 0.0285663810185988 0
-0.004345259608641145 0.02729263682988686 0
-0.004498394819664811 0.02762283353119939 0
-0.007622617103842501 0.02783942470838537 0
-0.01214290138958501 0.02948996015968502 0
-0.00180880753990499 0.02076233535460242 0
-0.01234040912282486 0.02905282941124612 0
-0.001524622045526677 0.02105304506452059 0
-0.004792568122665355 0.02753878860971853 0
-0.005091796739849358 0.02755541105383828 0
-0.004716804888728657 0.02240708009932768 0
-0.005253547601597418 0.02587358361202901 0
-0.004922771500227057 0.02239399510033967 0
-0.01177509933494124 0.0292988137540992 0
-0.01197555466192356 0.02940873390040327 0
-0.004624600211584581 0.01883651881610394 0
-0.005228791413753873 0.02781289282044352 0
-0.0119707704362523 0.02958412127098274 0
-0.00482226661600452 0.02219810570236148 0
-0.004540559486293206 0.01855073812822369 0
2 21 0 1078
4307
4308
4309
4310
4311
4312
4313
4314
4315
4316
4317
4318
4319
4320
4321
4322
4323
4324
4325
4326
4327
4328
4329
4330
4331
4332
4333
4334
4335
4336
4337
4338
4339
4340
4341
4342
4343
4344
4345
4346
4347
4348
4349
4350
4351
4352
4353
4354
4355
4356
4357
4358
4359
4360
4361
4362
4363
4364
4365
4366
4367
4368
4369
4370
4371
4372
4373
4374
4375
4376
4377
4378
4379
4380
4381
4382
4383
4384
4385
4386
4387
4388
4389
4390
4391
4392
4393
4394
4395
4396
4397
4398
4399
4400
4401
4402
4403
4404
4405
4406
4407
4408
4409
4410
4411
4412
4413
4414
4415
4416
4417
4418
4419
4420
4421
4422
4423
4424
4425
4426
4427
4428
4429
4430
4431
4432
4433
4434
4435
4436
4437
4438
4439
4440
4441
4442
4443
4444
4445
4446
4447
4448
4449
4450
4451
4452
4453
4454
4455
4456
4457
4458
4459
4460
4461
4462
4463
4464
4465
4466
4467
4468
4469
4470
4471
4472
4473
4474
4475
4476
4477
4478
4479
4480
4481
4482
4483
4484
4485
4486
4487
4488
4489
4490
4491
4492
4493
4494
4495
4496
4497
4498
4499
4500
4501
4502
4503
4504
4505
4506
4507
4508
4509
4510
4511
4512
4513
4514
4515
4516
4517
4518
4519
4520
4521
4522
4523
4524
4525
4526
4527
4528
4529
4530
4531
4532
4533
4534
4535
4536
4537
4538
4539
4540
4541
4542
4543
4544
4545
4546
4547
4548
4549
4550
4551
4552
4553
4554
4555
4556
4557
4558
4559
4560
4561
4562
4563
4564
4565
4566
4567
4568
4569
4570
4571
4572
4573
4574
4575
4576
4577
4578
4579
4580
4581
4582
4583
4584
4585
4586
4587
4588
4589
4590
4591
4592
4593
4594
4595
4596
4597
4598
4599
4600
4601
4602
4603
4604
4605
4606
4607
4608
4609
4610
4611
4612
4613
4614
4615
4616
4617
4618
4619
4620
4621
4622
4623
4624
4625
4626
4627
4628
4629
4630
4631
4632
4633
4634
4635
4636
4637
4638
4639
4640
4641
4642
4643
4644
4645
4646
4647
4648
4649
4650
4651
4652
4653
4654
4655
4656
4657
4658
4659
4660
4661
4662
4663
4664
4665
4666
4667
4668
4669
4670
4671
4672
4673
4674
4675
4676
4677
4678
4679
4680
4681
4682
4683
4684
4685
4686
4687
4688
4689
4690
4691
4692
4693
4694
4695
4696
4697
4698
4699
4700
4701
4702
4703
4704
4705
4706
4707
4708
4709
4710
4711
4712
4713
4714
4715
4716
4717
4718
4719
4720
4721
4722
4723
4724
4725
4726
4727
4728
4729
4730
4731
4732
4733
4734
4735
4736
4737
4738
4739
4740
4741
4742
4743
4744
4745
4746
4747
4748
4749
4750
4751
4752
4753
4754
4755
4756
4757
4758
4759
4760
4761
4762
4763
4764
4765
4766
4767
4768
4769
4770
4771
4772
4773
4774
4775
4776
4777
4778
4779
4780
4781
4782
4783
4784
4785
4786
4787
4788
4789
4790
4791
4792
4793
4794
4795
4796
4797
4798
4799
4800
4801
4802
4803
4804
4805
4806
4807
4808
4809
4810
4811
4812
4813
4814
4815
4816
4817
4818
4819
4820
4821
4822
4823
4824
4825
4826
4827
4828
4829
4830
4831
4832
4833
4834
4835
4836
4837
4838
4839
4840
4841
4842
4843
4844
4845
4846
4847
4848
4849
4850
4851
4852
4853
4854
4855
4856
4857
4858
4859
4860
4861
4862
4863
4864
4865
4866
4867
4868
4869
4870
4871
4872
4873
4874
4875
4876
4877
4878
4879
4880
4881
4882
4883
4884
4885
4886
4887
4888
4889
4890
4891
4892
4893
4894
4895
4896
4897
4898
4899
4900
4901
4902
4903
4904
4905
4906
4907
4908
4909
4910
4911
4912
4913
4914
4915
4916
4917
4918
4919
4920
4921
4922
4923
4924
4925
4926
4927
4928
4929
4930
4931
4932
4933
4934
4935
4936
4937
4938
4939
4940
4941
4942
4943
4944
4945
4946
4947
4948
4949
4950
4951
4952
4953
4954
4955
4956
4957
4958
4959
4960
4961
4962
4963
4964
4965
4966
4967
4968
4969
4970
4971
4972
4973
4974
4975
4976
4977
4978
4979
4980
4981
4982
4983
4984
4985
4986
4987
4988
4989
4990
4991
4992
4993
4994
4995
4996
4997
4998
4999
5000
5001
5002
5003
5004
5005
5006
5007
5008
5009
5010
5011
5012
5013
5014
5015
5016
5017
5018
5019
5020
5021
5022
5023
5024
5025
5026
5027
5028
5029
5030
5031
5032
5033
5034
5035
5036
5037
5038
5039
5040
5041
5042
5043
5044
5045
5046
5047
5048
5049
5050
5051
5052
5053
5054
5055
5056
5057
5058
5059
5060
5061
5062
5063
5064
5065
5066
5067
5068
5069
5070
5071
5072
5073
5074
5075
5076
5077
5078
5079
5080
5081
5082
5083
5084
5085
5086
5087
5088
5089
5090
5091
5092
5093
5094
5095
5096
5097
5098
5099
5100
5101
5102
5103
5104
5105
5106
5107
5108
5109
5110
5111
5112
5113
5114
5115
5116
5117
5118
5119
5120
5121
5122
5123
5124
5125
5126
5127
5128
5129
5130
5131
5132
5133
5134
5135
5136
5137
5138
5139
5140
5141
5142
5143
5144
5145
5146
5147
5148
5149
5150
5151
5152
5153
5154
5155
5156
5157
5158
5159
5160
5161
5162
5163
5164
5165
5166
5167
5168
5169
5170
5171
5172
5173
5174
5175
5176
5177
5178
5179
5180
5181
5182
5183
5184
5185
5186
5187
5188
5189
5190
5191
5192
5193
5194
5195
5196
5197
5198
5199
5200
5201
5202
5203
5204
5205
5206
5207
5208
5209
5210
5211
5212
5213
5214
5215
5216
5217
5218
5219
5220
5221
5222
5223
5224
5225
5226
5227
5228
5229
5230
5231
5232
5233
5234
5235
5236
5237
5238
5239
5240
5241
5242
5243
5244
5245
5246
5247
5248
5249
5250
5251
5252
5253
5254
5255
5256
5257
5258
5259
5260
5261
5262
5263
5264
5265
5266
5267
5268
5269
5270
5271
5272
5273
5274
5275
5276
5277
5278
5279
5280
5281
5282
5283
5284
5285
5286
5287
5288
5289
5290
5291
5292
5293
5294
5295
5296
5297
5298
5299
5300
5301
5302
5303
5304
5305
5306
5307
5308
5309
5310
5311
5312
5313
5314
5315
5316
5317
5318
5319
5320
5321
5322
5323
5324
5325
5326
5327
5328
5329
5330
5331
5332
5333
5334
5335
5336
5337
5338
5339
5340
5341
5342
5343
5344
5345
5346
5347
5348
5349
5350
5351
5352
5353
5354
5355
5356
5357
5358
5359
5360
5361
5362
5363
5364
5365
5366
5367
5368
5369
5370
5371
5372
5373
5374
5375
5376
5377
5378
5379
5380
5381
5382
5383
5384
0.006162293300156514 0.01795586680724891 0
0.009527120544051802 0.01842939672541098 0
0.006283156414386174 0.02913472411828809 0
0.0007917558392158217 0.02281908226965851 0
0.01167297357252675 0.02293513961624853 0
0.007487595800701554 0.01783287083436479 0
0.004274046133950464 0.01813119820217639 0
0.01166988590556548 0.02571438901940265 0
0.0009407324673831822 0.02568482403874625 0
0.01086169494813136 0.018911275575381 0
0.003352634657074508 0.02921520882595726 0
0.009089072714841898 0.0291970417317147 0
0.01179780386106493 0.02103172229210222 0
0.00078867377269744 0.02084686393448366 0
0.002438436397381192 0.01823012111435476 0
0.0116898687734761 0.02763218811116233 0
0.0008015217244548081 0.0276083144278779 0
0.01180354029891957 0.0191191884058331 0
0.008712446758252336 0.01794519955812838 0
0.001582652321774382 0.0291790065258347 0
0.0008023453925284363 0.01894689134898627 0
0.01104848946707651 0.02927489867538686 0
0.008197512095545173 0.01798792301705539 0
0.008534368823692696 0.01836949939081374 0
0.008049051162376929 0.01846920655296612 0
0.008344568422805017 0.01884835062802168 0
0.007840726960969078 0.01893099142659943 0
0.008179447779420373 0.0193426882319649 0
0.007649802602512811 0.01942408053873063 0
0.00801441404510304 0.01988542160088478 0
0.00730304304842613 0.01993509038153122 0
0.007827381392906545 0.02051181899368558 0
0.007148602179817898 0.0206310993303682 0
0.00758866758912062 0.02117576801119474 0
0.006869439151818085 0.0212905030938195 0
0.007345017931324173 0.02187303965865836 0
0.006595155430711127 0.02199627970934498 0
0.007089890249049519 0.02259408554647155 0
0.006314657074717576 0.02273203612985819 0
0.006824286702787688 0.02334788001485441 0
0.006026745172352786 0.02348915197872242 0
0.00577042712831441 0.02201595932729504 0
0.006549712975793195 0.0241173537485171 0
0.005735217539215636 0.02426327454845468 0
0.007359091544063294 0.02396833102333977 0
0.007083420619480372 0.02475526182384022 0
0.006633079971165386 0.0201805991637809 0
0.008189757886323095 0.02100698492316269 0
0.008696878231114324 0.01977283437521425 0
0.007911709791999996 0.02460264107984951 0
0.007637898870184024 0.02540031503221804 0
0.008252345539977248 0.02376700723540589 0
0.005205231955823066 0.02362078758614332 0
0.004905338731917923 0.02440801106894109 0
0.005448688379310331 0.02506123011775096 0
0.004598231638653071 0.02521614986943102 0
0.004366583743991047 0.02374937387994194 0
0.0051511924983321 0.02588741840220454 0
0.004285279163452392 0.02604252363008938 0
0.008479144904293277 0.02524914105892404 0
0.008198935146390328 0.02606602036559388 0
0.003720394110813299 0.02535646262785099 0
0.004859202063159562 0.02672834449789806 0
0.003398082799193182 0.02619737099030295 0
0.007292350392445144 0.01895838424709322 0
0.00906320173269386 0.0259110761930912 0
0.009352466722819731 0.02513421956059724 0
0.005727682611380048 0.02657060715171629 0
0.008763029724667606 0.02674242732289492 0
0.007865979787332195 0.02684688825846764 0
0.009648827161121054 0.02658882528583401 0
0.002823081559296422 0.02549434906229607 0
0.002495363153376708 0.02635174047889862 0
0.003078397417698448 0.02705578267682267 0
0.005423519767050891 0.02741776884775482 0
0.003159582303236644 0.02466755494857939 0
0.002279392076948034 0.02480381111368673 0
0.002607193039533038 0.02399074699828634 0
0.007798877683067671 0.02243735189286209 0
0.004669266313961732 0.02294853977397167 0
0.003829658095033117 0.02308314449705621 0
0.004129064146594891 0.022270772533599 0
0.003289459090376954 0.02241996552348976 0
0.003595656715957718 0.02161429370776722 0
0.002746328738986701 0.02175683064754734 0
0.003057943622157515 0.02095376349924188 0
0.003901977484327678 0.02081322428458581 0
0.003409653121197345 0.02017035401299321 0
0.004216158946543754 0.02005830417808242 0
0.004716068386881976 0.020679036075937 0
0.005012598869182898 0.01995004668707956 0
0.002628419400742292 0.02027990957357332 0
0.00454669974591717 0.02758390383768891 0
0.005483387662019761 0.02056258081613722 0
0.009291138775009604 0.02759189570071136 0
0.006349994413555853 0.02727554831135638 0
0.001629516088347924 0.02410745423455104 0
0.002438363298176843 0.02255334107595571 0
0.003710925209102556 0.01949507985082304 0
0.008815359258610824 0.01873701523934151 0
0.001895598915936434 0.02184772037569532 0
0.00682669515756207 0.02555824695199165 0
0.005072035839889391 0.02830271911239135 0
0.01021839008940665 0.0273155987110851 0
0.002199863669572629 0.02719299784343686 0
0.01005935517771662 0.02819918153562947 0
0.00276039289865233 0.02789126918783546 0
0.005001477927321573 0.01806728792183646 0
0.004766924899513076 0.01870400866433878 0
0.005421920711818776 0.01857931599069477 0
0.005923573387411053 0.01978971959085514 0
0.01047678465533405 0.02643555452418805 0
0.01169063544072473 0.02028480341295743 0
0.01109926539771805 0.02063079050729727 0
0.0111046418690507 0.02139947253800041 0
0.01046809334375148 0.02098766150562169 0
0.01042489694651636 0.02176097460013284 0
0.01046921092113317 0.0202465644240751 0
0.009876032711466878 0.02058747024118856 0
0.009894551507327157 0.0198961534235186 0
0.009290696882815763 0.02018586951544724 0
0.009259147320132241 0.02087957144740072 0
0.009274623903911853 0.01949021843049064 0
0.00998993233048124 0.01921760957589762 0
0.005226568957257957 0.0213235504646686 0
0.001719862884798529 0.02806056464197386 0
0.01048543823454792 0.01962419446227316 0
0.01105800992350516 0.01997144795236165 0
0.001620436038237718 0.02645272399920471 0
0.004135329331139271 0.02843689174171271 0
0.003412328427701027 0.01821917797880715 0
0.006104297765267414 0.02121276772183134 0
0.009058851556503577 0.01826779096498115 0
0.01104681638126967 0.02224391106559634 0
0.01034824361728435 0.02256841565501758 0
0.009697939418220367 0.02210541564665429 0
0.009635414141701536 0.02292605937197438 0
0.01030861267595784 0.02339027779218888 0
0.009596933912034793 0.02372557296305634 0
0.01031128120481575 0.02419414384118224 0
0.00899171417634406 0.02253300639224889 0
0.01102025618950807 0.02368657252578663 0
0.01101690051682182 0.02473539819988672 0
0.004959048461750486 0.02214695262928826 0
0.00900863189320892 0.0217120239013268 0
0.0009482175713650832 0.02186370996225158 0
0.009926480430783688 0.01865967252993851 0
0.005624842098679939 0.01801982880966719 0
0.005987883857159456 0.01844838892951576 0
0.006489401022459399 0.01833110851484793 0
0.006374354705752247 0.01882587934228148 0
0.005881718171915387 0.01902840909750594 0
0.006278390529020757 0.01931733566584562 0
0.006839800107590314 0.01867840571608331 0
0.006926411684811585 0.01824191309226856 0
0.01040248342588391 0.01879254972234797 0
0.008663016947858126 0.02044400960279696 0
0.005259067993052197 0.01923971896053937 0
0.01134127762326374 0.01906096204764604 0
0.0008075213149858207 0.01990094780931097 0
0.001530444791203621 0.01932556990753334 0
0.002526529903573913 0.02871330236580649 0
0.009474769560293811 0.01894234571185834 0
0.007206707416504062 0.02917287196252136 0
0.00675330699692459 0.02831265361943689 0
0.007739723854219027 0.02834977459918496 0
0.01157941044793671 0.01960817509153153 0
0.008172586122426809 0.02917741046690624 0
0.008653858902842038 0.02834477450801642 0
0.007591219825778242 0.01853795890371202 0
0.00678527856987367 0.01915211830745387 0
0.003007159540644449 0.01896198429260656 0
0.0007651973934604279 0.02372739550512943 0
0.0008100434850004026 0.02465701088952497 0
0.01005875075556403 0.02913092346015167 0
0.001692972051493206 0.02031549356525361 0
0.01172559569087513 0.02669145906566639 0
0.00724949760217186 0.02755680663000757 0
0.007603983294054958 0.02319281217329429 0
0.004421397358795117 0.02147463828264098 0
0.001920546193473815 0.02564138135588164 0
0.00876633362761475 0.02451329019531719 0
0.009938334124338184 0.02576705999020369 0
0.00657252108065451 0.02635578058647692 0
0.008904936681591615 0.02327987456724185 0
0.003971875130390956 0.02689234005661548 0
0.005340476403345797 0.02916941932078873 0
0.006269034097493771 0.02491066783212589 0
0.00549089601782001 0.02282557123754648 0
0.002249019732832139 0.021069032939482 0
0.004067772624469225 0.02454806676142054 0
0.003524657635978705 0.02388089426564129 0
0.01088188492073336 0.02791620385199495 0
0.008163585351208459 0.02165690871926704 0
0.009827579739924614 0.02133671673499252 0
0.002971740624783193 0.02320727960085136 0
0.003638747504849292 0.02771337162577775 0
0.01177037261398534 0.02192691258581472 0
0.004547671918471989 0.01938681373276202 0
0.00865506142426095 0.01923557460748757 0
0.001485111883774707 0.01837647235595097 0
0.01210419342523496 0.01947018632796921 0
0.0008054935002610279 0.02851054028300322 0
0.01160921502803062 0.0285557826553079 0
0.01077255651363913 0.02562919514525263 0
0.002110177493137381 0.0232900858607068 0
0.005999302304122139 0.02572399184037771 0
0.006654637153378687 0.01789141298886179 0
0.007384989725638213 0.02617421575121334 0
0.008260538107707055 0.02757209450321381 0
0.0007782213877310503 0.02668439941092691 0
0.005891304215515947 0.02821624189238509 0
0.006152234291001907 0.02051036198359393 0
0.004377329873160885 0.02923987109992768 0
0.003953176021563927 0.01881637712025232 0
0.01190909065431635 0.02478579891505157 0
0.002417533728793994 0.01950544023449646 0
0.01016955456816711 0.02498405513289703 0
0.01176987015552883 0.02397838673928215 0
0.008299513871299392 0.02295292829781059 0
0.01103417198074799 0.02707327323824892 0
0.01087938048730934 0.0229648633309676 0
0.01097724173006122 0.01939156763671321 0
0.00158495437029761 0.02260627596206123 0
0.00151489640886486 0.02118856415543323 0
0.007099399724967254 0.01784160305611249 0
0.001522532344562388 0.02499399958223922 0
0.007131854508737455 0.01941768415327647 0
0.003282726859057863 0.02839400874941793 0
0.00920504442066318 0.01865491446575887 0
0.007110510276247477 0.02684344151975544 0
0.000702226476868276 0.01820678498672098 0
0.009556548630862579 0.02441667304935 0
0.01179321501327901 0.02929777352313173 0
0.009072690520390145 0.01904054854388779 0
0.0007038950072777647 0.02929610499272224 0
0.01216004121271624 0.01908848183937566 0
0.001445925973302027 0.02721078489364947 0
0.008433781085353179 0.02224261620273667 0
0.003053752834796114 0.01963206098037314 0
0.007340431218494745 0.018210219396069 0
0.01054335813382113 0.01918743939452259 0
0.01061743121236574 0.02863495081257663 0
0.001376320236891833 0.0233100587664214 0
0.006603967509768448 0.02079117310397791 0
0.006662420839007773 0.01962827866220469 0
0.007777993034669199 0.01810251039533885 0
0.009383523646053774 0.02849562370393293 0
0.008726867471366216 0.02115320446116736 0
0.002133838645460537 0.01890245874984051 0
0.007198042645824006 0.01852537627104522 0
0.01118320595729828 0.02624579158668371 0
0.01207484786277928 0.01995515864994424 0
0.008976546480030196 0.02388241817686679 0
0.002429384768222105 0.02946667213897767 0
0.008985751067513089 0.01963152640285245 0
0.009282660393363808 0.01983804397296894 0
0.008993787556965043 0.01997935194533075 0
0.007755017854939457 0.02756445056661069 0
0.008000130980963041 0.02796093455119939 0
0.007494610728195444 0.02795329061459627 0
0.006080054350468072 0.01917287238167578 0
0.006100981958215905 0.01955352762835038 0
0.005902645779663219 0.01940906434418054 0
0.008863875972325547 0.01913806157568768 0
0.009173657212151 0.01926538348718921 0
0.008964842664086401 0.01936289651898911 0
0.005615890309430873 0.0286928306065869 0
0.006087230314951061 0.02867548300533659 0
0.005811816408865985 0.02915207171953841 0
0.003682752224632477 0.01851777754952974 0
0.003480167781104188 0.01888918070642944 0
0.003209743984172738 0.01859058113570686 0
0.005937362446790912 0.02161436352456319 0
0.00634972659798927 0.02160452371558816 0
0.006182791279512769 0.02200611951832001 0
0.006292997113209413 0.01970899912652992 0
0.00664775040508658 0.01990443891299279 0
0.006278326679288219 0.01998515937731802 0
0.0110786376606116 0.02030111922982946 0
0.01137432268211494 0.02012812568265954 0
0.01139495041922139 0.02045779696012735 0
0.008338715496480582 0.02016471560184087 0
0.008245199170382335 0.02047791429824127 0
0.007920897719004793 0.02019862029728518 0
0.007987752565107186 0.01804521670619712 0
0.007791973870362074 0.01780125519766943 0
0.00800173340080006 0.0177439615085277 0
0.003832050615333241 0.01915572848553768 0
0.003359042374873502 0.0192285320717148 0
0.004858903138253341 0.0292046452103582 0
0.004724682856525138 0.02877129510615951 0
0.005206256121617594 0.02873606921659004 0
0.005591320690231625 0.01951471927569726 0
0.005570393082483791 0.01913406402902266 0
0.004256329602150079 0.02883838142082019 0
0.004603682585514331 0.02836980542705203 0
0.00648686845854275 0.02125163540782542 0
0.006732297291264606 0.02164339140158224 0
0.005665433361262686 0.02126815909324997 0
0.005498498042786184 0.02166975489598182 0
0.008796610190098137 0.01831864517789745 0
0.008937105407557201 0.01850240310216133 0
0.00867486404115176 0.01855325731507763 0
0.01131871018572094 0.01978981152194659 0
0.01163502294433072 0.01994648925224448 0
0.008237744724286232 0.0177439615085277 0
0.008454979426898754 0.01796656128759189 0
0.008495212055639814 0.01772259977906419 0
0.008063258947519624 0.02720949138084073 0
0.007557738694752026 0.02720184744423761 0
0.006470405684014265 0.01947280716402515 0
0.008675969827687638 0.01950420449135091 0
0.005481670027702669 0.02825948050238822 0
0.009732350945387524 0.01907997764387798 0
0.00970062499553875 0.01880100912089843 0
0.009958206380632464 0.01893864105291807 0
0.006392657131083646 0.02034548057368741 0
0.006037903839206479 0.02015004078722453 0
0.008731223379125984 0.01772259977906419 0
0.008679947589486224 0.0201084219890056 0
0.008355646138108682 0.01982912798804951 0
0.001740276643117022 0.02222699816887827 0
0.001266585970831346 0.0222349929621564 0
0.001421908243650759 0.02185571516897344 0
0.0101644819283338 0.01872611112614324 0
0.01019620787818257 0.0190050796491228 0
0.0020552528901436 0.01991046689987503 0
0.002522976564768143 0.01989267490403488 0
0.002160695726117748 0.02029770156941346 0
0.001188355104756716 0.02271267911585987 0
0.0008699867052904525 0.02234139611595504 0
0.01139506317251845 0.02383247963253439 0
0.01139338533617532 0.02435689246958444 0
0.01101857835316494 0.02421098536283667 0
0.007632794417685377 0.01796769061485182 0
0.007646775253378251 0.01766643541718239 0
0.01169147537342814 0.01936368174868232 0
0.01146034403560022 0.01933456856958879 0
0.01157240896109165 0.01909007522673957 0
0.008976856915336943 0.0203149395591221 0
0.01183948040492259 0.02438209282716686 0
0.01146299558556908 0.02476059855746915 0
0.009500945052172806 0.01868587121863466 0
0.009726800487417746 0.01854453462767474 0
0.001973989259998808 0.01941550507101489 0
0.001611708421348414 0.01982053173639348 0
0.0112212212096023 0.02567179208232764 0
0.01089472851523047 0.02518229667256968 0
0.01134339321119365 0.02522489360964468 0
0.01178948827994091 0.02525009396722711 0
0.005364737795032448 0.02208145597829165 0
0.005092808709504222 0.02173525154697843 0
0.008885649157377957 0.01810649526155477 0
0.008623407790972516 0.01815734947447106 0
0.01127832608899897 0.01949987136412237 0
0.01115925967666248 0.01922626484217962 0
0.01172167309325605 0.02243102610103163 0
0.01213518630699267 0.02218727511712873 0
0.01208648678626338 0.02269138863234564 0
0.01140859449762751 0.02208541182570553 0
0.01135989497689821 0.02258952534092244 0
0.008445226411287338 0.0214050565902172 0
0.008867749682287568 0.02143261418124708 0
0.008586108622208689 0.02168446631029692 0
0.006799746007863856 0.02741617747068198 0
0.007001402299548225 0.02793473012472223 0
0.006551650705240222 0.02779410096539664 0
0.00483029310306307 0.01778364396091823 0
0.004637762030636018 0.01809924306200642 0
0.004466577206377516 0.01781559910108819 0
0.006325847161307956 0.01814348766104842 0
0.006238642439809428 0.01838974872218184 0
0.006075088578657985 0.01820212786838233 0
0.001194072911017705 0.02884477340441896 0
0.001262678192529778 0.02828555246248854 0
0.001651257603286455 0.02861978558390428 0
0.006982731943716952 0.01978168452186795 0
0.006897137673872614 0.01952298140774058 0
0.007217448778581792 0.01967638726740384 0
0.005893567699418227 0.01798784780845805 0
0.005770498143680653 0.0177599144048336 0
0.00603922374441894 0.01772793340362445 0
0.001430639330428499 0.02566310269731395 0
0.001770491115855767 0.02604705267754317 0
0.00128058425281045 0.02606877401897548 0
0.006322305606220269 0.02826444775591099 0
0.006120649314535901 0.02774589510187073 0
0.005493150097738567 0.0177599144048336 0
0.005806362977919697 0.01823410886959147 0
0.000803507612357918 0.02805942735544056 0
0.001260692304626668 0.02783443953492588 0
0.01174421965089483 0.02065826285252982 0
0.01209531772036236 0.02043386714134023 0
0.01214890193053246 0.02080732658091263 0
0.01047292077985252 0.01898999455843528 0
0.01026664523215119 0.01920252448521011 0
0.005224972239785248 0.02248626193341737 0
0.005080081165890871 0.02288705550575908 0
0.004814157387856109 0.02254774620162997 0
0.002123196394186221 0.02838693350389018 0
0.002054591112674147 0.0289461544458206 0
0.01076361042231917 0.02010900618821837 0
0.01078423815942561 0.02043867746568619 0
0.00913194798858338 0.01846135271537001 0
0.009010201839637001 0.01869596485255019 0
0.008426387417090611 0.02072549726297982 0
0.00800856963961482 0.02075940195842414 0
0.004025113654864611 0.01781559910108819 0
0.003122232154767548 0.01785958898940358 0
0.002925382412541109 0.01822464954658095 0
0.00263528613960763 0.01786506055717738 0
0.004884201413417324 0.01838564829308762 0
0.00452048551673177 0.01841760343325758 0
0.01172142186402779 0.02345676317776534 0
0.01134661488101741 0.02331085607101758 0
0.008457198505274547 0.02795843450561512 0
0.008196791378530532 0.02834727455360069 0
0.005135833431117547 0.01959488282380946 0
0.005468086128296976 0.01986988313896735 0
0.0109498183384087 0.02332571792837711 0
0.01127617702991804 0.02295000147360806 0
0.004903369955762092 0.0193132663466507 0
0.004657298408992532 0.0190454111985504 0
0.005012996446282636 0.01897186381243908 0
0.008721206489281048 0.02197732005203173 0
0.008298683218280818 0.02194976246100186 0
0.001143728638151572 0.01866168185246862 0
0.001507778337489165 0.01885102113174215 0
0.001166395091866029 0.0191362306282598 0
0.006968061509795758 0.02005784477265606 0
0.00272279796901282 0.01859605270348066 0
0.00563066157306721 0.02242076528242076 0
0.01214890193053246 0.02126765732330015 0
0.009543363530028428 0.02110814409119662 0
0.009418105816566767 0.02152437031815966 0
0.009133889606670581 0.02129579767436376 0
0.006518231705655382 0.02872368886886249 0
0.00933733121053169 0.02804375970232215 0
0.009018691274447906 0.02842019910597468 0
0.00897249883892582 0.02796833510436389 0
0.008458312678844655 0.02108009469216503 0
0.008176671618765776 0.02133194682121486 0
0.008775838441358329 0.02758199510196259 0
0.009632278117196545 0.01935391400319413 0
0.009942241918904198 0.01955688149970811 0
0.009584587705619506 0.01969318592700462 0
0.001809475264617623 0.01863946555289574 0
0.001832141718332079 0.01911401432868692 0
0.005181468012059384 0.01778364396091823 0
0.004780135393827444 0.01966843020992079 0
0.005211699319570174 0.01832330195626562 0
0.005094422805665926 0.01864166232751678 0
0.01111332312019818 0.02859536673394226 0
0.01074965806654955 0.02827557733228579 0
0.01124554997438199 0.02823599325365142 0
0.005340494352435486 0.01890951747561707 0
0.009762759579072491 0.02172106619082341 0
0.009353285655714643 0.02190871977399055 0
0.003864982265117697 0.02922753996294247 0
0.00374398199410689 0.02882605028383498 0
0.004113611077757195 0.01847378766121436 0
0.003843187280825745 0.01817518809049177 0
0.006812539338731992 0.0189152620117686 0
0.006579816637812958 0.01898899882486768 0
0.006607077406671281 0.0187521425291824 0
0.01018999487093754 0.01976017394289588 0
0.01047732457784054 0.01993537944317413 0
0.01018188121423017 0.02007135892379685 0
0.009885292109397018 0.02024181183235358 0
0.01017262181630002 0.02041701733263183 0
0.004544056304172688 0.02220886258144363 0
0.004399165230278311 0.02260965615378533 0
0.01228742393138964 0.02026904475983364 0
0.01228742393138964 0.01989242809874213 0
0.001199328712984385 0.02656856170506581 0
0.0008594769275571158 0.02618461172483658 0
0.00959262419507146 0.02004101146948292 0
0.01046865213244233 0.0206171129648484 0
0.01078367937073476 0.02080922600645948 0
0.01077172407902654 0.0197978212073174 0
0.0004741087856825416 0.02208570113497195 0
0.0003958779196079109 0.02256338728867541 0
0.01144853462939149 0.02083125639969974 0
0.006531834549447214 0.01923472698664975 0
0.006326372617386502 0.01907160750406355 0
0.004614378907863327 0.02000417543258099 0
0.004864333628032437 0.02031454138150828 0
0.004466113666712864 0.02036867012700971 0
0.001219779786674163 0.024382232562038 0
0.0007876204392304152 0.0241922031973272 0
0.001197356740904176 0.02391742486984023 0
0.009374696732102832 0.01921628207117449 0
0.007441785109111693 0.01874817157540262 0
0.00771597339337366 0.01873447516515572 0
0.007566538676707112 0.01894468783684633 0
0.005703480524715407 0.02017615020349619 0
0.00524799326560133 0.02025631375160839 0
0.005313160013000756 0.01804355836575183 0
0.004129298563787272 0.01944094679179253 0
0.004381915432507872 0.01972255895542222 0
0.003963542077823155 0.01977669201445273 0
0.011882741651752 0.02011998103145084 0
0.005523381405249357 0.01829957240018098 0
0.004309022935604827 0.02074613018026141 0
0.004059068215435716 0.02043576423133412 0
0.01083296033972112 0.02895492474398174 0
0.01132885224755357 0.02891534066534738 0
0.001123723848878417 0.02740954966076369 0
0.001582894429050278 0.02763567476781166 0
0.01023768528251458 0.01942090201908539 0
0.0004050217425002013 0.02492465929091633 0
0.0008753879761917924 0.02517091746413561 0
0.0004703662336915911 0.02543856586552698 0
0.005934801014537422 0.01873839901351085 0
0.005651819441867081 0.01880386254410036 0
0.005704902284489116 0.01851385246010527 0
0.006431877864105823 0.0185784939285647 0
0.006181119281455851 0.01863713413589862 0
0.001231556990114972 0.0215261370588424 0
0.001705247662400647 0.02151814226556427 0
0.0004037606574929103 0.02014278159696319 0
0.0007980975438416308 0.02037390587189732 0
0.0003943368863487205 0.02061573965954953 0
0.008413222512634422 0.02876109248746133 0
0.007956154988322918 0.02876359253304561 0
0.00381290603387055 0.02011432909553781 0
0.003655815302762512 0.02049178914878951 0
0.01017206302760918 0.02078756587340512 0
0.007038814481159407 0.01905525127727355 0
0.007066075250017729 0.01881839498158826 0
0.004275230752695005 0.02187270540811999 0
0.004690222910272802 0.02181079545596462 0
0.001231632405972785 0.02533941181049274 0
0.001721539269018102 0.02531769046906043 0
0.005099728024450868 0.02062080844603711 0
0.003317680758066185 0.0288046087876876 0
0.003709028095098567 0.02841545024556532 0
0.005863492457751093 0.026147299496047 0
0.006285911692388325 0.02603988621342731 0
0.006150101846017279 0.0264631938690966 0
0.004008527037376418 0.0215444659952041 0
0.003862360431276304 0.02194253312068311 0
0.009000173034776491 0.02212251514678785 0
0.009344826797282213 0.02231921101945159 0
0.0008684456720312612 0.02135528694836762 0
0.0004741087856825416 0.02160493190420272 0
0.0003943368863487205 0.02109650889031876 0
0.00356028916514995 0.01983271693190812 0
0.001250246683239514 0.02010822068728229 0
0.001168983053094722 0.01961325885842216 0
0.002540959058960287 0.02324868273077908 0
0.002274270395657112 0.02292171346833126 0
0.002705051961480018 0.02288031033840354 0
0.00958336479714132 0.0203866698783179 0
0.0003958779196079109 0.02304415651944464 0
0.007689646769465435 0.0291751412147138 0
0.007932446907367247 0.02958870523345312 0
0.007449507554405872 0.02958643598126069 0
0.007473215635361545 0.02876132328085317 0
0.008961082133995183 0.02066179052509884 0
0.009274922101474001 0.02053272048142398 0
0.003594254801739892 0.01785958898940358 0
0.01208648678626338 0.02316341127931797 0
0.003065925337755872 0.02393582063196381 0
0.003342119969607675 0.02427422460711034 0
0.002883387671384841 0.02432915097343287 0
0.001240822912095323 0.02058117874986863 0
0.006412998730842104 0.02564111939618468 0
0.00669960811910829 0.02595701376923428 0
0.008365940459618935 0.01817871120393457 0
0.0008049333537571285 0.01942391957914862 0
0.006354132637517931 0.02100197041290462 0
0.006736703330793266 0.0210408380988987 0
0.004823983158026538 0.02139909437365479 0
0.0004050217425002013 0.0244438900601471 0
0.00235868526633521 0.02364041642949657 0
0.002789466832158116 0.02359901329956885 0
0.002438719566787215 0.02067447125652766 0
0.001970995892162672 0.0206922632523678 0
0.007471076497478978 0.01919123239291193 0
0.007745264781740945 0.01917753598266503 0
0.006026193591808469 0.02956736205914404 0
0.006506962822577698 0.02956736205914404 0
0.0004037606574929103 0.01966201236619395 0
0.0004011726962642181 0.0191849841360316 0
0.006980007206714326 0.02874276279097913 0
0.006744931915445118 0.02915379804040473 0
0.003613677463852935 0.02460781085499997 0
0.003894083367641262 0.02495226469463576 0
0.003439988207024972 0.02501200878821519 0
0.006664600565024856 0.01850475711546562 0
0.006968738323636642 0.02958643598126069 0
0.01164954190075336 0.02809398538323512 0
0.01128587684710473 0.02777419598157864 0
0.01230209671261748 0.01964994193775461 0
0.01230209671261748 0.01935250072674781 0
0.003479960553242597 0.02088349389191385 0
0.003748817100142698 0.02121375899617652 0
0.003326800169057616 0.02128402860350455 0
0.0003825986967302139 0.02397908236794934 0
0.01213518630699267 0.0217152524701564 0
0.008871465808841968 0.02877090811986556 0
0.008630829418634352 0.02918722609931047 0
0.0007784766163381248 0.02327323888739397 0
0.0003825986967302139 0.02349831313718011 0
0.007481537419059126 0.02358057159831703 0
0.007928164417016104 0.02347990970435009 0
0.007805718542020271 0.02386766912937283 0
0.004161687421561398 0.0211439312836134 0
0.003979361120814004 0.0226769585153276 0
0.004249462204497424 0.02301584213551394 0
0.004568732872838547 0.02107683717928899 0
0.005348063986821538 0.0232231794118449 0
0.004937249134892399 0.02328466368005749 0
0.002443292558240536 0.02439727905598653 0
0.002719487190092339 0.02473568303113306 0
0.009573911735202962 0.02916398259593319 0
0.009837067685474318 0.02956546173007584 0
0.009352228665113253 0.02959852086585735 0
0.007820135494077587 0.01850358272833907 0
0.007944889061673004 0.01870009898978278 0
0.009313564159022798 0.02272953288211164 0
0.009666676779960953 0.02251573750931434 0
0.007246515425571809 0.02833121410931093 0
0.002163263492635285 0.01786506055717738 0
0.0004011726962642181 0.01870421490526237 0
0.008413216138136476 0.02958870523345312 0
0.01101762582678319 0.01968150779453743 0
0.005793842713643587 0.02088767426898428 0
0.00535497830963886 0.02094306564040291 0
0.008871459434344021 0.02959852086585735 0
0.003248199130380949 0.02354408693324632 0
0.004971318672069966 0.0210012932703028 0
0.005817810976510834 0.02053647139986558 0
0.006707906353635491 0.01828651080355824 0
0.006883105896200949 0.01846015940417594 0
0.01031783691624355 0.02956546173007584 0
0.01055362011132027 0.02920291106776927 0
0.01081270627199979 0.02963744933769343 0
0.002991331931266533 0.02508095200543773 0
0.003271737835054861 0.02542540584507353 0
0.01129347550276903 0.02963744933769343 0
0.0004703662336915911 0.02591933509629621 0
0.003233798371677431 0.02056205875611754 0
0.004517925028976389 0.02334895682695681 0
0.004785907849907057 0.02368508073304263 0
0.01078636760640109 0.02119356702181105 0
0.01110195363338437 0.02101513152264884 0
0.01208494295278274 0.02596910392181201 0
0.01208494295278274 0.02549708127483968 0
0.003118625020844945 0.02960760441297863 0
0.003599394251614174 0.02960760441297863 0
0.01002309151775236 0.02233691565083594 0
0.01006141818236836 0.02193319512339357 0
0.01038657028190036 0.02216469512757521 0
0.003559558592705035 0.02275155501027298 0
0.003709261618485922 0.02234536902854438 0
0.0004007608622274041 0.02736184952163126 0
0.0004007608622274041 0.02784261875240049 0
0.009645400423578959 0.02545063977540046 0
0.009500767928516023 0.02583906809164745 0
0.009207834227756798 0.02552264787684422 0
0.01211279784543757 0.02645763894494388 0
0.01169774079822031 0.02620292404253452 0
0.001272095391656421 0.02958950326291735 0
0.001752864622425652 0.02958950326291735 0
0.01211279784543757 0.02692966159191621 0
0.008082027665988622 0.0241848241576277 0
0.007635400668031645 0.02428548605159464 0
0.01170773223217562 0.02716182358841436 0
0.01209493438673805 0.02740002611466418 0
0.01209493438673805 0.02787204876163651 0
0.008092647691887047 0.01888967102731055 0
0.008196809792590973 0.0186587785904939 0
0.008579963840707919 0.0187926829336816 0
0.008439468623248857 0.01860892500941771 0
0.003442557903167336 0.02201712961562849 0
0.001954454082647978 0.02445563267411888 0
0.00211835456394048 0.02404910061641869 0
0.002551236818122228 0.0251490800879914 0
0.009793580642729619 0.02617794263801885 0
0.009356014446907458 0.0262499507394626 0
0.005439437554856074 0.02622901277696041 0
0.005293442337269805 0.02664947582480718 0
0.005005197280745831 0.0263078814500513 0
0.00603883851246795 0.02692307773153634 0
0.005886757090303372 0.0273466585795556 0
0.005575601189215469 0.02699418799973555 0
0.01014783654183805 0.02116218912030711 0
0.009851806225695748 0.02096209348809054 0
0.01006280590822755 0.02651218990501103 0
0.01034758737237035 0.02687557661763658 0
0.009933608625263853 0.02695221199845955 0
0.01195386686207726 0.01929468736690115 0
0.01184180193658584 0.01953918070975037 0
0.009270175411646576 0.02310296696960812 0
0.008948325428967839 0.02290644047974537 0
0.004098120919512081 0.02341625918849908 0
0.01051439818418452 0.01940581692839788 0
0.008915805813556506 0.02519168030976064 0
0.008771173318493568 0.02558010862600762 0
0.002477957335898009 0.02908998725239208 0
0.002006018544998244 0.02932283933240619 0
0.002643461401113121 0.02830228577682098 0
0.002240127891725429 0.02797591691490466 0
0.00507408435551905 0.02958470966039436 0
0.005554853586288279 0.02958470966039436 0
0.00956759001579956 0.02073352084429464 0
0.005141360915105226 0.02707305667282644 0
0.008291709993034814 0.01841935297188993 0
0.001959863277185579 0.02762678124270536 0
0.002480128284112479 0.02754213351563616 0
0.003238240108445815 0.02662657683356281 0
0.002786880285537578 0.02670376157786065 0
0.002946722976284945 0.02627455573460079 0
0.004592511090426594 0.02961993554996384 0
0.008509339583795999 0.02414014871536154 0
0.008339021709807375 0.02455796563758335 0
0.007571947807195922 0.02215519577576023 0
0.007444383966058595 0.02251571871966682 0
0.007217454090186846 0.02223356260256495 0
0.004250423970017958 0.01910159542650718 0
0.0083145047559999 0.02679465779068128 0
0.008032457466861261 0.02645645431203076 0
0.008480982435528967 0.0264042238442444 0
0.002919395158175389 0.02747352593232906 0
0.002639130543635538 0.02712439026012976 0
0.003796215130223965 0.02421448051353091 0
0.001910149853905174 0.02682286092132078 0
0.002057899595807213 0.02640223223905167 0
0.002347613411474668 0.02677236916116774 0
0.004002836637132846 0.02569949312897019 0
0.004159312874733185 0.02528630624864101 0
0.004441755401052731 0.0256293367497602 0
0.009721137200808902 0.0288132735820423 0
0.009721439411885198 0.0283474026197812 0
0.01005905296664033 0.02866505249789057 0
0.003110582179244802 0.02584586002629951 0
0.00355923845500324 0.02577691680907697 0
0.007410763929892081 0.01766643541718239 0
0.008622739265954013 0.02488121562712061 0
0.009059400175217242 0.02482375487795722 0
0.007091689123425491 0.02365810551909709 0
0.006954402259928245 0.02404284238592843 0
0.006686999839290442 0.02373261688168575 0
0.00498510975648403 0.02750083634272187 0
0.004702950904538365 0.02715612416779349 0
0.005247777803470141 0.02786024398007309 0
0.004809367792903281 0.02794331147504013 0
0.004635961237954484 0.02407869247444151 0
0.005055285343870494 0.0240143993275422 0
0.009754764432208128 0.02745374720589823 0
0.009469982968065329 0.02709036049327268 0
0.002659222356336565 0.02592304477059735 0
0.01020755938983612 0.02610130725719587 0
0.004572240613305977 0.02638543406399372 0
0.004718235830892247 0.02596497101614696 0
0.01012623834322049 0.02154884566756268 0
0.005470224747519351 0.023942031067299 0
0.005615988564087926 0.02355496978243287 0
0.005880981355784212 0.02387621326358855 0
0.003841680981322787 0.02611994731019616 0
0.007232297013873047 0.02547928099210484 0
0.006955057888521221 0.02515675438791593 0
0.007360659744832198 0.02507778842802913 0
0.008602225276445503 0.02311640143252622 0
0.008645614023821727 0.02274296734502974 0
0.006128036438833817 0.01892714421989371 0
0.004341014538528221 0.02801039778970081 0
0.01013887263356164 0.02775739012335729 0
0.009675246976363114 0.02789553861817042 0
0.009991828879492945 0.02274723751349599 0
0.003017893914681827 0.02208839808551855 0
0.003170992727472209 0.02168556217765728 0
0.006890841075491642 0.02040584924707455 0
0.007225822614122013 0.02028309485594971 0
0.002902136180572108 0.02135529707339461 0
0.00787612647016454 0.02141633836523089 0
0.007889212737721857 0.02109137646717871 0
0.009205928442894331 0.02666562630436446 0
0.008913115728680733 0.02632675175799306 0
0.009027084249838606 0.02716716151180314 0
0.006461257747105182 0.02681566444891665 0
0.006288229074072991 0.02380325286361976 0
0.006425515937570237 0.02341851599678842 0
0.006042542101515993 0.02237399772857661 0
0.006454906252714352 0.02236415791960158 0
0.002843181511449903 0.0206168365364076 0
0.003019036260969819 0.02022513179328326 0
0.006957088475918604 0.02297098278066298 0
0.006569471888752633 0.0230399580723563 0
0.006702273661883548 0.02266306083816487 0
0.002863911194276899 0.02248665329972274 0
0.002592346018581772 0.02215508586175153 0
0.002371813876385119 0.02556786520908885 0
0.002099969135210924 0.02522259623478418 0
0.004874712068492586 0.02555178413581778 0
0.007214134998421324 0.02327034609407435 0
0.005299940438821216 0.02547432425997775 0
0.005023460008981701 0.02513868999359099 0
0.009250935296813204 0.02350272376514909 0
0.009616174026868166 0.02332581616751536 0
0.005591952959262984 0.02466225233310282 0
0.005177013555614127 0.02473462059334602 0
0.005320278135566779 0.02433564280869788 0
0.008631068439542094 0.02598854827934254 0
0.008339040025341802 0.02565758071225896 0
0.007918417008287175 0.02573316769890596 0
0.00805852188723865 0.02532472804557104 0
0.007497565205740185 0.02467895145184486 0
0.007221256081771833 0.02436179642358999 0
0.008195427348146636 0.02492589106938678 0
0.00777480433109201 0.02500147805603378 0
0.002207954673425262 0.02599656091739013 0
0.01213493507776442 0.02368503484083477 0
0.006816566797636784 0.02443630778617866 0
0.01076476940778353 0.02158022356906662 0
0.01044649514513392 0.02137431805287726 0
0.0109630984342895 0.02260438719828197 0
0.007346936771552239 0.02289344885988292 0
0.001576024216455156 0.02455072690839513 0
0.001166287914781395 0.0248255052358821 0
0.001686601235832043 0.01793823617797548 0
0.001214578588859698 0.01793823617797548 0
0.006142465257504416 0.02419031414848589 0
0.006170701123535181 0.0231105940542903 0
0.000402746750130514 0.02829373167996315 0
0.000402746750130514 0.02877450091073238 0
0.002166981107056639 0.02220053072582551 0
0.002320963827461568 0.02180227551162132 0
0.003684978964792069 0.02654485552345921 0
0.003525136274044702 0.02697406136671908 0
0.008914612132235539 0.01785016069927007 0
0.007701430488561314 0.02281508203307819 0
0.006276090032647219 0.01772793340362445 0
0.006408465226767601 0.01792363989805535 0
0.006572019087919043 0.01811126075185486 0
0.009952773293996318 0.02355792537762261 0
0.009972013408829691 0.02315816858208164 0
0.01205460751401531 0.02880586868068162 0
0.01205460751401531 0.02833384603370929 0
0.004751785185285497 0.02481208046918606 0
0.004259287438154063 0.02723812194715219 0
0.00441553859677526 0.02681034227725677 0
0.004128577146921674 0.02646743184335243 0
0.006842522839880323 0.02229518262790826 0
0.007754301641266316 0.0217649741889627 0
0.007466842760222397 0.02152440383492655 0
0.00908781453136116 0.01801145640269645 0
0.01066409086081878 0.02446477102053448 0
0.01066576869716191 0.02394035818348443 0
0.01066443443273296 0.02353842515898776 0
0.0103099469403868 0.02379221081668556 0
0.002653481677494827 0.02101139821936194 0
0.004333002131561148 0.02488210831542578 0
0.005575247401227119 0.02580570512129112 0
0.009954107558425272 0.02395985840211929 0
0.00249767423590942 0.02141293179351467 0
0.005758820595086397 0.02315736160813445 0
0.00697008668101765 0.02193465968400167 0
0.004486555678193574 0.02447803891518082 0
0.004217178184230137 0.02414872032068124 0
0.01145122286505781 0.02121559741505132 0
0.008123281628961051 0.01822856478501076 0
0.002072309324384286 0.02145837665758866 0
0.003945620689984876 0.02381513407279161 0
0.003677157865505911 0.02348201938134875 0
0.01073133998230457 0.01950788104949319 0
0.005902776546268793 0.02277880368370233 0
0.004092723625383231 0.02764863773173333 0
0.003805311317620124 0.02730285584119661 0
0.007708024491013583 0.02084379350244016 0
0.00335857246127387 0.02738457715130021 0
0.006547864627527921 0.02523445739205877 0
0.006676227358487071 0.02483296482798305 0
0.006409373536643483 0.0245140107903215 0
0.003199570201750811 0.0278023204068066 0
0.009279847570269518 0.018125590249992 0
0.007559212126581972 0.01815636489570393 0
0.00768460643022372 0.01832023464952543 0
0.007465825522136493 0.01837408914989051 0
0.006002125818354704 0.02458697119029029 0
0.00827592970563832 0.02335996776660824 0
0.008578641110784432 0.02352344090132387 0
0.0003891106938655256 0.02641912278238653 0
0.003130599857580073 0.02281362256217056 0
0.003400699359908155 0.02314521204895379 0
0.0103284281466211 0.02297934672360323 0
0.005858861238402052 0.02498594897493842 0
0.01055013750507 0.02761590128154002 0
0.01047062004922499 0.02805769269381221 0
0.00701892137670716 0.01860189099356427 0
0.007245196519134575 0.01874188025906922 0
0.0003891106938655256 0.02689989201315577 0
0.0007898715560929297 0.0271463569194024 0
0.01069752999927701 0.02240616336030696 0
0.01073585666389302 0.02200244283286459 0
0.004111741859657363 0.02961993554996384 0
0.00196177414057795 0.01830329673515286 0
0.006134168200807955 0.0253173298362518 0
0.008366647478326286 0.02259777225027363 0
0.00871274763084862 0.02238781129749278 0
0.007107228541571129 0.02158177137623893 0
0.007981231517138065 0.02204713030606456 0
0.005723995341716234 0.02539261097906433 0
0.01220454532715817 0.02503278622266414 0
0.003887038417994282 0.02807513168374523 0
0.009713678082629696 0.01830651667035475 0
0.00951398206404363 0.01820639313020691 0
0.007229053370469352 0.02123313555250712 0
0.007009020665817991 0.02096080121209385 0
0.007368634884469259 0.02090343367078147 0
0.009339906990478496 0.01879863008880861 0
0.009366082482357492 0.01854215559558492 0
0.00929298605027769 0.01834859384519606 0
0.01107572912516019 0.02182169180179837 0
0.01011969655962209 0.01850725616531251 0
0.00991335802599564 0.01842165457261852 0
0.007625484756485204 0.02651055200484049 0
0.00779196243601427 0.02612011805840361 0
0.005657411991283419 0.02781700537006995 0
0.009761010645493421 0.02505913734674714 0
0.01005394434625265 0.02537555756155036 0
0.007487991786362221 0.02057145916202689 0
0.007105842441600141 0.0258662313516025 0
0.006978755403146361 0.02626499816884513 0
0.007565212220666338 0.0202234546876084 0
0.002904628381315888 0.02855365555761221 0
0.002939582280324211 0.02896425559588188 0
0.000351113238434138 0.01785339249336049 0
0.000351113238434138 0.01833416172412972 0
0.002891009712648307 0.02934094048246746 0
0.0008231358854064825 0.01785339249336049 0
0.008511783916187329 0.02715726091305437 0
0.01166583827587027 0.02964888676156587 0
0.01214660750663951 0.02964888676156587 0
0.01214660750663951 0.02917686411459354 0
0.009236298180447836 0.02884633271782382 0
0.001869846790742652 0.02369877004762892 0
0.007511444297911118 0.02578726539171569 0
0.008438163005267349 0.01955776130358957 0
0.008096930912261708 0.01961405491642484 0
0.0018819580708485 0.02112879854745761 0
0.001603934230179033 0.02075202886034342 0
0.011015662240993 0.01875902174744762 0
0.01079923045847544 0.01870369990142693 0
0.01056962469735171 0.01864433697491042 0
0.0103576980571722 0.01857369476151724 0
0.008735210341435887 0.01898629492341454 0
0.008499814923532984 0.01904196261775462 0
0.004360050460538501 0.01876019289229555 0
0.006730252344901665 0.02705949491555591 0
0.007180003939209668 0.02720012407488151 0
0.01035544531898866 0.02569812756772816 0
0.01062467058448659 0.02603237483472034 0
0.01233002060635812 0.01916164848245104 0
0.01233002060635812 0.01891924091968783 0
0.007951748582677175 0.02307287023555244 0
0.01192852259484867 0.01892660968721562 0
0.01170641585534465 0.01890269694170704 0
0.01147528451751674 0.01887358376261351 0
0.01125545357855918 0.01883386498358014 0
0.006758273282744476 0.0176957064944309 0
0.006522261959258305 0.0176957064944309 0
0.007913522098523064 0.01828585847415249 0
0.002657000076418743 0.02973333606948884 0
0.003021559878855096 0.0281426389686267 0
0.002176230845649513 0.02973333606948884 0
0.01210677305174701 0.0189112564039869 0
0.007658728546764585 0.019910255991208 0
0.0003519475036388824 0.02964805249636112 0
0.0008327167344081123 0.02964805249636112 0
0.0003519475036388824 0.02916728326559189 0
0.008993007395749229 0.02101638795428404 0
0.00869494220961217 0.02079860703198216 0
0.006841515678450994 0.02659961105311618 0
0.008262008101112696 0.01909551942999329 0
0.008010087370194725 0.01913683982928216 0
0.006790524419095135 0.01806666304056518 0
0.001151785090781151 0.02101771404495845 0
0.01178408823752513 0.02147931743895847 0
0.01063208918700764 0.01885191264886449 0
0.006128266028134661 0.02086156485271263 0
0.001822894821437328 0.02720189136854316 0
0.001900962210755211 0.02489890534796297 0
0.009161441129238664 0.0244649816223336 0
0.009454507676841155 0.02477544630497362 0
0.01110148628569755 0.01898611881151352 0
0.01075547831804102 0.02675441388121848 0
0.01062628103507732 0.02719443597466701 0
0.008940741580810905 0.02358114637205432 0
0.008614446010003721 0.02382471270613634 0
0.01059399658163359 0.02317757056157824 0
0.01143750724151802 0.02166319256190757 0
0.007293497762834404 0.01783723694523864 0
0.00721666589202493 0.01767080152805624 0
0.00747642282546947 0.01967958546013093 0
0.007832108323807926 0.01965475106980771 0
0.01033839319504118 0.02841706617410305 0
0.01033809098396488 0.02888293713636415 0
0.002841086117769203 0.01995598527697323 0
0.00323170297799673 0.01990120749668317 0
0.009863051599514845 0.02470036409112352 0
0.01061381205229685 0.02276663949299259 0
0.008871440053822472 0.02419785418609199 0
0.009266547555446387 0.0241495456131084 0
0.006876284844793173 0.02071113621717306 0
0.006618523740466917 0.0204858861338794 0
0.001112073680516539 0.02694759215228819 0
0.007914625190966591 0.01938338438534776 0
0.01082999530631617 0.02634067305543588 0
0.01110868896902314 0.02665953241246631 0
0.01213493507776442 0.0241570574878071 0
0.01220454532715817 0.02456076357569181 0
0.01059322754249446 0.02485972666639187 0
0.01024041788649143 0.02458909948703963 0
0.00107075881517613 0.02351872713577541 0
0.001502918162619878 0.02370875650048622 0
0.007394631235801124 0.01853166758737862 0
0.01076029993194118 0.0192895035156179 0
0.008417254601840661 0.01928913141972623 0
0.009273730040341977 0.01899144712787306 0
0.006378100900385177 0.02065076754378592 0
0.00698065456853876 0.01767080152805624 0
0.006877018439172971 0.01786650802248714 0
0.00741401350959815 0.01802154511521689 0
0.01136202037711204 0.02735273067470562 0
0.01137988383581156 0.02688236615195765 0
0.01095802845074067 0.02749473854512193 0
0.008049195777183531 0.02269514009533634 0
0.01047105554090312 0.02530662513907483 0
0.007488245031789836 0.02684516488911154 0
0.003460737181953577 0.02805369018759784 0
0.001743248865014607 0.0233000723135641 0
0.002011658834237227 0.02257980851900847 0
0.002735643281795054 0.0195687506074348 0
0.002286137521420865 0.01856628993209763 0
0.007219915471731 0.01802591122609075 0
0.01145440082408671 0.02646862532617505 0
0.001533181005769872 0.02683175444642709 0
0.007012905704889419 0.01804175807419053 0
0.0007546942537693963 0.02890332263786273 0
0.008116329384210424 0.02233998404779938 0
0.0007522859346983561 0.01857683816785363 0
0.001093669180321491 0.01829162867133598 0
0.002570499093052493 0.01893222152122353 0
0.007390828555625133 0.01942088234600355 0
0.01142085224017776 0.0292863360992593 0
0.01170121502065482 0.02892677808921981 0
0.001847565931717495 0.02294818091138401 0
0.01091946833909629 0.0191514216060471 0
0.009933914917839164 0.02430540844526612 0
0.0121321173189756 0.01927933408367244 0
0.001143273664526073 0.02923755575927847 0
0.001084038038053827 0.02306457051803995 0
0.006723849704440722 0.01939019848482928 0
0.006958566539305562 0.01928490123036517 0
0.003382339021949335 0.01956357041559809 0
0.003030456187720282 0.01929702263648985 0
0.007062227165317795 0.01838364468165689 0
0.009576741271448686 0.02407112300620317 0
0.007247750000942845 0.02650882863548439 0
0.009286740196032494 0.02380399556996156 0
0.0119817907558179 0.01910383512260438 0
0.01142654593143188 0.02598009030304318 0
0.002275686187127266 0.01920394949216848 0
0.002712346634719222 0.01923371226355151 0
0.011827129155358 0.01978166687073789 0
0.001480637303594721 0.02295816736424132 0
0.01208952064400712 0.01971267248895673 0
0.009138867470526663 0.01884773150482333 0
0.008944024889500485 0.01888878189161465 0
0.01070252654097625 0.0190493574849518 0
0.01097788123546871 0.02593749336596817 0
0.0072121024505913 0.01918803420018484 0
0.007133421451653165 0.01822606624416878 0
0.007269236932159376 0.01836779783355711 0
2 25 0 360
5385
5386
5387
5388
5389
5390
5391
5392
5393
5394
5395
5396
5397
5398
5399
5400
5401
5402
5403
5404
5405
5406
5407
5408
5409
5410
5411
5412
5413
5414
5415
5416
5417
5418
5419
5420
5421
5422
5423
5424
5425
5426
5427
5428
5429
5430
5431
5432
5433
5434
5435
5436
5437
5438
5439
5440
5441
5442
5443
5444
5445
5446
5447
5448
5449
5450
5451
5452
5453
5454
5455
5456
5457
5458
5459
5460
5461
5462
5463
5464
5465
5466
5467
5468
5469
5470
5471
5472
5473
5474
5475
5476
5477
5478
5479
5480
5481
5482
5483
5484
5485
5486
5487
5488
5489
5490
5491
5492
5493
5494
5495
5496
5497
5498
5499
5500
5501
5502
5503
5504
5505
5506
5507
5508
5509
5510
5511
5512
5513
5514
5515
5516
5517
5518
5519
5520
5521
5522
5523
5524
5525
5526
5527
5528
5529
5530
5531
5532
5533
5534
5535
5536
5537
5538
5539
5540
5541
5542
5543
5544
5545
5546
5547
5548
5549
5550
5551
5552
5553
5554
5555
5556
5557
5558
5559
5560
5561
5562
5563
5564
5565
5566
5567
5568
5569
5570
5571
5572
5573
5574
5575
5576
5577
5578
5579
5580
5581
5582
5583
5584
5585
5586
5587
5588
5589
5590
5591
5592
5593
5594
5595
5596
5597
5598
5599
5600
5601
5602
5603
5604
5605
5606
5607
5608
5609
5610
5611
5612
5613
5614
5615
5616
5617
5618
5619
5620
5621
5622
5623
5624
5625
5626
5627
5628
5629
5630
5631
5632
5633
5634
5635
5636
5637
5638
5639
5640
5641
5642
5643
5644
5645
5646
5647
5648
5649
5650
5651
5652
5653
5654
5655
5656
5657
5658
5659
5660
5661
5662
5663
5664
5665
5666
5667
5668
5669
5670
5671
5672
5673
5674
5675
5676
5677
5678
5679
5680
5681
5682
5683
5684
5685
5686
5687
5688
5689
5690
5691
5692
5693
5694
5695
5696
5697
5698
5699
5700
5701
5702
5703
5704
5705
5706
5707
5708
5709
5710
5711
5712
5713
5714
5715
5716
5717
5718
5719
5720
5721
5722
5723
5724
5725
5726
5727
5728
5729
5730
5731
5732
5733
5734
5735
5736
5737
5738
5739
5740
5741
5742
5743
5744
-0.008997655048618731 0.03060511549626945 0
-0.006126739319702443 0.03063665715389535 0
-0.004474388208309204 0.03073370909916406 0
-0.00767886099187883 0.03058566231220098 0
-0.002500156287615598 0.0308660795434026 0
-0.01007371537088 0.0341702955071445 0
-0.008228534524535066 0.03417342656329366 0
-0.006250000000000008 0.03416728326559189 0
-0.01052061751516831 0.03063525918148666 0
-0.004211562849141082 0.03421328108894659 0
-0.002375171139127777 0.03424789781996208 0
-0.0008646713509749141 0.03249618205911226 0
-0.01175655640447784 0.03285386319998989 0
-0.0118757532422574 0.03115106940947699 0
-0.009142938894694546 0.03417553626680378 0
-0.009614167345421929 0.03337192377822139 0
-0.0104750913033771 0.03334904619010664 0
-0.0100322889050209 0.03259378388284483 0
-0.009171301056972949 0.03260192975457442 0
-0.009595493039053906 0.03184893750472187 0
-0.008745532029011771 0.03189568470738578 0
-0.00832015261713406 0.03260147154120331 0
-0.007861789326383293 0.03188271633648847 0
-0.007468583719503477 0.03259652842335048 0
-0.006986832619818533 0.03189247035894323 0
-0.006616429265185931 0.03259612597359298 0
-0.00617002580938858 0.0319035255160063 0
-0.005764224863122273 0.0326027717388347 0
-0.01041426818450686 0.03184152461219413 0
-0.005340725854110502 0.0319079800208036 0
-0.004889038618934373 0.03260277767206719 0
-0.005344776584685069 0.03336752905226791 0
-0.007049457145565869 0.03333314113221111 0
-0.00445773308769699 0.03190639618055257 0
-0.003978994397080094 0.03260907353158447 0
-0.003534393177282042 0.03188358742550463 0
-0.003083834807550444 0.03259832680219568 0
-0.003626311088205576 0.03339755189312811 0
-0.01107044259895669 0.03412972964800986 0
-0.008304031563242062 0.03114470070996352 0
-0.01097409191409665 0.03248652081021761 0
-0.003518896467952834 0.03069939584168728 0
-0.01179269829291426 0.03200031813440971 0
-0.000844960205734404 0.03150640431769349 0
-0.001757087896871989 0.03189676745881032 0
-0.001728495457667506 0.03294244302699071 0
-0.0009595131302874826 0.03350794414084518 0
-0.00534252078520197 0.03065027218099355 0
-0.008728471721100977 0.03337399788611924 0
-0.009740479367614954 0.03064688154693158 0
-0.006884044322286559 0.03060996752558282 0
-0.01179970173617706 0.03368979043033297 0
-0.007274611988912705 0.03420369878360015 0
-0.007893735887847314 0.03331969941261892 0
-0.00620497757171183 0.03321337023249972 0
-0.00149401651588214 0.03083526742722435 0
-0.001477456916371271 0.03428082421614925 0
-0.002639025300881299 0.03181045527446613 0
-0.005249411618781438 0.03423393922494417 0
-0.01117384074307975 0.03155458336926855 0
-0.0112990918775828 0.03069442632236617 0
-0.00447412779509678 0.03334227799879742 0
-0.003269080412659919 0.03420389506491851 0
-0.002615267654490851 0.03336275718276479 0
-0.006534497857927785 0.0312552001326831 0
-0.005747111501461889 0.03126776481883004 0
-0.007375009446922843 0.03122845289597702 0
-0.009180442951722968 0.03130500467878301 0
-0.01001113025375481 0.03127168575629452 0
-0.008346006370921625 0.03046709570368679 0
-0.004919742421414492 0.0312799431639868 0
-0.01121077214524778 0.03328418659602438 0
-0.0007066572976210167 0.03429556412079583 0
-0.0007338298890737227 0.03073381324748287 0
-0.002364742223492418 0.03252214994904552 0
-0.01194992332692533 0.03054190304616397 0
-0.01188172117471906 0.03439221307166776 0
-0.01061130315413037 0.03125112519182428 0
-0.004000629280646507 0.03130355120365718 0
-0.001859214466506671 0.03366467365940903 0
-0.003135064892457387 0.03131680173623929 0
-0.001997086401748869 0.03085067348531348 0
-0.001625552206377064 0.03136601744301733 0
-0.002128622092243793 0.03138142350110646 0
-0.002198056598876644 0.03185361136663822 0
-0.002569590794248448 0.03133826740893437 0
-0.007839520505082452 0.03118657680297027 0
-0.007618399386653069 0.03155558461623274 0
-0.008082910444812678 0.031513708523226 0
-0.007526935219400836 0.030907057604089 0
-0.007991446277560446 0.03086518151108225 0
-0.01148326951799701 0.03177745075183912 0
-0.0110739663285882 0.03202055208974307 0
-0.01138339510350546 0.03224341947231366 0
-0.004909452189890925 0.03335490352553266 0
-0.00486176970693911 0.03378810861187079 0
-0.005297094101733254 0.03380073413860604 0
-0.004342845322118931 0.033777779543872 0
-0.00473048723396126 0.03422361015694538 0
-0.006227488785855919 0.0336903267490458 0
-0.00577487707819845 0.03329044964238381 0
-0.005797388292342539 0.0337674061589299 0
-0.006762305994456356 0.03418549102459602 0
-0.007162034567239287 0.03376841995790562 0
-0.006649728572782939 0.0337502121989015 0
-0.005749705809390724 0.03420061124526803 0
-0.01177462734869605 0.0324270906671998 0
-0.01136532415928725 0.03267019200510375 0
-0.0107940544637933 0.03169805399073134 0
-0.01069418004930175 0.03216402271120587 0
-0.01095519751585659 0.03097277575709522 0
-0.01089257194860506 0.03140285428054641 0
-0.01123646631033128 0.03112450484581736 0
-0.00662721735863885 0.03327325568235542 0
-0.01056596033464934 0.03094319218665547 0
-0.01090985469637555 0.03066484275192641 0
-0.009595786602738892 0.03128834521753877 0
-0.009875804810684884 0.03095928365161305 0
-0.009460461159668962 0.0309759431128573 0
-0.00908904900017085 0.03095506008752623 0
-0.009369067208116841 0.03062599852160052 0
-0.001169488360808272 0.03117083587245892 0
-0.001301024051303197 0.0317015858882519 0
-0.00758417393838001 0.03376169909810953 0
-0.007471596516706591 0.03332642027241501 0
-0.008742237257482516 0.03122485269437327 0
-0.008650843305930396 0.03087490810311649 0
-0.00806113520619119 0.03374656298795629 0
-0.007751573256723885 0.0341885626734469 0
-0.002942174033575385 0.03378332612384165 0
-0.002495219396809314 0.03380532750136343 0
-0.002822125775893848 0.0342258964424403 0
-0.007002690609840972 0.03460184939180008 0
-0.006490384615384624 0.03458364163279595 0
-0.008671830709770177 0.03053610559997812 0
-0.008325018967081843 0.03080589820682516 0
-0.008935705307897761 0.03377476707646151 0
-0.008478503122818021 0.03377371222470645 0
-0.008685736709614806 0.03417448141504872 0
-0.01130445206870911 0.03456486482400493 0
-0.01082368283793988 0.03456486482400493 0
-0.003120789371348214 0.03338015453794645 0
-0.003447695750432747 0.03380072347902331 0
-0.009843941358150962 0.03377110964268295 0
-0.009378553120058237 0.03377373002251258 0
-0.009608327132787271 0.03417291588697415 0
-0.003740321630900501 0.03420858807693256 0
-0.00391893696867333 0.03380541649103735 0
-0.0115874225599201 0.03092274786592158 0
-0.01152479699266858 0.03135282638937276 0
-0.004050219441651178 0.03336991494596277 0
-0.0121878766211287 0.03093460922616957 0
-0.0121878766211287 0.03135862526473041 0
-0.009379161755039583 0.03458776813340189 0
-0.009844549993132308 0.03458514775357225 0
-0.003009526377784216 0.03078273769254494 0
-0.003259542006545776 0.03034969792084364 0
-0.002750171916377158 0.0304330397717013 0
-0.00423731913424708 0.03036685454958203 0
-0.004710921367020773 0.03036685454958203 0
-0.009813890972037401 0.03222136069378335 0
-0.009383397048013426 0.03222543362964814 0
-0.009601794980996923 0.03259785681870963 0
-0.010253690104199 0.03297141503647574 0
-0.009823228125221413 0.03298285383053311 0
-0.01004462932439951 0.03336048498416402 0
-0.01027440333712855 0.03375967084862557 0
-0.008524781796126916 0.03152019270867465 0
-0.008303660677697531 0.03188920052193712 0
-0.009170512534032838 0.03187231110605383 0
-0.00895841654299236 0.0322488072309801 0
-0.009392734201197439 0.0329869267663979 0
-0.008311103804474146 0.03334684864936908 0
-0.01022327854476388 0.03221765424751948 0
-0.01000488061178038 0.031845231058458 0
-0.008898392524270353 0.03458776813340189 0
-0.008441190339190613 0.03458671328164683 0
-0.01057207898491834 0.03415001257757718 0
-0.01032531922390154 0.03458514775357225 0
-0.007180921033370688 0.03156046162746012 0
-0.007424310973100913 0.03188759334771585 0
-0.007960421108421382 0.03458671328164683 0
-0.006009615384615393 0.03458364163279595 0
-0.01214634914645713 0.03221247698719878 0
-0.01212827820223892 0.03263924951998888 0
-0.0004797565651437413 0.03375397207042259 0
-0.0004797565651437413 0.03325397207042259 0
-0.01026587388446156 0.03095347246889059 0
-0.01013054844139163 0.03064107036420912 0
-0.008090970971758676 0.03224209393884589 0
-0.008532842323072914 0.03224857812429454 0
-0.009171319533261453 0.03337296083217032 0
-0.007227708169661005 0.03224449939114685 0
-0.007665186522943385 0.03223962237991947 0
-0.001296583404321211 0.03271931254305148 0
-0.001742791677269748 0.03241960524290051 0
-0.001310879623923452 0.03219647475896129 0
-0.0008548157783546586 0.03200129318840287 0
-0.01072459160873688 0.03291778350016212 0
-0.01050319040955877 0.03254015234653122 0
-0.0004323356754874566 0.03274809102955613 0
-0.0004323356754874566 0.03224809102955613 0
-0.0045096275784167 0.0346066405444733 0
-0.00402885834764747 0.0346066405444733 0
-0.000422480102867202 0.03175320215884674 0
-0.002250140658854038 0.0304330397717013 0
-0.0009120922406311988 0.03300206309997872 0
-0.000422480102867202 0.03125320215884675 0
-0.001344004293977494 0.03322519358391795 0
-0.004908454496755588 0.0306919906400788 0
-0.005144987655467156 0.03032513609049678 0
-0.01077276695116689 0.03373938791905825 0
-0.003759573264068896 0.03034969792084364 0
-0.006578429214603557 0.03189799793747476 0
-0.006393227537287256 0.03224982574479964 0
-0.006801630942502232 0.0322442981662681 0
-0.002629893261871585 0.03462394890998104 0
-0.002149124031102353 0.03462394890998104 0
-0.008745726837053505 0.03260170064788886 0
-0.005509321194006108 0.03461696961247209 0
-0.01214634914645713 0.03178324962719677 0
-0.007894368168318767 0.0325989999822769 0
-0.01212827820223892 0.0330684768799909 0
-0.00335507294787801 0.0329979393476619 0
-0.003802652742642835 0.03300331271235629 0
-0.003531414602315269 0.03260370016689008 0
-0.007042506492344704 0.03259632719847173 0
-0.007483459840610201 0.03460184939180008 0
-0.005937724657183424 0.03031832857694768 0
-0.006313182114712497 0.03031832857694768 0
-0.008873710308597661 0.03030255774813473 0
-0.009248733751740002 0.03030255774813473 0
-0.007464266393943029 0.03029283115610049 0
-0.007839289837085369 0.03029283115610049 0
-0.006691834616004554 0.03030498376279141 0
-0.007066858059146894 0.03030498376279141 0
-0.001247039515464189 0.03041763371361218 0
-0.001747070772987309 0.03041763371361218 0
-0.005028551963236878 0.03461696961247209 0
-0.008949886389036963 0.03298796382034683 0
-0.01214985086808853 0.03348644049516245 0
-0.01214985086808853 0.03391566785516446 0
-0.009620145911238113 0.03032344077346579 0
-0.009995169354380454 0.03032344077346579 0
-0.00896298749036737 0.03160034469308439 0
-0.005967125336255426 0.0322531486274205 0
-0.006190327064154102 0.03259944885621385 0
-0.003309113992416243 0.03224095711385015 0
-0.003756693787181068 0.03224633047854455 0
-0.005545615389933187 0.03032513609049678 0
-0.01038523842815713 0.03031762959074333 0
-0.01076026187129947 0.03031762959074333 0
-0.0017002669197241 0.03464041210807463 0
-0.001219497688954867 0.03464041210807463 0
-0.005755375831749541 0.03190575276840495 0
-0.005552475358616387 0.03225537587981915 0
-0.01031121670394259 0.03126140547405939 0
-0.003996063132489516 0.0318949918030286 0
-0.004218363742388542 0.03225773485606852 0
-0.008012433681400227 0.03052637900794388 0
-0.004434016508007233 0.03260592560182583 0
-0.004673385853315682 0.03225458692630988 0
-0.01177812907032745 0.03327182681516143 0
-0.005116907601809721 0.03298515336216755 0
-0.005554500723903671 0.03298515039555131 0
-0.005326631741028322 0.03260277470545095 0
-0.008524312169117518 0.03298773471366127 0
-0.0068329432053759 0.03296463355290204 0
-0.007259020432534673 0.0329648347777808 0
-0.004899229470903746 0.03190718810067809 0
-0.005114882236522437 0.0322553788464354 0
-0.01183422576758583 0.03157569377194334 0
-0.006505391820994502 0.03062331233973908 0
-0.007281452657082695 0.0305978149188919 0
-0.003557617129406888 0.03460194753245926 0
-0.005734630052452207 0.03064346466744445 0
-0.003076847898637655 0.03460194753245926 0
-0.004226561096088437 0.03297567576519095 0
-0.001409363798397077 0.03358630890012711 0
-0.001793854962087089 0.03330355834319987 0
-0.001926314027749524 0.03426436101805567 0
-0.007681159803675395 0.0329581139179847 0
-0.008106944252490688 0.03296058547691112 0
-0.00399664233813102 0.03071655247042567 0
-0.0117100913565903 0.03469610653583388 0
-0.01147608188683787 0.03426097135983881 0
-0.01184993822032033 0.03027095152308198 0
-0.01222496166346267 0.03027095152308198 0
-0.01222496166346267 0.03063002604451306 0
-0.006760665238873159 0.03157383524581316 0
-0.006352261833658183 0.0315793628243447 0
-0.0003533286488105088 0.03464778206039792 0
-0.0003533286488105088 0.03414778206039792 0
-0.005984601217417051 0.03290807098566721 0
-0.006410703418448881 0.03290474810304635 0
-0.0008340978795797396 0.03464778206039792 0
-0.00308670923908167 0.03184702134998538 0
-0.002861430054215871 0.03220439103833091 0
-0.0003669149445368614 0.03036690662374144 0
-0.0008669462020599802 0.03036690662374144 0
-0.0003669149445368614 0.03086690662374144 0
-0.001668335691438971 0.03397274893777914 0
-0.001218485023329377 0.03389438417849722 0
-0.004681583207015576 0.0329725278354323 0
-0.01114949905250672 0.03034721316118309 0
-0.002490004938991635 0.03294245356590515 0
-0.002046618840579962 0.03273229648801812 0
-0.002171881556079179 0.03315260010487775 0
-0.01219086058735953 0.03469610653583388 0
-0.01152452249564906 0.03034721316118309 0
-0.008547885969749109 0.0302335478518434 0
-0.008172862526606768 0.0302335478518434 0
-0.006954753652425314 0.03124182651433006 0
-0.002817610590036493 0.03109144063982095 0
-0.00332698068020511 0.03100809878896328 0
-0.01219086058735953 0.03426687917583186 0
-0.01109243202967221 0.03288535370312099 0
-0.01148366427486281 0.03306902489800713 0
-0.01114060737210223 0.03370695812201711 0
-0.01084293172431244 0.0333166163930655 0
-0.009803311646404359 0.03156031163050819 0
-0.009387967995388437 0.03157697109175244 0
-0.002849551231020648 0.03298054199248023 0
-0.01191283828459137 0.03084648622782048 0
-0.00554481614333193 0.0309590184999118 0
-0.005936925410582166 0.0309522109863627 0
-0.01021269921913083 0.03155660518424432 0
-0.002237241060498761 0.03351371542108691 0
-0.01184071145544806 0.03404100175100037 0
-0.01143507216756687 0.03390976003917141 0
-0.01150523694071242 0.03348698851317868 0
-0.005958568655425235 0.03158564516741817 0
-0.005543918677786196 0.03158787241981682 0
-0.006330618588815114 0.03094592864328922 0
-0.006709271090107172 0.03093258382913296 0
-0.0008330852139542492 0.03390175413082051 0
-0.007129526884604701 0.03091921021077992 0
-0.005131131603308231 0.03096510767249018 0
-0.005333426961438191 0.03127385399140842 0
-0.002724288515521431 0.0325602383756206 0
-0.001113923202477931 0.03078454033735361 0
-0.005130234137762497 0.0315939615923952 0
-0.004688737754555741 0.03159316967226969 0
-0.0044601858510305 0.03129174718382199 0
-0.004229181184171748 0.03160497369210487 0
-0.002060915060182204 0.03220945870392792 0
-0.0007893950474040633 0.03112010878258818 0
-0.004697065314861849 0.03100682613157543 0
-0.004237508744477855 0.03101863015141062 0
-0.001092057106996143 0.03428819416847254 0
-0.006140804679694837 0.03126148247575657 0
-0.003767511228964275 0.0315935693145809 0
-0.003567847086551947 0.03131017646994824 0
-0.003334729034869715 0.03160019458087196 0
-0.003759762874299671 0.03100147352267223 0
-0.002501883762186859 0.03216630261175583 0
-0.002887045096669343 0.03156362850535271 0
-0.01162450760225407 0.03061816468426507 0
-0.002117192802817225 0.03395628573968555 0
-0.01051278566931861 0.0315463249020092 0
2 29 0 301
5745
5746
5747
5748
5749
5750
5751
5752
5753
5754
5755
5756
5757
5758
5759
5760
5761
5762
5763
5764
5765
5766
5767
5768
5769
5770
5771
5772
5773
5774
5775
5776
5777
5778
5779
5780
5781
5782
5783
5784
5785
5786
5787
5788
5789
5790
5791
5792
5793
5794
5795
5796
5797
5798
5799
5800
5801
5802
5803
5804
5805
5806
5807
5808
5809
5810
5811
5812
5813
5814
5815
5816
5817
5818
5819
5820
5821
5822
5823
5824
5825
5826
5827
5828
5829
5830
5831
5832
5833
5834
5835
5836
5837
5838
5839
5840
5841
5842
5843
5844
5845
5846
5847
5848
5849
5850
5851
5852
5853
5854
5855
5856
5857
5858
5859
5860
5861
5862
5863
5864
5865
5866
5867
5868
5869
5870
5871
5872
5873
5874
5875
5876
5877
5878
5879
5880
5881
5882
5883
5884
5885
5886
5887
5888
5889
5890
5891
5892
5893
5894
5895
5896
5897
5898
5899
5900
5901
5902
5903
5904
5905
5906
5907
5908
5909
5910
5911
5912
5913
5914
5915
5916
5917
5918
5919
5920
5921
5922
5923
5924
5925
5926
5927
5928
5929
5930
5931
5932
5933
5934
5935
5936
5937
5938
5939
5940
5941
5942
5943
5944
5945
5946
5947
5948
5949
5950
5951
5952
5953
5954
5955
5956
5957
5958
5959
5960
5961
5962
5963
5964
5965
5966
5967
5968
5969
5970
5971
5972
5973
5974
5975
5976
5977
5978
5979
5980
5981
5982
5983
5984
5985
5986
5987
5988
5989
5990
5991
5992
5993
5994
5995
5996
5997
5998
5999
6000
6001
6002
6003
6004
6005
6006
6007
6008
6009
6010
6011
6012
6013
6014
6015
6016
6017
6018
6019
6020
6021
6022
6023
6024
6025
6026
6027
6028
6029
6030
6031
6032
6033
6034
6035
6036
6037
6038
6039
6040
6041
6042
6043
6044
6045
0.006249999999999993 0.03416728326559189 0
0.003372097253358125 0.03090365641484988 0
0.009125421081092048 0.03411884862171188 0
0.004326923076923072 0.03419884650658338 0
0.002455997456874163 0.03420590448629556 0
0.007273157763344293 0.03096246431405721 0
0.005298388120769981 0.03080146049592873 0
0.01011124074878859 0.03080371715285292 0
0.0008564802051969408 0.03251122030031173 0
0.01164357989029658 0.03248867714151345 0
0.001453864183327188 0.03071916034556678 0
0.01104634674198523 0.03428055206081038 0
0.0115429680428672 0.03148085892363982 0
0.0107229953680303 0.03207112945587876 0
0.01074985060945693 0.03293391294398455 0
0.009911816764963166 0.03251462057333201 0
0.00992976132384959 0.03341418541962 0
0.009097917301800169 0.03297086983889029 0
0.009054395988195369 0.03202803781719989 0
0.008237703530007167 0.03254262421307307 0
0.008247864221702893 0.03351426272002705 0
0.007441328171496524 0.03305327575665723 0
0.007375085020785372 0.03207161767517531 0
0.006588313892104014 0.03259782261310959 0
0.008188246926603627 0.03155280115603577 0
0.006516666794614543 0.03165955420534361 0
0.005739796676934856 0.03222235266488231 0
0.005755942470227997 0.03326591074453979 0
0.004843257663194015 0.03273641171281137 0
0.009072206804659453 0.03097834796399539 0
0.004884833443515231 0.03169595072000023 0
0.004062433669595639 0.03229848448557207 0
0.007319312133159982 0.03408062567452615 0
0.0007949769201677868 0.03349545975170467 0
0.001602834183735622 0.03303737640839821 0
0.001721897543863656 0.03208365622350432 0
0.002544505896365885 0.0325478536827038 0
0.00256187076985093 0.03154803711880851 0
0.005286246821961072 0.0341926644156413 0
0.003374076499222613 0.03418622288986071 0
0.00394992877898599 0.03328843768270755 0
0.004392960398474237 0.03082520321821791 0
0.0009475820311162734 0.03148149334253613 0
0.01154860150116959 0.03352086059650637 0
0.002979223310552638 0.03340463424921732 0
0.001522126448724283 0.03407352626701564 0
0.01102067305285921 0.03072496012491807 0
0.006234512999851487 0.03080058398929151 0
0.01012288191604694 0.03426954309887111 0
0.002389802734584853 0.03071599214969946 0
0.003364292524144538 0.03186062592337493 0
0.009866460793972002 0.03164643367611276 0
0.006699838692766644 0.03345433271778141 0
0.008175131312416432 0.03069542984325581 0
0.003361280542719413 0.03269089143446545 0
0.004832459762258429 0.03353645421245668 0
0.00820775025642175 0.03434274740325302 0
0.005781696520023708 0.03142567532379635 0
0.01179338231945064 0.0307041465906589 0
0.000716132815468752 0.03427368886086585 0
0.01180918304570139 0.03430985569687484 0
0.0006906292438445365 0.03069025188045856 0
0.004015323457817554 0.03151678415240301 0
0.002220937459250518 0.03345385901872611 0
0.01065286760130346 0.03134541986668046 0
0.01065603696739587 0.03367437123492074 0
0.001858523661378568 0.0313287005507611 0
0.00773070234497396 0.03125763273504649 0
0.007781665973694498 0.03181220941560554 0
0.007324121392064832 0.03151704099461625 0
0.006945875907699957 0.03186558594025946 0
0.006894912278979417 0.03131100925970041 0
0.006784656066579987 0.03412395447005902 0
0.007025040681964603 0.03454031283726307 0
0.006490384615384608 0.03458364163279595 0
0.004396593221090003 0.03301242469775946 0
0.004006181224290814 0.03279346108413981 0
0.004452845666394827 0.03251744809919172 0
0.00959172377672402 0.03089103255842416 0
0.009343795710022031 0.0304891739819977 0
0.009863312682086596 0.03040185857642646 0
0.00868664265139747 0.03381655567086947 0
0.008672890761751532 0.03324256627945867 0
0.009111669191446108 0.03354485923030109 0
0.008863026479252798 0.0304891739819977 0
0.00951383931282488 0.03319252762925515 0
0.00952759120247082 0.03376651702066594 0
0.005768123410980533 0.03417997384061659 0
0.005521094646094534 0.03372928758009054 0
0.006002971235113995 0.03371659700506584 0
0.007505809912733833 0.03454031283726307 0
0.004837858712726222 0.03313643296263402 0
0.00439119427062221 0.03341244594758212 0
0.001562480316229953 0.03355545133770692 0
0.001158551684446035 0.03378449300936015 0
0.001198905551951705 0.03326641808005144 0
0.007844596196599709 0.03328376923834214 0
0.007839515850751846 0.03279794998486515 0
0.008242783875855031 0.03302844346655006 0
0.00191188582149307 0.03324561771356216 0
0.0018715319539874 0.03376369264287087 0
0.008667810415903669 0.03275674702598168 0
0.007724144537880362 0.03082894707865651 0
0.008181689119510029 0.03112411549964579 0
0.002963081646997734 0.03170433152109172 0
0.002954399210255212 0.03220423980303937 0
0.002553188333108408 0.03204794540075616 0
0.003362786533431976 0.03227575867892019 0
0.002952893219542649 0.03261937255858462 0
0.004638896920994734 0.03126057696910907 0
0.004845674259622109 0.03081333185707332 0
0.005091610782142606 0.03124870560796448 0
0.006474919346383319 0.03381080799168665 0
0.007009575412963313 0.03376747919615378 0
0.00505935329210975 0.03386455931404899 0
0.005294201116243213 0.03340118247849824 0
0.009988850771380293 0.03122507541448284 0
0.009469333799315728 0.03131239082005408 0
0.00863022686563154 0.03126557456001558 0
0.009063301396427411 0.03150319289059764 0
0.008621321457399498 0.03179041948661783 0
0.006227890581497321 0.0333601217311606 0
0.006375589897233015 0.03123006909731756 0
0.00675383538159789 0.03088152415167436 0
0.008212975228305396 0.03204771268455442 0
0.008646049759101267 0.03228533101513648 0
0.007783588177431438 0.0337974441972766 0
0.007380320152328253 0.03356695071559169 0
0.007408206596140948 0.03256244671591627 0
0.00780639427539627 0.03230712094412419 0
0.01002632161994827 0.03384186425924556 0
0.009624151498569496 0.0341941958602915 0
0.009460428391083686 0.03183723574665633 0
0.002475836752217892 0.03113201463425399 0
0.002880949993971489 0.03080982428227467 0
0.002966984011604527 0.0312258467668292 0
0.01118328762916344 0.0322799032986961 0
0.01113298170544875 0.03177599418975929 0
0.01159327396658189 0.03198476803257664 0
0.001229657194466282 0.03277429835435497 0
0.0008257285626823638 0.0330033400260082 0
0.01033083368721005 0.03272426675865828 0
0.01031740606649673 0.03229287501460538 0
0.01073642298874361 0.03250252119993165 0
0.01119671524987676 0.032711295042749 0
0.001289188874530298 0.03229743826190803 0
0.001662365863799638 0.03256051631595126 0
0.00213320172011477 0.03231575495310406 0
0.002073670040050754 0.032792615045551 0
0.0003974884600838934 0.03324772987585233 0
0.0004282401025984704 0.03275561015015586 0
0.0120214840214336 0.03174042946181991 0
0.01207178994514829 0.03224433857075673 0
0.007014821031800269 0.03282554918488341 0
0.006981699456444693 0.03233472014414245 0
0.008623669058537942 0.0308368889036256 0
0.008414488733131288 0.03034771492162791 0
0.01033980596665326 0.03317404918180228 0
0.009920789044406377 0.03296440299647601 0
0.0004282401025984704 0.03225561015015586 0
0.01207178994514829 0.03274433857075673 0
0.002141884156857293 0.03181584667115642 0
0.009504867033381667 0.03274274520611115 0
0.0120214840214336 0.03124042946181991 0
0.0003974884600838934 0.03374772987585233 0
0.009076156644997769 0.03249945382804509 0
0.009483106376579268 0.03227132919526595 0
0.006552490343359278 0.0321286884092266 0
0.006164055284519435 0.03241008763899595 0
0.006128231735774699 0.03194095343511296 0
0.006172128181166006 0.03293186667882469 0
0.005747869573581426 0.03274413170471105 0
0.005299600066711006 0.03300116122867558 0
0.005291527170064435 0.03247938218884684 0
0.004864045553354623 0.0322161812164058 0
0.005312315060225043 0.03195915169244128 0
0.004473633556555435 0.03199721760278616 0
0.005527738795595917 0.03459633220782065 0
0.006009615384615377 0.03458364163279595 0
0.003610115172688227 0.03459311144493035 0
0.003850499788072843 0.03419253469822205 0
0.004086538461538457 0.03459942325329169 0
0.004600326353083269 0.03041260160910896 0
0.005053040214231141 0.03040073024796437 0
0.008889633617469096 0.03455942431085594 0
0.009370402848238328 0.03455942431085594 0
0.004119557122314038 0.03041260160910896 0
0.004567307692307687 0.03459942325329169 0
0.004806584949442072 0.03419575546111234 0
0.005046969564826687 0.03459633220782065 0
0.01034408191285583 0.03040185857642646 0
0.005533809445000372 0.03040073024796437 0
0.003609125549755983 0.03045182820742494 0
0.003128356318986753 0.03045182820742494 0
0.003129345941918997 0.03459311144493035 0
0.002189537189975542 0.03460295224314779 0
0.002670306420744772 0.03460295224314779 0
0.002915036978048388 0.03419606368807813 0
0.007482732727825988 0.0304812321570286 0
0.007001963497056758 0.0304812321570286 0
0.003882528825916181 0.03086442981653389 0
0.003662002639104302 0.03373733028628413 0
0.004138425927954531 0.03374364209464547 0
0.001688470553202055 0.03035958017278339 0
0.001207701322432824 0.03035958017278339 0
0.01081163490945415 0.0346402760304052 0
0.01129240414022338 0.0346402760304052 0
0.01159609069573309 0.03300476886900992 0
0.01114922605531326 0.03322738677024546 0
0.0009020311181566071 0.03199635682142393 0
0.001334739787489964 0.03178257478302023 0
0.001403052846247421 0.03140509694664861 0
0.001790210602621111 0.03170617838713271 0
0.01110231923428273 0.03359761591571356 0
0.0107029437884264 0.03330414208945264 0
0.0120243007505848 0.03376043029825319 0
0.0120243007505848 0.03326043029825319 0
0.0004737910155581367 0.03124074667126807 0
0.0004737910155581367 0.03174074667126806 0
0.003368194888751331 0.03138214116911241 0
0.003176649904887625 0.03379542856953902 0
0.003464576044769314 0.03334653596596243 0
0.006001871884541125 0.03040029199464575 0
0.005766450560310734 0.03080102224261012 0
0.006482641115310355 0.03040029199464575 0
0.004204141928145895 0.03117099368531046 0
0.003693710355587839 0.03121022028362644 0
0.005540042320396845 0.03111356790986254 0
0.00533326498176947 0.0315608130218983 0
0.008666585668756898 0.03423079801248245 0
0.008227807239062322 0.03392850506164004 0
0.001241832455131372 0.03453676313350782 0
0.001722601685900603 0.03453676313350782 0
0.01127956729566037 0.03036248006245904 0
0.01079879806489114 0.03036248006245904 0
0.01068793148466688 0.03170827466127961 0
0.01109791782208533 0.03141313939516014 0
0.001656193922352878 0.03102393044816394 0
0.001200723107221731 0.03110032684405145 0
0.01085119185469055 0.03397746164786557 0
0.01129747412157741 0.03390070632865838 0
0.0027176103837134 0.03380526936775644 0
0.0105659569008239 0.0307643386388855 0
0.001989061952799223 0.0341397153766556 0
0.009889138779467583 0.03208052712472238 0
0.01029472808100115 0.03185878156599576 0
0.004450078450666393 0.03160636743620162 0
0.002382721677808201 0.03300085635071495 0
0.009869133265715776 0.03463477154943556 0
0.002637209059600117 0.03035799607484973 0
0.007933719502362057 0.03034771492162791 0
0.01083677032708133 0.03103518999579927 0
0.0112818205478632 0.03110290952427894 0
0.006644076292435329 0.0330260776654455 0
0.01034990249648501 0.03463477154943556 0
0.01058461432901609 0.03427504757984075 0
0.002156439828830887 0.03035799607484973 0
0.00192183345895602 0.03071757624763312 0
0.003689807990981046 0.03168870503788897 0
0.01214669115972532 0.03085207329532945 0
0.01214669115972532 0.03035207329532945 0
0.0003580664077343764 0.03413684443043292 0
0.0003580664077343764 0.03463684443043293 0
0.0008388356385036055 0.03463684443043293 0
0.01166592192895609 0.03035207329532945 0
0.004579691419590751 0.03386765035952003 0
0.002600080384901578 0.03342924663397171 0
0.002761864603459261 0.03297624396596056 0
0.008430798205133948 0.03467137370162651 0
0.003655604660852701 0.0329896645585865 0
0.003711857106157526 0.03249468796001876 0
0.005760746598479282 0.03182401399433933 0
0.0121545915228507 0.03465492784843742 0
0.0121545915228507 0.03415492784843742 0
0.0003453146219222682 0.03034512594022928 0
0.0003453146219222682 0.03084512594022928 0
0.007070583432131584 0.03325380423721932 0
0.01167382229208147 0.03465492784843742 0
0.0008260838526914982 0.03034512594022928 0
0.003713363096870089 0.0320795552044735 0
0.007763531194790865 0.03421168653888958 0
0.007950028974364717 0.03467137370162651 0
0.00233846745806234 0.03382988175251084 0
0.003170251926636026 0.03304776284184138 0
0.01167889227343549 0.0339153581466906 0
0.0008191056374804049 0.03108587261149734 0
0.006008104759937597 0.03111312965654393 0
0.01166817518115892 0.03109250275714936 0
0.0007555548678182689 0.03388457430628525 0
0.006149181657319125 0.03154261476456998 0
0.01142776489384331 0.03429520387884261 0
0.001072246713585862 0.03070470611301267 0
0.01038945944172141 0.03397195716689593 0
0.002124163197981711 0.03102234635023027 0
0.01025966419763773 0.03149592677139661 0
0.004038878563706596 0.03190763431898753 0
0.01140702768615492 0.03071455335778848 0
0.001119129632096517 0.03417360756394074 0
0.002210197215614749 0.03143836883478481 0
0.01029289914562273 0.03354427832727037 0
0.01038205417504602 0.03107456850976669 0
$EndNodes
$Elements
14 2982 1 2982
0 2 15 1
1 2 
0 13 15 1
2 11 
1 1 8 13
3 1 21 33 
4 21 22 34 
5 22 23 35 
6 23 24 36 
7 24 25 37 
8 25 26 38 
9 26 27 39 
10 27 28 40 
11 28 29 41 
12 29 30 42 
13 30 31 43 
14 31 32 44 
15 32 2 45 
1 5 8 13
16 2 89 101 
17 89 90 102 
18 90 91 103 
19 91 92 104 
20 92 93 105 
21 93 94 106 
22 94 95 107 
23 95 96 108 
24 96 97 109 
25 97 98 110 
26 98 99 111 
27 99 100 112 
28 100 5 113 
1 19 8 13
29 11 267 279 
30 267 268 280 
31 268 269 281 
32 269 270 282 
33 270 271 283 
34 271 272 284 
35 272 273 285 
36 273 274 286 
37 274 275 287 
38 275 276 288 
39 276 277 289 
40 277 278 290 
41 278 12 291 
1 22 8 13
42 13 312 324 
43 312 313 325 
44 313 314 326 
45 314 315 327 
46 315 316 328 
47 316 317 329 
48 317 318 330 
49 318 319 331 
50 319 320 332 
51 320 321 333 
52 321 322 334 
53 322 323 335 
54 323 11 336 
2 1 9 172
55 626 627 609 675 676 677 
56 608 636 635 678 679 680 
57 639 647 606 681 682 683 
58 623 626 607 684 685 686 
59 622 623 607 687 686 688 
60 624 658 642 689 690 691 
61 635 654 608 692 693 680 
62 627 628 609 694 695 676 
63 631 665 60 696 697 698 
64 60 657 631 699 700 698 
65 609 659 626 701 702 677 
66 625 627 626 703 675 704 
67 606 668 639 705 706 683 
68 625 626 623 704 684 707 
69 610 665 632 708 709 710 
70 642 661 624 711 712 691 
71 608 660 636 713 714 678 
72 632 656 610 715 716 710 
73 647 653 606 717 718 682 
74 627 629 628 719 720 694 
75 642 658 612 690 721 722 
76 632 665 631 709 696 723 
77 648 652 616 724 725 726 
78 618 619 614 727 728 729 
79 607 655 622 730 731 688 
80 82 618 614 732 729 733 
81 48 640 615 734 735 736 
82 619 620 614 737 738 728 
83 640 641 615 739 740 735 
84 619 621 620 741 742 737 
85 629 630 628 743 744 720 
86 648 670 652 745 746 724 
87 49 640 48 747 734 53 
88 83 618 82 748 732 87 
89 82 614 81 733 749 86 
90 48 615 47 736 750 52 
91 621 622 620 751 752 742 
92 621 623 622 753 687 751 
93 624 625 623 754 707 755 
94 630 631 628 756 757 744 
95 621 624 623 758 755 753 
96 630 632 631 759 723 756 
97 630 633 632 760 761 759 
98 633 634 632 762 763 761 
99 633 635 634 764 765 762 
100 633 639 635 766 767 764 
101 23 642 612 768 722 769 
102 57 643 613 770 771 772 
103 64 607 63 773 774 76 
104 24 642 23 775 768 36 
105 26 644 25 776 777 38 
106 62 609 61 778 779 74 
107 27 606 26 780 781 39 
108 57 613 56 772 782 69 
109 58 643 57 783 770 70 
110 606 644 26 784 776 781 
111 30 608 29 785 786 42 
112 25 644 611 777 787 788 
113 25 611 24 788 789 37 
114 59 610 58 790 791 71 
115 610 643 58 792 783 791 
116 23 612 22 769 793 35 
117 611 642 24 794 775 789 
118 629 647 630 795 796 743 
119 644 645 611 797 798 787 
120 636 637 634 799 800 801 
121 630 647 633 796 802 760 
122 635 636 634 679 801 765 
123 31 646 30 803 804 43 
124 30 646 608 804 805 785 
125 633 647 639 802 681 766 
126 32 616 31 806 807 44 
127 66 617 65 808 809 78 
128 636 638 637 810 811 799 
129 620 649 614 812 813 738 
130 616 646 31 814 803 807 
131 620 674 649 815 816 812 
132 47 648 46 817 818 51 
133 81 649 80 819 820 85 
134 639 654 635 821 692 767 
135 626 659 607 702 822 685 
136 22 650 21 823 824 34 
137 56 651 55 825 826 68 
138 608 654 29 693 827 786 
139 618 672 619 828 829 727 
140 649 674 617 816 830 831 
141 644 653 645 832 833 797 
142 640 673 641 834 835 739 
143 614 649 81 813 819 749 
144 615 648 47 836 817 750 
145 613 651 56 837 825 782 
146 612 650 22 838 823 793 
147 619 658 621 839 840 741 
148 634 656 632 841 715 763 
149 64 655 607 842 730 773 
150 617 655 65 843 844 809 
151 1 662 83 845 846 88 
152 3 663 49 847 848 54 
153 628 657 609 849 850 695 
154 55 663 3 851 847 67 
155 21 662 1 852 845 33 
156 650 672 618 853 828 854 
157 651 673 640 855 834 856 
158 616 652 646 725 857 814 
159 606 653 644 718 832 784 
160 625 661 645 858 859 860 
161 62 659 609 861 701 778 
162 607 659 63 822 862 774 
163 611 661 642 863 711 794 
164 29 654 28 827 864 41 
165 629 653 647 865 717 795 
166 60 665 59 697 866 72 
167 27 668 606 867 705 780 
168 639 668 654 706 868 821 
169 646 660 608 869 713 805 
170 610 656 643 716 870 792 
171 80 667 4 871 872 84 
172 46 666 2 873 874 50 
173 4 667 66 872 875 79 
174 2 666 32 874 876 45 
175 61 657 60 877 699 73 
176 609 657 61 850 877 779 
177 624 661 625 712 858 754 
178 615 670 648 878 745 836 
179 653 669 645 879 880 833 
180 625 669 627 881 882 703 
181 645 669 625 880 881 860 
182 637 656 634 883 841 800 
183 65 655 64 844 842 77 
184 671 673 613 884 885 886 
185 631 657 628 700 849 757 
186 621 658 624 840 689 758 
187 664 673 671 887 884 888 
188 654 668 28 868 889 864 
189 656 671 643 890 891 870 
190 629 669 653 892 879 865 
191 638 670 641 893 894 895 
192 648 666 46 896 873 818 
193 649 667 80 897 871 820 
194 636 660 638 714 898 810 
195 637 671 656 899 890 883 
196 63 659 62 862 861 75 
197 645 661 611 859 863 798 
198 641 664 638 900 901 895 
199 49 663 640 848 902 747 
200 83 662 618 846 903 748 
201 627 669 629 882 892 719 
202 617 674 655 830 904 843 
203 616 666 648 905 896 726 
204 617 667 649 906 897 831 
205 619 672 658 829 907 839 
206 652 670 638 746 893 908 
207 643 671 613 891 886 771 
208 638 664 637 901 909 811 
209 59 665 610 866 708 790 
210 641 670 615 894 878 740 
211 28 668 27 889 867 40 
212 651 663 55 910 851 826 
213 650 662 21 911 852 824 
214 32 666 616 876 905 806 
215 66 667 617 875 906 808 
216 638 660 652 898 912 908 
217 622 674 620 913 815 752 
218 652 660 646 912 869 857 
219 618 662 650 903 911 854 
220 640 663 651 902 910 856 
221 612 672 650 914 853 838 
222 613 673 651 885 855 837 
223 655 674 622 904 913 731 
224 658 672 612 907 914 721 
225 641 673 664 835 887 900 
226 664 671 637 888 899 909 
2 5 9 199
227 919 970 959 996 997 998 
228 959 972 919 999 1000 998 
229 954 981 937 1001 1002 1003 
230 918 981 954 1004 1001 1005 
231 957 974 955 1006 1007 1008 
232 946 976 973 1009 1010 1011 
233 973 976 924 1010 1012 1013 
234 922 969 946 1014 1015 1016 
235 922 967 947 1017 1018 1019 
236 946 973 922 1011 1020 1016 
237 927 957 955 1021 1008 1022 
238 955 974 943 1007 1023 1024 
239 975 992 974 1025 1026 1027 
240 947 969 922 1028 1014 1019 
241 923 992 975 1029 1025 1030 
242 982 983 964 1031 1032 1033 
243 915 982 964 1034 1033 1035 
244 959 970 958 997 1036 1037 
245 967 968 947 1038 1039 1018 
246 954 982 915 1040 1034 1041 
247 921 968 967 1042 1038 1043 
248 977 978 925 1044 1045 1046 
249 95 967 922 1047 1017 1048 
250 915 984 954 1049 1050 1041 
251 929 963 921 1051 1052 1053 
252 100 953 99 1054 1055 112 
253 952 978 977 1056 1044 1057 
254 920 930 929 1058 1059 1060 
255 952 977 924 1057 1061 1062 
256 928 975 974 1063 1027 1064 
257 924 976 952 1012 1065 1062 
258 118 928 117 1066 1067 123 
259 920 929 98 1060 1068 1069 
260 919 956 136 1070 1071 1072 
261 135 917 134 1073 1074 149 
262 932 934 933 1075 1076 1077 
263 931 932 930 1078 1079 1080 
264 920 931 930 1081 1080 1058 
265 935 954 937 1082 1003 1083 
266 934 935 933 1084 1085 1076 
267 932 933 930 1077 1086 1079 
268 963 968 921 1087 1042 1052 
269 932 943 934 1088 1089 1075 
270 97 929 921 1090 1053 1091 
271 99 953 920 1055 1092 1093 
272 937 981 939 1002 1094 1095 
273 99 920 98 1093 1069 111 
274 97 921 96 1091 1096 109 
275 95 922 94 1048 1097 107 
276 116 957 927 1098 1021 1099 
277 46 961 47 1100 1101 51 
278 98 929 97 1068 1090 110 
279 964 983 923 1032 1102 1103 
280 935 937 936 1083 1104 1105 
281 930 963 929 1106 1051 1059 
282 937 939 938 1095 1107 1108 
283 926 960 959 1109 1110 1111 
284 926 959 958 1111 1037 1112 
285 931 955 932 1113 1114 1078 
286 47 926 48 1115 1116 52 
287 93 924 92 1117 1118 105 
288 926 958 48 1112 1119 1116 
289 137 919 136 1120 1072 151 
290 47 961 926 1101 1121 1115 
291 48 958 49 1119 1122 53 
292 926 961 960 1121 1123 1109 
293 917 962 134 1124 1125 1074 
294 920 953 931 1092 1126 1081 
295 136 956 135 1071 1127 150 
296 939 941 940 1128 1129 1130 
297 91 925 90 1131 1132 103 
298 935 936 933 1105 1133 1085 
299 932 955 943 1114 1024 1088 
300 922 973 94 1020 1134 1097 
301 117 957 116 1135 1098 122 
302 937 938 936 1108 1136 1104 
303 116 927 115 1099 1137 121 
304 951 952 949 1138 1139 1140 
305 939 940 938 1130 1141 1107 
306 96 967 95 1142 1047 108 
307 133 916 132 1143 1144 147 
308 129 915 128 1145 1146 143 
309 131 918 130 1147 1148 145 
310 132 965 131 1149 1150 146 
311 138 970 137 1151 1152 152 
312 93 973 924 1153 1013 1117 
313 933 963 930 1154 1106 1086 
314 115 966 114 1155 1156 120 
315 128 964 127 1157 1158 142 
316 935 982 954 1159 1040 1082 
317 941 942 940 1160 1161 1129 
318 950 951 949 1162 1140 1163 
319 134 962 133 1125 1164 148 
320 127 923 126 1165 1166 141 
321 90 971 89 1167 1168 102 
322 941 944 942 1169 1170 1160 
323 983 992 923 1171 1029 1102 
324 948 950 949 1172 1163 1173 
325 921 967 96 1043 1142 1096 
326 954 984 918 1050 1174 1005 
327 948 949 945 1173 1175 1176 
328 927 966 115 1177 1155 1137 
329 945 946 942 1178 1179 1180 
330 936 963 933 1181 1154 1133 
331 940 947 938 1182 1183 1141 
332 944 948 945 1184 1176 1185 
333 928 957 117 1186 1135 1067 
334 916 965 132 1187 1149 1144 
335 131 965 918 1150 1188 1147 
336 924 977 92 1061 1189 1118 
337 944 945 942 1185 1180 1170 
338 915 964 128 1035 1157 1146 
339 137 970 919 1152 996 1120 
340 133 962 916 1164 1190 1143 
341 91 977 925 1191 1046 1131 
342 127 964 923 1158 1103 1165 
343 952 976 949 1065 1192 1139 
344 961 994 960 1193 1194 1123 
345 925 971 90 1195 1167 1132 
346 938 968 936 1196 1197 1136 
347 135 956 917 1127 1198 1073 
348 100 991 953 1199 1200 1054 
349 125 990 6 1201 1202 139 
350 6 990 118 1202 1203 124 
351 939 979 941 1204 1205 1128 
352 2 987 46 1206 1207 50 
353 942 969 940 1208 1209 1161 
354 946 969 942 1015 1208 1179 
355 947 968 938 1039 1196 1183 
356 89 987 2 1210 1206 101 
357 936 968 963 1197 1087 1181 
358 940 969 947 1209 1028 1182 
359 950 972 951 1211 1212 1162 
360 94 973 93 1134 1153 106 
361 3 988 138 1213 1214 153 
362 49 988 3 1215 1213 54 
363 971 994 961 1216 1193 1217 
364 928 974 957 1064 1006 1186 
365 945 976 946 1218 1009 1178 
366 923 975 126 1030 1219 1166 
367 978 989 960 1220 1221 1222 
368 5 991 100 1223 1199 113 
369 126 975 125 1219 1224 140 
370 949 976 945 1192 1218 1175 
371 129 984 915 1225 1049 1145 
372 918 984 130 1174 1226 1148 
373 939 981 979 1094 1227 1204 
374 919 995 956 1228 1229 1070 
375 92 977 91 1189 1191 104 
376 114 991 5 1230 1223 119 
377 955 986 927 1231 1232 1022 
378 953 986 931 1233 1234 1126 
379 934 983 982 1235 1031 1236 
380 951 978 952 1237 1056 1138 
381 934 982 935 1236 1159 1084 
382 118 990 928 1203 1238 1066 
383 962 980 916 1239 1240 1190 
384 943 983 934 1241 1235 1089 
385 931 986 955 1234 1231 1113 
386 960 994 978 1194 1242 1222 
387 953 991 966 1200 1243 1244 
388 966 986 953 1245 1233 1244 
389 941 980 944 1246 1247 1169 
390 916 979 965 1248 1249 1187 
391 130 984 129 1226 1225 144 
392 46 987 961 1207 1250 1100 
393 965 981 918 1251 1004 1188 
394 962 985 980 1252 1253 1239 
395 951 989 978 1254 1220 1237 
396 138 988 970 1214 1255 1151 
397 979 981 965 1227 1251 1249 
398 944 985 948 1256 1257 1184 
399 985 993 948 1258 1259 1257 
400 960 989 959 1221 1260 1110 
401 958 988 49 1261 1215 1122 
402 917 985 962 1262 1252 1124 
403 917 993 985 1263 1258 1262 
404 971 987 89 1264 1210 1168 
405 916 980 979 1240 1265 1248 
406 970 988 958 1255 1261 1036 
407 927 986 966 1232 1245 1177 
408 980 985 944 1253 1256 1247 
409 948 993 950 1259 1266 1172 
410 966 991 114 1243 1230 1156 
411 961 987 971 1250 1264 1217 
412 993 995 950 1267 1268 1266 
413 956 995 993 1229 1267 1269 
414 956 993 917 1269 1263 1198 
415 972 989 951 1270 1254 1212 
416 979 980 941 1265 1246 1205 
417 959 989 972 1260 1270 999 
418 972 995 919 1271 1228 1000 
419 975 990 125 1272 1201 1224 
420 925 994 971 1273 1216 1195 
421 974 992 943 1026 1274 1023 
422 928 990 975 1238 1272 1063 
423 950 995 972 1268 1271 1211 
424 978 994 925 1242 1273 1045 
425 943 992 983 1274 1171 1241 
2 9 9 569
426 1323 1397 1395 1530 1531 1532 
427 1452 1484 1441 1533 1534 1535 
428 1426 1427 1385 1536 1537 1538 
429 1387 1461 338 1539 1540 1541 
430 1475 1509 1397 1542 1543 1544 
431 1462 1486 1277 1545 1546 1547 
432 1405 1489 1446 1548 1549 1550 
433 1316 1406 1311 1551 1552 1553 
434 1385 1520 1321 1554 1555 1556 
435 1304 1431 1306 1557 1558 1559 
436 1297 1521 389 1560 1561 1562 
437 1446 1489 1373 1549 1563 1564 
438 1462 1488 1377 1565 1566 1567 
439 1385 1432 1426 1568 1569 1538 
440 1377 1488 1404 1566 1570 1571 
441 1311 1406 1309 1552 1572 1573 
442 1399 1406 1316 1574 1551 1575 
443 1298 1407 1374 1576 1577 1578 
444 390 1297 389 1579 1562 402 
445 339 1387 338 1580 1541 351 
446 1293 1297 390 1581 1579 1582 
447 1344 1484 1452 1583 1533 1584 
448 1427 1520 1385 1585 1554 1537 
449 1323 1475 1397 1586 1544 1530 
450 1377 1486 1462 1587 1545 1567 
451 1398 1438 1421 1588 1589 1590 
452 1321 1487 1385 1591 1592 1556 
453 15 1293 390 1593 1582 403 
454 1323 1431 1304 1594 1557 1595 
455 1375 1497 1420 1596 1597 1598 
456 1421 1430 1398 1599 1600 1590 
457 1450 1491 1366 1601 1602 1603 
458 1420 1497 1278 1597 1604 1605 
459 1416 1493 1417 1606 1607 1608 
460 389 1521 1280 1561 1609 1610 
461 1395 1431 1323 1611 1594 1532 
462 1417 1493 1490 1607 1612 1613 
463 1421 1438 1276 1589 1614 1615 
464 1435 1491 1450 1616 1601 1617 
465 1282 1479 1417 1618 1619 1620 
466 1417 1490 1282 1613 1621 1620 
467 1316 1418 1399 1622 1623 1575 
468 1293 1407 1298 1624 1576 1625 
469 1279 1473 341 1626 1627 1628 
470 1408 1473 1279 1629 1626 1630 
471 1469 1523 1419 1631 1632 1633 
472 1370 1452 1440 1634 1635 1636 
473 1461 1528 1436 1637 1638 1639 
474 383 1382 1281 1640 1641 1642 
475 1275 1424 1423 1643 1644 1645 
476 1294 1477 1400 1646 1647 1648 
477 1305 1520 1502 1649 1650 1651 
478 1387 1528 1461 1652 1637 1539 
479 1275 1422 385 1653 1654 1655 
480 1283 1455 1403 1656 1657 1658 
481 1440 1486 1370 1659 1660 1636 
482 385 1422 384 1654 1661 397 
483 1275 1423 1422 1645 1662 1653 
484 1400 1477 1291 1647 1663 1664 
485 1287 1387 339 1665 1580 1666 
486 1430 1517 1398 1667 1668 1600 
487 1418 1464 1354 1669 1670 1671 
488 1400 1437 1294 1672 1673 1648 
489 1392 1402 1388 1674 1675 1676 
490 1407 1504 1374 1677 1678 1577 
491 1306 1431 1322 1558 1679 1680 
492 383 1281 382 1642 1681 395 
493 381 1405 1289 1682 1683 1684 
494 1382 1383 1281 1685 1686 1641 
495 1279 1493 1416 1687 1606 1688 
496 1441 1484 1443 1534 1689 1690 
497 1365 1432 1385 1691 1568 1692 
498 1416 1496 1279 1693 1694 1688 
499 1432 1474 1383 1695 1696 1697 
500 1419 1513 1469 1698 1699 1633 
501 1295 1476 1435 1700 1701 1702 
502 1321 1520 1305 1555 1649 1703 
503 1405 1446 1289 1550 1704 1683 
504 1316 1464 1418 1705 1669 1622 
505 340 1287 339 1706 1666 352 
506 1396 1470 1419 1707 1708 1709 
507 1277 1486 1440 1546 1659 1710 
508 1369 1522 1443 1711 1712 1713 
509 1322 1523 1469 1714 1631 1715 
510 1402 1528 1388 1716 1717 1675 
511 1443 1484 1369 1689 1718 1713 
512 1397 1398 1394 1719 1720 1721 
513 1476 1524 1435 1722 1723 1701 
514 384 1382 383 1724 1640 396 
515 1365 1474 1432 1725 1695 1691 
516 1478 1516 1468 1726 1727 1728 
517 1382 1384 1383 1729 1730 1685 
518 1384 1432 1383 1731 1697 1730 
519 1419 1470 1410 1708 1732 1733 
520 1404 1488 1285 1570 1734 1735 
521 1281 1489 1405 1736 1548 1737 
522 1428 1445 1425 1738 1739 1740 
523 1394 1401 1392 1741 1742 1743 
524 1393 1394 1392 1744 1743 1745 
525 1356 1418 1354 1746 1671 1747 
526 1403 1485 1283 1748 1749 1658 
527 1395 1397 1394 1531 1721 1750 
528 1390 1392 1388 1751 1676 1752 
529 1401 1402 1392 1753 1674 1742 
530 161 1420 1278 1754 1605 1755 
531 1287 1388 1387 1756 1757 1665 
532 1425 1445 1427 1739 1758 1759 
533 1363 1365 1364 1760 1761 1762 
534 1371 1448 1447 1763 1764 1765 
535 1397 1438 1398 1766 1588 1719 
536 1339 1444 1301 1767 1768 1769 
537 1365 1385 1368 1692 1770 1771 
538 384 1422 1382 1661 1772 1724 
539 1373 1474 1363 1773 1774 1775 
540 1296 1516 1478 1776 1726 1777 
541 1382 1422 1384 1772 1778 1729 
542 1363 1364 1361 1762 1779 1780 
543 1291 1512 1400 1781 1782 1664 
544 1398 1401 1394 1783 1741 1720 
545 158 1448 1283 1784 1785 1786 
546 1423 1426 1384 1787 1788 1789 
547 1424 1425 1423 1790 1791 1644 
548 1420 1499 1375 1792 1793 1598 
549 163 1434 1288 1794 1795 1796 
550 1441 1443 1442 1690 1797 1798 
551 1362 1363 1361 1799 1780 1800 
552 1390 1393 1392 1801 1745 1751 
553 1339 1445 1428 1802 1738 1803 
554 1356 1454 1418 1804 1805 1746 
555 1283 1501 1455 1806 1807 1656 
556 1365 1368 1364 1771 1808 1761 
557 1285 1503 1404 1809 1810 1735 
558 1342 1481 1458 1811 1812 1813 
559 1358 1454 1356 1814 1804 1815 
560 1415 1419 1410 1816 1733 1817 
561 1422 1423 1384 1662 1789 1778 
562 1288 1420 162 1818 1819 1820 
563 1362 1373 1363 1821 1775 1799 
564 1435 1450 1434 1617 1822 1823 
565 1471 1480 1372 1824 1825 1826 
566 1393 1395 1394 1827 1750 1744 
567 161 1278 160 1755 1828 173 
568 1439 1442 62 1829 1830 1831 
569 1441 1442 1439 1798 1829 1832 
570 1396 1431 1395 1833 1611 1834 
571 382 1405 381 1835 1682 394 
572 342 1279 341 1836 1628 354 
573 163 1288 162 1796 1820 175 
574 1352 1467 1350 1837 1838 1839 
575 1434 1450 1288 1822 1840 1795 
576 1458 1481 1376 1812 1841 1842 
577 1293 1298 1297 1625 1843 1581 
578 1295 1435 1434 1702 1823 1844 
579 1406 1519 1309 1845 1846 1572 
580 1418 1454 1399 1805 1847 1623 
581 159 1448 158 1848 1784 171 
582 1352 1480 1471 1849 1824 1850 
583 1366 1465 1450 1851 1852 1603 
584 1303 1339 1301 1853 1769 1854 
585 162 1420 161 1819 1754 174 
586 60 1277 61 1855 1856 73 
587 1295 1434 164 1844 1857 1858 
588 1277 1440 1439 1710 1859 1860 
589 1350 1466 1336 1861 1862 1863 
590 1424 1428 1425 1864 1740 1790 
591 1277 1439 61 1860 1865 1856 
592 1290 1478 1468 1866 1728 1867 
593 1360 1361 1358 1868 1869 1870 
594 164 1434 163 1857 1794 176 
595 1447 1448 159 1764 1848 1871 
596 341 1473 340 1627 1872 353 
597 1442 1443 1286 1797 1873 1874 
598 1278 1447 160 1875 1876 1828 
599 1319 1453 1326 1877 1878 1879 
600 1361 1454 1358 1880 1814 1869 
601 1355 1356 1354 1881 1747 1882 
602 1364 1454 1361 1883 1880 1779 
603 1354 1464 1327 1670 1884 1885 
604 1351 1352 1350 1886 1839 1887 
605 65 1449 1296 1888 1889 1890 
606 338 1461 337 1540 1891 350 
607 1301 1444 1299 1768 1892 1893 
608 1411 1415 1410 1894 1817 1895 
609 1440 1441 1439 1896 1832 1859 
610 381 1289 380 1684 1897 393 
611 165 1295 164 1898 1858 177 
612 62 1442 63 1830 1899 75 
613 1368 1406 1399 1900 1574 1901 
614 63 1442 1286 1899 1874 1902 
615 61 1439 62 1865 1831 74 
616 1352 1471 1467 1850 1903 1837 
617 1281 1405 382 1737 1835 1681 
618 1399 1454 1364 1847 1883 1904 
619 1385 1487 1368 1592 1905 1770 
620 1424 1429 1428 1906 1907 1864 
621 1286 1449 64 1908 1909 1910 
622 1346 1350 1336 1911 1863 1912 
623 65 1296 66 1890 1913 78 
624 158 1283 157 1786 1914 170 
625 63 1286 64 1902 1910 76 
626 1360 1362 1361 1915 1800 1868 
627 1331 1354 1327 1916 1885 1917 
628 1389 1390 1388 1918 1752 1919 
629 64 1449 65 1909 1888 77 
630 1440 1452 1441 1635 1535 1896 
631 345 1282 344 1920 1921 357 
632 57 1285 58 1922 1923 70 
633 1409 1410 1391 1924 1925 1926 
634 1355 1357 1356 1927 1928 1881 
635 156 1291 155 1929 1930 168 
636 1341 1457 1340 1931 1932 1933 
637 345 1451 1282 1934 1935 1920 
638 55 1294 56 1936 1937 68 
639 346 1451 345 1938 1934 358 
640 1319 1326 1324 1879 1939 1940 
641 1290 1451 346 1941 1938 1942 
642 347 1290 346 1943 1942 359 
643 1300 1301 1299 1944 1893 1945 
644 1298 1374 1300 1578 1946 1947 
645 1357 1358 1356 1948 1815 1928 
646 160 1447 159 1876 1871 172 
647 1351 1371 1352 1949 1950 1886 
648 1346 1351 1350 1951 1887 1911 
649 1340 1457 1345 1932 1952 1953 
650 1388 1528 1387 1717 1652 1757 
651 1332 1342 1337 1954 1955 1956 
652 1342 1370 1349 1957 1958 1959 
653 1390 1470 1393 1960 1961 1801 
654 1345 1386 1378 1962 1963 1964 
655 1411 1459 1415 1965 1966 1894 
656 1331 1355 1354 1967 1882 1916 
657 1398 1517 1401 1668 1968 1783 
658 1334 1341 1340 1969 1933 1970 
659 1437 1529 1294 1971 1972 1673 
660 1381 1437 1400 1973 1672 1974 
661 59 1462 60 1975 1976 72 
662 1393 1470 1396 1961 1707 1977 
663 1342 1349 1337 1959 1978 1955 
664 1298 1300 1299 1947 1945 1979 
665 1381 1400 1379 1974 1980 1981 
666 1338 1348 1347 1982 1983 1984 
667 59 1488 1462 1985 1565 1975 
668 1326 1456 1324 1986 1987 1939 
669 1310 1353 1312 1988 1989 1990 
670 1373 1489 1474 1563 1991 1773 
671 1343 1344 1335 1992 1993 1994 
672 1368 1399 1364 1901 1904 1808 
673 1348 1381 1379 1995 1981 1996 
674 60 1462 1277 1976 1547 1855 
675 1350 1467 1466 1838 1997 1861 
676 1379 1403 1347 1998 1999 2000 
677 1333 1336 1330 2001 2002 2003 
678 1338 1346 1336 2004 1912 2005 
679 389 1280 388 1610 2006 401 
680 1334 1456 1341 2007 2008 1969 
681 1314 1319 1317 2009 2010 2011 
682 1349 1367 1337 2012 2013 1978 
683 1349 1377 1367 2014 2015 2012 
684 1328 1331 1327 2016 1917 2017 
685 1348 1379 1347 1996 2000 1983 
686 1345 1378 1369 1964 2018 2019 
687 1338 1347 1346 1984 2020 2004 
688 1345 1457 1386 1952 2021 1962 
689 1332 1337 1333 1956 2022 2023 
690 1449 1522 1380 2024 2025 2026 
691 1410 1470 1391 1732 2027 1925 
692 1318 1327 1315 2028 2029 2030 
693 1333 1338 1336 2031 2005 2001 
694 1325 1376 1320 2032 2033 2034 
695 1459 1494 1415 2035 2036 1966 
696 363 1433 364 2037 2038 372 
697 1425 1426 1423 2039 1787 1791 
698 1377 1404 1367 1571 2040 2015 
699 1378 1380 1369 2041 2042 2018 
700 1409 1411 1410 2043 1895 1924 
701 1357 1359 1358 2044 2045 1948 
702 1307 1321 1305 2046 1703 2047 
703 1359 1360 1358 2048 1870 2045 
704 1322 1469 1308 1715 2049 2050 
705 1340 1345 1343 1953 2051 2052 
706 1345 1369 1343 2019 2053 2051 
707 1342 1458 1370 1813 2054 1957 
708 1314 1317 1315 2011 2055 2056 
709 1313 1316 1311 2057 1553 2058 
710 1360 1366 1362 2059 2060 1915 
711 1312 1314 1313 2061 2062 2063 
712 1357 1372 1359 2064 2065 2044 
713 1346 1455 1351 2066 2067 1951 
714 1380 1522 1369 2025 1711 2042 
715 1332 1333 1330 2023 2003 2068 
716 1314 1453 1319 2069 1877 2009 
717 1329 1332 1330 2070 2068 2071 
718 1413 1459 1411 2072 1965 2073 
719 1318 1329 1328 2074 2075 2076 
720 1340 1343 1335 2052 1994 2077 
721 1334 1335 1325 2078 2079 2080 
722 1319 1324 1320 1940 2081 2082 
723 1334 1340 1335 1970 2077 2078 
724 1324 1334 1325 2083 2080 2084 
725 1318 1328 1327 2076 2017 2028 
726 1324 1325 1320 2084 2034 2081 
727 1403 1455 1347 1657 2085 1999 
728 342 1493 1279 2086 1687 1836 
729 1319 1320 1317 2082 2087 2010 
730 1389 1391 1390 2088 2089 1918 
731 1279 1496 1408 1694 2090 1630 
732 1312 1453 1314 2091 2069 2061 
733 1347 1455 1346 2085 2066 2020 
734 1371 1501 1448 2092 2093 1763 
735 380 1476 379 2094 2095 392 
736 1317 1318 1315 2096 2030 2055 
737 1314 1315 1313 2056 2097 2062 
738 155 1477 154 2098 2099 167 
739 1372 1375 1359 2100 2101 2065 
740 1338 1460 1348 2102 2103 1982 
741 369 1293 15 2104 1593 378 
742 1353 1453 1312 2105 2091 1989 
743 386 1275 385 2106 1655 398 
744 1275 1482 1424 2107 2108 1643 
745 1412 1413 1411 2109 2073 2110 
746 348 1478 347 2111 2112 360 
747 1329 1330 1328 2071 2113 2075 
748 1367 1460 1337 2114 2115 2013 
749 1337 1460 1333 2115 2116 2022 
750 1312 1313 1311 2063 2058 2117 
751 1308 1469 1310 2049 2118 2119 
752 369 1407 1293 2120 1624 2104 
753 1333 1460 1338 2116 2102 2031 
754 1324 1456 1334 1987 2007 2083 
755 1363 1474 1365 1774 1725 1760 
756 1416 1417 1414 1608 2121 2122 
757 1412 1416 1414 2123 2122 2124 
758 1360 1465 1366 2125 1851 2059 
759 1336 1466 1330 1862 2126 2002 
760 1332 1481 1342 2127 1811 1954 
761 1412 1414 1413 2124 2128 2109 
762 1359 1465 1360 2129 2125 2048 
763 1327 1464 1315 1884 2130 2029 
764 1310 1312 1311 1990 2117 2131 
765 1328 1466 1331 2132 2133 2016 
766 1287 1389 1388 2134 1919 1756 
767 1298 1299 1297 1979 2135 1843 
768 1375 1465 1359 2136 2129 2101 
769 1331 1467 1355 2137 2138 1967 
770 1426 1432 1384 1569 1731 1788 
771 1313 1464 1316 2139 1705 2057 
772 1367 1472 1460 2140 2141 2114 
773 1306 1322 1308 1680 2050 2142 
774 1460 1472 1348 2141 2143 2103 
775 1376 1463 1320 2144 2145 2033 
776 1320 1463 1317 2145 2146 2087 
777 1348 1472 1381 2143 2147 1995 
778 368 1407 369 2148 2120 377 
779 1515 1521 1444 2149 2150 2151 
780 1317 1463 1318 2146 2152 2096 
781 1326 1494 1459 2153 2035 2154 
782 1315 1464 1313 2130 2139 2097 
783 1283 1485 157 1749 2155 1914 
784 1466 1467 1331 1997 2137 2133 
785 1357 1471 1372 2156 1826 2064 
786 1355 1471 1357 2157 2156 1927 
787 1409 1412 1411 2158 2110 2043 
788 1318 1463 1329 2152 2159 2074 
789 1330 1466 1328 2126 2132 2113 
790 1378 1468 1380 2160 2161 2041 
791 1428 1525 1339 2162 2163 1803 
792 156 1485 1291 2164 2165 1929 
793 1408 1409 1391 2166 1926 2167 
794 1448 1501 1283 2093 1806 1785 
795 1393 1396 1395 1977 1834 1827 
796 1285 1488 58 1734 2168 1923 
797 1289 1476 380 2169 2094 1897 
798 1376 1481 1463 1841 2170 2144 
799 1494 1513 1415 2171 2172 2036 
800 1310 1311 1309 2131 1573 2173 
801 1310 1469 1353 2118 2174 1988 
802 1463 1481 1329 2170 2175 2159 
803 1282 1490 344 1621 2176 1921 
804 1404 1472 1367 2177 2140 2040 
805 1415 1513 1419 2172 1698 1816 
806 367 1276 368 2178 2179 376 
807 1467 1471 1355 1903 2157 2138 
808 1308 1309 1307 2180 2181 2182 
809 1308 1310 1309 2119 2173 2180 
810 1438 1504 1276 2183 2184 1614 
811 1276 1407 368 2185 2148 2179 
812 1291 1477 155 1663 2098 1930 
813 1389 1408 1391 2186 2167 2088 
814 1391 1470 1390 2027 1960 2089 
815 366 1421 367 2187 2188 375 
816 347 1478 1290 2112 1866 1943 
817 1344 1483 1335 2189 2190 1993 
818 1370 1486 1349 1660 2191 1958 
819 1341 1492 1457 2192 2193 1931 
820 1401 1498 1402 2194 2195 1753 
821 1306 1308 1307 2142 2182 2196 
822 1376 1483 1458 2197 2198 1842 
823 1306 1307 1305 2196 2047 2199 
824 1437 1503 1285 2200 1809 2201 
825 7 1506 165 2202 2203 178 
826 1285 1529 1437 2204 1971 2201 
827 379 1506 7 2205 2202 391 
828 1369 1484 1343 1718 2206 2053 
829 66 1508 4 2207 2208 79 
830 364 1433 1284 2038 2209 2210 
831 4 1508 348 2208 2211 361 
832 1292 1461 1436 2212 1639 2213 
833 1371 1480 1352 2214 1849 1950 
834 1325 1483 1376 2215 2197 2032 
835 1302 1323 1304 2216 1595 2217 
836 1465 1499 1450 2218 2219 1852 
837 365 1430 366 2220 2221 374 
838 364 1284 365 2210 2222 373 
839 1374 1475 1300 2223 2224 1946 
840 367 1421 1276 2188 1615 2178 
841 1286 1522 1449 2225 2024 1908 
842 1329 1481 1332 2175 2127 2070 
843 1474 1489 1383 1991 2226 1696 
844 1370 1505 1452 2227 2228 1634 
845 1457 1479 1386 2229 2230 2021 
846 337 1511 14 2231 2232 349 
847 1453 1494 1326 2233 2153 1878 
848 362 1292 363 2234 2235 371 
849 387 1482 386 2236 2237 399 
850 1444 1521 1299 2150 2238 1892 
851 57 1529 1285 2239 2204 1922 
852 1381 1503 1437 2240 2200 1973 
853 1294 1529 56 1972 2241 1937 
854 14 1511 362 2232 2242 370 
855 1304 1306 1305 1559 2199 2243 
856 3 1510 55 2244 2245 67 
857 154 1510 3 2246 2244 166 
858 386 1482 1275 2237 2107 2106 
859 1396 1523 1431 2247 2248 1833 
860 1419 1523 1396 1632 2247 1709 
861 1458 1505 1370 2249 2227 2054 
862 1425 1427 1426 1759 1536 2039 
863 1300 1302 1301 2250 2251 1944 
864 1424 1482 1429 2108 2252 1906 
865 1450 1499 1288 2219 2253 1840 
866 366 1430 1421 2221 1599 2187 
867 340 1473 1287 1872 2254 1706 
868 1288 1499 1420 2253 1792 1818 
869 1284 1430 365 2255 2220 2222 
870 1368 1487 1406 1905 2256 1900 
871 1400 1512 1379 1782 2257 1980 
872 1351 1501 1371 2258 2092 1949 
873 1456 1507 1341 2259 2260 2008 
874 1335 1483 1325 2190 2215 2079 
875 1292 1433 363 2261 2037 2235 
876 1343 1484 1344 2206 1583 1992 
877 1386 1495 1378 2262 2263 1963 
878 1459 1527 1326 2264 2265 2154 
879 157 1485 156 2155 2164 169 
880 1412 1496 1416 2266 1693 2123 
881 1287 1473 1389 2254 2267 2134 
882 1280 1500 388 2268 2269 2006 
883 1349 1486 1377 2191 1587 2014 
884 1304 1305 1303 2243 2270 2271 
885 1366 1514 1362 2272 2273 2060 
886 1341 1507 1492 2260 2274 2192 
887 1380 1516 1449 2275 2276 2026 
888 1408 1496 1409 2090 2277 2166 
889 1383 1489 1281 2226 1736 1686 
890 58 1488 59 2168 1985 71 
891 1456 1527 1507 2278 2279 2259 
892 1307 1519 1321 2280 2281 2046 
893 1389 1473 1408 2267 1629 2186 
894 1402 1498 1436 2195 2282 2283 
895 1485 1512 1291 2284 1781 2165 
896 1431 1523 1322 2248 1714 1679 
897 1436 1498 1433 2282 2285 2286 
898 1302 1303 1301 2287 1854 2251 
899 1386 1526 1495 2288 2289 2262 
900 1490 1493 343 1612 2290 2291 
901 1292 1436 1433 2213 2286 2261 
902 1417 1492 1414 2292 2293 2121 
903 344 1490 343 2176 2291 356 
904 1447 1518 1371 2294 2295 1765 
905 1339 1525 1444 2163 2296 1767 
906 1302 1475 1323 2297 1586 2216 
907 1397 1509 1438 1543 2298 1766 
908 1300 1475 1302 2224 2297 2250 
909 1321 1519 1487 2281 2299 1591 
910 387 1500 1482 2300 2301 2236 
911 343 1493 342 2290 2086 355 
912 1280 1521 1515 1609 2149 2302 
913 1290 1495 1451 2303 2304 1941 
914 1378 1495 1468 2263 2305 2160 
915 1353 1494 1453 2306 2233 2105 
916 1479 1492 1417 2307 2292 1619 
917 1276 1504 1407 2184 1677 2185 
918 1452 1505 1344 2228 2308 1584 
919 1468 1495 1290 2305 2303 1867 
920 1461 1511 337 2309 2231 1891 
921 1404 1503 1472 1810 2310 2177 
922 1326 1527 1456 2265 2278 1986 
923 1371 1518 1480 2295 2311 2214 
924 1372 1497 1375 2312 1596 2100 
925 1491 1514 1366 2313 2272 1602 
926 1409 1496 1412 2277 2266 2158 
927 1289 1524 1476 2314 1722 2169 
928 1457 1492 1479 2193 2307 2229 
929 1280 1515 1500 2302 2315 2268 
930 1302 1304 1303 2217 2271 2287 
931 1495 1526 1451 2289 2316 2304 
932 1403 1512 1485 2317 2284 1748 
933 388 1500 387 2269 2300 400 
934 1482 1500 1429 2301 2318 2252 
935 1292 1511 1461 2319 2309 2212 
936 1477 1510 154 2320 2246 2099 
937 1401 1517 1498 1968 2321 2194 
938 1375 1499 1465 1793 2218 2136 
939 1353 1513 1494 2322 2171 2306 
940 165 1506 1295 2203 2323 1898 
941 1476 1506 379 2324 2205 2095 
942 1446 1524 1289 2325 2314 1704 
943 1305 1502 1303 1651 2326 2270 
944 1296 1508 66 2327 2207 1913 
945 348 1508 1478 2211 2328 2111 
946 1480 1497 1372 2329 2312 1825 
947 1455 1501 1351 1807 2258 2067 
948 1492 1507 1414 2274 2330 2293 
949 1433 1498 1284 2285 2331 2209 
950 55 1510 1294 2245 2332 1936 
951 1278 1518 1447 2333 2294 1875 
952 1502 1520 1445 1650 2334 2335 
953 1449 1516 1296 2276 1776 1889 
954 1373 1514 1446 2336 2337 1564 
955 1443 1522 1286 1712 2225 1873 
956 1429 1525 1428 2338 2162 1907 
957 1414 1507 1413 2330 2339 2128 
958 1344 1505 1483 2308 2340 2189 
959 1507 1527 1413 2279 2341 2339 
960 1445 1520 1427 2334 1585 1758 
961 1451 1526 1282 2316 2342 1935 
962 1487 1519 1406 2299 1845 2256 
963 1472 1503 1381 2310 2240 2147 
964 1468 1516 1380 1727 2275 2161 
965 56 1529 57 2241 2239 69 
966 1491 1524 1446 2343 2325 2344 
967 1379 1512 1403 2257 2317 1998 
968 1294 1510 1477 2332 2320 1646 
969 1362 1514 1373 2273 2336 1821 
970 1497 1518 1278 2345 2333 1604 
971 1295 1506 1476 2323 2324 1700 
972 1299 1521 1297 2238 1560 2135 
973 1309 1519 1307 1846 2280 2181 
974 1504 1509 1374 2346 2347 1678 
975 1438 1509 1504 2298 2346 2183 
976 1478 1508 1296 2328 2327 1777 
977 1282 1526 1479 2342 2348 1618 
978 1303 1502 1339 2326 2349 1853 
979 1339 1502 1445 2349 2335 1802 
980 1436 1528 1402 1638 1716 2283 
981 1469 1513 1353 1699 2322 2174 
982 1374 1509 1475 2347 1542 2223 
983 1413 1527 1459 2341 2264 2072 
984 1479 1526 1386 2348 2288 2230 
985 1284 1517 1430 2350 1667 2255 
986 362 1511 1292 2242 2319 2234 
987 1498 1517 1284 2321 2350 2331 
988 1500 1515 1429 2315 2351 2318 
989 1483 1505 1458 2340 2249 2198 
990 1480 1518 1497 2311 2345 2329 
991 1446 1514 1491 2337 2313 2344 
992 1435 1524 1491 1723 2343 1616 
993 1515 1525 1429 2352 2338 2351 
994 1444 1525 1515 2296 2352 2151 
2 13 9 528
995 2469 2561 2442 2580 2581 2582 
996 2502 2535 2423 2583 2584 2585 
997 2484 2517 2497 2586 2587 2588 
998 2386 2474 2367 2589 2590 2591 
999 2472 2538 2443 2592 2593 2594 
1000 2497 2517 2429 2587 2595 2596 
1001 2507 2534 2384 2597 2598 2599 
1002 2376 2464 2463 2600 2601 2602 
1003 2367 2498 2386 2603 2604 2591 
1004 2444 2504 2365 2605 2606 2607 
1005 2362 2536 2513 2608 2609 2610 
1006 2376 2509 2464 2611 2612 2600 
1007 2515 2537 2435 2613 2614 2615 
1008 2513 2536 2462 2609 2616 2617 
1009 2527 2543 2511 2618 2619 2620 
1010 2432 2510 2499 2621 2622 2623 
1011 2501 2535 2502 2624 2583 2625 
1012 2437 2541 2467 2626 2627 2628 
1013 16 404 429 416 2629 460 
1014 2361 2537 2515 2630 2613 2631 
1015 2413 2485 2458 2632 2633 2634 
1016 2385 2507 2384 2635 2599 2636 
1017 2519 2529 2495 2637 2638 2639 
1018 2357 2529 2519 2640 2637 2641 
1019 6 2543 125 2642 2643 139 
1020 2442 2561 2440 2581 2644 2645 
1021 2443 2565 2472 2646 2647 2594 
1022 2499 2539 2432 2648 2649 2623 
1023 135 2477 2357 2650 2651 2652 
1024 2467 2541 2365 2627 2653 2654 
1025 2497 2524 2431 2655 2656 2657 
1026 2477 2514 2357 2658 2659 2651 
1027 2429 2524 2497 2660 2655 2596 
1028 2485 2554 2458 2661 2662 2633 
1029 2483 2571 2391 2663 2664 2665 
1030 2468 2469 2442 2666 2582 2667 
1031 2412 2505 2476 2668 2669 2670 
1032 2473 2479 2461 2671 2672 2673 
1033 2374 2383 2381 2674 2675 2676 
1034 2461 2562 2473 2677 2678 2673 
1035 2424 2456 2435 2679 2680 2681 
1036 2391 2571 2405 2664 2682 2683 
1037 2386 2534 2474 2684 2685 2589 
1038 2473 2562 2356 2678 2686 2687 
1039 2455 2537 2361 2688 2630 2689 
1040 2476 2506 2399 2690 2691 2692 
1041 2439 2558 2388 2693 2694 2695 
1042 2476 2565 2506 2696 2697 2690 
1043 2365 2541 2444 2653 2698 2607 
1044 2388 2389 2364 2699 2700 2701 
1045 2456 2569 2435 2702 2703 2680 
1046 2435 2569 2478 2703 2704 2705 
1047 2413 2458 2457 2634 2706 2707 
1048 133 2388 2364 2708 2701 2709 
1049 2480 2505 2412 2710 2668 2711 
1050 2409 2485 2413 2712 2632 2713 
1051 2405 2447 2446 2714 2715 2716 
1052 2441 2554 2485 2717 2661 2718 
1053 2374 2381 130 2676 2719 2720 
1054 2370 2492 2491 2721 2722 2723 
1055 2374 2384 2383 2724 2725 2674 
1056 2458 2459 2457 2726 2727 2706 
1057 2391 2405 2393 2683 2728 2729 
1058 2413 2457 2414 2707 2730 2731 
1059 2370 2493 2492 2732 2733 2721 
1060 2388 2558 2389 2694 2734 2699 
1061 2506 2565 2443 2697 2646 2735 
1062 2386 2498 2387 2604 2736 2737 
1063 447 2473 2356 2738 2687 2739 
1064 2366 2517 2484 2740 2586 2741 
1065 2467 2579 2437 2742 2743 2628 
1066 132 2573 2388 2744 2745 2746 
1067 2466 2572 2465 2747 2748 2749 
1068 2405 2448 2447 2750 2751 2714 
1069 2566 2576 2382 2752 2753 2754 
1070 132 2388 133 2746 2708 147 
1071 2370 2491 156 2723 2755 2756 
1072 2377 2516 2503 2757 2758 2759 
1073 2458 2512 2459 2760 2761 2726 
1074 2438 2445 2444 2762 2763 2764 
1075 2421 2456 2424 2765 2679 2766 
1076 131 2369 132 2767 2768 146 
1077 129 2374 130 2769 2720 144 
1078 2389 2483 2391 2770 2665 2771 
1079 2478 2515 2435 2772 2615 2705 
1080 2438 2455 2445 2773 2774 2762 
1081 2518 2567 2493 2775 2776 2777 
1082 2441 2561 2532 2778 2779 2780 
1083 127 2466 2465 2781 2749 2782 
1084 2392 2514 2390 2783 2784 2785 
1085 2438 2537 2455 2786 2688 2773 
1086 2370 2518 2493 2787 2777 2732 
1087 2498 2575 2454 2788 2789 2790 
1088 2447 2460 2451 2791 2792 2793 
1089 2384 2386 2383 2794 2795 2725 
1090 2358 2487 2486 2796 2797 2798 
1091 2369 2573 132 2799 2744 2768 
1092 2384 2534 2386 2598 2684 2794 
1093 2423 2531 2502 2800 2801 2585 
1094 2522 2568 2550 2802 2803 2804 
1095 2517 2560 2428 2805 2806 2807 
1096 2429 2517 2428 2595 2807 2808 
1097 2499 2510 2371 2622 2809 2810 
1098 2440 2561 2441 2644 2778 2811 
1099 2479 2480 2461 2812 2813 2672 
1100 156 2491 157 2755 2814 169 
1101 2405 2446 2393 2716 2815 2728 
1102 133 2364 134 2709 2816 148 
1103 2430 2456 2421 2817 2765 2818 
1104 2489 2526 2404 2819 2820 2821 
1105 2472 2565 2505 2647 2822 2823 
1106 2418 2430 2421 2824 2818 2825 
1107 2447 2451 2446 2793 2826 2715 
1108 134 2477 135 2827 2650 149 
1109 2516 2563 2503 2828 2829 2758 
1110 411 2467 2365 2830 2654 2831 
1111 2424 2435 2434 2681 2832 2833 
1112 2427 2506 2443 2834 2735 2835 
1113 2361 2545 2455 2836 2837 2689 
1114 2383 2576 2381 2838 2839 2675 
1115 2470 2498 2367 2840 2603 2841 
1116 2366 2484 160 2741 2842 2843 
1117 453 2474 2372 2844 2845 2846 
1118 451 2470 2367 2847 2841 2848 
1119 455 2475 2375 2849 2850 2851 
1120 2501 2502 2360 2625 2852 2853 
1121 412 2467 411 2854 2830 424 
1122 131 2566 2369 2855 2856 2767 
1123 2358 2486 158 2798 2857 2858 
1124 2427 2440 2426 2859 2860 2861 
1125 2435 2537 2434 2614 2862 2832 
1126 2406 2506 2427 2863 2834 2864 
1127 2381 2566 131 2865 2855 2866 
1128 2493 2494 2492 2867 2868 2733 
1129 130 2381 131 2719 2866 145 
1130 2462 2536 2356 2616 2869 2870 
1131 2388 2573 2439 2745 2871 2695 
1132 2414 2457 2418 2730 2872 2873 
1133 2460 2461 2451 2874 2875 2792 
1134 446 2473 447 2876 2738 478 
1135 2360 2467 412 2877 2854 2878 
1136 126 2466 127 2879 2781 141 
1137 2457 2459 2430 2727 2880 2881 
1138 2486 2490 2366 2882 2883 2884 
1139 2427 2442 2440 2885 2645 2859 
1140 2406 2427 2426 2864 2861 2886 
1141 2452 2571 2483 2887 2663 2888 
1142 2395 2412 2397 2889 2890 2891 
1143 2494 2526 2492 2892 2893 2868 
1144 2522 2550 2420 2804 2894 2895 
1145 411 2365 410 2831 2896 423 
1146 2507 2549 2475 2897 2898 2899 
1147 2407 2485 2409 2900 2712 2901 
1148 2406 2426 2407 2886 2902 2903 
1149 2359 2499 162 2904 2905 2906 
1150 2470 2575 2498 2907 2788 2840 
1151 2390 2514 2477 2784 2658 2908 
1152 2500 2503 2501 2909 2910 2911 
1153 2448 2449 2447 2912 2913 2751 
1154 2533 2549 2507 2914 2897 2915 
1155 2424 2434 2425 2833 2916 2917 
1156 2434 2438 2436 2918 2919 2920 
1157 2421 2424 2422 2766 2921 2922 
1158 127 2465 128 2782 2923 142 
1159 2397 2476 2399 2924 2692 2925 
1160 2487 2490 2486 2926 2882 2797 
1161 2487 2496 2490 2927 2928 2926 
1162 429 2530 430 2929 2930 461 
1163 2377 2503 2500 2759 2909 2931 
1164 2508 2574 430 2932 2933 2934 
1165 2488 2489 2487 2935 2936 2937 
1166 2412 2476 2397 2670 2924 2890 
1167 2401 2406 2403 2938 2939 2940 
1168 2418 2421 2419 2825 2941 2942 
1169 2430 2520 2456 2943 2944 2817 
1170 413 2360 412 2945 2878 425 
1171 2496 2564 2402 2946 2947 2948 
1172 2382 2547 2521 2949 2950 2951 
1173 2484 2497 2359 2588 2952 2953 
1174 2381 2576 2566 2839 2752 2865 
1175 2489 2496 2487 2954 2927 2936 
1176 2393 2446 2395 2815 2955 2956 
1177 2444 2540 2504 2957 2958 2605 
1178 2358 2488 2487 2959 2937 2796 
1179 459 2556 17 2960 2961 491 
1180 135 2357 136 2652 2962 150 
1181 2365 2504 410 2606 2963 2896 
1182 2360 2579 2467 2964 2742 2877 
1183 2483 2551 2452 2965 2966 2888 
1184 2359 2539 2499 2967 2648 2904 
1185 2399 2506 2401 2691 2968 2969 
1186 2374 2557 2385 2970 2971 2972 
1187 2377 2500 414 2931 2973 2974 
1188 2418 2457 2430 2872 2881 2824 
1189 161 2484 2359 2975 2953 2976 
1190 2356 2562 2462 2686 2977 2870 
1191 159 2486 2366 2978 2884 2979 
1192 2465 2533 128 2980 2981 2923 
1193 431 2463 432 2982 2983 463 
1194 430 2530 2508 2930 2984 2934 
1195 2500 2501 2360 2911 2853 2985 
1196 2440 2441 2426 2811 2986 2860 
1197 430 2574 431 2933 2987 462 
1198 2471 2479 2473 2988 2671 2989 
1199 2471 2473 446 2989 2876 2990 
1200 2414 2418 2416 2873 2991 2992 
1201 2409 2413 2411 2713 2993 2994 
1202 2438 2444 2436 2764 2995 2919 
1203 161 2359 162 2976 2906 174 
1204 2378 2556 2511 2996 2997 2998 
1205 159 2366 160 2979 2843 172 
1206 2406 2407 2403 2903 2999 2939 
1207 157 2358 158 3000 2858 170 
1208 157 2491 2358 2814 3001 3000 
1209 445 2471 446 3002 2990 477 
1210 452 2474 453 3003 2844 484 
1211 450 2470 451 3004 2847 482 
1212 454 2475 455 3005 2849 486 
1213 2401 2506 2406 2968 2863 2938 
1214 163 2499 2371 3006 2810 3007 
1215 2386 2387 2383 2737 3008 2795 
1216 2521 2548 2382 3009 3010 2951 
1217 2511 2556 459 2997 2960 3011 
1218 2395 2397 2396 2891 3012 3013 
1219 2434 2436 2425 2920 3014 2916 
1220 2373 2559 2545 3015 3016 3017 
1221 2463 2574 2376 3018 3019 2602 
1222 2424 2425 2422 2917 3020 2921 
1223 441 2482 2355 3021 3022 3023 
1224 160 2484 161 2842 2975 173 
1225 158 2486 159 2857 2978 171 
1226 2393 2395 2394 2956 3024 3025 
1227 2397 2399 2398 2925 3026 3027 
1228 2502 2579 2360 3028 2964 2852 
1229 162 2499 163 2905 3006 175 
1230 129 2557 2374 3029 2970 2769 
1231 2357 2519 136 2641 3030 2962 
1232 2421 2422 2419 2922 3031 2941 
1233 2494 2568 2526 3032 3033 2892 
1234 2449 2460 2447 3034 2791 2913 
1235 2448 2450 2449 3035 3036 2912 
1236 2399 2401 2400 2969 3037 3038 
1237 413 2500 2360 3039 2985 2945 
1238 163 2371 164 3007 3040 176 
1239 410 2504 409 2963 3041 422 
1240 2374 2385 2384 2972 2636 2724 
1241 2493 2495 2494 3042 3043 2867 
1242 436 2515 2478 3044 2772 3045 
1243 2375 2528 456 3046 3047 3048 
1244 444 2468 2353 3049 3050 3051 
1245 2361 2515 435 2631 3052 3053 
1246 440 2482 441 3054 3021 472 
1247 405 2530 404 3055 3056 417 
1248 2489 2564 2496 3057 2946 2954 
1249 2488 2526 2489 3058 2819 2935 
1250 137 2379 138 3059 3060 152 
1251 126 2570 2466 3061 3062 2879 
1252 2413 2414 2411 2731 3063 2993 
1253 2418 2419 2416 2942 3064 2991 
1254 2431 2539 2497 3065 3066 2657 
1255 432 2463 2373 2983 3067 3068 
1256 2461 2480 2451 2813 3069 2875 
1257 2426 2485 2407 3070 2900 2902 
1258 155 2370 156 3071 2756 168 
1259 409 2504 2368 3041 3072 3073 
1260 414 2500 413 2973 3039 426 
1261 2448 2452 2450 3074 3075 3035 
1262 2449 2462 2460 3076 3077 3034 
1263 125 2543 2527 2643 2618 3078 
1264 443 2469 2468 3079 2666 3080 
1265 2427 2443 2442 2835 3081 2885 
1266 2379 2567 2518 3082 2775 3083 
1267 432 2373 433 3068 3084 464 
1268 2402 2523 2496 3085 3086 2948 
1269 415 2377 414 3087 2974 427 
1270 2452 2453 2450 3088 3089 3075 
1271 2401 2403 2402 2940 3090 3091 
1272 2453 2454 2450 3092 3093 3089 
1273 457 2528 2380 3094 3095 3096 
1274 2490 2517 2366 3097 2740 2883 
1275 2491 2492 2488 2722 3098 3099 
1276 2407 2409 2408 2901 3100 3101 
1277 437 2478 2354 3102 3103 3104 
1278 137 2519 2379 3105 3106 3059 
1279 2505 2565 2476 2822 2696 2669 
1280 407 2376 406 3107 3108 419 
1281 2472 2479 2471 3109 2988 3110 
1282 2404 2564 2489 3111 3057 2821 
1283 2446 2577 2395 3112 3113 2955 
1284 409 2368 408 3073 3114 421 
1285 2389 2391 2390 2771 3115 3116 
1286 408 2509 407 3117 3118 420 
1287 2464 2553 2445 3119 3120 3121 
1288 406 2508 405 3122 3123 418 
1289 2395 2396 2394 3013 3124 3024 
1290 2397 2398 2396 3027 3125 3012 
1291 2454 2544 2498 3126 3127 2790 
1292 2459 2520 2430 3128 2943 2880 
1293 2372 2507 2475 3129 2899 3130 
1294 444 2353 445 3051 3131 476 
1295 456 2528 457 3047 3094 488 
1296 434 2361 435 3132 3053 466 
1297 435 2515 436 3052 3044 467 
1298 436 2478 437 3045 3102 468 
1299 447 2356 448 2739 3133 479 
1300 455 2375 456 2851 3048 487 
1301 453 2372 454 2846 3134 485 
1302 451 2367 452 2848 3135 483 
1303 443 2468 444 3080 3049 475 
1304 449 2362 450 3136 3137 481 
1305 2375 2572 2528 3138 3139 3046 
1306 2463 2464 2373 2601 3140 3067 
1307 2450 2513 2449 3141 3142 3036 
1308 407 2509 2376 3118 2611 3107 
1309 2399 2400 2398 3038 3143 3026 
1310 2376 2508 406 3144 3122 3108 
1311 2368 2509 408 3145 3117 3114 
1312 2449 2513 2462 3142 2617 3076 
1313 2362 2470 450 3146 3004 3137 
1314 2367 2474 452 2590 3003 3135 
1315 2353 2471 445 3147 3002 3131 
1316 2372 2475 454 3130 3005 3134 
1317 2389 2558 2483 2734 3148 2770 
1318 2358 2491 2488 3001 3099 2959 
1319 164 2516 165 3149 3150 177 
1320 2445 2559 2464 3151 3152 3121 
1321 2512 2532 2482 3153 3154 3155 
1322 442 2469 443 3156 3079 474 
1323 2409 2411 2410 2994 3157 3158 
1324 2372 2534 2507 3159 2597 3129 
1325 2454 2513 2450 3160 3141 3093 
1326 457 2380 458 3096 3161 489 
1327 2401 2402 2400 3091 3162 3037 
1328 154 2518 155 3163 3164 167 
1329 2355 2469 442 3165 3156 3166 
1330 2545 2559 2455 3016 3167 2837 
1331 437 2354 438 3104 3168 469 
1332 2353 2472 2471 3169 3110 3147 
1333 2407 2408 2403 3101 3170 2999 
1334 2417 2525 2433 3171 3172 3173 
1335 2414 2416 2415 2992 3174 3175 
1336 2508 2530 405 2984 3055 3123 
1337 2441 2485 2426 2718 3070 2986 
1338 2417 2433 2432 3173 3176 3177 
1339 2380 2511 458 3178 3179 3161 
1340 2520 2569 2456 3180 2702 2944 
1341 2371 2516 164 3181 3149 3040 
1342 2354 2481 438 3182 3183 3168 
1343 2468 2538 2353 3184 3185 3050 
1344 441 2355 442 3023 3166 473 
1345 2409 2410 2408 3158 3186 3100 
1346 2389 2390 2364 3116 3187 2700 
1347 449 2536 2362 3188 2608 3136 
1348 2356 2536 448 2869 3189 3133 
1349 438 2481 439 3183 3190 470 
1350 2474 2534 2372 2685 3159 2845 
1351 2434 2537 2438 2862 2786 2918 
1352 2393 2394 2392 3025 3191 3192 
1353 439 2363 440 3193 3194 471 
1354 439 2481 2363 3190 3195 3193 
1355 155 2518 2370 3164 2787 3071 
1356 2373 2545 433 3017 3196 3084 
1357 458 2511 459 3179 3011 490 
1358 2490 2560 2517 3197 2805 3097 
1359 2414 2415 2411 3175 3198 3063 
1360 2391 2393 2392 2729 3192 3199 
1361 2354 2520 2481 3200 3201 3182 
1362 2529 2546 2420 3202 3203 3204 
1363 2443 2538 2442 2593 3205 3081 
1364 2452 2521 2453 3206 3207 3088 
1365 2364 2477 134 3208 2827 2816 
1366 2363 2482 440 3209 3054 3194 
1367 2433 2510 2432 3210 2621 3176 
1368 2395 2577 2412 3113 3211 2889 
1369 2417 2431 2415 3212 3213 3214 
1370 434 2545 2361 3215 2836 3132 
1371 2416 2417 2415 3216 3214 3174 
1372 2400 2404 2398 3217 3218 3143 
1373 136 2519 137 3030 3105 151 
1374 2475 2549 2375 2898 3219 2850 
1375 2403 2523 2402 3220 3085 3090 
1376 2492 2526 2488 2893 3058 3098 
1377 2436 2437 2425 3221 3222 3014 
1378 138 2552 3 3223 3224 153 
1379 3 2552 154 3224 3225 166 
1380 2410 2429 2428 3226 2808 3227 
1381 2410 2428 2408 3227 3228 3186 
1382 2417 2432 2431 3177 3229 3212 
1383 2422 2423 2419 3230 3231 3031 
1384 2542 2563 2510 3232 3233 3234 
1385 2433 2542 2510 3235 3234 3210 
1386 2442 2538 2468 3205 3184 2667 
1387 2396 2420 2394 3236 3237 3124 
1388 2411 2524 2410 3238 3239 3157 
1389 2448 2571 2452 3240 2887 3074 
1390 2550 2568 2494 2803 3032 3241 
1391 165 2555 7 3242 3243 178 
1392 2528 2570 2380 3244 3245 3095 
1393 2363 2512 2482 3246 3155 3209 
1394 2420 2550 2529 2894 3247 3204 
1395 7 2555 415 3243 3248 428 
1396 2415 2524 2411 3249 3238 3198 
1397 2509 2553 2464 3250 3119 2612 
1398 2533 2557 128 3251 3252 2981 
1399 2408 2523 2403 3253 3220 3170 
1400 2503 2542 2501 3254 3255 2910 
1401 2437 2579 2531 2743 3256 3257 
1402 2479 2505 2480 3258 2710 2812 
1403 2431 2524 2415 2656 3249 3213 
1404 2398 2522 2396 3259 3260 3125 
1405 2410 2524 2429 3239 2660 3226 
1406 2482 2532 2355 3154 3261 3022 
1407 2512 2578 2459 3262 3263 2761 
1408 2445 2540 2444 3264 2957 2763 
1409 2462 2562 2460 2977 3265 3077 
1410 2416 2525 2417 3266 3171 3216 
1411 2419 2525 2416 3267 3266 3064 
1412 2480 2577 2451 3268 3269 3069 
1413 2472 2505 2479 2823 3258 3109 
1414 492 2543 6 3270 2642 494 
1415 125 2527 126 3078 3271 140 
1416 2428 2523 2408 3272 3253 3228 
1417 2404 2522 2398 3273 3259 3218 
1418 2528 2572 2466 3139 2747 3274 
1419 2425 2531 2422 3275 3276 3020 
1420 2354 2569 2520 3277 3180 3200 
1421 2521 2547 2453 2950 3278 3207 
1422 2432 2539 2431 2649 3065 3229 
1423 493 2378 492 3279 3280 495 
1424 2385 2533 2507 3281 2915 2635 
1425 2514 2529 2357 3282 2640 2659 
1426 2380 2527 2511 3283 2620 3178 
1427 2376 2574 2508 3019 2932 3144 
1428 2520 2578 2481 3284 3285 3201 
1429 431 2574 2463 2987 3018 2982 
1430 404 2530 429 3056 2929 2629 
1431 2422 2531 2423 3276 2800 3230 
1432 2396 2522 2420 3260 2895 3236 
1433 2501 2542 2535 3255 3286 2624 
1434 2423 2525 2419 3287 3267 3231 
1435 2504 2540 2368 2958 3288 3072 
1436 2437 2531 2425 3257 3275 3222 
1437 2455 2559 2445 3167 3151 2774 
1438 2498 2544 2387 3127 3289 2736 
1439 2392 2546 2514 3290 3291 2783 
1440 2497 2539 2359 3066 2967 2952 
1441 2459 2578 2520 3263 3284 3128 
1442 2513 2575 2362 3292 3293 2610 
1443 2436 2541 2437 3294 2626 3221 
1444 2394 2546 2392 3295 3290 3191 
1445 2519 2567 2379 3296 3082 3106 
1446 2353 2538 2472 3185 2592 3169 
1447 448 2536 449 3189 3188 480 
1448 2391 2392 2390 3199 2785 3115 
1449 2496 2560 2490 3297 3197 2928 
1450 2531 2579 2502 3256 3028 2801 
1451 2512 2554 2532 3298 3299 3153 
1452 2525 2535 2433 3300 3301 3172 
1453 2495 2550 2494 3302 3241 3043 
1454 2532 2561 2355 2779 3303 3261 
1455 2405 2571 2448 2682 3240 2750 
1456 2368 2553 2509 3304 3250 3145 
1457 128 2557 129 3252 3029 143 
1458 2400 2564 2404 3305 3111 3217 
1459 2363 2578 2512 3306 3262 3246 
1460 2503 2563 2542 2829 3232 3254 
1461 2460 2562 2461 3265 2677 2874 
1462 2371 2563 2516 3307 2828 3181 
1463 2495 2567 2519 3308 3296 2639 
1464 2516 2555 165 3309 3242 3150 
1465 2390 2477 2364 2908 3208 3187 
1466 2453 2544 2454 3310 3126 3092 
1467 2412 2577 2480 3211 3268 2711 
1468 2444 2541 2436 2698 3294 2995 
1469 2454 2575 2513 2789 3292 3160 
1470 2526 2568 2404 3033 3311 2820 
1471 2466 2570 2528 3062 3244 3274 
1472 2379 2552 138 3312 3223 3060 
1473 2548 2566 2382 3313 2754 3010 
1474 433 2545 434 3196 3215 465 
1475 2439 2573 2548 2871 3314 3315 
1476 2514 2546 2529 3291 3202 3282 
1477 2465 2549 2533 3316 2914 2980 
1478 2423 2535 2525 2584 3300 3287 
1479 2439 2548 2521 3315 3009 3317 
1480 415 2555 2377 3248 3318 3087 
1481 2464 2559 2373 3152 3015 3140 
1482 154 2552 2518 3225 3319 3163 
1483 2377 2555 2516 3318 3309 2757 
1484 2387 2576 2383 3320 2838 3008 
1485 2404 2568 2522 3311 2802 3273 
1486 2355 2561 2469 3303 2580 3165 
1487 2378 2543 492 3321 3270 3280 
1488 2529 2550 2495 3247 3302 2638 
1489 2445 2553 2540 3120 3322 3264 
1490 2420 2546 2394 3203 3295 3237 
1491 2478 2569 2354 2704 3277 3103 
1492 2510 2563 2371 3233 3307 2809 
1493 17 2556 493 2961 3323 496 
1494 2458 2554 2512 2662 3298 2760 
1495 2452 2551 2521 2966 3324 3206 
1496 2521 2551 2439 3324 3325 3317 
1497 2362 2575 2470 3293 2907 3146 
1498 493 2556 2378 3323 2996 3279 
1499 2518 2552 2379 3319 3312 3083 
1500 2523 2560 2496 3326 3297 3086 
1501 2493 2567 2495 2776 3308 3042 
1502 2481 2578 2363 3285 3306 3195 
1503 2527 2570 126 3327 3061 3271 
1504 2451 2577 2446 3269 3112 2826 
1505 2428 2560 2523 2806 3326 3272 
1506 2402 2564 2400 2947 3305 3162 
1507 2369 2566 2548 2856 3313 3328 
1508 2548 2573 2369 3314 2799 3328 
1509 2535 2542 2433 3286 3235 3301 
1510 2547 2576 2387 3329 3320 3330 
1511 2483 2558 2551 3148 3331 2965 
1512 2544 2547 2387 3332 3330 3289 
1513 2540 2553 2368 3322 3304 3288 
1514 2382 2576 2547 2753 3329 2949 
1515 2453 2547 2544 3278 3332 3310 
1516 2380 2570 2527 3245 3327 3283 
1517 2551 2558 2439 3331 2693 3325 
1518 2532 2554 2441 3299 2717 2780 
1519 2549 2572 2375 3333 3138 3219 
1520 2385 2557 2533 2971 3251 3281 
1521 2465 2572 2549 2748 3333 3316 
1522 2511 2543 2378 2619 3321 2998 
2 17 9 524
1523 3349 3481 3420 3559 3560 3561 
1524 3420 3517 3349 3562 3563 3561 
1525 3460 3519 3455 3564 3565 3566 
1526 3445 3512 3441 3567 3568 3569 
1527 3370 3460 3455 3570 3566 3571 
1528 209 3413 208 3572 3573 223 
1529 3379 3516 3470 3574 3575 3576 
1530 3484 3494 3493 3577 3578 3579 
1531 3380 3486 3393 3580 3581 3582 
1532 3456 3500 3357 3583 3584 3585 
1533 3470 3516 3467 3575 3586 3587 
1534 3438 3447 3418 3588 3589 3590 
1535 3437 3500 3456 3591 3583 3592 
1536 3485 3512 3445 3593 3567 3594 
1537 497 15 390 508 403 3595 
1538 3334 3550 3446 3596 3597 3598 
1539 3344 3537 3427 3599 3600 3601 
1540 3413 3536 208 3602 3603 3573 
1541 9 3527 217 3604 3605 232 
1542 214 3437 3360 3606 3607 3608 
1543 3437 3531 3360 3609 3610 3607 
1544 3433 3522 3335 3611 3612 3613 
1545 3446 3453 3334 3614 3615 3598 
1546 3383 3486 3380 3616 3580 3617 
1547 3493 3494 3436 3578 3618 3619 
1548 383 3557 3346 3620 3621 3622 
1549 3465 3470 3464 3623 3624 3625 
1550 3353 3447 3438 3626 3588 3627 
1551 3361 3362 3345 3628 3629 3630 
1552 3421 3422 3352 3631 3632 3633 
1553 3432 3499 3458 3634 3635 3636 
1554 3433 3459 3427 3637 3638 3639 
1555 3452 3479 3454 3640 3641 3642 
1556 3505 3510 3408 3643 3644 3645 
1557 3395 3441 3440 3646 3647 3648 
1558 500 3496 3353 3649 3650 3651 
1559 3395 3440 3439 3648 3652 3653 
1560 3464 3470 3467 3624 3587 3654 
1561 3337 3483 3474 3655 3656 3657 
1562 382 3434 383 3658 3659 395 
1563 3405 3433 3427 3660 3639 3661 
1564 3434 3557 383 3662 3620 3659 
1565 3490 3496 499 3663 3664 3665 
1566 3431 3432 3430 3666 3667 3668 
1567 3335 3459 3433 3669 3637 3613 
1568 3418 3537 3438 3670 3671 3590 
1569 3360 3491 3425 3672 3673 3674 
1570 3427 3518 3344 3675 3676 3601 
1571 3352 3524 211 3677 3678 3679 
1572 498 3490 499 3680 3665 510 
1573 3391 3431 3429 3681 3682 3683 
1574 211 3524 3361 3678 3684 3685 
1575 3463 3465 3464 3686 3625 3687 
1576 3457 3462 3336 3688 3689 3690 
1577 3337 3474 187 3657 3691 3692 
1578 3353 3496 3448 3650 3693 3694 
1579 3429 3431 3430 3682 3668 3695 
1580 3457 3538 3462 3696 3697 3688 
1581 3446 3550 3443 3597 3698 3699 
1582 3456 3531 3437 3700 3609 3592 
1583 210 3361 3345 3701 3630 3702 
1584 212 3421 3352 3703 3633 3704 
1585 3376 3442 3395 3705 3706 3707 
1586 3422 3423 3352 3708 3709 3632 
1587 3376 3554 3442 3710 3711 3705 
1588 3388 3476 3391 3712 3713 3714 
1589 3391 3429 3392 3683 3715 3716 
1590 3427 3537 3416 3600 3717 3718 
1591 3430 3522 3433 3719 3611 3720 
1592 3362 3363 3345 3721 3722 3629 
1593 3438 3537 3344 3671 3599 3723 
1594 3409 3510 3505 3724 3643 3725 
1595 3458 3487 3432 3726 3727 3636 
1596 3441 3512 3440 3568 3728 3647 
1597 3476 3558 3391 3729 3730 3713 
1598 3425 3556 3548 3731 3732 3733 
1599 3414 3538 3499 3734 3735 3736 
1600 3345 3413 209 3737 3572 3738 
1601 3395 3439 3378 3653 3739 3740 
1602 3404 3433 3405 3741 3660 3742 
1603 3360 3531 3491 3610 3743 3672 
1604 3491 3523 3425 3744 3745 3673 
1605 3414 3499 3415 3736 3746 3747 
1606 3503 3516 3502 3748 3749 3750 
1607 3454 3519 3452 3751 3752 3642 
1608 3340 3465 3463 3753 3686 3754 
1609 210 3345 209 3702 3738 224 
1610 3439 3440 3403 3652 3755 3756 
1611 212 3352 211 3704 3679 226 
1612 214 3360 213 3608 3757 228 
1613 215 3437 214 3758 3606 229 
1614 3446 3454 3453 3759 3760 3614 
1615 3461 3492 3401 3761 3762 3763 
1616 3353 3448 3447 3694 3764 3626 
1617 187 3474 186 3691 3765 199 
1618 3418 3447 3420 3589 3766 3767 
1619 3484 3493 3451 3579 3768 3769 
1620 3347 3472 3471 3770 3771 3772 
1621 3440 3462 3403 3773 3774 3755 
1622 3422 3424 3423 3775 3776 3708 
1623 3444 3446 3443 3777 3699 3778 
1624 3337 3546 3483 3779 3780 3655 
1625 3454 3479 3453 3641 3781 3760 
1626 3416 3418 3417 3782 3783 3784 
1627 3481 3513 3420 3785 3786 3560 
1628 537 3521 3515 3787 3788 3789 
1629 3385 3439 3403 3790 3756 3791 
1630 3486 3525 3393 3792 3793 3581 
1631 3475 3488 3407 3794 3795 3796 
1632 3391 3558 3431 3730 3797 3681 
1633 3362 3364 3363 3798 3799 3721 
1634 3383 3488 3486 3800 3801 3616 
1635 3435 3504 3342 3802 3803 3804 
1636 3404 3405 3402 3742 3805 3806 
1637 3338 3479 3452 3807 3640 3808 
1638 3340 3463 207 3754 3809 3810 
1639 3341 3434 382 3811 3658 3812 
1640 3449 3491 3354 3813 3814 3815 
1641 3397 3404 3402 3816 3806 3817 
1642 3405 3427 3416 3661 3718 3818 
1643 3453 3479 526 3781 3819 3820 
1644 533 3449 3354 3821 3815 3822 
1645 3361 3506 3362 3823 3824 3628 
1646 3430 3433 3404 3720 3741 3825 
1647 3364 3480 3366 3826 3827 3828 
1648 3425 3548 3360 3733 3829 3674 
1649 3421 3556 3422 3830 3831 3631 
1650 3459 3518 3427 3832 3675 3638 
1651 3418 3420 3417 3767 3833 3783 
1652 3450 3493 3342 3834 3835 3836 
1653 3403 3414 3400 3837 3838 3839 
1654 3360 3548 213 3829 3840 3757 
1655 3347 3471 185 3772 3841 3842 
1656 3429 3430 3404 3695 3825 3843 
1657 3447 3517 3420 3844 3562 3766 
1658 213 3548 3421 3840 3845 3846 
1659 217 3428 216 3847 3848 231 
1660 211 3361 210 3685 3701 225 
1661 3392 3429 3397 3715 3849 3850 
1662 213 3421 212 3846 3703 227 
1663 3382 3480 3364 3851 3826 3852 
1664 3444 3455 3446 3853 3854 3777 
1665 3443 3445 3441 3855 3569 3856 
1666 502 3438 3344 3857 3723 3858 
1667 3405 3416 3406 3818 3859 3860 
1668 3366 3399 3368 3861 3862 3863 
1669 3385 3403 3400 3791 3839 3864 
1670 208 3340 207 3865 3810 222 
1671 3449 3523 3491 3866 3744 3813 
1672 3471 3475 3339 3867 3868 3869 
1673 3339 3477 183 3870 3871 3872 
1674 499 3496 500 3664 3649 511 
1675 3482 3553 3410 3873 3874 3875 
1676 3368 3460 3370 3876 3570 3877 
1677 207 3463 206 3809 3878 221 
1678 3506 3508 3382 3879 3880 3881 
1679 3463 3464 3351 3687 3882 3883 
1680 3470 3555 3379 3884 3885 3576 
1681 3432 3534 3499 3886 3887 3634 
1682 383 3346 384 3622 3888 396 
1683 3462 3538 3414 3697 3734 3889 
1684 3341 3461 3434 3890 3891 3811 
1685 3514 3519 3460 3892 3564 3893 
1686 3381 3439 3385 3894 3790 3895 
1687 3410 3507 3482 3896 3897 3875 
1688 3378 3439 3381 3739 3894 3898 
1689 3403 3462 3414 3774 3889 3837 
1690 3342 3551 3435 3899 3900 3804 
1691 3385 3400 3386 3864 3901 3902 
1692 3355 3507 3495 3903 3904 3905 
1693 3472 3475 3471 3906 3867 3771 
1694 3376 3395 3378 3707 3740 3907 
1695 3356 3489 3448 3908 3909 3910 
1696 3464 3467 3466 3654 3911 3912 
1697 3347 3473 3472 3913 3914 3770 
1698 538 3540 19 3915 3916 558 
1699 3401 3498 3461 3917 3918 3763 
1700 3455 3528 3370 3919 3920 3571 
1701 381 3478 3341 3921 3922 3923 
1702 3510 3552 3408 3924 3925 3644 
1703 3397 3402 3401 3817 3926 3927 
1704 3356 3496 3490 3928 3663 3929 
1705 381 3341 382 3923 3812 394 
1706 3366 3480 3399 3827 3930 3861 
1707 3461 3511 3492 3931 3932 3761 
1708 3426 3556 3523 3933 3934 3935 
1709 3548 3556 3421 3732 3830 3845 
1710 3381 3385 3384 3895 3936 3937 
1711 497 3509 498 3938 3939 509 
1712 206 3463 3351 3878 3883 3940 
1713 3442 3443 3441 3941 3856 3942 
1714 3507 3544 3495 3943 3944 3904 
1715 3502 3516 3379 3749 3574 3945 
1716 3395 3442 3441 3706 3942 3646 
1717 216 3529 3500 3946 3947 3948 
1718 3397 3429 3404 3849 3843 3816 
1719 3354 3531 3456 3949 3700 3950 
1720 498 3509 3490 3939 3951 3680 
1721 3386 3476 3388 3952 3712 3953 
1722 184 3471 3339 3954 3869 3955 
1723 186 3474 3347 3765 3956 3957 
1724 3374 3554 3376 3958 3710 3959 
1725 3448 3496 3356 3693 3928 3910 
1726 3346 3481 384 3960 3961 3888 
1727 3338 3451 3450 3962 3963 3964 
1728 3399 3460 3368 3965 3876 3862 
1729 3362 3382 3364 3966 3852 3798 
1730 3416 3417 3406 3784 3967 3859 
1731 3523 3547 3426 3968 3969 3935 
1732 522 3485 523 3970 3971 542 
1733 3392 3397 3396 3850 3972 3973 
1734 3388 3391 3390 3714 3974 3975 
1735 3405 3406 3402 3860 3976 3805 
1736 184 3339 183 3955 3872 196 
1737 3485 3533 523 3977 3978 3971 
1738 3486 3488 3472 3801 3979 3980 
1739 3414 3415 3400 3747 3981 3838 
1740 180 3482 3355 3982 3983 3984 
1741 186 3347 185 3957 3842 198 
1742 182 3477 3348 3985 3986 3987 
1743 532 3449 533 3988 3821 552 
1744 525 3453 526 3989 3820 545 
1745 188 3337 187 3990 3692 200 
1746 3467 3469 3468 3991 3992 3993 
1747 3464 3466 3351 3912 3994 3882 
1748 3385 3386 3384 3902 3995 3936 
1749 3422 3426 3424 3996 3997 3775 
1750 216 3500 215 3948 3998 230 
1751 380 3478 381 3999 3921 393 
1752 215 3500 3437 3998 3591 3758 
1753 185 3471 184 3841 3954 197 
1754 3348 3482 181 4000 4001 4002 
1755 182 3348 181 3987 4002 194 
1756 3371 3374 3373 4003 4004 4005 
1757 501 3438 502 4006 3857 513 
1758 183 3477 182 3871 3985 195 
1759 3473 3486 3472 4007 3980 3914 
1760 529 3450 3342 4008 3836 4009 
1761 3338 3450 528 3964 4010 4011 
1762 527 3479 3338 4012 3807 4013 
1763 3354 3456 534 3950 4014 4015 
1764 535 3456 3357 4016 3585 4017 
1765 3339 3552 3477 4018 4019 3870 
1766 3462 3512 3336 4020 4021 3689 
1767 3452 3519 3514 3752 3892 4022 
1768 3472 3488 3475 3979 3794 3906 
1769 206 3351 205 3940 4023 220 
1770 3467 3468 3466 3993 4024 3911 
1771 389 3509 390 4025 4026 402 
1772 188 3501 3337 4027 4028 3990 
1773 3374 3376 3375 3959 4029 4030 
1774 3480 3484 3399 4031 4032 3930 
1775 3446 3455 3454 3854 4033 3759 
1776 3474 3483 3473 3656 4034 4035 
1777 180 3355 179 3984 4036 192 
1778 3338 3452 3451 3808 4037 3962 
1779 3407 3526 3475 4038 4039 3796 
1780 3376 3378 3377 3907 4040 4041 
1781 3466 3497 3351 4042 4043 3994 
1782 181 3482 180 4001 3982 193 
1783 3532 3543 3412 4044 4045 4046 
1784 3378 3381 3380 3898 4047 4048 
1785 3426 3435 3424 4049 4050 3997 
1786 3397 3401 3396 3927 4051 3972 
1787 3391 3392 3390 3716 4052 3974 
1788 3480 3494 3484 4053 3577 4031 
1789 3445 3533 3485 4054 3977 3594 
1790 3364 3366 3365 3828 4055 4056 
1791 3435 3436 3424 4057 4058 4050 
1792 500 3353 501 3651 4059 512 
1793 3442 3444 3443 4060 3778 3941 
1794 384 3481 385 3961 4061 397 
1795 3465 3543 3470 4062 4063 3623 
1796 190 3358 189 4064 4065 202 
1797 3444 3528 3455 4066 3919 3853 
1798 3400 3476 3386 4067 3952 3901 
1799 3399 3514 3460 4068 3893 3965 
1800 3347 3474 3473 3956 4035 3913 
1801 3501 3546 3337 4069 3779 4028 
1802 387 3356 388 4070 4071 400 
1803 531 3504 3350 4072 4073 4074 
1804 3342 3504 530 3803 4075 4076 
1805 3382 3494 3480 4077 4053 3851 
1806 3423 3508 3506 4078 3879 4079 
1807 3381 3384 3383 3937 4080 4081 
1808 388 3490 389 4082 4083 401 
1809 385 3349 386 4084 4085 398 
1810 386 3489 387 4086 4087 399 
1811 3382 3508 3494 3880 4088 4077 
1812 385 3481 3349 4061 3559 4084 
1813 3440 3512 3462 3728 4020 3773 
1814 526 3479 527 3819 4012 546 
1815 524 3334 525 4089 4090 544 
1816 531 3350 532 4074 4091 551 
1817 533 3354 534 3822 4015 553 
1818 529 3342 530 4009 4076 549 
1819 534 3456 535 4014 4016 554 
1820 535 3357 536 4017 4092 555 
1821 527 3338 528 4013 4011 547 
1822 528 3450 529 4010 4008 548 
1823 505 3459 3335 4093 3669 4094 
1824 3356 3490 388 3929 4082 4071 
1825 3443 3550 3445 3698 4095 3855 
1826 387 3489 3356 4087 3908 4070 
1827 3526 3552 3339 4096 4018 4097 
1828 3359 3540 3515 4098 4099 4100 
1829 3334 3453 525 3615 3989 4090 
1830 3350 3449 532 4101 3988 4091 
1831 3349 3489 386 4102 4086 4085 
1832 3451 3493 3450 3768 3834 3963 
1833 3416 3537 3418 3717 3670 3782 
1834 3386 3388 3387 3953 4103 4104 
1835 3488 3530 3407 4105 4106 3795 
1836 3374 3375 3373 4030 4107 4004 
1837 3336 3485 522 4108 3970 4109 
1838 205 3497 204 4110 4111 219 
1839 3466 3549 3497 4112 4113 4042 
1840 536 3521 537 4114 3787 556 
1841 3353 3438 501 3627 4006 4059 
1842 379 3495 380 4115 4116 392 
1843 502 3344 503 3858 4117 514 
1844 504 3459 505 4118 4093 516 
1845 208 3536 3340 3603 4119 3865 
1846 3358 3501 189 4120 4121 4065 
1847 380 3495 3478 4116 4122 3999 
1848 521 3336 522 4123 4109 541 
1849 3412 3543 3542 4045 4124 4125 
1850 3376 3377 3375 4041 4126 4029 
1851 3378 3380 3377 4048 4127 4040 
1852 521 3457 3336 4128 3690 4123 
1853 3343 3457 520 4129 4130 4131 
1854 3402 3498 3401 4132 3917 3926 
1855 18 3343 520 4133 4131 539 
1856 3490 3509 389 3951 4025 4083 
1857 3348 3553 3482 4134 3873 4000 
1858 3366 3368 3367 3863 4135 4136 
1859 505 3335 506 4094 4137 517 
1860 3381 3383 3380 4081 3617 4047 
1861 18 3458 3343 4138 4139 4133 
1862 3388 3390 3389 3975 4140 4141 
1863 3478 3511 3341 4142 4143 3922 
1864 3351 3497 205 4043 4110 4023 
1865 3392 3396 3394 3973 4144 4145 
1866 520 3457 521 4130 4128 540 
1867 3386 3387 3384 4104 4146 3995 
1868 3482 3507 3355 3897 3903 3983 
1869 3469 3516 3503 4147 3748 4148 
1870 3398 3411 3410 4149 4150 4151 
1871 3371 3528 3374 4152 4153 4003 
1872 3364 3365 3363 4056 4154 3799 
1873 3468 3546 3501 4155 4069 4156 
1874 179 3535 7 4157 4158 191 
1875 3483 3546 3469 3780 4159 4160 
1876 3415 3476 3400 4161 4067 3981 
1877 3455 3519 3454 3565 3751 4033 
1878 3469 3503 3483 4148 4162 4160 
1879 3458 3499 3343 3635 4163 4139 
1880 507 3458 18 4164 4138 519 
1881 3335 3487 506 4165 4166 4137 
1882 506 3487 507 4166 4167 518 
1883 3368 3370 3369 3877 4168 4169 
1884 3346 3513 3481 4170 3785 3960 
1885 3408 3526 3407 4171 4038 4172 
1886 3432 3522 3430 4173 3719 3667 
1887 507 3487 3458 4167 3726 4164 
1888 217 3541 3428 4174 4175 3847 
1889 3371 3373 3372 4005 4176 4177 
1890 3388 3389 3387 4141 4178 4103 
1891 7 3535 379 4158 4179 391 
1892 3392 3394 3390 4145 4180 4052 
1893 3417 3419 3406 4181 4182 3967 
1894 524 3533 3334 4183 4184 4089 
1895 3398 3409 3394 4185 4186 4187 
1896 3398 3492 3411 4188 4189 4149 
1897 3515 3521 3428 3788 4190 4191 
1898 3523 3556 3425 3934 3731 3745 
1899 3341 3511 3461 4143 3931 3890 
1900 3363 3413 3345 4192 3737 3722 
1901 3344 3518 503 3676 4193 4117 
1902 504 3518 3459 4194 3832 4118 
1903 3401 3492 3396 3762 4195 4051 
1904 3396 3398 3394 4196 4187 4144 
1905 3375 3379 3373 4197 4198 4107 
1906 3336 3512 3485 4021 3593 4108 
1907 3493 3551 3342 4199 3899 3835 
1908 3380 3393 3377 3582 4200 4127 
1909 3515 3540 538 4099 3915 4201 
1910 3362 3506 3382 3824 3881 3966 
1911 189 3501 188 4121 4027 201 
1912 3398 3410 3409 4151 4202 4185 
1913 3389 3407 3387 4203 4204 4178 
1914 3428 3529 216 4205 3946 3848 
1915 3389 3408 3407 4206 4172 4203 
1916 530 3504 531 4075 4072 550 
1917 3424 3508 3423 4207 4078 3776 
1918 3533 3550 3334 4208 3596 4184 
1919 3396 3492 3398 4195 4188 4196 
1920 3390 3505 3389 4209 4210 4140 
1921 3436 3508 3424 4211 4207 4058 
1922 3497 3549 3358 4113 4212 4213 
1923 3477 3510 3348 4214 4215 3986 
1924 3451 3514 3484 4216 4217 3769 
1925 204 3539 8 4218 4219 218 
1926 3383 3530 3488 4220 4105 3800 
1927 3394 3505 3390 4221 4209 4180 
1928 3452 3514 3451 4022 4216 4037 
1929 3409 3505 3394 3725 4221 4186 
1930 8 3539 190 4219 4222 203 
1931 3340 3542 3465 4223 4224 3753 
1932 3389 3505 3408 4210 3645 4206 
1933 3377 3502 3375 4225 4226 4126 
1934 3494 3508 3436 4088 4211 3618 
1935 3431 3534 3432 4227 3886 3666 
1936 3406 3498 3402 4228 4132 3976 
1937 3411 3507 3410 4229 3896 4150 
1938 3475 3526 3339 4039 4097 3868 
1939 3499 3538 3343 3735 4230 4163 
1940 3393 3503 3502 4231 3750 4232 
1941 3393 3502 3377 4232 4225 4200 
1942 3500 3529 3357 3947 4233 3584 
1943 3543 3555 3470 4234 3884 4063 
1944 3375 3502 3379 4226 3945 4197 
1945 3366 3367 3365 4136 4235 4055 
1946 3371 3372 3369 4177 4236 4237 
1947 559 3527 9 4238 3604 561 
1948 3461 3545 3434 4239 4240 3891 
1949 390 3509 497 4026 3938 3595 
1950 3417 3513 3419 4241 4242 4181 
1951 3350 3547 3523 4243 3968 4244 
1952 537 3515 538 3789 4201 557 
1953 3419 3498 3406 4245 4228 4182 
1954 3384 3530 3383 4246 4220 4080 
1955 560 3359 559 4247 4248 562 
1956 3467 3516 3469 3586 4147 3991 
1957 3473 3525 3486 4249 3792 4007 
1958 3420 3513 3417 3786 4241 3833 
1959 3370 3371 3369 4250 4237 4168 
1960 3483 3525 3473 4251 4249 4034 
1961 3484 3514 3399 4217 4068 4032 
1962 3357 3521 536 4252 4114 4092 
1963 3357 3529 3521 4233 4253 4252 
1964 3513 3557 3419 4254 4255 4242 
1965 3491 3531 3354 3743 3949 3814 
1966 3492 3511 3411 3932 4256 4189 
1967 3448 3517 3447 4257 3844 3764 
1968 3528 3554 3374 4258 3958 4153 
1969 3412 3542 3520 4125 4259 4260 
1970 3379 3555 3373 3885 4261 4198 
1971 3368 3369 3367 4169 4262 4135 
1972 3478 3544 3511 4263 4264 4142 
1973 3407 3530 3387 4106 4265 4204 
1974 503 3518 504 4193 4194 515 
1975 3361 3524 3506 3684 4266 3823 
1976 3520 3542 3536 4259 4267 4268 
1977 3423 3524 3352 4269 3677 3709 
1978 3346 3557 3513 3621 4254 4170 
1979 3504 3547 3350 4270 4243 4073 
1980 3511 3544 3411 4264 4271 4256 
1981 3358 3549 3501 4212 4272 4120 
1982 3497 3539 204 4273 4218 4111 
1983 3349 3517 3489 3563 4274 4102 
1984 3489 3517 3448 4274 4257 3909 
1985 3495 3544 3478 3944 4263 4122 
1986 3350 3523 3449 4244 3866 4101 
1987 3498 3545 3461 4275 4239 3918 
1988 3426 3547 3435 3969 4276 4049 
1989 3487 3522 3432 4277 4173 3727 
1990 3367 3412 3365 4278 4279 4235 
1991 3355 3535 179 4280 4157 4036 
1992 3335 3522 3487 3612 4277 4165 
1993 3501 3549 3468 4272 4281 4156 
1994 3358 3539 3497 4282 4273 4213 
1995 3363 3520 3413 4283 4284 4192 
1996 3503 3525 3483 4285 4251 4162 
1997 523 3533 524 3978 4183 543 
1998 379 3535 3495 4179 4286 4115 
1999 3365 3520 3363 4287 4283 4154 
2000 3343 3538 3457 4230 3696 4129 
2001 3372 3555 3543 4288 4234 4289 
2002 190 3539 3358 4222 4282 4064 
2003 3393 3525 3503 3793 4285 4231 
2004 3422 3556 3426 3831 3933 3996 
2005 3469 3546 3468 4159 4155 3992 
2006 3506 3524 3423 4266 4269 4079 
2007 3370 3528 3371 3920 4152 4250 
2008 3435 3551 3436 3900 4290 4057 
2009 3387 3530 3384 4265 4246 4146 
2010 3436 3551 3493 4290 4199 3619 
2011 3359 3527 559 4291 4238 4248 
2012 3410 3553 3409 3874 4292 4202 
2013 19 3540 560 3916 4293 563 
2014 3445 3550 3533 4095 4208 4054 
2015 3542 3543 3465 4124 4062 4224 
2016 3495 3535 3355 4286 4280 3905 
2017 3435 3547 3504 4276 4270 3802 
2018 3409 3553 3510 4292 4294 3724 
2019 560 3540 3359 4293 4098 4247 
2020 3372 3532 3369 4295 4296 4236 
2021 3468 3549 3466 4281 4112 4024 
2022 3415 3558 3476 4297 3729 4161 
2023 3442 3554 3444 3711 4298 4060 
2024 3412 3520 3365 4260 4287 4279 
2025 3373 3555 3372 4261 4288 4176 
2026 3411 3544 3507 4271 3943 4229 
2027 3499 3534 3415 3887 4299 3746 
2028 3444 3554 3528 4298 4258 4066 
2029 3515 3541 3359 4300 4301 4100 
2030 3419 3545 3498 4302 4275 4245 
2031 3520 3536 3413 4268 3602 4284 
2032 3477 3552 3510 4019 3924 4214 
2033 3510 3553 3348 4294 4134 4215 
2034 3521 3529 3428 4253 4205 4190 
2035 3369 3532 3367 4296 4303 4262 
2036 3367 3532 3412 4303 4046 4278 
2037 3372 3543 3532 4289 4044 4295 
2038 3408 3552 3526 3925 4096 4171 
2039 3359 3541 3527 4301 4304 4291 
2040 3431 3558 3534 3797 4305 4227 
2041 3428 3541 3515 4175 4300 4191 
2042 3419 3557 3545 4255 4306 4302 
2043 3534 3558 3415 4305 4297 4299 
2044 3527 3541 217 4304 4174 3605 
2045 3536 3542 3340 4267 4223 4119 
2046 3545 3557 3434 4306 3662 4240 
2 21 9 569
2047 4355 4429 4427 4562 4563 4564 
2048 4484 4516 4472 4565 4566 4567 
2049 4458 4459 4417 4568 4569 4570 
2050 4506 4541 4429 4571 4572 4573 
2051 4493 4518 4309 4574 4575 4576 
2052 4437 4521 4478 4577 4578 4579 
2053 4348 4438 4343 4580 4581 4582 
2054 4417 4552 4353 4583 4584 4585 
2055 4420 4434 4419 4586 4587 4588 
2056 4336 4463 4338 4589 4590 4591 
2057 4329 4553 405 4592 4593 4594 
2058 4478 4521 4405 4578 4595 4596 
2059 4493 4520 4409 4597 4598 4599 
2060 4417 4464 4458 4600 4601 4570 
2061 4409 4520 4436 4598 4602 4603 
2062 4343 4438 4341 4581 4604 4605 
2063 4431 4438 4348 4606 4580 4607 
2064 4330 4439 4406 4608 4609 4610 
2065 4434 4473 4419 4611 4612 4587 
2066 404 4329 405 4613 4594 417 
2067 4325 4329 404 4614 4613 4615 
2068 4376 4516 4484 4616 4565 4617 
2069 4459 4552 4417 4618 4583 4569 
2070 4355 4506 4429 4619 4573 4562 
2071 4409 4518 4493 4620 4574 4599 
2072 4430 4469 4453 4621 4622 4623 
2073 4353 4519 4417 4624 4625 4585 
2074 16 4325 404 4626 4615 416 
2075 4355 4463 4336 4627 4589 4628 
2076 4407 4530 4452 4629 4630 4631 
2077 4453 4462 4430 4632 4633 4623 
2078 4482 4523 4398 4634 4635 4636 
2079 4452 4530 4310 4630 4637 4638 
2080 4448 4525 4449 4639 4640 4641 
2081 405 4553 4312 4593 4642 4643 
2082 4324 4473 4465 4644 4645 4646 
2083 4427 4463 4355 4647 4627 4564 
2084 4449 4525 4522 4640 4648 4649 
2085 4453 4469 4308 4622 4650 4651 
2086 4467 4523 4482 4652 4634 4653 
2087 4314 4511 4449 4654 4655 4656 
2088 4449 4522 4314 4649 4657 4656 
2089 4348 4450 4431 4658 4659 4607 
2090 4325 4439 4330 4660 4608 4661 
2091 4473 4529 4465 4662 4663 4645 
2092 4311 4504 568 4664 4665 4666 
2093 4440 4504 4311 4667 4664 4668 
2094 4500 4555 4451 4669 4670 4671 
2095 4402 4484 4471 4672 4673 4674 
2096 411 4414 4313 4675 4676 4677 
2097 4307 4456 4455 4678 4679 4680 
2098 4326 4509 4432 4681 4682 4683 
2099 4337 4552 4534 4684 4685 4686 
2100 4307 4454 409 4687 4688 4689 
2101 4315 4487 4435 4690 4691 4692 
2102 4471 4518 4402 4693 4694 4674 
2103 409 4454 410 4688 4695 422 
2104 4307 4455 4454 4680 4696 4687 
2105 4432 4509 4323 4682 4697 4698 
2106 4319 4419 566 4699 4700 4701 
2107 4462 4548 4430 4702 4703 4633 
2108 4450 4495 4386 4704 4705 4706 
2109 4432 4468 4326 4707 4708 4683 
2110 4424 4434 4420 4709 4586 4710 
2111 4439 4536 4406 4711 4712 4609 
2112 4338 4463 4354 4590 4713 4714 
2113 411 4313 412 4677 4715 424 
2114 413 4437 4321 4716 4717 4718 
2115 4414 4415 4313 4719 4720 4676 
2116 4311 4525 4448 4721 4639 4722 
2117 4472 4516 4475 4566 4723 4724 
2118 4397 4464 4417 4725 4600 4726 
2119 4448 4528 4311 4727 4728 4722 
2120 4464 4505 4415 4729 4730 4731 
2121 4451 4545 4500 4732 4733 4671 
2122 4327 4507 4467 4734 4735 4736 
2123 4353 4552 4337 4584 4684 4737 
2124 4437 4478 4321 4579 4738 4717 
2125 4348 4495 4450 4739 4704 4658 
2126 567 4319 566 4740 4701 579 
2127 4428 4501 4451 4741 4742 4743 
2128 4309 4518 4471 4575 4693 4744 
2129 4401 4554 4475 4745 4746 4747 
2130 4354 4555 4500 4748 4669 4749 
2131 4475 4516 4401 4723 4750 4747 
2132 4429 4430 4426 4751 4752 4753 
2133 4507 4556 4467 4754 4755 4735 
2134 410 4414 411 4756 4675 423 
2135 4397 4505 4464 4757 4729 4725 
2136 4414 4416 4415 4758 4759 4719 
2137 4510 4549 4499 4760 4761 4762 
2138 4416 4464 4415 4763 4731 4759 
2139 4451 4501 4442 4742 4764 4765 
2140 4436 4520 4317 4602 4766 4767 
2141 4313 4521 4437 4768 4577 4769 
2142 4460 4477 4457 4770 4771 4772 
2143 4426 4433 4424 4773 4774 4775 
2144 4425 4426 4424 4776 4775 4777 
2145 4388 4450 4386 4778 4706 4779 
2146 566 4559 565 4780 4781 578 
2147 4435 4517 4315 4782 4783 4692 
2148 4427 4429 4426 4563 4753 4784 
2149 4422 4424 4420 4785 4710 4786 
2150 4433 4434 4424 4787 4709 4774 
2151 183 4452 4310 4788 4638 4789 
2152 4319 4420 4419 4790 4588 4699 
2153 4457 4477 4459 4771 4791 4792 
2154 4395 4397 4396 4793 4794 4795 
2155 4403 4480 4479 4796 4797 4798 
2156 4429 4469 4430 4799 4621 4751 
2157 4371 4476 4333 4800 4801 4802 
2158 4397 4417 4400 4726 4803 4804 
2159 410 4454 4414 4695 4805 4756 
2160 4405 4505 4395 4806 4807 4808 
2161 4419 4559 566 4809 4780 4700 
2162 4414 4454 4416 4805 4810 4758 
2163 4395 4396 4393 4795 4811 4812 
2164 4328 4549 4510 4813 4760 4814 
2165 4323 4544 4432 4815 4816 4698 
2166 4430 4433 4426 4817 4773 4752 
2167 186 4480 4315 4818 4819 4820 
2168 4455 4458 4416 4821 4822 4823 
2169 4456 4457 4455 4824 4825 4679 
2170 4452 4531 4407 4826 4827 4631 
2171 181 4466 4320 4828 4829 4830 
2172 4472 4475 4474 4724 4831 4832 
2173 4394 4395 4393 4833 4812 4834 
2174 4422 4425 4424 4835 4777 4785 
2175 4371 4477 4460 4836 4770 4837 
2176 4388 4486 4450 4838 4839 4778 
2177 4315 4533 4487 4840 4841 4690 
2178 4397 4400 4396 4804 4842 4794 
2179 4317 4535 4436 4843 4844 4767 
2180 4374 4513 4490 4845 4846 4847 
2181 4390 4486 4388 4848 4838 4849 
2182 4447 4451 4442 4850 4765 4851 
2183 4454 4455 4416 4696 4823 4810 
2184 4320 4452 182 4852 4853 4854 
2185 4394 4405 4395 4855 4808 4833 
2186 4467 4482 4466 4653 4856 4857 
2187 4502 4512 4404 4858 4859 4860 
2188 4425 4427 4426 4861 4784 4776 
2189 183 4310 184 4789 4862 196 
2190 4470 4474 237 4863 4864 4865 
2191 4472 4474 4470 4832 4863 4866 
2192 4428 4463 4427 4867 4647 4868 
2193 412 4437 413 4869 4716 425 
2194 569 4311 568 4870 4666 581 
2195 181 4320 182 4830 4854 194 
2196 4384 4498 4382 4871 4872 4873 
2197 4466 4482 4320 4856 4874 4829 
2198 4490 4513 4408 4846 4875 4876 
2199 4325 4330 4329 4661 4877 4614 
2200 4327 4467 4466 4736 4857 4878 
2201 4438 4551 4341 4879 4880 4604 
2202 4450 4486 4431 4839 4881 4659 
2203 185 4480 186 4882 4818 198 
2204 4384 4512 4502 4883 4858 4884 
2205 4398 4496 4482 4885 4886 4636 
2206 4335 4371 4333 4887 4802 4888 
2207 182 4452 183 4853 4788 195 
2208 239 4309 238 4889 4890 251 
2209 4327 4466 180 4878 4891 4892 
2210 4309 4471 4470 4744 4893 4894 
2211 4382 4497 4368 4895 4896 4897 
2212 4456 4460 4457 4898 4772 4824 
2213 4309 4470 238 4894 4899 4890 
2214 4322 4510 4499 4900 4762 4901 
2215 565 4508 564 4902 4903 577 
2216 4392 4393 4390 4904 4905 4906 
2217 180 4466 181 4891 4828 193 
2218 4479 4480 185 4797 4882 4907 
2219 568 4504 567 4665 4908 580 
2220 4474 4475 4318 4831 4909 4910 
2221 4310 4479 184 4911 4912 4862 
2222 4351 4485 4358 4913 4914 4915 
2223 4393 4486 4390 4916 4848 4905 
2224 4387 4388 4386 4917 4779 4918 
2225 4396 4486 4393 4919 4916 4811 
2226 4386 4495 4359 4705 4920 4921 
2227 4383 4384 4382 4922 4873 4923 
2228 4318 4481 235 4924 4925 4926 
2229 4333 4476 4331 4801 4927 4928 
2230 4443 4447 4442 4929 4851 4930 
2231 4471 4472 4470 4931 4866 4893 
2232 413 4321 414 4718 4932 426 
2233 179 4327 180 4933 4892 192 
2234 237 4474 236 4864 4934 249 
2235 4434 4529 4473 4935 4662 4611 
2236 4400 4438 4431 4936 4606 4937 
2237 236 4474 4318 4934 4910 4938 
2238 238 4470 237 4899 4865 250 
2239 4384 4502 4498 4884 4939 4871 
2240 4313 4437 412 4769 4869 4715 
2241 4431 4486 4396 4881 4919 4940 
2242 4417 4519 4400 4625 4941 4803 
2243 4456 4461 4460 4942 4943 4898 
2244 234 4481 4328 4944 4945 4946 
2245 4378 4382 4368 4947 4897 4948 
2246 234 4328 233 4946 4949 246 
2247 186 4315 187 4820 4950 199 
2248 236 4318 235 4938 4926 248 
2249 4392 4394 4393 4951 4834 4904 
2250 4363 4386 4359 4952 4921 4953 
2251 4421 4422 4420 4954 4786 4955 
2252 235 4481 234 4925 4944 247 
2253 4471 4484 4472 4673 4567 4931 
2254 572 4314 571 4956 4957 584 
2255 242 4317 241 4958 4959 254 
2256 4441 4442 4423 4960 4961 4962 
2257 4387 4389 4388 4963 4964 4917 
2258 188 4323 189 4965 4966 201 
2259 4373 4489 4372 4967 4968 4969 
2260 572 4483 4314 4970 4971 4956 
2261 244 4326 243 4972 4973 256 
2262 573 4483 572 4974 4970 585 
2263 4351 4358 4356 4915 4975 4976 
2264 4322 4483 573 4977 4974 4978 
2265 574 4322 573 4979 4978 586 
2266 4332 4333 4331 4980 4928 4981 
2267 4330 4406 4332 4610 4982 4983 
2268 4389 4390 4388 4984 4849 4964 
2269 184 4479 185 4912 4907 197 
2270 4383 4403 4384 4985 4986 4922 
2271 4378 4383 4382 4987 4923 4947 
2272 4372 4489 4377 4968 4988 4989 
2273 4364 4374 4369 4990 4991 4992 
2274 4374 4402 4381 4993 4994 4995 
2275 4422 4501 4425 4996 4997 4835 
2276 4377 4418 4410 4998 4999 5000 
2277 4324 4508 4473 5001 5002 4644 
2278 4443 4491 4447 5003 5004 4929 
2279 4363 4387 4386 5005 4918 4952 
2280 4430 4548 4433 4703 5006 4817 
2281 4366 4373 4372 5007 4969 5008 
2282 4468 4561 4326 5009 5010 4708 
2283 4413 4468 4432 5011 4707 5012 
2284 240 4493 239 5013 5014 252 
2285 4425 4501 4428 4997 4741 5015 
2286 4374 4381 4369 4995 5016 4991 
2287 4330 4332 4331 4983 4981 5017 
2288 4413 4432 4411 5012 5018 5019 
2289 4370 4380 4379 5020 5021 5022 
2290 240 4520 4493 5023 4597 5013 
2291 4358 4488 4356 5024 5025 4975 
2292 4342 4385 4344 5026 5027 5028 
2293 4405 4521 4505 4595 5029 4806 
2294 4375 4376 4367 5030 5031 5032 
2295 4400 4431 4396 4937 4940 4842 
2296 4380 4413 4411 5033 5019 5034 
2297 239 4493 4309 5014 4576 4889 
2298 4382 4498 4497 4872 5035 4895 
2299 4411 4435 4379 5036 5037 5038 
2300 4365 4368 4362 5039 5040 5041 
2301 4481 4554 4412 5042 5043 5044 
2302 4370 4378 4368 5045 4948 5046 
2303 405 4312 406 4643 5047 418 
2304 4366 4488 4373 5048 5049 5007 
2305 4346 4351 4349 5050 5051 5052 
2306 4381 4399 4369 5053 5054 5016 
2307 4381 4409 4399 5055 5056 5053 
2308 4360 4363 4359 5057 4953 5058 
2309 4380 4411 4379 5034 5038 5021 
2310 4377 4410 4401 5000 5059 5060 
2311 4370 4379 4378 5022 5061 5045 
2312 4377 4489 4418 4988 5062 4998 
2313 4364 4369 4365 4992 5063 5064 
2314 4442 4501 4423 4764 5065 4961 
2315 4350 4359 4347 5066 5067 5068 
2316 4365 4370 4368 5069 5046 5039 
2317 4357 4408 4352 5070 5071 5072 
2318 4491 4526 4447 5073 5074 5004 
2319 4457 4458 4455 5075 4821 4825 
2320 4409 4436 4399 4603 5076 5056 
2321 4410 4412 4401 5077 5078 5059 
2322 4441 4443 4442 5079 4930 4960 
2323 4389 4391 4390 5080 5081 4984 
2324 4339 4353 4337 5082 4737 5083 
2325 4391 4392 4390 5084 4906 5081 
2326 4354 4500 4340 4749 5085 5086 
2327 4372 4377 4375 4989 5087 5088 
2328 4377 4401 4375 5060 5089 5087 
2329 4374 4490 4402 4847 5090 4993 
2330 4346 4349 4347 5052 5091 5092 
2331 4345 4348 4343 5093 4582 5094 
2332 4392 4398 4394 5095 5096 4951 
2333 4344 4346 4345 5097 5098 5099 
2334 4389 4404 4391 5100 5101 5080 
2335 4378 4487 4383 5102 5103 4987 
2336 4412 4554 4401 5043 4745 5078 
2337 4364 4365 4362 5064 5041 5104 
2338 4346 4485 4351 5105 4913 5050 
2339 4361 4364 4362 5106 5104 5107 
2340 4445 4491 4443 5108 5003 5109 
2341 4350 4361 4360 5110 5111 5112 
2342 4372 4375 4367 5088 5032 5113 
2343 4366 4367 4357 5114 5115 5116 
2344 4351 4356 4352 4976 5117 5118 
2345 4366 4372 4367 5008 5113 5114 
2346 4356 4366 4357 5119 5116 5120 
2347 4350 4360 4359 5112 5058 5066 
2348 4356 4357 4352 5120 5072 5117 
2349 4435 4487 4379 4691 5121 5037 
2350 569 4525 4311 5122 4721 4870 
2351 4351 4352 4349 5118 5123 5051 
2352 4421 4423 4422 5124 5125 4954 
2353 4311 4528 4440 4728 5126 4668 
2354 4344 4485 4346 5127 5105 5097 
2355 4379 4487 4378 5121 5102 5061 
2356 4403 4533 4480 5128 5129 4796 
2357 414 4507 415 5130 5131 427 
2358 4349 4350 4347 5132 5068 5091 
2359 4346 4347 4345 5092 5133 5098 
2360 189 4509 190 5134 5135 202 
2361 4404 4407 4391 5136 5137 5101 
2362 4370 4492 4380 5138 5139 5020 
2363 596 4325 16 5140 4626 605 
2364 4385 4485 4344 5141 5127 5027 
2365 408 4307 409 5142 4689 421 
2366 4307 4514 4456 5143 5144 4678 
2367 4444 4445 4443 5145 5109 5146 
2368 575 4510 574 5147 5148 587 
2369 4361 4362 4360 5107 5149 5111 
2370 4399 4492 4369 5150 5151 5054 
2371 4369 4492 4365 5151 5152 5063 
2372 4344 4345 4343 5099 5094 5153 
2373 4340 4500 4342 5085 5154 5155 
2374 596 4439 4325 5156 4660 5140 
2375 4365 4492 4370 5152 5138 5069 
2376 4356 4488 4366 5025 5048 5119 
2377 4395 4505 4397 4807 4757 4793 
2378 4448 4449 4446 4641 5157 5158 
2379 4444 4448 4446 5159 5158 5160 
2380 4392 4496 4398 5161 4885 5095 
2381 4368 4497 4362 4896 5162 5040 
2382 4364 4513 4374 5163 4845 4990 
2383 4444 4446 4445 5160 5164 5145 
2384 4391 4496 4392 5165 5161 5084 
2385 4359 4495 4347 4920 5166 5067 
2386 4342 4344 4343 5028 5153 5167 
2387 4360 4497 4363 5168 5169 5057 
2388 4319 4421 4420 5170 4955 4790 
2389 4330 4331 4329 5017 5171 4877 
2390 4407 4496 4391 5172 5165 5137 
2391 4363 4498 4387 5173 5174 5005 
2392 4433 4529 4434 5175 4935 4787 
2393 4458 4464 4416 4601 4763 4822 
2394 4345 4495 4348 5176 4739 5093 
2395 4399 4503 4492 5177 5178 5150 
2396 4338 4354 4340 4714 5086 5179 
2397 4492 4503 4380 5178 5180 5139 
2398 4408 4494 4352 5181 5182 5071 
2399 4352 4494 4349 5182 5183 5123 
2400 4380 4503 4413 5180 5184 5033 
2401 595 4439 596 5185 5156 604 
2402 4547 4553 4476 5186 5187 5188 
2403 4349 4494 4350 5183 5189 5132 
2404 4358 4526 4491 5190 5073 5191 
2405 4347 4495 4345 5166 5176 5133 
2406 4315 4517 187 4783 5192 4950 
2407 4497 4498 4363 5035 5173 5169 
2408 4389 4502 4404 5193 4860 5100 
2409 4387 4502 4389 5194 5193 4963 
2410 4441 4444 4443 5195 5146 5079 
2411 4350 4494 4361 5189 5196 5110 
2412 4362 4497 4360 5162 5168 5149 
2413 4410 4499 4412 5197 5198 5077 
2414 4460 4557 4371 5199 5200 4837 
2415 188 4517 4323 5201 5202 4965 
2416 4440 4441 4423 5203 4962 5204 
2417 4480 4533 4315 5129 4840 4819 
2418 4425 4428 4427 5015 4868 4861 
2419 4317 4520 241 4766 5205 4959 
2420 4321 4507 414 5206 5130 4932 
2421 4408 4513 4494 4875 5207 5181 
2422 4526 4545 4447 5208 5209 5074 
2423 4342 4343 4341 5167 4605 5210 
2424 4342 4500 4385 5154 5211 5026 
2425 4494 4513 4361 5207 5212 5196 
2426 4314 4522 571 4657 5213 4957 
2427 4436 4503 4399 5214 5177 5076 
2428 4447 4545 4451 5209 4732 4850 
2429 594 4308 595 5215 5216 603 
2430 4498 4502 4387 4939 5194 5174 
2431 4340 4341 4339 5217 5218 5219 
2432 4340 4342 4341 5155 5210 5217 
2433 4469 4536 4308 5220 5221 4650 
2434 4308 4439 595 5222 5185 5216 
2435 4323 4509 189 4697 5134 4966 
2436 4421 4440 4423 5223 5204 5124 
2437 4423 4501 4422 5065 4996 5125 
2438 593 4453 594 5224 5225 602 
2439 574 4510 4322 5148 4900 4979 
2440 4376 4515 4367 5226 5227 5031 
2441 4402 4518 4381 4694 5228 4994 
2442 4373 4524 4489 5229 5230 4967 
2443 4338 4340 4339 5179 5219 5231 
2444 4408 4515 4490 5232 5233 4876 
2445 4338 4339 4337 5231 5083 5234 
2446 4468 4535 4317 5235 4843 5236 
2447 7 4538 179 5237 5238 191 
2448 4317 4561 4468 5239 5009 5236 
2449 415 4538 7 5240 5237 428 
2450 4401 4516 4375 4750 5241 5089 
2451 233 4540 10 5242 5243 245 
2452 10 4540 575 5243 5244 588 
2453 4318 4554 4481 5245 5042 4924 
2454 4403 4512 4384 5246 4883 4986 
2455 4357 4515 4408 5247 5232 5070 
2456 4334 4355 4336 5248 4628 5249 
2457 4496 4531 4482 5250 5251 4886 
2458 591 4316 592 5252 5253 600 
2459 592 4462 593 5254 5255 601 
2460 4406 4506 4332 5256 5257 4982 
2461 594 4453 4308 5225 4651 5215 
2462 4361 4513 4364 5212 5163 5106 
2463 4505 4521 4415 5029 5258 4730 
2464 4402 4537 4484 5259 5260 4672 
2465 4489 4511 4418 5261 5262 5062 
2466 564 4543 20 5263 5264 576 
2467 4485 4526 4358 5265 5190 4914 
2468 589 4324 590 5266 5267 598 
2469 590 4465 591 5268 5269 599 
2470 407 4514 408 5270 5271 420 
2471 4476 4553 4331 5187 5272 4927 
2472 242 4561 4317 5273 5239 4958 
2473 4413 4535 4468 5274 5235 5011 
2474 4326 4561 243 5010 5275 4973 
2475 20 4543 589 5264 5276 597 
2476 4336 4338 4337 4591 5234 5277 
2477 8 4542 244 5278 5279 257 
2478 190 4542 8 5280 5278 203 
2479 408 4514 4307 5271 5143 5142 
2480 4428 4555 4463 5281 5282 4867 
2481 4451 4555 4428 4670 5281 4743 
2482 4490 4537 4402 5283 5259 5090 
2483 4457 4459 4458 4792 4568 5075 
2484 4332 4334 4333 5284 5285 4980 
2485 4456 4514 4461 5144 5286 4942 
2486 4482 4531 4320 5251 5287 4874 
2487 593 4462 4453 5255 4632 5224 
2488 567 4504 4319 4908 5288 4740 
2489 4320 4531 4452 5287 4826 4852 
2490 4316 4462 592 5289 5254 5253 
2491 4400 4519 4438 4941 5290 4936 
2492 4432 4544 4411 4816 5291 5018 
2493 4383 4533 4403 5292 5128 4985 
2494 4488 4539 4373 5293 5294 5049 
2495 4367 4515 4357 5227 5247 5115 
2496 591 4465 4316 5269 5295 5252 
2497 4375 4516 4376 5241 4616 5030 
2498 4418 4527 4410 5296 5297 4999 
2499 4491 4560 4358 5298 5299 5191 
2500 187 4517 188 5192 5201 200 
2501 4444 4528 4448 5300 4727 5159 
2502 4319 4504 4421 5288 5301 5170 
2503 4312 4532 406 5302 5303 5047 
2504 4381 4518 4409 5228 4620 5055 
2505 4336 4337 4335 5277 5304 5305 
2506 4412 4549 4481 5306 5307 5044 
2507 4398 4546 4394 5308 5309 5096 
2508 4373 4539 4524 5294 5310 5229 
2509 4440 4528 4441 5126 5311 5203 
2510 4415 4521 4313 5258 4768 4720 
2511 241 4520 240 5205 5023 253 
2512 4488 4560 4539 5312 5313 5293 
2513 4324 4465 590 4646 5268 5267 
2514 4339 4551 4353 5314 5315 5082 
2515 4421 4504 4440 5301 4667 5223 
2516 4517 4544 4323 5316 4815 5202 
2517 4463 4555 4354 5282 4748 4713 
2518 4334 4335 4333 5317 4888 5285 
2519 4418 4558 4527 5318 5319 5296 
2520 4522 4525 570 4648 5320 5321 
2521 4449 4524 4446 5322 5323 5157 
2522 571 4522 570 5213 5321 583 
2523 4479 4550 4403 5324 5325 4798 
2524 4371 4557 4476 5200 5326 4800 
2525 4433 4548 4529 5006 5327 5175 
2526 4334 4506 4355 5328 4619 5248 
2527 4429 4541 4469 4572 5329 4799 
2528 4332 4506 4334 5257 5328 5284 
2529 4353 4551 4519 5315 5330 4624 
2530 407 4532 4514 5331 5332 5270 
2531 570 4525 569 5320 5122 582 
2532 4312 4553 4547 4642 5186 5333 
2533 4322 4527 4483 5334 5335 4977 
2534 4410 4527 4499 5297 5336 5197 
2535 4385 4526 4485 5337 5265 5141 
2536 4511 4524 4449 5338 5322 4655 
2537 4308 4536 4439 5221 4711 5222 
2538 4484 4537 4376 5260 5339 4617 
2539 4499 4527 4322 5336 5334 4901 
2540 4436 4535 4503 4844 5340 5214 
2541 4358 4560 4488 5299 5312 5024 
2542 4403 4550 4512 5325 5341 5246 
2543 4404 4530 4407 5342 4629 5136 
2544 4523 4546 4398 5343 5308 4635 
2545 4441 4528 4444 5311 5300 5195 
2546 4321 4556 4507 5344 4754 5206 
2547 4489 4524 4511 5230 5338 5261 
2548 4312 4547 4532 5333 5345 5302 
2549 4334 4336 4335 5249 5305 5317 
2550 4527 4558 4483 5319 5346 5335 
2551 4435 4544 4517 5347 5316 4782 
2552 406 4532 407 5303 5331 419 
2553 4514 4532 4461 5332 5348 5286 
2554 4509 4542 190 5349 5280 5135 
2555 4407 4531 4496 4827 5250 5172 
2556 4385 4545 4526 5350 5208 5337 
2557 179 4538 4327 5238 5351 4933 
2558 4507 4538 415 5352 5240 5131 
2559 4478 4556 4321 5353 5344 4738 
2560 4337 4534 4335 4686 5354 5304 
2561 4328 4540 233 5355 5242 4949 
2562 575 4540 4510 5244 5356 5147 
2563 4512 4530 4404 5357 5342 4859 
2564 4487 4533 4383 4841 5292 5103 
2565 4465 4529 4316 4663 5358 5295 
2566 4524 4539 4446 5310 5359 5323 
2567 4508 4543 564 5360 5263 4903 
2568 244 4542 4326 5279 5361 4972 
2569 4310 4550 4479 5362 5324 4911 
2570 4534 4552 4477 4685 5363 5364 
2571 4405 4546 4478 5365 5366 4596 
2572 4481 4549 4328 5307 4813 4945 
2573 4475 4554 4318 4746 5245 4909 
2574 4461 4557 4460 5367 5199 4943 
2575 4446 4539 4445 5359 5368 5164 
2576 4376 4537 4515 5339 5369 5226 
2577 4539 4560 4445 5313 5370 5368 
2578 4324 4543 4508 5371 5360 5001 
2579 4477 4552 4459 5363 4618 4791 
2580 4483 4558 4314 5346 5372 4971 
2581 4519 4551 4438 5330 4879 5290 
2582 4503 4535 4413 5340 5274 5184 
2583 4499 4549 4412 4761 5306 5198 
2584 243 4561 242 5275 5273 255 
2585 4523 4556 4478 5373 5353 5374 
2586 4473 4559 4419 5375 4809 4612 
2587 4411 4544 4435 5291 5347 5036 
2588 4326 4542 4509 5361 5349 4681 
2589 4394 4546 4405 5309 5365 4855 
2590 4530 4550 4310 5376 5362 4637 
2591 4508 4559 4473 5377 5375 5002 
2592 4327 4538 4507 5351 5352 4734 
2593 4331 4553 4329 5272 4592 5171 
2594 4341 4551 4339 4880 5314 5218 
2595 4469 4541 4536 5329 5378 5220 
2596 4536 4541 4406 5378 5379 4712 
2597 4510 4540 4328 5356 5355 4814 
2598 4529 4548 4316 5327 5380 5358 
2599 4314 4558 4511 5372 5381 4654 
2600 4335 4534 4371 5354 5382 4887 
2601 4371 4534 4477 5382 5364 4836 
2602 4500 4545 4385 4733 5350 5211 
2603 4406 4541 4506 5379 4571 5256 
2604 4445 4560 4491 5370 5298 5108 
2605 4511 4558 4418 5381 5318 5262 
2606 4316 4548 4462 5380 4702 5289 
2607 589 4543 4324 5276 5371 5266 
2608 4532 4547 4461 5345 5383 5348 
2609 4515 4537 4490 5369 5283 5233 
2610 565 4559 4508 4781 5377 4902 
2611 4512 4550 4530 5341 5376 5357 
2612 4478 4546 4523 5366 5343 5374 
2613 4467 4556 4523 4755 5373 4652 
2614 4547 4557 4461 5384 5367 5383 
2615 4476 4557 4547 5326 5384 5188 
2 25 9 199
2616 5389 5440 5429 5466 5467 5468 
2617 5429 5442 5389 5469 5470 5468 
2618 5424 5451 5407 5471 5472 5473 
2619 5388 5451 5424 5474 5471 5475 
2620 5427 5444 5425 5476 5477 5478 
2621 5416 5446 5443 5479 5480 5481 
2622 5443 5446 5394 5480 5482 5483 
2623 5392 5439 5416 5484 5485 5486 
2624 5392 5437 5417 5487 5488 5489 
2625 5416 5443 5392 5481 5490 5486 
2626 5397 5427 5425 5491 5478 5492 
2627 5425 5444 5413 5477 5493 5494 
2628 5445 5462 5444 5495 5496 5497 
2629 5417 5439 5392 5498 5484 5489 
2630 5393 5462 5445 5499 5495 5500 
2631 5452 5453 5434 5501 5502 5503 
2632 5385 5452 5434 5504 5503 5505 
2633 5429 5440 5428 5467 5506 5507 
2634 5437 5438 5417 5508 5509 5488 
2635 5424 5452 5385 5510 5504 5511 
2636 5391 5438 5437 5512 5508 5513 
2637 5447 5448 5395 5514 5515 5516 
2638 273 5437 5392 5517 5487 5518 
2639 5385 5454 5424 5519 5520 5511 
2640 5399 5433 5391 5521 5522 5523 
2641 278 5423 277 5524 5525 290 
2642 5422 5448 5447 5526 5514 5527 
2643 5390 5400 5399 5528 5529 5530 
2644 5422 5447 5394 5527 5531 5532 
2645 5398 5445 5444 5533 5497 5534 
2646 5394 5446 5422 5482 5535 5532 
2647 296 5398 295 5536 5537 301 
2648 5390 5399 276 5530 5538 5539 
2649 5389 5426 206 5540 5541 5542 
2650 207 5387 208 5543 5544 222 
2651 5402 5404 5403 5545 5546 5547 
2652 5401 5402 5400 5548 5549 5550 
2653 5390 5401 5400 5551 5550 5528 
2654 5405 5424 5407 5552 5473 5553 
2655 5404 5405 5403 5554 5555 5546 
2656 5402 5403 5400 5547 5556 5549 
2657 5433 5438 5391 5557 5512 5522 
2658 5402 5413 5404 5558 5559 5545 
2659 275 5399 5391 5560 5523 5561 
2660 277 5423 5390 5525 5562 5563 
2661 5407 5451 5409 5472 5564 5565 
2662 277 5390 276 5563 5539 289 
2663 275 5391 274 5561 5566 287 
2664 273 5392 272 5518 5567 285 
2665 294 5427 5397 5568 5491 5569 
2666 261 5431 260 5570 5571 265 
2667 276 5399 275 5538 5560 288 
2668 5434 5453 5393 5502 5572 5573 
2669 5405 5407 5406 5553 5574 5575 
2670 5400 5433 5399 5576 5521 5529 
2671 5407 5409 5408 5565 5577 5578 
2672 5396 5430 5429 5579 5580 5581 
2673 5396 5429 5428 5581 5507 5582 
2674 5401 5425 5402 5583 5584 5548 
2675 260 5396 259 5585 5586 264 
2676 271 5394 270 5587 5588 283 
2677 5396 5428 259 5582 5589 5586 
2678 205 5389 206 5590 5542 220 
2679 260 5431 5396 5571 5591 5585 
2680 259 5428 258 5589 5592 263 
2681 5396 5431 5430 5591 5593 5579 
2682 5387 5432 208 5594 5595 5544 
2683 5390 5423 5401 5562 5596 5551 
2684 206 5426 207 5541 5597 221 
2685 5409 5411 5410 5598 5599 5600 
2686 269 5395 268 5601 5602 281 
2687 5405 5406 5403 5575 5603 5555 
2688 5402 5425 5413 5584 5494 5558 
2689 5392 5443 272 5490 5604 5567 
2690 295 5427 294 5605 5568 300 
2691 5407 5408 5406 5578 5606 5574 
2692 294 5397 293 5569 5607 299 
2693 5421 5422 5419 5608 5609 5610 
2694 5409 5410 5408 5600 5611 5577 
2695 274 5437 273 5612 5517 286 
2696 209 5386 210 5613 5614 224 
2697 213 5385 214 5615 5616 228 
2698 211 5388 212 5617 5618 226 
2699 210 5435 211 5619 5620 225 
2700 204 5440 205 5621 5622 219 
2701 271 5443 5394 5623 5483 5587 
2702 5403 5433 5400 5624 5576 5556 
2703 293 5436 292 5625 5626 298 
2704 214 5434 215 5627 5628 229 
2705 5405 5452 5424 5629 5510 5552 
2706 5411 5412 5410 5630 5631 5599 
2707 5420 5421 5419 5632 5610 5633 
2708 208 5432 209 5595 5634 223 
2709 215 5393 216 5635 5636 230 
2710 268 5441 267 5637 5638 280 
2711 5411 5414 5412 5639 5640 5630 
2712 5453 5462 5393 5641 5499 5572 
2713 5418 5420 5419 5642 5633 5643 
2714 5391 5437 274 5513 5612 5566 
2715 5424 5454 5388 5520 5644 5475 
2716 5418 5419 5415 5643 5645 5646 
2717 5397 5436 293 5647 5625 5607 
2718 5415 5416 5412 5648 5649 5650 
2719 5406 5433 5403 5651 5624 5603 
2720 5410 5417 5408 5652 5653 5611 
2721 5414 5418 5415 5654 5646 5655 
2722 5398 5427 295 5656 5605 5537 
2723 5386 5435 210 5657 5619 5614 
2724 211 5435 5388 5620 5658 5617 
2725 5394 5447 270 5531 5659 5588 
2726 5414 5415 5412 5655 5650 5640 
2727 5385 5434 214 5505 5627 5616 
2728 205 5440 5389 5622 5466 5590 
2729 209 5432 5386 5634 5660 5613 
2730 269 5447 5395 5661 5516 5601 
2731 215 5434 5393 5628 5573 5635 
2732 5422 5446 5419 5535 5662 5609 
2733 5431 5464 5430 5663 5664 5593 
2734 5395 5441 268 5665 5637 5602 
2735 5408 5438 5406 5666 5667 5606 
2736 207 5426 5387 5597 5668 5543 
2737 278 5461 5423 5669 5670 5524 
2738 217 5460 9 5671 5672 232 
2739 9 5460 296 5672 5673 302 
2740 5409 5449 5411 5674 5675 5598 
2741 11 5457 261 5676 5677 266 
2742 5412 5439 5410 5678 5679 5631 
2743 5416 5439 5412 5485 5678 5649 
2744 5417 5438 5408 5509 5666 5653 
2745 267 5457 11 5680 5676 279 
2746 5406 5438 5433 5667 5557 5651 
2747 5410 5439 5417 5679 5498 5652 
2748 5420 5442 5421 5681 5682 5632 
2749 272 5443 271 5604 5623 284 
2750 8 5458 204 5683 5684 218 
2751 258 5458 8 5685 5683 262 
2752 5441 5464 5431 5686 5663 5687 
2753 5398 5444 5427 5534 5476 5656 
2754 5415 5446 5416 5688 5479 5648 
2755 5393 5445 216 5500 5689 5636 
2756 5448 5459 5430 5690 5691 5692 
2757 12 5461 278 5693 5669 291 
2758 216 5445 217 5689 5694 231 
2759 5419 5446 5415 5662 5688 5645 
2760 213 5454 5385 5695 5519 5615 
2761 5388 5454 212 5644 5696 5618 
2762 5409 5451 5449 5564 5697 5674 
2763 5389 5465 5426 5698 5699 5540 
2764 270 5447 269 5659 5661 282 
2765 292 5461 12 5700 5693 297 
2766 5425 5456 5397 5701 5702 5492 
2767 5423 5456 5401 5703 5704 5596 
2768 5404 5453 5452 5705 5501 5706 
2769 5421 5448 5422 5707 5526 5608 
2770 5404 5452 5405 5706 5629 5554 
2771 296 5460 5398 5673 5708 5536 
2772 5432 5450 5386 5709 5710 5660 
2773 5413 5453 5404 5711 5705 5559 
2774 5401 5456 5425 5704 5701 5583 
2775 5430 5464 5448 5664 5712 5692 
2776 5423 5461 5436 5670 5713 5714 
2777 5436 5456 5423 5715 5703 5714 
2778 5411 5450 5414 5716 5717 5639 
2779 5386 5449 5435 5718 5719 5657 
2780 212 5454 213 5696 5695 227 
2781 261 5457 5431 5677 5720 5570 
2782 5435 5451 5388 5721 5474 5658 
2783 5432 5455 5450 5722 5723 5709 
2784 5421 5459 5448 5724 5690 5707 
2785 204 5458 5440 5684 5725 5621 
2786 5449 5451 5435 5697 5721 5719 
2787 5414 5455 5418 5726 5727 5654 
2788 5455 5463 5418 5728 5729 5727 
2789 5430 5459 5429 5691 5730 5580 
2790 5428 5458 258 5731 5685 5592 
2791 5387 5455 5432 5732 5722 5594 
2792 5387 5463 5455 5733 5728 5732 
2793 5441 5457 267 5734 5680 5638 
2794 5386 5450 5449 5710 5735 5718 
2795 5440 5458 5428 5725 5731 5506 
2796 5397 5456 5436 5702 5715 5647 
2797 5450 5455 5414 5723 5726 5717 
2798 5418 5463 5420 5729 5736 5642 
2799 5436 5461 292 5713 5700 5626 
2800 5431 5457 5441 5720 5734 5687 
2801 5463 5465 5420 5737 5738 5736 
2802 5426 5465 5463 5699 5737 5739 
2803 5426 5463 5387 5739 5733 5668 
2804 5442 5459 5421 5740 5724 5682 
2805 5449 5450 5411 5735 5716 5675 
2806 5429 5459 5442 5730 5740 5469 
2807 5442 5465 5389 5741 5698 5470 
2808 5445 5460 217 5742 5671 5694 
2809 5395 5464 5441 5743 5686 5665 
2810 5444 5462 5413 5496 5744 5493 
2811 5398 5460 5445 5708 5742 5533 
2812 5420 5465 5442 5738 5741 5681 
2813 5448 5464 5395 5712 5743 5515 
2814 5413 5462 5453 5744 5641 5711 
2 29 9 168
2815 5750 5769 5767 5812 5813 5814 
2816 5767 5770 5750 5815 5816 5814 
2817 5745 5777 317 5817 5818 5819 
2818 5773 5785 5776 5820 5821 5822 
2819 5752 5774 235 5823 5824 5825 
2820 5747 5765 5762 5826 5827 5828 
2821 235 5774 236 5824 5829 248 
2822 5747 5762 5761 5828 5830 5831 
2823 5745 5783 5772 5832 5833 5834 
2824 317 5777 316 5818 5835 329 
2825 5773 5800 5785 5836 5837 5820 
2826 5779 5790 5778 5838 5839 5840 
2827 5765 5766 5764 5841 5842 5843 
2828 5779 5808 5790 5844 5845 5838 
2829 5762 5765 5764 5827 5843 5846 
2830 5750 5798 5769 5847 5848 5812 
2831 5782 5795 5781 5849 5850 5851 
2832 5795 5799 5781 5852 5853 5850 
2833 5775 5786 5751 5854 5855 5856 
2834 5745 5797 5777 5857 5858 5817 
2835 5783 5800 5772 5859 5860 5833 
2836 5752 5796 5774 5861 5862 5823 
2837 5769 5774 5763 5863 5864 5865 
2838 5772 5797 5745 5866 5857 5834 
2839 5770 5792 5750 5867 5868 5816 
2840 5764 5769 5763 5869 5865 5870 
2841 5765 5777 5766 5871 5872 5841 
2842 5766 5767 5764 5873 5874 5842 
2843 5761 5793 5747 5875 5876 5831 
2844 5774 5796 5763 5862 5877 5864 
2845 5782 5794 5746 5878 5879 5880 
2846 5754 5758 5757 5881 5882 5883 
2847 5753 5779 5778 5884 5840 5885 
2848 5759 5760 5758 5886 5887 5888 
2849 5754 5759 5758 5889 5888 5881 
2850 5753 5780 5779 5890 5891 5884 
2851 5780 5781 5779 5892 5893 5891 
2852 5753 5778 260 5885 5894 5895 
2853 5754 5757 304 5883 5896 5897 
2854 5766 5768 5767 5898 5899 5873 
2855 5767 5769 5764 5813 5869 5874 
2856 5774 5798 236 5900 5901 5829 
2857 5759 5761 5760 5902 5903 5886 
2858 259 5753 260 5904 5895 264 
2859 305 5754 304 5905 5897 309 
2860 5780 5782 5781 5906 5851 5892 
2861 5761 5762 5760 5830 5907 5903 
2862 304 5757 303 5896 5908 308 
2863 260 5778 261 5894 5909 265 
2864 5762 5763 5760 5910 5911 5907 
2865 5768 5770 5767 5912 5815 5899 
2866 5762 5764 5763 5846 5870 5910 
2867 5768 5771 5770 5913 5914 5912 
2868 5768 5772 5771 5915 5916 5913 
2869 5772 5773 5771 5917 5918 5916 
2870 5773 5775 5771 5919 5920 5918 
2871 5773 5776 5775 5822 5921 5919 
2872 318 5783 5745 5922 5832 5923 
2873 320 5784 5748 5924 5925 5926 
2874 5751 5786 240 5855 5927 5928 
2875 315 5747 314 5929 5930 327 
2876 240 5786 241 5927 5931 253 
2877 320 5748 319 5926 5932 332 
2878 5748 5783 319 5933 5934 5932 
2879 234 5752 235 5935 5825 247 
2880 239 5751 240 5936 5928 252 
2881 241 5746 242 5937 5938 254 
2882 318 5745 317 5923 5819 330 
2883 319 5783 318 5934 5922 331 
2884 321 5784 320 5939 5924 333 
2885 322 5749 321 5940 5941 334 
2886 5749 5784 321 5942 5939 5941 
2887 237 5750 238 5943 5944 250 
2888 241 5786 5746 5931 5945 5937 
2889 5784 5785 5748 5946 5947 5925 
2890 243 5755 244 5948 5949 256 
2891 313 5756 312 5950 5951 325 
2892 5754 5788 5759 5952 5953 5889 
2893 5753 5787 5780 5954 5955 5890 
2894 5787 5811 5780 5956 5957 5955 
2895 5788 5810 5759 5958 5959 5953 
2896 306 5788 305 5960 5961 310 
2897 258 5787 259 5962 5963 263 
2898 5746 5795 5782 5964 5849 5880 
2899 5772 5800 5773 5860 5836 5917 
2900 5784 5789 5785 5965 5966 5946 
2901 239 5792 5751 5967 5968 5936 
2902 5750 5792 238 5868 5969 5944 
2903 5786 5807 5746 5970 5971 5945 
2904 5751 5802 5775 5972 5973 5856 
2905 5747 5801 5765 5974 5975 5826 
2906 323 5790 322 5976 5977 335 
2907 233 5791 234 5978 5979 246 
2908 5758 5809 5757 5980 5981 5882 
2909 5755 5811 5787 5982 5956 5983 
2910 5756 5810 5788 5984 5958 5985 
2911 259 5787 5753 5963 5954 5904 
2912 305 5788 5754 5961 5952 5905 
2913 5749 5789 5784 5986 5965 5942 
2914 234 5791 5752 5979 5987 5935 
2915 322 5790 5749 5977 5988 5940 
2916 5760 5796 5758 5989 5990 5887 
2917 238 5792 239 5969 5967 251 
2918 5775 5807 5786 5991 5970 5854 
2919 5781 5808 5779 5992 5844 5893 
2920 5747 5793 314 5876 5993 5930 
2921 5746 5794 242 5879 5994 5938 
2922 237 5798 5750 5995 5847 5943 
2923 5757 5809 5791 5981 5996 5997 
2924 5768 5797 5772 5998 5866 5915 
2925 313 5793 5756 5999 6000 5950 
2926 243 5794 5755 6001 6002 5948 
2927 5746 5807 5795 5971 6003 5964 
2928 303 5803 10 6004 6005 307 
2929 261 5804 11 6006 6007 266 
2930 11 5804 323 6007 6008 336 
2931 10 5803 233 6005 6009 245 
2932 5785 5800 5748 5837 6010 5947 
2933 5789 5808 5781 6011 5992 6012 
2934 315 5801 5747 6013 5974 5929 
2935 5785 5799 5776 6014 6015 5821 
2936 5775 5802 5771 5973 6016 5920 
2937 5769 5798 5774 5848 5900 5863 
2938 13 5805 306 6017 6018 311 
2939 8 5806 258 6019 6020 262 
2940 5777 5797 5766 5858 6021 5872 
2941 312 5805 13 6022 6017 324 
2942 244 5806 8 6023 6019 257 
2943 5776 5799 5795 6015 5852 6024 
2944 5777 5801 316 6025 6026 5835 
2945 314 5793 313 5993 5999 326 
2946 242 5794 243 5994 6001 255 
2947 5790 5808 5749 5845 6027 5988 
2948 5766 5797 5768 6021 5998 5898 
2949 5763 5796 5760 5877 5989 5911 
2950 236 5798 237 5901 5995 249 
2951 5765 5801 5777 5975 6025 5871 
2952 5789 5799 5785 6028 6014 5966 
2953 306 5805 5788 6018 6029 5960 
2954 258 5806 5787 6020 6030 5962 
2955 5748 5800 5783 6010 5859 5933 
2956 316 5801 315 6026 6013 328 
2957 5792 5802 5751 6031 5972 5968 
2958 5757 5803 303 6032 6004 5908 
2959 5778 5804 261 6033 6006 5909 
2960 5771 5802 5770 6016 6034 5914 
2961 5781 5799 5789 5853 6028 6012 
2962 5788 5805 5756 6029 6035 5985 
2963 5787 5806 5755 6030 6036 5983 
2964 5793 5810 5756 6037 5984 6000 
2965 5794 5811 5755 6038 5982 6002 
2966 5796 5809 5758 6039 5980 5990 
2967 5776 5807 5775 6040 5991 5921 
2968 233 5803 5791 6009 6041 5978 
2969 323 5804 5790 6008 6042 5976 
2970 5755 5806 244 6036 6023 5949 
2971 5756 5805 312 6035 6022 5951 
2972 5770 5802 5792 6034 6031 5867 
2973 5780 5811 5782 5957 6043 5906 
2974 5759 5810 5761 5959 6044 5902 
2975 5790 5804 5778 6042 6033 5839 
2976 5791 5803 5757 6041 6032 5997 
2977 5749 5808 5789 6027 6011 5986 
2978 5791 5809 5752 5996 6045 5987 
2979 5795 5807 5776 6003 6040 6024 
2980 5761 5810 5793 6044 6037 5875 
2981 5782 5811 5794 6043 6038 5878 
2982 5752 5809 5796 6045 6039 5861 
$EndElements
